tree
version=v4
num_class=1
num_tree_per_iteration=1
label_index=0
max_feature_idx=49
objective=binary sigmoid:1
feature_names=ret_1 ret_lag2 ret_lag3 ret_lag4 ret_lag5 ret_lag6 ret_lag7 ret_lag8 ret_4 ret_8 ret_16 ret_32 ret_96 vol_8 vol_16 vol_48 vol_96 vol_ratio_8_96 atr14_pct body body_frac upper_wick_frac lower_wick_frac range_atr close_pos up_streak ema8_dist ema20_dist ema50_dist ema200_dist ema8_20 macd macd_hist rsi7 rsi14 bb_pos bb_width dist_high_96 dist_low_96 vol_z vol_rel_4 taker_ratio taker_ratio_8 taker_delta_z trades_z vwap_dist tod_sin tod_cos dow_sin dow_cos
feature_infos=[-0.093810478045997056:0.062854913136051682] [-0.093810478045997056:0.062854913136051682] [-0.093810478045997056:0.062854913136051682] [-0.093810478045997056:0.062854913136051682] [-0.093810478045997056:0.062854913136051682] [-0.093810478045997056:0.062854913136051682] [-0.093810478045997056:0.062854913136051682] [-0.093810478045997056:0.062854913136051682] [-0.13840926946602539:0.11631199843123789] [-0.14058863928274651:0.11686426242415823] [-0.20511977618704022:0.16023887660335304] [-0.29902993225614105:0.20033415365894316] [-0.36224659455828473:0.26430333275224743] [0.00017879208933243605:0.049643295762243994] [0.00041438118806831018:0.040909208049421046] [0.0006393491804322078:0.027878415837603549] [0.0010824285519202555:0.023660758807553535] [0.061279951331375225:3.3932237510379659] [0.00078757087619385502:0.063816267327734266] [-5.8734374722951577:7.706831625445191] [-1:1] [0:0.98480033162911473] [0:0.99911429606666469] [0.099074326404217317:8.777042051714286] [0:1] [-13:14] [-5.0802915449475545:6.1204675266403239] [-6.3111678723844378:7.1014720321783757] [-7.6218524564298873:8.6097337916602701] [-19.045421968583735:16.3640242603304] [-2.6105808059219808:2.9984301904196897] [-2.1952909402845027:2.9698780360458454] [-0.94082239421633318:0.95164420429583663] [2.4331897521474701:97.628549338426026] [5.5605670126905125:92.021348278450205] [-2.0724341114585343:2.0957598553769787] [0.0017524245282265905:0.24892068348453047] [0:37.036630671885483] [0:30.953967307247332] [-2.1421294854344501:9.4663039829511657] [0.095780694974220537:11.161258047362857] [0.11314084698989516:0.81857780972446936] [0.34176244118776927:0.64117085136153085] [-4.3327148403649449:3.3000705679008902] [-2.4808998155449467:9.3938936756357503] [-5.6960055898072603:5.9463238848308544] [-1:1] [-1:1] [-0.97492791218182362:0.97492791218182362] [-0.90096886790241903:1]
tree_sizes=1752 1798 1798 1799 1815 1811 1802 1806 1802 1803 1804 1802 1807 1803 1814 1798 1802 1803 1807 1799 1807 1791 1814 1806 1799 1803 1813 1811 1813 1798 1799 1794 1802 1805 1814 1797 1796 1809 1803 1797 1797 1803 1799 1807 1803 1800 1803 1810 1797 1810 1806 1807 1791 1799 1800 1787 1804 1800 1816 1801 1787 1799 1801 1809 1811 1787 1796 1797 1805 1799 1801 1811 1802 1816 1797 1806 1804 1804 1807 1811 1802 1804 1806 1792 1809 1806 1803 1805 1805 1815 1811 1804 1809 1799 1804 1821 1806 1799 1791 1812

Tree=0
num_leaves=15
num_cat=0
split_feature=26 24 24 22 19 32 41 1 40 26 40 19 22 45
split_gain=231.396 49.4376 44.4576 26.7414 24.7526 21.9627 20.6246 17.0434 16.9094 16.0555 14.2526 15.1108 12.9101 11.3167
threshold=0.084966692696394494 0.22025248669509681 0.66140001947895832 0.11451572758397562 -0.44290529352432056 -0.22292604374064265 0.48167868735777236 0.00031005723941542892 1.4056883237356301 0.38058419775833358 0.88992985617203602 0.56874334779425384 0.34472057509224358 1.2520679902979117
decision_type=2 2 2 2 2 2 2 2 2 2 2 2 2 2
left_child=1 5 3 13 -5 -1 7 12 -6 -4 -11 -12 -3 -2
right_child=2 6 9 4 8 -7 -8 -9 -10 10 11 -13 -14 -15
leaf_value=0.027565176375482343 0.021017212953358969 0.02433599021517989 0.013969922180667727 0.021590228996374403 0.012310880061410288 0.021607155661467325 0.017221034159390122 0.017208168309613903 0.017959180222287034 0.0081110901577618136 0.0087323312331545715 0.014451575458960723 0.019901254444052309 0.015371265712621608
leaf_weight=312.72729483246803 412.47005313634872 427.46896415948868 752.19538781046867 158.98845684528351 1133.4177096486092 1218.4115387797356 2019.1034055650234 511.46286588907242 258.7312151491642 643.20330104231834 303.47796636819839 478.71524348855019 698.69927182793617 211.73462727665901
leaf_count=1251 1650 1710 3009 636 4534 4874 8077 2046 1035 2573 1214 1915 2795 847
internal_value=0.0169908 0.0198426 0.0135926 0.0156198 0.0142156 0.0228543 0.0185753 0.0202395 0.0133601 0.0115753 0.0103268 0.0121939 0.0216094 0.019104
internal_weight=9540.81 5187.87 4352.93 2175.34 1551.14 1531.14 3656.73 1637.63 1392.15 2177.59 1425.4 782.193 1126.17 624.205
internal_count=38166 20753 17413 8702 6205 6125 14628 6551 5569 8711 5702 3129 4505 2497
is_linear=0
shrinkage=1


Tree=1
num_leaves=15
num_cat=0
split_feature=26 19 26 26 21 31 47 20 35 47 40 47 9 40
split_gain=231.432 39.6964 32.4182 26.8142 23.3343 17.9166 17.7484 19.2425 18.4301 14.9595 13.5227 12.509 11.1481 10.7441
threshold=0.029644044417086683 -0.36713014554713336 -0.48362432395732041 0.27552031335938693 0.33956317968121225 0.80884375638504635 0.25881904510252102 0.11994226686805078 -0.70923207402345423 -0.9829629131445341 0.86585076942229688 0.60355339059327384 0.0095592221763228322 0.81129506643207738
decision_type=2 2 2 2 2 2 2 2 2 2 2 2 2 2
left_child=2 -2 6 12 13 9 7 8 -1 -4 -11 -8 -3 -5
right_child=1 3 5 4 -6 -7 11 -9 -10 10 -12 -13 -14 -15
leaf_value=0.0023529772314176932 0.0028431578486943958 -0.0021147395738759758 -0.0061823490478691125 -0.0080813898412628159 -0.0025596331861710685 0.0070451148481115002 0.010923599966922088 -0.0026306652323943333 0.0078690704063049347 0.0024631406663351628 -0.00063009029666243705 0.0054184106184949178 0.0039419198735052528 -0.0049275470566841019
leaf_weight=663.9206190854311 385.9631717056036 1272.1716219484806 103.24056270718575 779.73030185699463 1077.4334113746881 215.47771754860878 250.97234588861465 179.48492783308029 382.70779803395271 1661.5908604264259 852.92349055409431 535.19030201435089 129.74238009750843 1060.2081643342972
leaf_count=2656 1544 5089 413 3119 4310 862 1004 718 1531 6647 3412 2141 519 4241
internal_value=-0.000115966 -0.00327358 0.00295046 -0.00382282 -0.00491423 0.00156738 0.00488909 0.00336243 0.0043978 0.00110391 0.00141475 0.0072338 -0.0015422 -0.00628236
internal_weight=9550.76 4705.25 4845.51 4319.29 2917.37 2833.23 2012.28 1226.11 1046.63 2617.75 2514.51 786.163 1401.91 1839.94
internal_count=38206 18822 19384 17278 11670 11334 8050 4905 4187 10472 10059 3145 5608 7360
is_linear=0
shrinkage=0.02


Tree=2
num_leaves=15
num_cat=0
split_feature=24 8 33 41 24 0 1 1 9 4 7 22 14 22
split_gain=176.302 92.1031 55.0571 26.4728 21.8328 19.6477 18.979 17.1786 16.898 16.8609 16.3887 14.1308 14.1478 11.4191
threshold=0.66140001947895832 -0.0016350355707405177 52.992769934918265 0.48462962188422176 0.20033220173379168 -0.0024279857051751007 -0.0008735575853890176 0.00031005723941542892 -0.0074059289021522713 0.0010465112452735573 0.0082354646953953 0.08991724929706367 0.0042848325308060004 0.18571302168799395
decision_type=2 2 2 2 2 2 2 2 2 2 2 2 2 2
left_child=1 4 7 9 -1 -5 13 11 -8 -3 -6 12 -2 -7
right_child=2 3 -4 5 10 6 8 -9 -10 -11 -12 -13 -14 -15
leaf_value=0.0070187228229477792 0.013347054865420371 0.0031958155007462993 -0.0058821716834899463 0.0028255454537652078 0.002819442768798155 0.0050789768573141604 0.0044627948507522551 -0.0042093979581379693 -0.0046321636017758756 -0.0012483050962217291 0.010885734673403518 -0.00024945393015597374 -0.00014134330887296406 -0.0020220545480318717
leaf_weight=986.06368212401867 60.245782345533371 993.14823411405087 1970.4686257243156 293.46871541440487 1710.0297938585281 163.23731568455696 84.24207179248333 409.97347708046436 1116.9374113082886 515.70498874783516 102.98709812760353 934.91076046228409 59.245762288570404 191.98777620494366
leaf_count=3945 241 3973 7882 1174 6841 653 337 1640 4468 2063 412 3740 237 768
internal_value=-7.62615e-05 0.0019484 -0.00370352 -0.000285201 0.00462431 -0.00188651 -0.0027812 -0.000761884 -0.00397845 0.00167777 0.00330632 0.000592121 0.00692222 0.0012663
internal_weight=9592.65 6157.81 3434.84 3358.73 2799.08 1849.87 1556.4 1464.38 1201.18 1508.85 1813.02 1054.4 119.492 355.225
internal_count=38374 24634 13740 13436 11198 7400 6226 5858 4805 6036 7253 4218 478 1421
is_linear=0
shrinkage=0.02


Tree=3
num_leaves=15
num_cat=0
split_feature=26 24 19 21 1 1 32 47 23 24 33 40 37 44
split_gain=210.287 48.5118 47.7546 23.8603 21.5865 18.4921 16.578 16.5115 13.8546 13.6731 13.1437 14.9679 19.9158 12.11
threshold=0.073738378517194406 0.22025248669509681 -0.44290529352432056 0.21299977275471552 -0.00084367225868903098 -0.00094013789824765352 -0.22292604374064265 0.91597561503675362 2.5284946664239221 0.67216435701521093 54.309339815723128 0.81129506643207738 1.5860108504942485 -0.55534161133563298
decision_type=2 2 2 2 2 2 2 2 2 2 2 2 2 2
left_child=1 6 -2 8 -5 9 -1 -6 10 -3 -4 -12 -13 -8
right_child=2 5 3 4 7 -7 13 -9 -10 -11 11 12 -14 -15
leaf_value=0.00982688024378057 0.00521906979265263 0.0041105052910748938 -0.0020106853736053905 0.00098607464867609394 -0.0027721026278521087 -4.7022152864208994e-05 0.0072342914632044699 -0.0086289707254054802 0.0034991638047251906 0.00066940088457732524 -0.0088945354839643186 -0.008235948972122804 -0.001451608730830892 0.0030717864690389049
leaf_weight=313.63517270982265 250.45922344923019 1216.2930973917246 295.74122321605682 566.22101192176342 1685.7008627653122 1686.3034490197897 450.15521934628487 214.49382631480694 62.499683499336243 746.42150270938873 651.24276882410049 320.49654817581177 375.24652074277401 762.81991462409496
leaf_count=1255 1002 4866 1183 2265 6743 6746 1801 858 250 2986 2605 1282 1501 3052
internal_value=1.07889e-05 0.00274602 -0.00319001 -0.00370052 -0.00243485 0.00148976 0.00573416 -0.00345414 -0.0055187 0.00280688 -0.00587137 -0.00670844 -0.00461331 0.00463992
internal_weight=9597.73 5175.63 4422.1 4171.64 2466.42 3649.02 1526.61 1900.19 1705.23 1962.71 1642.73 1346.99 695.743 1212.98
internal_count=38395 20706 17689 16687 9866 14598 6108 7601 6821 7852 6571 5388 2783 4853
is_linear=0
shrinkage=0.02


Tree=4
num_leaves=15
num_cat=0
split_feature=26 24 47 24 1 16 40 24 47 45 24 47 26 1
split_gain=199.236 45.4902 38.1552 34.8292 28.4147 20.0877 16.0446 17.6252 15.8574 13.4192 13.5444 13.2806 15.6811 12.5164
threshold=0.0057647991365713932 0.26945584474001377 -0.12940952255126037 0.68419119762063463 -3.1017401529505511e-05 0.0037937086997442064 0.9820702533943505 0.66140001947895832 -0.12940952255126037 0.7285811915548196 0.71751823986259422 0.12940952255126043 -0.39986587406404422 0.00049729767346295918
decision_type=2 2 2 2 2 2 2 2 2 2 2 2 2 2
left_child=3 2 -2 5 9 13 7 -6 -5 -3 -11 -7 -13 -1
right_child=1 4 -4 8 6 11 -8 -9 -10 10 -12 12 -14 -15
leaf_value=0.0029123518180166398 0.0067253347995768495 0.00020375743032215225 -0.0022155203329635941 -0.0033221554940361265 -0.0039693991079149081 0.0034631955072419937 -0.0029835521353691668 -0.0083489534917416796 0.0017902961748425036 -0.00054426810790801454 -0.0057902763168681008 0.0085705423078026189 0.0039265687557790436 -0.0018162904011364185
leaf_weight=729.0622645765543 329.21259056031704 820.20984557271004 441.20023055374622 419.96324472129345 710.98118060827255 1476.3958500772715 974.47622966766357 795.22908726334572 560.93895842134953 358.48080541193485 434.74112801253796 608.79105231165886 582.12929412722588 318.18139623105526
leaf_count=2917 1317 3281 1765 1680 2844 5907 3898 3181 2244 1434 1739 2436 2329 1273
internal_value=9.02832e-06 -0.00282618 0.00162381 0.00294621 -0.00366452 0.00383033 -0.00500683 -0.00630163 -0.000404295 -0.00159161 -0.00343771 0.00475104 0.00632645 0.00147386
internal_weight=9559.99 4864.53 770.413 4695.46 4094.12 3714.56 2480.69 1506.21 980.902 1613.43 793.222 2667.32 1190.92 1047.24
internal_count=38245 19459 3082 18786 16377 14862 9923 6025 3924 6454 3173 10672 4765 4190
is_linear=0
shrinkage=0.02


Tree=5
num_leaves=15
num_cat=0
split_feature=26 0 26 44 1 0 21 11 16 31 47 1 32 11
split_gain=184.999 33.9528 22.3567 21.3032 20.5626 15.9655 15.0549 15.8045 14.8463 15.1182 14.8011 12.8008 12.6623 11.7633
threshold=0.073738378517194406 -0.0023742367919024031 -0.48362432395732041 -0.72217796275269486 -0.0005230178035306336 -0.00049305585618211257 0.20886674834464308 0.030928916796488546 0.0043625314936069351 0.97570284921691808 0.91597561503675362 0.0012175543770657764 0.23066691566309355 -0.0020490654205701513
decision_type=2 2 2 2 2 2 2 2 2 2 2 2 2 2
left_child=2 -2 3 -1 6 -5 7 12 11 -10 -6 13 -3 -4
right_child=1 4 8 5 10 -7 -8 -9 9 -11 -12 -13 -14 -15
leaf_value=0.011565072159463157 0.0026623207225334694 -0.00018538342697687959 0.0035265729613718389 0.0048308585516588275 -0.0038063564531437455 0.0005533390900954204 0.00085965638289605187 -0.0098653408451524066 0.0023304133121266348 0.0099468829083648111 -0.0083097694457130375 -0.0037012674160946698 -0.0085015474261873267 -0.00087125523869155375
leaf_weight=148.18646854162216 401.93636307120323 372.23787094652653 431.17759209871292 1396.4185186773539 2456.1695042550564 466.6537968069315 644.71578824520111 120.49552662670612 1778.9048154205084 106.46684473752975 332.23730576038361 285.70851975679398 86.246386602520943 546.64219254255295
leaf_count=593 1608 1489 1725 5588 9825 1867 2579 482 7117 426 1329 1143 345 2187
internal_value=0.000150115 -0.00285407 0.00272019 0.00436583 -0.00340933 0.00376379 -0.00124131 -0.00356815 0.00166384 0.00278569 -0.00435685 -1.45042e-05 -0.00182459 0.00107608
internal_weight=9574.2 4414.04 5160.16 2011.26 4012.1 1863.07 1223.7 578.98 3148.9 1885.37 2788.41 1263.53 458.484 977.82
internal_count=38303 17657 20646 8048 16049 7455 4895 2316 12598 7543 11154 5055 1834 3912
is_linear=0
shrinkage=0.02


Tree=6
num_leaves=15
num_cat=0
split_feature=26 24 24 47 1 41 1 47 23 1 2 24 1 31
split_gain=196.15 45.9359 38.9811 30.1574 19.0812 18.383 19.5117 18.2081 15.4889 14.0834 13.9677 13.9017 14.3209 14.6351
threshold=0.062917836087272458 0.29209361557365682 0.22025248669509681 -0.12940952255126037 -0.00027701477548022145 0.4345246801330056 -0.0016845704320173538 1.0000000180025095e-35 2.4275813253596543 0.0012175543770657764 -0.0021609735457579762 0.4410030967825514 -0.0024282418358196377 0.27453239594981266
decision_type=2 2 2 2 2 2 2 2 2 2 2 2 2 2
left_child=2 3 9 -2 7 -3 -7 11 -8 -1 -11 12 13 -4
right_child=1 5 4 -5 -6 6 8 -9 -10 10 -12 -13 -14 -15
leaf_value=0.0069284986354992174 0.0061509593178005421 0.0012394679039222783 -0.0025108304028477551 -0.001808592747177207 -0.00017126479334568414 -0.0011150261526359886 -0.0051476164622103792 0.0047051264112300149 0.0029931879789970588 0.0070800466896229174 0.00018200200282698133 -0.00048058515711476803 0.0082009394515311675 0.0093905178379181595
leaf_weight=1017.9412230104208 329.44604270160198 273.4854089319706 157.19403514266014 438.21113856136799 1306.7821085304022 694.45826818048954 2701.1089483052492 1095.9197835326195 93.748159527778625 183.40009725093842 312.37327106297016 758.61757908761501 179.9445712864399 50.480567738413811
leaf_count=4074 1318 1094 629 1753 5228 2778 10805 4385 375 734 1250 3035 720 202
internal_value=0.000196317 -0.00282521 0.00290033 0.00162501 0.00174983 -0.00373406 -0.00412509 0.00286738 -0.00486969 0.00558307 0.00277899 0.0010975 0.0041528 0.000534853
internal_weight=9593.11 4530.46 5062.65 767.657 3548.94 3762.8 3489.32 2242.16 2794.86 1513.71 495.773 1146.24 387.619 207.675
internal_count=38380 18123 20257 3071 14199 15052 13958 8971 11180 6058 1984 4586 1551 831
is_linear=0
shrinkage=0.02


Tree=7
num_leaves=15
num_cat=0
split_feature=26 0 25 22 1 23 43 33 5 44 40 35 35 2
split_gain=192.748 36.6374 26.0828 28.5557 17.9553 15.2907 15.0255 13.6352 15.2404 13.2313 12.7014 17.3474 13.8758 12.3331
threshold=0.073738378517194406 -0.0020252006664056806 -1.4999999999999998 0.30588135255312227 -3.1017401529505511e-05 2.4275813253596543 -0.046606590049918892 69.418954251624157 0.0047288721303803682 -0.71518975820792385 0.88992985617203602 -0.58104725503466081 -0.53116786215546419 0.0046019967444729795
decision_type=2 2 2 2 2 2 2 2 2 2 2 2 2 2
left_child=2 9 3 13 7 6 -6 8 -3 -2 11 -4 -12 -1
right_child=1 4 10 -5 5 -7 -8 -9 -10 -11 12 -13 -14 -15
leaf_value=0.0074339609695928763 -0.0058391364896471509 -2.9670405112723307e-05 0.0069103235827323852 0.0017761542247597562 -0.0014706294455740431 0.0037414143622081474 -0.0057653192429590041 -0.0057006140427061838 -0.0065326505244133731 0.0033790945063782571 0.0019249260051813271 0.0017173643128500784 -0.0019448228328594846 0.0005458966708641401
leaf_weight=929.36276797950268 68.242827951908112 998.44666558504105 309.11663183569908 884.67054079473019 394.47908967733383 78.248946130275726 1988.090396553278 304.22485807538033 163.48935462534428 422.41534148156643 795.0003567636013 1458.3799524158239 685.60993713140488 117.92891484498978
leaf_count=3720 273 3994 1237 3540 1578 313 7953 1217 654 1690 3181 5835 2743 472
internal_value=-1.7651e-05 -0.00308491 0.00259861 0.00443649 -0.00372841 -0.00477197 -0.00505882 -0.00196663 -0.000968738 0.00205101 0.0015003 0.00264249 0.000132489 0.00666462
internal_weight=9597.71 4417.64 5180.07 1931.96 3926.98 2460.82 2382.57 1466.16 1161.94 490.658 3248.11 1767.5 1480.61 1047.29
internal_count=38400 17672 20728 7732 15709 9844 9531 5865 4648 1963 12996 7072 5924 4192
is_linear=0
shrinkage=0.02


Tree=8
num_leaves=15
num_cat=0
split_feature=33 19 40 21 22 1 44 1 47 1 6 45 22 1
split_gain=138.474 51.2609 24.9038 24.7091 21.9144 19.8762 19.02 15.44 15.2301 14.9999 14.6931 14.6757 16.6878 13.6524
threshold=59.72948268635168 -0.16124053527008517 1.0075269178055826 0.32396915237225415 0.20931153464388499 -0.001216492304756364 -0.27718706252501346 0.0013238367883050123 0.91597561503675362 -0.00012545309067595465 -0.0024284461541805307 2.9799768913428957 0.43331683147726091 0.00033910052759681303
decision_type=2 2 2 2 2 2 2 2 2 2 2 2 2 2
left_child=1 4 8 9 7 -5 -7 -1 -2 -3 -4 12 -12 -6
right_child=2 3 10 5 13 6 -8 -9 -10 -11 11 -13 -14 -15
leaf_value=0.0066834246810625487 -0.0048682316441631323 -0.00028752456886138914 -0.0065746933779316195 0.0042378223107876027 0.0032301244567981648 0.0016382699509029743 -0.0043015703885984444 0.0023601994161579977 -0.010735722633121418 -0.0037720140836997053 0.0011768462170630028 -0.0083957856568502558 -0.0052318744084043972 -0.00051876509120656945
leaf_weight=910.71502535045147 1226.576248511672 1296.5670274347067 217.7275418639183 686.9931007027626 948.27835957705975 707.61885116994381 304.20635735988617 529.23466341197491 208.20877030491829 794.40931306779385 765.42243079841137 90.493091315031052 200.98085053265095 653.86126184463501
leaf_count=3646 4907 5187 871 2749 3795 2831 1217 2118 833 3178 3062 362 804 2616
internal_value=-0.000128103 0.00138934 -0.0039499 -0.000163298 0.00332069 0.00162572 -0.00015992 0.00510815 -0.00575402 -0.0016172 -0.00190455 -0.000916037 -0.000176031 0.00170328
internal_weight=9541.29 6831.88 2709.41 3789.79 3042.09 1698.82 1011.83 1439.95 1434.79 2090.98 1274.62 1056.9 966.403 1602.14
internal_count=38176 27337 10839 15162 12175 6797 4048 5764 5740 8365 5099 4228 3866 6411
is_linear=0
shrinkage=0.02


Tree=9
num_leaves=15
num_cat=0
split_feature=26 24 22 1 1 26 44 20 47 44 43 23 47 23
split_gain=169.129 33.4279 32.747 17.623 16.0205 15.8504 15.9023 15.5026 14.3474 13.2433 12.9687 12.6372 14.5493 12.2292
threshold=0.062917836087272458 0.66140001947895832 0.2562255497320694 -0.0012554076405292471 -0.0004601013059446311 -0.55791780596189733 -0.22483389661241487 -0.43370651000088956 0.25881904510252102 -0.72217796275269486 0.024891161619839428 2.4275813253596543 0.91597561503675362 0.61912614863728999
decision_type=2 2 2 2 2 2 2 2 2 2 2 2 2 2
left_child=2 4 5 -3 13 9 -7 -6 10 -1 -4 12 -5 -2
right_child=1 3 8 11 7 6 -8 -9 -10 -11 -12 -13 -14 -15
leaf_value=0.014790358881215866 -0.0026089786943448391 -0.0017351027944170791 0.00052306395844992722 -0.0053571463532638888 0.0016104401808300904 0.0042550489658147572 -0.00024818898850817266 -0.0030366450120476547 0.0026586717390169085 0.0055251026286409124 -0.0042847027960427539 0.0025178001178254778 -0.011390477564472576 0.0040152601661400927
leaf_weight=64.412352412939072 158.73750801384449 614.44556413590908 1320.3556205183268 1359.2292169034481 357.91936899721622 1016.9448127150536 451.81453704833984 1393.6549459993839 1122.0824021399021 814.93162268400192 265.20026098191738 68.498413249850273 182.6805517077446 348.46372945606709
leaf_count=258 635 2458 5283 5438 1432 4070 1808 5575 4490 3263 1061 274 731 1394
internal_value=-7.15231e-05 -0.00289768 0.00243521 -0.00463523 -0.00117975 0.00416127 0.00287364 -0.00208517 0.000933431 0.00628357 -0.000292025 -0.00573297 -0.00610646 0.00193686
internal_weight=9539.37 4483.63 5055.74 2224.85 2258.78 2348.1 1468.76 1751.57 2707.64 879.344 1585.56 1610.41 1541.91 507.201
internal_count=38170 17937 20233 8901 9036 9399 5878 7007 10834 3521 6344 6443 6169 2029
is_linear=0
shrinkage=0.02


Tree=10
num_leaves=15
num_cat=0
split_feature=26 24 47 24 1 47 24 32 21 30 23 43 43 21
split_gain=167.28 45.4387 31.1869 29.2996 28.1152 18.9013 18.2281 16.2892 13.8743 14.4459 13.2392 15.2294 12.9508 12.716
threshold=-0.16481035622214937 0.324463288806975 1.0000000180025095e-35 0.28843522978720176 0.00027351980056125093 0.25881904510252102 0.66864271180172963 -0.10825385021918817 0.080267764714875942 0.043553924537466884 2.4275813253596543 -0.063931363739150496 -0.01061715973981254 0.21766378928225608
decision_type=2 2 2 2 2 2 2 2 2 2 2 2 2 2
left_child=3 2 -2 7 6 12 -3 -1 -7 -10 11 -6 -5 -13
right_child=1 4 -4 5 10 8 -8 -9 9 -11 -12 13 -14 -15
leaf_value=0.0073855198182929136 0.0043032707754429777 0.00091530471618923837 -0.0017888594431310909 0.0018252625213781095 -0.00063304970495259294 -0.00049539803628055362 -0.0028541051311853612 0.0032058605253885981 0.0067847207374007691 -0.00073414256286148574 0.0034178796235962918 -0.0072633751524607462 -0.0023814352088736409 -0.0040466835466616904
leaf_weight=791.05493445694447 628.04292188584805 809.85306014120579 712.30771736800671 713.74418973922729 298.71545223891735 210.64802320301533 1386.5312802940607 726.82994638383389 539.74600300192833 124.69027145206928 76.498585104942322 900.22267828881741 488.8962976783514 1142.5612254291773
leaf_count=3168 2513 3240 2850 2856 1195 843 5547 2910 2160 499 306 3602 1956 4571
internal_value=-0.000111163 -0.00216742 0.00107109 0.00329251 -0.00310826 0.00174273 -0.00146532 0.00540121 0.00396997 0.00537876 -0.00459452 -0.00486301 0.00011238 -0.0054785
internal_weight=9550.34 5954.73 1340.35 3595.61 4614.38 2077.72 2196.38 1517.88 875.084 664.436 2418 2341.5 1202.64 2042.78
internal_count=38216 23824 5363 14392 18461 8314 8787 6078 3502 2659 9674 9368 4812 8173
is_linear=0
shrinkage=0.02


Tree=11
num_leaves=15
num_cat=0
split_feature=26 22 19 33 21 23 22 1 48 47 1 47 40 16
split_gain=165.839 39.2147 27.77 23.024 20.4163 18.8428 18.7323 18.3089 15.7457 15.2939 13.7109 13.2462 15.3683 13.1396
threshold=0.089980983669171247 0.28443938694989557 -0.44290529352432056 60.140263820635447 0.33956317968121225 1.8813623965104822 0.35591160639598501 0.00053123988277850489 -0.8783796973249266 0.25881904510252102 -0.001522805457677207 0.78656609248549303 0.78800277554990006 0.0049946472404360709
decision_type=2 2 2 2 2 2 2 2 2 2 2 2 2 2
left_child=1 7 -2 6 5 11 -4 8 -1 -3 -6 -5 -13 -9
right_child=2 9 3 4 10 -7 -8 13 -10 -11 -12 12 -14 -15
leaf_value=0.0098912006917555792 0.0037279027716285757 -0.00069220084820474106 5.9104487466699217e-05 -0.0058000615667414294 0.0034976590940210572 6.8833830329740535e-05 -0.0045846990132629899 -0.00051456141495411097 0.0044738151175607067 0.0024405724270099515 -0.0032182069316334921 -0.015940291597169164 -0.0057195895966702529 0.0041163345060501741
leaf_weight=252.75778762996197 232.90738564729691 1506.1011673361063 1080.0841089934111 1065.1398312300444 138.48942598700523 180.46296687424183 507.15797011554241 477.95563535392284 1468.0220710486174 1056.5277264118195 816.16662947833538 122.91596755385399 125.20065131783485 495.88755777478218
leaf_count=1012 932 6026 4321 4262 554 722 2029 1913 5878 4228 3265 492 501 1985
internal_value=-1.89581e-06 0.00237496 -0.00292866 -0.00331696 -0.00453197 -0.00599033 -0.00143443 0.00405719 0.0052959 0.000601625 -0.00223081 -0.00682006 -0.0109977 0.0018525
internal_weight=9525.78 5257.25 4268.52 4035.62 2448.38 1493.72 1587.24 2694.62 1720.78 2562.63 954.656 1313.26 248.117 973.843
internal_count=38120 21042 17078 16146 9796 5977 6350 10788 6890 10254 3819 5255 993 3898
is_linear=0
shrinkage=0.02


Tree=12
num_leaves=15
num_cat=0
split_feature=26 19 22 47 41 47 22 42 31 47 19 12 16 40
split_gain=168.819 37.5454 37.5256 19.7801 17.6736 17.8164 14.8308 16.4893 14.637 22.2611 13.7917 13.1711 12.898 13.7089
threshold=0.089980983669171247 -0.38059944320327016 0.30588135255312227 0.91597561503675362 0.49389375353950909 0.12940952255126043 0.079540645596927792 0.46781957312916028 0.025376402162024934 1.0000000180025095e-35 0.081461424320230583 0.010691807343131477 0.0044050069808625894 1.5047622650167263
decision_type=2 2 2 2 2 2 2 2 2 2 2 2 2 2
left_child=2 -2 4 6 -1 12 8 11 -3 -10 -4 -8 -6 -14
right_child=1 3 10 -5 5 -7 7 -9 9 -11 -12 -13 13 -15
leaf_value=0.0051036488176080105 0.0036911403463152719 0.0030391251029508633 0.0014952902749109684 -0.0072203002310355525 -0.0043459256493031647 0.0046177210205064333 -0.0026099502480188171 -0.0041935109222892685 0.0011560778048327104 -0.0074278538094009949 -0.0018704301671349577 0.0057393764747386564 0.0038864293605837259 -0.0059085331324438811
leaf_weight=1843.1370067447424 311.37594446539879 288.93585848808289 1700.577740624547 492.00602856278419 218.87953487038612 481.4012468457222 184.71057005226612 2395.1383360028267 273.43727126717567 209.94825430214405 676.85886564850807 120.72161439061165 266.08404469490051 67.705680176615715
leaf_count=7381 1246 1156 6805 1969 876 1927 739 9583 1094 840 2708 483 1065 271
internal_value=-3.82245e-06 -0.00295256 0.00239641 -0.0034783 0.00393077 0.00182573 -0.00293856 -0.00363642 -0.000490661 -0.00261005 0.000535151 0.000729398 -0.000625817 0.00184175
internal_weight=9530.92 4276.27 5254.64 3964.9 2877.21 1034.07 3472.89 2700.57 772.321 483.386 2377.44 305.432 552.669 333.79
internal_count=38143 17110 21033 15864 11520 4139 13895 10805 3090 1934 9513 1222 2212 1336
is_linear=0
shrinkage=0.02


Tree=13
num_leaves=15
num_cat=0
split_feature=26 24 24 1 32 41 12 34 39 18 36 41 42 23
split_gain=126.012 37.3055 34.3845 28.6018 17.0962 14.9056 14.3172 13.3789 13.2005 13.7232 13.6794 12.6744 12.1713 13.1627
threshold=0.0057647991365713932 0.23507876568227384 0.33939953253411637 -3.1017401529505511e-05 -0.22292604374064265 0.48167868735777236 0.036891958178081989 63.340040831465394 -0.5812365212744619 0.0046620124421414407 0.018050899240858811 0.50413884593602465 0.45326080856055467 2.5284946664239221
decision_type=2 2 2 2 2 2 2 2 2 2 2 2 2 2
left_child=1 4 -2 7 -1 6 -3 -4 -7 -10 -11 -12 -5 -14
right_child=2 5 3 12 -6 8 -8 -9 9 10 11 -13 13 -15
leaf_value=0.0090012422827830587 0.0010844705027322351 0.0018212675433945202 0.00011854696417506202 0.001435733614288066 0.0038588427240349257 0.0026573219482470033 0.0072790622171136719 -0.0042839184589109278 -0.006495833747968591 0.0052556928642064783 -0.0038192949911620027 0.00089011234847056781 -0.0050534732951306848 0.0038106915856866929
leaf_weight=331.78279729187489 1037.9510040134192 1217.027357801795 1190.5327958017588 131.71047748625278 1201.8681973963976 501.78971454501152 224.8641379326582 354.38707585632801 162.69942827522755 145.45421822369099 413.57275982201099 500.33115020394325 2109.301450714469 65.748048484325409
leaf_count=1330 4153 4871 4763 527 4814 2008 900 1418 651 582 1655 2002 8441 263
internal_value=0.000104353 0.00244169 -0.00214224 -0.00301206 0.00499696 0.00119785 0.00269463 -0.000901891 -5.82783e-05 -0.00117962 -0.000336456 -0.00125024 -0.00442031 -0.0047774
internal_weight=9589.02 4699.39 4889.63 3851.68 1533.65 3165.74 1441.89 1544.92 1723.85 1222.06 1059.36 913.904 2306.76 2175.05
internal_count=38378 18813 19565 15412 6144 12669 5771 6181 6898 4890 4239 3657 9231 8704
is_linear=0
shrinkage=0.02


Tree=14
num_leaves=15
num_cat=0
split_feature=26 26 0 44 42 1 20 30 39 0 21 21 26 16
split_gain=133.834 25.8007 25.4741 22.6037 16.6709 16.5133 14.5353 13.8632 12.457 13.0012 12.181 11.832 11.3468 12.5156
threshold=0.089980983669171247 -0.48362432395732041 -0.0023742367919024031 -0.29800885633152457 0.46781957312916028 -0.0012554076405292471 -0.067396338178059761 0.65323631049757791 -0.56518272561749028 -0.0061539678600414224 0.11691643873877242 0.21299977275471552 -0.26380560882239024 0.0079541431826984262
decision_type=2 2 2 2 2 2 2 2 2 2 2 2 2 2
left_child=1 3 -2 -1 -4 -6 -5 8 12 -10 -11 -7 -3 -14
right_child=2 7 4 6 5 11 -8 -9 9 10 -12 -13 13 -15
leaf_value=0.0074243563354136647 0.0020851175048263904 0.0048744453459901114 0.00036909526847161463 0.0036611390120637223 -0.0011536265675747576 -0.0061467447776038025 -0.00086287763289093601 0.0050819753641705243 0.0060739536083474167 -0.004437783769548188 -0.00018094798456016507 -0.003381929913568013 0.0016784029567541606 -0.0047173315102726409
leaf_weight=506.18377950787544 394.09891301393509 368.15816722810268 454.11932078003883 1144.8491465002298 789.09668050706387 1024.024205699563 375.07587283849716 285.00829644501209 101.17435535788536 345.13946954905987 1160.7200313657522 1633.7330652624369 868.55070436000824 137.4268836081028
leaf_count=2028 1577 1474 1817 4586 3157 4099 1501 1141 405 1381 4645 6537 3476 550
internal_value=-0.000118586 0.00200936 -0.00273988 0.00377971 -0.00322938 -0.00370332 0.00254557 0.000907065 0.00050009 -0.0006947 -0.00116806 -0.00445674 0.00189483 0.00078567
internal_weight=9587.36 5292.29 4295.07 2026.11 3900.97 3446.85 1519.93 3266.18 2981.17 1607.03 1505.86 2657.76 1374.14 1005.98
internal_count=38374 21187 17187 8115 15610 13793 6087 13072 11931 6431 6026 10636 5500 4026
is_linear=0
shrinkage=0.02


Tree=15
num_leaves=15
num_cat=0
split_feature=26 19 22 22 26 25 37 23 13 21 25 2 42 31
split_gain=131.814 38.9299 34.7673 19.7121 21.3549 18.4339 15.3167 12.3586 21.5288 12.0155 11.8334 11.561 11.1478 10.7423
threshold=0.089980983669171247 -0.44290529352432056 0.30588135255312227 0.079540645596927792 0.30868363722598757 -1.4999999999999998 1.203937062822654 0.87626178183814363 0.0034680424771243623 0.33956317968121225 2.5000000000000004 0.00572930198499418 0.45648948942752327 0.87065890236736099
decision_type=2 2 2 2 2 2 2 2 2 2 2 2 2 2
left_child=2 -2 5 4 -3 11 9 -7 -9 -5 12 -1 -8 -14
right_child=1 3 -4 6 -6 7 10 8 -10 -11 -12 -13 13 -15
leaf_value=0.0064153019474547492 0.0052193449157558556 0.0053323741706908572 0.00041495022450879472 -0.0083370837286658051 -0.0019961166789734669 0.0038604208268319881 0.0032993754835191702 -0.0044804699184099591 0.0027186692397458169 -0.0026489440804120306 -0.0056197382013367788 -0.0013288602365913486 -0.0031619602078045324 0.0019679929829860211
leaf_weight=958.99836371839046 241.60711342096329 198.97033229470253 2391.9906170517206 438.18439766764641 717.44047604501247 1060.0959729850292 130.47263081371784 233.52951374650002 542.93538510799408 232.94988203048706 533.61166583001614 82.123085349798203 1659.8736248016357 177.68534949421883
leaf_count=3844 967 796 9572 1754 2871 4244 522 935 2174 932 2136 329 6642 711
internal_value=7.48263e-05 -0.00250868 0.0021984 -0.0029711 -0.000384659 0.00367755 -0.00371637 0.00246131 0.000538643 -0.00639693 -0.00298591 0.00580101 -0.00225935 -0.00266192
internal_weight=9600.47 4330.8 5269.67 4089.19 916.411 2877.68 3172.78 1836.56 776.465 671.134 2501.64 1041.12 1968.03 1837.56
internal_count=38429 17331 21098 16364 3667 11526 12697 7353 3109 2686 10011 4173 7875 7353
is_linear=0
shrinkage=0.02


Tree=16
num_leaves=15
num_cat=0
split_feature=26 24 24 26 47 19 22 47 13 35 32 19 24 11
split_gain=132.386 33.1849 28.7277 22.1866 19.0149 19.2175 17.3091 20.4202 17.6899 16.0606 15.1063 14.2254 15.7049 12.2356
threshold=-0.0059025439072147353 0.66140001947895832 0.22025248669509681 0.27552031335938693 -0.25881904510252068 0.3652857258840892 0.20931153464388499 -0.25881904510252068 0.006420581615557544 -0.15300471704520849 -0.037381799241580603 0.14655929063866524 0.59347314746050883 -0.0020490654205701513
decision_type=2 2 2 2 2 2 2 2 2 2 2 2 2 2
left_child=2 6 10 9 5 -4 7 11 -9 -3 -1 -2 -13 -6
right_child=1 3 4 -5 13 -7 -8 8 -10 -11 -12 12 -14 -15
leaf_value=0.0063550733009663822 0.0073700862217165155 -0.0053997010438719788 0.00041735994650860496 -0.0052863400590030694 0.0038863718579095364 -0.0066062711320857351 -0.0023221830864366701 -0.0028964335230298546 0.0043682804980034332 0.0010338569735823244 0.0020958711530576846 -0.0026165244278774382 0.0085580148197930313 0.00058583437989759366
leaf_weight=867.14450840651989 251.10780218243599 224.1910018324852 1168.6362611651421 1686.3132859021425 1143.659672960639 174.7161985039711 1354.3330025225878 555.5790372043848 171.44372519850731 477.10161416232586 550.07785883545876 172.46368625760078 65.236031606793404 741.23963068425655
leaf_count=3477 1005 897 4677 6751 4578 699 5419 2223 686 1909 2204 690 261 2967
internal_value=-7.86284e-05 -0.00235055 0.00234595 -0.0040458 0.0013002 -0.000517242 -0.000770928 0.000959474 -0.00116516 -0.00104651 0.0047151 0.00409933 0.000563424 0.00259341
internal_weight=9603.24 4957.77 4645.47 2387.61 3228.25 1343.35 2570.16 1215.83 727.023 701.293 1417.22 488.808 237.7 1884.9
internal_count=38443 19841 18602 9557 12921 5376 10284 4865 2909 2806 5681 1956 951 7545
is_linear=0
shrinkage=0.02


Tree=17
num_leaves=15
num_cat=0
split_feature=33 20 1 17 20 21 25 10 20 38 10 11 3 43
split_gain=97.6898 43.624 26.9184 26.082 18.8124 17.3559 15.5357 14.2795 14.1924 14.0499 13.3064 13.287 11.4288 11.1112
threshold=59.72948268635168 -0.67359523837933655 -0.0004601013059446311 0.82392474362251922 -0.30376699917859179 0.11497632409894652 3.5000000000000004 0.012856909694094575 -0.27841813104603813 1.2509807169669491 -0.0013815543957061912 -0.0022465647514700493 -0.0026659864498241527 0.049075641459485647
decision_type=2 2 2 2 2 2 2 2 2 2 2 2 2 2
left_child=1 10 5 -2 7 13 9 -5 -7 12 -1 -10 -4 -3
right_child=3 2 6 4 -6 8 -8 -9 11 -11 -12 -13 -14 -15
leaf_value=0.0073198848959895348 -0.005184069705721087 0.00048681921631706229 -0.00072074952083811528 0.012798061852868975 -0.0022552115230228659 0.0054721678687872357 -0.0084053060031086205 0.0011362206049151875 0.0035002761894390179 -0.00076165291328578763 0.0022293013040741395 -5.5971230227380122e-06 0.0088358071990781092 -0.0059224204625943633
leaf_weight=563.1164955496788 1292.4722583144903 582.19080175459385 87.162336766719818 50.973972424864769 1175.7293568402529 612.57873938977718 94.688097760081291 172.91730332374573 962.11527326703072 2616.6836851835251 330.94642578065395 782.06475007534027 110.3946455270052 127.72261948883533
leaf_count=2258 5174 2330 349 204 4706 2455 379 692 3851 10473 1326 3130 442 511
internal_value=8.5247e-05 0.00135076 0.000732123 -0.00314059 -0.00124182 0.002038 -0.000645707 0.00401287 0.00286238 -0.000370183 0.00545843 0.00193277 0.00470573 -0.000699642
internal_weight=9561.76 6869.66 5975.6 2692.09 1399.62 3066.67 2908.93 223.891 2356.76 2814.24 894.063 1744.18 197.557 709.913
internal_count=38280 27504 23920 10776 5602 12277 11643 896 9436 11264 3584 6981 791 2841
is_linear=0
shrinkage=0.02


Tree=18
num_leaves=15
num_cat=0
split_feature=26 24 22 17 42 28 19 1 4 24 45 1 4 1
split_gain=128.735 52.94 25.0636 20.7783 16.177 16.0062 13.6383 13.6022 13.8081 13.2295 13.0357 13.5115 15.4183 12.8283
threshold=-0.16481035622214937 0.66140001947895832 0.23399797062315783 1.5239814480884204 0.45155846299337338 1.5586156861281382 -0.77194235918355047 -0.00094013789824765352 0.004862022808010502 0.16381797676589052 -0.79213981225764873 -0.00027701477548022145 0.0027033706137617242 0.00027351980056125093
decision_type=2 2 2 2 2 2 2 2 2 2 2 2 2 2
left_child=2 3 -1 4 -2 10 -6 -8 9 -9 -3 -12 -13 -5
right_child=1 5 -4 13 6 -7 7 8 -10 -11 11 12 -14 -15
leaf_value=0.0049847885113770019 0.0055009390798594227 -0.011565675006779654 0.0016170436304752754 0.010655457669099526 0.0079520111906958499 -0.0058297006095449199 0.0016407081555747265 0.002318381186870402 -0.0060581717219460266 -0.0019826010429274399 -0.00034539864601285797 -0.0051654984658472862 0.0013748128984785921 0.0018976567158734321
leaf_weight=1569.0339673757553 165.92106357216835 57.984620168805122 2033.1909947395325 101.45626904070377 63.942509427666664 957.50812010467052 583.19081965088844 346.75246328115463 261.38042688369751 1537.8844710737467 788.51390339434147 743.52373839914799 176.31157028675079 187.66667541861534
leaf_count=6291 664 232 8139 406 256 3834 2334 1388 1046 6154 3155 2977 706 751
internal_value=0.000105167 -0.0016956 0.00308882 2.95883e-05 -0.000473571 -0.00374917 -0.000837669 -0.00105777 -0.0017932 -0.00118723 -0.00260807 -0.00227117 -0.00391121 0.00509976
internal_weight=9574.26 5972.04 3602.22 3248.19 2959.07 2723.84 2793.15 2729.21 2146.02 1884.64 1766.33 1708.35 919.835 289.123
internal_count=38333 23903 14430 12999 11842 10904 11178 10922 8588 7542 7070 6838 3683 1157
is_linear=0
shrinkage=0.02


Tree=19
num_leaves=15
num_cat=0
split_feature=26 24 22 1 31 1 42 22 34 17 19 11 1 5
split_gain=118.702 29.9378 28.7936 17.4396 16.2552 15.069 15.7425 14.9043 17.8866 14.8308 13.4318 12.8586 14.7856 16.5285
threshold=0.089980983669171247 0.66140001947895832 0.2562255497320694 0.00065203238917711087 0.80884375638504635 -0.00380569101550466 0.45068359314953776 0.087932398547115473 59.793243372896782 1.2427782129712552 0.37167732861404162 0.02967657582641545 -0.0012554076405292471 -0.00065232416843354958
decision_type=2 2 2 2 2 2 2 2 2 2 2 2 2 2
left_child=2 5 3 4 -1 -2 -7 8 -8 -9 -4 12 -3 -14
right_child=1 11 10 -5 -6 6 7 9 -10 -11 -12 -13 13 -15
leaf_value=0.0042630724782400141 0.0069966182118506685 -0.00016512258900693998 0.0010068882357347172 0.0012494630426414582 0.012546649826218104 0.007413563161383062 0.0052793309555888689 -0.0034761009108475512 -0.0026338183682190065 0.0013492743952248133 -0.0042875643416032281 -0.0071443524555375656 -0.0015445505160720213 -0.0062326480848888879
leaf_weight=1503.5867221951485 89.979994118213654 440.341159299016 2643.0854348987341 845.44468107819557 98.022680878639221 77.48305432498455 244.6686727553606 1197.2457352280617 206.41979816555977 320.37210954725742 201.70563217997551 448.66990713775158 496.16746164858341 775.75619848072529
leaf_count=6028 360 1762 10579 3387 393 310 979 4791 826 1282 807 1797 1987 3107
internal_value=-9.52079e-06 -0.00247735 0.00199486 0.00358328 0.00480752 -0.000795284 -0.00115415 -0.00150928 0.00166907 -0.00245637 0.000624629 -0.00413446 -0.00332726 -0.00441707
internal_weight=9588.95 4297.1 5291.85 2447.05 1601.61 2136.17 2046.19 1968.71 451.088 1517.62 2844.79 2160.93 1712.26 1271.92
internal_count=38395 17201 21194 9808 6421 8548 8188 7878 1805 6073 11386 8653 6856 5094
is_linear=0
shrinkage=0.02


Tree=20
num_leaves=15
num_cat=0
split_feature=8 24 24 41 9 47 13 21 33 25 4 11 30 34
split_gain=108.542 39.8337 32.2622 19.9898 13.7355 21.3113 19.3821 12.8041 14.6636 12.4122 12.0616 11.7724 11.4296 11.662
threshold=-0.00084258369319562681 0.33939953253411637 0.19697203588838061 0.43915013724711854 -0.0034398215807534137 0.12940952255126043 0.0052757609124099792 0.21766378928225608 64.857710605106732 1.5000000000000002 0.00091188089852495356 0.044323503850582431 -0.93289594523486685 40.120704025681462
decision_type=2 2 2 2 2 2 2 2 2 2 2 2 2 2
left_child=2 10 -1 -3 5 6 -4 -5 12 -7 -2 -6 -9 -14
right_child=1 3 4 7 11 9 -8 8 -10 -11 -12 -13 13 -15
leaf_value=0.0055095140942924524 0.0026191065973986127 0.0017152306438165633 0.0027943900003240263 -0.0044230663000230028 -0.00060721888308067529 0.0060819850650857691 -0.0029939000040085867 -0.0075178572911137097 -0.0043346791148760021 -0.001155695757555373 -0.0012340891991256501 0.0065157382037372494 0.0084763613685647082 -0.00062526946957456035
leaf_weight=1068.6433515995741 855.91027116775513 359.06289927661419 622.49606627225876 1788.5574414879084 1220.38499340415 675.06147369742393 361.74503336846828 85.953721463680267 704.65485106408596 108.44421683251858 518.15682892501354 95.418306082487106 54.470987841486931 1055.1927911937237
leaf_count=4288 3427 1437 2492 7162 4885 2704 1448 344 2821 434 2074 382 218 4223
internal_value=9.06002e-05 -0.00177228 0.00252237 -0.00277019 0.00147989 0.00262896 0.0006626 -0.00320852 -0.00205677 0.00507925 0.00116687 -6.79719e-05 -0.000701794 -0.000142472
internal_weight=9574.15 5421.96 4152.19 4047.89 3083.55 1767.75 984.241 3688.83 1900.27 783.506 1374.07 1315.8 1195.62 1109.66
internal_count=38339 21706 16633 16205 12345 7078 3940 14768 7606 3138 5501 5267 4785 4441
is_linear=0
shrinkage=0.02


Tree=21
num_leaves=15
num_cat=0
split_feature=26 26 22 47 41 48 22 29 46 32 32 22 33 28
split_gain=120.298 29.7172 22.37 21.5411 18.9693 15.2139 14.6316 13.5963 13.1255 13.0021 12.6134 12.3708 12.0498 16.1308
threshold=-0.16481035622214937 0.27552031335938693 0.13271190202142638 0.12940952255126043 0.49630491557559209 -0.8783796973249266 0.436889019773888 2.3485294785108568 -0.78656609248549292 -0.14574233070708723 -0.071257458202411347 0.046094460625654261 45.460719352659012 -2.0304072136358613
decision_type=2 2 2 2 2 2 2 2 2 2 2 2 2 2
left_child=3 2 9 4 6 -3 7 -1 10 -2 -5 -10 -4 -14
right_child=1 5 12 8 -6 -7 -8 -9 11 -11 -12 -13 13 -15
leaf_value=0.0028335326008411764 -0.0029075734641436845 -0.006896871883310585 -0.0046835802261718787 0.011040245954160342 -0.0013423464923531761 -0.0024345431958812127 -0.00066928446110594664 0.0083313357178684596 0.0096639353955302338 0.0042889343391281625 0.0019819923369165109 0.0031831489712901844 0.0088202788385119205 -0.00085573020543580191
leaf_weight=815.8585065305233 118.17615573108196 340.58468997478485 315.88874399662018 215.26234413683414 598.95984129607677 2807.3575515300035 343.57994186878204 229.94859996438026 127.8226135969162 565.50658795237541 88.812679097056389 1193.189946860075 66.7169578820467 1768.1116319000721
leaf_count=3271 473 1364 1264 863 2398 11241 1375 922 513 2264 356 4782 267 7076
internal_value=0.000148472 -0.00159156 -0.000105279 0.00302745 0.00162508 -0.00292751 0.00290455 0.00407626 0.00473305 0.00303292 0.00846942 0.00384431 -0.00110759 -0.000480883
internal_weight=9595.78 5982.34 2834.4 3613.43 1988.35 3147.94 1389.39 1045.81 1625.09 683.683 304.075 1321.01 2150.72 1834.83
internal_count=38429 23949 11344 14480 7966 12605 5568 4193 6514 2737 1219 5295 8607 7343
is_linear=0
shrinkage=0.02


Tree=22
num_leaves=15
num_cat=0
split_feature=8 24 24 41 35 17 5 12 4 10 17 10 19 40
split_gain=88.8908 37.5118 24.5903 15.4777 12.7284 15.1135 13.889 12.4491 12.3995 11.9492 25.7134 11.2308 11.2034 13.7094
threshold=-0.00084258369319562681 0.24244346879969569 0.62588000436485836 0.44337589469979638 0.16073660262981598 1.1554722920693599 0.0046021849931516456 0.042340862929413574 -0.00065223804281365732 -0.010529605562962459 0.53877904908141072 -0.0014897385791737988 0.3652857258840892 0.78367788376585568
decision_type=2 2 2 2 2 2 2 2 2 2 2 2 2 2
left_child=2 -2 7 8 9 6 12 -1 -3 10 -5 -11 -6 -14
right_child=1 3 -4 4 5 -7 -8 -9 -10 11 -12 -13 13 -15
leaf_value=0.0025369819599059882 0.0019152932049583172 0.0044591806892703926 -0.00031232346510763577 -0.014180005701507455 -0.0054660253251726547 -0.0010035454046531569 -0.009215076451604751 0.0061020888600518772 -0.0019100402786837599 0.0019341216789381195 -0.0018646784207104795 -0.002731875590611142 -0.0048226850277136362 0.00032129745922770904
leaf_weight=2533.7939212322235 924.94895677268505 210.62575235962868 1176.5816490203142 74.708968237042427 930.06417042016983 620.644521728158 227.44008369743824 463.56318275630474 277.84298920631409 522.68977642059326 469.97179010510445 333.83616706728935 408.06060329079628 414.7440213561058
leaf_count=10157 3704 843 4709 299 3724 2485 911 1858 1112 2092 1881 1336 1635 1661
internal_value=-5.47848e-05 -0.00174459 0.00213716 -0.00249972 -0.00290956 -0.00373687 -0.00458883 0.0030976 0.000853697 -0.00136608 -0.00366748 0.000110221 -0.00396405 -0.00224352
internal_weight=9589.52 5415.58 4173.94 4490.63 4002.16 2600.95 1980.31 2997.36 488.469 1401.21 544.681 856.526 1752.87 822.805
internal_count=38407 21683 16724 17979 16024 10416 7931 12015 1955 5608 2180 3428 7020 3296
is_linear=0
shrinkage=0.02


Tree=23
num_leaves=15
num_cat=0
split_feature=26 24 24 1 16 1 44 7 32 43 3 38 45 6
split_gain=101.189 32.6228 22.8391 17.6601 20.8317 16.0845 15.8499 13.7089 12.5188 12.375 12.2636 11.7308 11.5494 11.2534
threshold=0.089980983669171247 0.19697203588838061 0.21625736665478693 -0.0016845704320173538 0.0047044832139827636 0.00024573786381293247 3.4637328018975317 0.0006521430412338643 -0.039396349519209846 -0.013432453977317885 -0.0068346444824421071 1.2928963258813932 0.7285811915548196 -0.00049321835571257942
decision_type=2 2 2 2 2 2 2 2 2 2 2 2 2 2
left_child=2 7 8 4 12 10 -5 9 -1 -2 -4 -7 -3 -10
right_child=1 3 5 6 -6 11 -8 -9 13 -11 -12 -13 -14 -15
leaf_value=0.0053900898450804039 0.010045096566471685 0.0093759074403081764 -0.0025588408114727086 -0.0037630125005190087 -0.0026158507651221643 0.0043114448532947805 0.0065031469412159884 -0.00083453083886301268 0.0050205405564734537 0.00041816897481017058 0.0022558053568151439 -0.0017387402414106076 0.00081815323030825712 -0.00037201976061163223
leaf_weight=877.65844006836414 132.16341625154018 104.72649922966957 228.49203012883663 3109.5078164488077 463.99147321283817 141.37571161985397 56.966625392436981 205.8926096111536 246.88293798267841 88.209760203957558 2337.8735744506121 1035.5090454816818 150.89909172058105 399.96006037294865
leaf_count=3525 529 419 915 12453 1857 566 228 824 990 353 9361 4144 604 1604
internal_value=-7.9871e-05 -0.00235019 0.00177916 -0.00292654 -9.72608e-05 0.000936307 -0.00356836 0.00287711 0.00383886 0.00628645 0.001823 -0.000996784 0.00443677 0.0017089
internal_weight=9580.11 4312.36 5267.75 3886.09 719.617 3743.25 3166.47 426.266 1524.5 220.373 2566.37 1176.88 255.626 646.843
internal_count=38372 17267 21105 15561 2880 14986 12681 1706 6119 882 10276 4710 1023 2594
is_linear=0
shrinkage=0.02


Tree=24
num_leaves=15
num_cat=0
split_feature=26 24 22 40 26 41 35 27 31 26 44 37 29 22
split_gain=109.129 27.1536 23.9815 14.7241 18.3756 14.1684 13.2834 14.8844 12.7804 12.9047 13.0357 12.0927 13.2762 13.0272
threshold=0.0057647991365713932 0.20845406175244097 0.23399797062315783 0.79166396205827871 0.51651758791228553 0.48591460009071757 -0.57214696377623453 -0.85057154525613743 0.80884375638504635 -0.55791780596189733 -0.29113457197202802 1.203937062822654 7.6091416232028264 0.33912957766869434
decision_type=2 2 2 2 2 2 2 2 2 2 2 2 2 2
left_child=2 -2 8 4 -3 -4 7 -7 9 -1 -11 13 -13 -5
right_child=1 3 5 11 -6 6 -8 -9 -10 10 -12 12 -14 -15
leaf_value=0.0052955784490453647 0.0019800704312949624 -0.0028142390696358657 0.0022097655794769602 -0.0017978073638188819 -0.0072197272334351813 0.00015921866694805302 -0.0022802969644264044 0.0089303889511877996 0.010249883837922 0.0035064146427184403 -0.0010899840430423548 -0.0010652948726808135 0.0072209530543149393 -0.0076186178878340453
leaf_weight=795.69439505040646 558.07929189503193 1496.7121729105711 1475.0857816487551 449.45593450963497 508.61819335818291 377.17790228128433 777.61066211760044 92.427205950021744 111.06419199705124 715.58627597987652 372.42419043183327 1544.2448910027742 76.440900936722755 232.39309503138065
leaf_count=3197 2234 5992 5907 1800 2039 1510 3112 370 446 2869 1492 6182 306 931
internal_value=-5.68766e-05 -0.00215715 0.00210968 -0.0026948 -0.00394679 0.000886213 -0.000681729 0.00196145 0.00377297 0.00336497 0.00193529 -0.00159822 -0.000653461 -0.00382272
internal_weight=9583.02 4865.94 4717.07 4307.87 2005.33 2722.3 1247.22 469.605 1994.77 1883.7 1088.01 2302.53 1620.69 681.849
internal_count=38387 19484 18903 17250 8031 10899 4992 1880 8004 7558 4361 9219 6488 2731
is_linear=0
shrinkage=0.02


Tree=25
num_leaves=15
num_cat=0
split_feature=26 41 25 15 1 35 41 10 21 44 17 36 37 40
split_gain=103.568 25.5127 22.6601 15.5888 13.8868 12.9201 12.7668 14.292 12.4445 12.3528 11.7235 10.7519 10.2898 10.5609
threshold=0.0057647991365713932 0.48167868735777236 -1.4999999999999998 0.0029012002413463271 0.00037292111209903499 -0.58104725503466081 0.53128837397197748 0.019221426589054309 0.21299977275471552 -0.74121771363520772 0.59254358533645224 0.084089196015425902 0.82226182867327602 1.8008873550162809
decision_type=2 2 2 2 2 2 2 2 2 2 2 2 2 2
left_child=1 3 -2 4 -1 9 7 -7 -4 -3 -10 -11 -12 -14
right_child=2 5 8 -5 -6 6 -8 -9 10 11 12 -13 13 -15
leaf_value=0.0024487164125686651 0.0027488423040383787 0.0093157102961073206 -0.0036084787203033044 0.0042769930767797429 -0.0053405941815846802 -0.0022170864919044474 0.0027988199378140379 0.0073050707520026801 -0.0034267882968684617 0.0024303064727149962 -0.0046471969576614954 -0.0059443501913234026 -0.00057530180099499848 0.004622179950692736
leaf_weight=290.98989923298359 367.26598307490349 91.513422980904579 1924.9477303028107 2039.0530253201723 127.54973113536835 1008.374337464571 338.45507979393005 62.398514807224274 837.72483018040657 676.09347647428513 211.24891336262226 62.631333544850349 1387.9282410591841 171.15288743376732
leaf_count=1167 1470 367 7712 8177 511 4038 1355 250 3354 2709 846 251 5556 685
internal_value=3.10035e-05 0.00215193 -0.00200209 0.00355694 3.99042e-05 0.000605585 -0.000560814 -0.00163082 -0.00238962 0.00257691 -0.00148483 0.00168509 -0.000558823 8.21966e-06
internal_weight=9597.33 4697.06 4900.27 2457.59 418.54 2239.47 1409.23 1070.77 4533 830.238 2608.05 738.725 1770.33 1559.08
internal_count=38448 18825 19623 9855 1678 8970 5643 4288 18153 3327 10441 2960 7087 6241
is_linear=0
shrinkage=0.02


Tree=26
num_leaves=15
num_cat=0
split_feature=26 22 19 12 1 22 3 43 35 47 23 24 11 47
split_gain=78.7092 29.8567 26.5424 17.8334 16.7135 13.2541 14.1953 12.8453 15.6759 12.4793 15.0646 11.3462 16.877 10.9012
threshold=0.089980983669171247 0.22025248669509681 -0.44290529352432056 0.036891958178081989 -0.0016420111941589882 0.33912957766869434 -0.0047426657129564544 -0.0066156959119439496 0.019134964300113296 0.12940952255126043 0.47344858600899414 0.79054220087728477 0.030928916796488546 0.25881904510252102
decision_type=2 2 2 2 2 2 2 2 2 2 2 2 2 2
left_child=1 -1 -2 13 11 9 -7 8 -5 10 -6 -4 -13 -3
right_child=2 3 4 7 5 6 -8 -9 -10 -11 -12 12 -14 -15
leaf_value=0.0034605173346784319 0.0043816436338561734 -0.0013743202706280589 0.002563314530715561 0.0088984326308949226 0.00793617750672093 0.0027558610247257042 -0.0054588176206193948 -0.00041823018297375823 -0.00014633678365565529 -0.0037688826027168438 -0.0013094415351443012 0.00018443269663888183 -0.0098539981969222225 0.0012389736238108695
leaf_weight=2095.6291592121124 239.02161218225956 1545.1117425560951 400.10985764861107 231.65873019397259 70.194173872470856 88.616691797971725 1028.6816022396088 195.63421584665775 113.12613143026829 992.59072522819042 1130.6635090410709 267.06165421009064 84.344962924718857 1080.8782301694155
leaf_count=8410 957 6185 1601 928 281 355 4122 783 453 3976 4528 1069 338 4329
internal_value=-2.80534e-05 0.00161172 -0.00203363 0.000384598 -0.00241603 -0.00302641 -0.00479791 0.00367551 0.00597111 -0.00211519 -0.000738338 0.000275203 -0.00232944 -0.000298357
internal_weight=9563.32 5262.04 4301.28 3166.41 4062.26 3310.75 1117.3 540.419 344.785 2193.45 1200.86 751.516 351.407 2625.99
internal_count=38315 21088 17227 12678 16270 13262 4477 2164 1381 8785 4809 3008 1407 10514
is_linear=0
shrinkage=0.02


Tree=27
num_leaves=15
num_cat=0
split_feature=8 20 0 33 29 25 8 47 22 2 22 8 22 1
split_gain=70.7085 25.0329 19.4791 18.7955 16.4108 16.2937 14.9185 14.5371 15.7056 13.0506 12.4738 12.4385 11.9249 11.6342
threshold=-0.00084258369319562681 -0.27841813104603813 0.0021214062886292686 60.140263820635447 4.5480524855798183 3.5000000000000004 -0.00034814079004532992 1.0000000180025095e-35 0.071447497130302254 -0.0048645401160836389 0.28920649181085306 0.014955439657574178 0.07551108934829541 0.00015262917540780169
decision_type=2 2 2 2 2 2 2 2 2 2 2 2 2 2
left_child=2 6 4 5 10 11 -2 8 -5 -4 13 -3 -6 -1
right_child=1 3 9 7 12 -7 -8 -9 -10 -11 -12 -13 -14 -15
leaf_value=0.0046094068758214049 -0.0055519579431777604 -0.00023347279584797913 0.0025646372889964525 0.0021817825486842805 0.014137268052143357 -0.0087559720262112596 0.0017343316532278117 -0.0054037736225946657 -0.0033451046367114282 -0.0032815115382113947 0.00064843345167113812 -0.0090339324025987752 0.0046569170738009801 0.0010572183210074183
leaf_weight=940.54919669032097 120.29800482094288 1944.6858186274767 232.04790030419827 264.93710392713547 57.996831089258194 96.097594127058983 1095.8981441855431 961.93862448632717 870.94757117331028 426.15423703193665 1473.2594449073076 61.449721291661263 428.383848503232 610.73464944958687
leaf_count=3779 482 7785 929 1061 233 385 4389 3856 3490 1706 5899 246 1717 2450
internal_value=-2.3301e-05 -0.00152978 0.00193331 -0.00226085 0.00252473 -0.000920975 0.00099384 -0.00359817 -0.00205208 -0.00121667 0.00196991 -0.000524828 0.00591972 0.00321881
internal_weight=9585.38 5416.25 4169.13 4200.06 3510.92 2102.23 1216.2 2097.82 1135.88 658.202 3024.54 2006.14 486.381 1551.28
internal_count=38407 21694 16713 16823 14078 8416 4871 8407 4551 2635 12128 8031 1950 6229
is_linear=0
shrinkage=0.02


Tree=28
num_leaves=15
num_cat=0
split_feature=26 25 0 47 39 35 18 21 43 16 39 20 2 16
split_gain=74.9992 21.2549 20.3341 15.0065 14.0552 16.8632 14.1451 13.7894 13.7258 12.1436 11.5202 9.92834 11.0656 9.85504
threshold=0.089980983669171247 -1.4999999999999998 -0.0023742367919024031 0.91597561503675362 -0.17737092650462344 -0.58104725503466081 0.0046620124421414407 0.21299977275471552 -0.20417636177763457 0.0067059609196804234 -0.72338016202848343 -0.62970498580329815 0.0046019967444729795 0.0056688440212926188
decision_type=2 2 2 2 2 2 2 2 2 2 2 2 2 2
left_child=1 11 -2 7 5 10 -6 -4 -8 -5 -3 12 13 -1
right_child=2 4 3 9 6 -7 8 -9 -10 -11 -12 -13 -14 -15
leaf_value=0.0045579380562460539 0.0023565794139978513 0.011015966644553428 -0.0034615442202742971 -0.0040438138155952921 -0.0066406246442536889 0.00070569990060473321 0.0054515468488722787 -0.00088198450022127048 -0.0011159323952345927 -0.012020943916961608 0.0032465228349579218 0.0023803242640726809 -0.0024656813533695042 0.011021485372889342
leaf_weight=306.05746382474899 389.17534458637238 98.429641276597977 1408.8649429380894 382.66808228194714 153.59481835365295 1652.1974265724421 141.63669714331627 2015.2846369743347 960.32624052464962 94.034346640110016 321.24322615563869 1424.7101841121912 57.013729780912399 141.67571434378624
leaf_count=1231 1558 395 5647 1534 615 6616 568 8069 3846 377 1288 5713 229 570
internal_value=-1.92228e-05 0.00158149 -0.00198026 -0.00241539 0.000611268 0.00162168 -0.00105589 -0.00194684 -0.000250995 -0.00572583 0.00517701 0.00324878 0.00565272 0.00670232
internal_weight=9546.91 5256.89 4290.03 3900.85 3327.43 2071.87 1255.56 3424.15 1101.96 476.702 419.673 1929.46 504.747 447.733
internal_count=38256 21071 17185 15627 13328 8299 5029 13716 4414 1911 1683 7743 2030 1801
is_linear=0
shrinkage=0.02


Tree=29
num_leaves=15
num_cat=0
split_feature=26 19 22 40 12 6 34 36 47 41 0 12 47 19
split_gain=69.4557 25.5638 24.0351 20.3455 16.3634 14.9923 13.1132 14.3602 12.8159 15.9583 15.08 12.5081 12.5075 11.8742
threshold=0.089980983669171247 -0.44290529352432056 0.2562255497320694 1.0018448126845236 0.071073291697049248 0.001435118345814275 63.340040831465394 0.061175840265209468 0.12940952255126043 0.48167868735777236 0.0028721749048423481 -0.042692922557826314 0.60355339059327384 -0.56664779062507142
decision_type=2 2 2 2 2 2 2 2 2 2 2 2 2 2
left_child=2 -2 -1 6 5 -5 12 -8 9 11 -11 -4 -3 -13
right_child=1 3 8 4 -6 -7 7 -9 -10 10 -12 13 -14 -15
leaf_value=0.0031545025505782059 0.004552962393087597 -0.0014658880679400224 -0.0038213110075368969 -0.0011195967520330639 -0.0050626827794879904 0.003265686857717397 -0.0084146371350075997 0.00050412888541265341 0.001917389238150915 -0.0017120932753657992 -0.010176374476204435 -0.0027101277379752622 -0.0047657146413817367 0.0041173806823960038
leaf_weight=2418.6966550499201 238.96237654983997 1378.7556264996529 145.60661068558693 805.99536538124084 239.86535935103893 501.88184998929501 324.40925300121307 91.789165511727333 1273.1332040727139 715.6760281920433 90.991466015577316 126.55663920938969 689.68856905400753 461.80738066136837
leaf_count=9709 957 5523 583 3228 961 2010 1301 368 5099 2864 364 507 2764 1849
internal_value=0.000150568 -0.00174069 0.00169462 -0.00211883 -0.000317082 0.00056923 -0.00323829 -0.00646504 0.00043634 -0.000789794 -0.00272366 0.00133967 -0.002575 0.00263833
internal_weight=9503.82 4271.35 5232.47 4032.39 1547.74 1307.88 2484.64 416.198 2813.77 1540.64 806.667 733.971 2068.44 588.364
internal_count=38087 17112 20975 16155 6199 5238 9956 1669 11266 6167 3228 2939 8287 2356
is_linear=0
shrinkage=0.02


Tree=30
num_leaves=15
num_cat=0
split_feature=26 24 24 47 28 1 5 26 28 16 48 17 47 24
split_gain=89.4321 27.0116 19.719 16.0942 13.7099 13.0157 12.6105 12.0387 15.8266 11.2764 11.1028 11.0041 16.2814 24.992
threshold=0.0057647991365713932 0.66140001947895832 0.23507876568227384 -0.60355339059327384 1.529713296156721 -0.0004601013059446311 -0.00065232416843354958 -0.49384611414316676 1.9996944414135542 0.0038087902991501203 -0.8783796973249266 1.2513335138474548 0.12940952255126043 0.20845406175244097
decision_type=2 2 2 2 2 2 2 2 2 2 2 2 2 2
left_child=2 11 7 10 6 -5 -3 -1 9 -9 -4 12 13 -2
right_child=1 4 3 5 -6 -7 -8 8 -10 -11 -12 -13 -14 -15
leaf_value=0.0054947767705080877 0.0063357506025236666 -1.2104093579811978e-05 0.0040167253361193204 0.0031225944988785372 -0.005368117335070045 -2.3371616521273197e-06 -0.0038253750163615365 -0.0029683936668481355 0.010838457244228945 0.0026487559941089571 -0.0021316853433720338 0.0021629165593014866 -0.0031355039446589322 -0.0010657274994853312
leaf_weight=787.41524824500084 225.49356444180012 593.55010023713112 133.3621409535408 1381.4522860199213 935.13244853913784 866.24104501307011 829.8712010383606 200.42961332201958 66.896704211831093 466.6025079190731 782.10049118101597 491.37138737738132 908.35306580364704 871.57928663492203
leaf_count=3170 903 2378 534 5535 3751 3468 3326 804 269 1873 3131 1967 3637 3489
internal_value=-5.5923e-05 -0.00195701 0.00191448 0.00101169 -0.00348953 0.00192094 -0.00224089 0.00378208 0.00191982 0.000951389 -0.00121905 -0.00050526 -0.00116277 0.000477423
internal_weight=9539.85 4855.35 4684.5 3163.16 2358.55 2247.69 1423.42 1521.34 733.929 667.032 915.463 2496.8 2005.43 1097.07
internal_count=38235 19451 18784 12668 9455 9003 5704 6116 2946 2677 3665 9996 8029 4392
is_linear=0
shrinkage=0.02


Tree=31
num_leaves=15
num_cat=0
split_feature=24 26 1 44 34 22 35 23 12 21 30 26 7 26
split_gain=69.4407 36.0579 26.9488 19.7688 16.1581 15.877 16.3982 15.4053 13.3054 12.8896 12.7095 12.613 11.6478 11.2073
threshold=0.66140001947895832 -0.32122618057598501 -0.00021844396644639654 -0.52406444010489417 49.712779924337902 0.20931153464388499 -0.47280982242375008 2.5284946664239221 0.053733713951107084 0.064027436462310128 -0.86207526254358502 -1.1282349804448748 0.0068286584209152111 -0.60425064212275093
decision_type=2 2 2 2 2 2 2 2 2 2 2 2 2 2
left_child=1 3 4 13 11 10 -7 -4 9 -5 -3 -2 -11 -1
right_child=2 5 7 8 -6 6 -8 -9 -10 12 -12 -13 -14 -15
leaf_value=0.011282615814198888 -0.0074551123823979491 -0.0077410446776098743 -0.0045347364633709824 -0.0013724173804703056 -0.0024325729125255486 0.0066631528050546561 -0.0015044419364677816 0.0060345239120580662 0.0085608179728985795 0.0022540406332314344 0.0017538378769654441 0.0020524666209892216 0.010616405922372618 0.0046393561260767886
leaf_weight=149.33709381520748 55.195110008120537 53.429162591695786 1598.4939040094614 399.90589161217213 931.86843451857567 98.396108224987984 2039.5415207743645 52.963278710842133 118.45073941349983 1174.547790825367 1712.2461926043034 782.18423171341419 66.216522231698036 340.68808144330978
leaf_count=601 221 214 6411 1606 3733 394 8166 212 476 4715 6860 3131 266 1368
internal_value=-6.2658e-05 0.00120719 -0.00234513 0.0032212 -0.000626797 4.41381e-05 -0.00111387 -0.00417858 0.00221978 0.00173735 0.00144548 0.00138525 0.00274114 0.00675743
internal_weight=9573.46 6152.76 3420.7 2249.15 1769.25 3903.61 2137.94 1651.46 1759.12 1640.67 1765.68 837.379 1240.76 490.025
internal_count=38374 24666 13708 9032 7085 15634 8560 6623 7063 6587 7074 3352 4981 1969
is_linear=0
shrinkage=0.02


Tree=32
num_leaves=15
num_cat=0
split_feature=24 1 25 34 42 11 40 19 2 2 13 36 4 40
split_gain=71.5651 31.5402 24.4697 15.88 15.1594 13.5103 14.2637 12.5722 11.6259 14.6512 13.7071 12.8004 12.516 11.5676
threshold=0.324463288806975 -0.0012554076405292471 -1.4999999999999998 53.834046988379676 0.47514287780533254 -0.0020490654205701513 1.2316063562735986 0.28566307678247083 -0.0020663159053107825 -0.0059771646210676245 0.0045261501915927153 0.012670350837216059 -0.0011787718871222488 1.117720987712211
decision_type=2 2 2 2 2 2 2 2 2 2 2 2 2 2
left_child=2 5 -1 7 -5 6 -2 -3 9 -4 11 -10 -12 -6
right_child=1 3 8 4 13 -7 -8 -9 10 -11 12 -13 -14 -15
leaf_value=0.0047246329853882652 0.0038430869167760755 -2.734636316893497e-05 -0.001361632778282002 0.00061921531892199287 -0.0055280574075844873 -0.00081876946263787149 -0.00075679042797196345 -0.0033412832565720726 0.0021981838749349763 0.0061981581375509191 0.0065657573348901722 -0.0030731324650075465 6.49372910831005e-05 -0.0020848737153253013
leaf_weight=1215.6508555412292 741.81609576940536 1491.7570051550865 149.18826515972614 298.65480567514896 1062.8684082180262 1227.517938926816 419.78810448944569 655.78399075567722 263.75082306563854 312.37260197103024 198.0017637014389 584.87964016199112 284.71582607924938 629.24165503680706
leaf_count=4888 2971 5973 599 1197 4264 4916 1681 2627 1057 1253 794 2344 1141 2522
internal_value=-9.7371e-06 -0.00118591 0.00253984 -0.00224128 -0.00352623 0.000643015 0.00218463 -0.00104472 0.00104946 0.00376623 9.7025e-05 -0.00143155 0.00277143 -0.00425756
internal_weight=9535.99 6527.43 3008.56 4138.31 1990.76 2389.12 1161.6 2147.54 1792.91 461.561 1331.35 848.63 482.718 1692.11
internal_count=38227 26151 12076 16583 7983 9568 4652 8600 7188 1852 5336 3401 1935 6786
is_linear=0
shrinkage=0.02


Tree=33
num_leaves=15
num_cat=0
split_feature=25 26 47 21 37 17 7 2 22 0 32 40 32 14
split_gain=63.154 28.8606 18.3628 16.3799 15.6154 15.7911 14.6295 14.1594 12.4144 11.9427 16.2965 11.4978 11.2548 10.7032
threshold=1.5000000000000002 -0.16481035622214937 0.12940952255126043 0.21299977275471552 1.1053348778650069 0.95097235518781054 -0.0021136522036518174 -0.0044943414250137505 0.20731707317074563 0.00084451295905669784 -0.031155238145947787 1.0388724064874901 0.188603980222558 0.0054805562756123994
decision_type=2 2 2 2 2 2 2 2 2 2 2 2 2 2
left_child=1 2 6 9 -3 8 -1 13 -6 -2 -11 -12 -13 -5
right_child=3 4 -4 7 5 -7 -8 -9 -10 10 11 12 -14 -15
leaf_value=-0.0018981372805295439 0.0012780316391437468 -0.0036879434741309033 0.0039727923824763615 0.0083891320080977678 0.0011374796226675066 0.0022519524683024361 0.0020579761008083066 -0.0022783982693198538 -0.0018370359720065602 -0.0096665438668961483 -0.0061776035032343694 0.0042824699855219988 -0.0042638705185317795 -0.00061928163721371426
leaf_weight=503.55058117210865 109.67818441987038 449.39559286832809 1497.7212591767311 88.661139130592346 922.09918713569641 1080.6129337996244 1411.8118783980608 1180.6556534320116 1418.8517214655876 271.86651927232742 305.31297385692596 109.44647662341595 128.60917644202709 119.35246877372265
leaf_count=2020 440 1801 6015 355 3694 4327 5664 4731 5681 1090 1227 439 516 478
internal_value=6.34514e-05 0.00097795 0.00231722 -0.00281164 -0.000204374 0.000257879 0.00101568 -0.0014298 -0.000665449 -0.0048675 -0.00569704 -0.00364093 -0.000327409 0.00332714
internal_weight=9597.63 7284.04 3413.08 2313.58 3870.96 3421.56 1915.36 1388.67 2340.95 924.913 815.235 543.369 238.056 208.014
internal_count=38478 29202 13699 9276 15503 13702 7684 5564 9375 3712 3272 2182 955 833
is_linear=0
shrinkage=0.02


Tree=34
num_leaves=15
num_cat=0
split_feature=26 47 22 1 24 48 24 24 2 10 23 1 2 16
split_gain=61.7429 23.0393 20.7584 23.4527 17.3861 14.4513 15.0168 13.6052 14.0621 13.7083 13.2117 14.495 18.5411 12.72
threshold=0.089980983669171247 0.91597561503675362 0.30588135255312227 8.9148285938640544e-05 0.19697203588838061 -0.8783796973249266 0.55244275209870775 0.23507876568227384 -0.00090712381780082784 -0.00079459174617830532 0.67564262908347406 -0.0004601013059446311 0.0066251068652518766 0.0067059609196804234
decision_type=2 2 2 2 2 2 2 2 2 2 2 2 2 2
left_child=2 4 3 -1 -2 6 -6 8 -5 -10 -7 12 -12 -3
right_child=1 13 -4 7 5 10 -8 -9 9 -11 11 -13 -14 -15
leaf_value=0.0042310249301547613 0.0030649804164029366 -0.0038389164704531317 0.00019275141670199364 0.004923564546481538 0.00030984207609141052 -0.0031924206293027129 -0.0071505691859648016 -0.0024770303351477154 0.0023372674598213538 -0.0049802853745168222 0.0037905043392894074 -0.0013186532444475476 -0.0045462630017686087 -0.011357296047548886
leaf_weight=1684.8544868975878 357.88373327255249 424.77101121842861 2379.07415625453 363.5485917776823 159.57625332474709 796.01967741549015 325.83021552860737 390.88625718653202 268.94790914654732 158.56925737857819 555.09568594396114 1430.8578221797943 127.35793007910252 113.15061083436012
leaf_count=6771 1433 1704 9526 1461 639 3190 1307 1565 1080 636 2223 5737 510 454
internal_value=0.000120062 -0.00165832 0.00157478 0.00271935 -0.00109955 -0.00154245 -0.00471982 0.000555725 0.00206043 -0.000403064 -0.00100513 -0.000175653 0.00221297 -0.00551042
internal_weight=9536.42 4290.54 5245.88 2866.81 3752.62 3394.74 485.406 1181.95 791.066 427.517 2909.33 2113.31 682.454 537.922
internal_count=38236 17197 21039 11513 15039 13606 1946 4742 3177 1716 11660 8470 2733 2158
is_linear=0
shrinkage=0.02


Tree=35
num_leaves=15
num_cat=0
split_feature=24 33 40 24 25 32 47 32 44 19 47 2 47 43
split_gain=62.3276 42.7461 17.1031 15.3559 18.2657 14.7711 14.1576 15.6332 12.3008 11.3162 11.1255 10.8434 10.2993 11.3738
threshold=0.20845406175244097 59.356444039695489 0.81129506643207738 0.78690637046465561 3.5000000000000004 -0.037381799241580603 1.0000000180025095e-35 0.055530135620456174 3.4637328018975317 -1.7171168134829013 0.91597561503675362 0.0046019967444729795 -0.25881904510252068 -0.060024555375701581
decision_type=2 2 2 2 2 2 2 2 2 2 2 2 2 2
left_child=5 3 10 4 -2 9 7 -7 -4 -1 -3 12 -5 -14
right_child=1 2 8 11 -6 6 -8 -9 -10 -11 -12 -13 13 -15
leaf_value=-0.0033765280809598692 0.00086707363476059977 -0.0042648338446517478 -0.0021575955683198022 -0.0037203900958880359 -0.0097745806439186282 -0.0012090544820332924 -0.00077621625405578263 0.0063893425353252903 0.006818525396899101 0.0055274781529346204 -0.010363548727087628 -0.008070461924543396 0.0063919146334693831 -0.0008264828704351632
leaf_weight=58.008130639791489 3863.364496871829 817.75649036467075 1458.8327067047358 429.61950661242008 60.633531257510185 159.35647961497307 549.41367173194885 324.07615394890308 58.941970750689507 836.93509994447231 139.99553549289703 98.141223818063736 96.396113604307175 623.84712335467339
leaf_count=234 15477 3282 5848 1720 243 640 2204 1300 236 3371 563 393 386 2499
internal_value=-0.00014903 -0.000959462 -0.00311787 7.56517e-05 0.000690409 0.00306011 0.00141979 0.00389791 -0.00178777 0.00493479 -0.00520548 -0.00185232 -0.00128896 0.000177022
internal_weight=9575.32 7647.53 2475.53 5172 3924 1927.79 1032.85 483.433 1517.77 894.943 957.752 1248 1149.86 720.243
internal_count=38396 30647 9929 20718 15720 7749 4144 1940 6084 3605 3845 4998 4605 2885
is_linear=0
shrinkage=0.02


Tree=36
num_leaves=15
num_cat=0
split_feature=26 47 22 19 44 26 22 40 47 33 26 9 38 38
split_gain=70.7896 23.0281 18.4279 18.1535 15.5222 15.6401 14.5418 13.8645 15.1744 13.6281 13.3923 12.4624 11.9828 12.4725
threshold=-0.16481035622214937 0.25881904510252102 0.33147785049502959 -0.42651041810624102 3.4637328018975317 0.34302172816075011 0.21356477483455563 0.81129506643207738 0.91597561503675362 42.33398309637181 0.59689379117773755 -0.012415551936567947 3.7836514180384211 0.75890175449672237
decision_type=2 2 2 2 2 2 2 2 2 2 2 2 2 2
left_child=1 2 12 -2 5 6 -5 8 -7 11 -10 -4 13 -1
right_child=3 -3 9 4 -6 7 -8 -9 10 -11 -12 -13 -14 -15
leaf_value=0.0055687742960385872 0.0024189793682071665 0.0041708374050765905 -0.0033771732332416489 0.0011482492467096198 0.0076432304181397875 -0.0036357155647548773 -0.0018146636356169833 -0.0017421561449785816 -0.0051727976380093188 -0.0062519627280135329 -0.017240536839449025 0.0020764112638913339 0.0044413335895580929 -0.0010059377188235148
leaf_weight=145.3747893422842 473.11789909005165 1452.0085459500551 270.77745653688908 1031.3390676379204 66.199056401848793 815.84135419130325 1834.6237662136555 1597.0470482110977 94.317012250423431 174.13043874502182 63.045459106564522 422.33042222261429 611.16275672614574 492.02051377296448
leaf_count=585 1896 5833 1084 4131 265 3275 7346 6402 379 697 254 1691 2457 1976
internal_value=8.08379e-06 0.0022355 0.000900636 -0.0013226 -0.00164621 -0.00176626 -0.000748293 -0.00289768 -0.00477532 -0.00133444 -0.0103896 -6.3077e-05 0.00245223 0.000525271
internal_weight=9543.34 3567.8 2115.8 5975.53 5502.41 5436.21 2865.96 2570.25 973.204 867.238 157.362 693.108 1248.56 637.395
internal_count=38271 14323 8490 23948 22052 21787 11477 10310 3908 3472 633 2775 5018 2561
is_linear=0
shrinkage=0.02


Tree=37
num_leaves=15
num_cat=0
split_feature=26 25 7 22 22 33 34 47 44 26 26 43 16 13
split_gain=64.2724 18.7641 18.1713 16.0774 14.8357 17.0289 15.7478 15.5579 14.084 30.4898 13.9652 12.4104 12.3569 18.8232
threshold=0.0057647991365713932 -1.4999999999999998 0.0073228979018013403 0.22025248669509681 0.079540645596927792 45.092857862386943 60.139186867886458 1.0000000180025095e-35 -0.33190226263913208 -0.60425064212275093 0.52734989841288493 0.010806163988987906 0.0051713453902247249 0.0025213851169611297
decision_type=2 2 2 2 2 2 2 2 2 2 2 2 2 2
left_child=2 -2 3 8 6 -6 11 -8 -1 -10 -7 -3 13 -12
right_child=1 4 -4 -5 5 10 7 -9 9 -11 12 -13 -14 -15
leaf_value=0.0047485024612214603 0.0026638510263937553 0.0057133225265396529 0.007033162657170031 0.00039642144976135245 -0.013469374514947037 -0.0013930263755605422 0.00096751248207549434 -0.0067498354860315536 0.0044010022430157206 -0.0028304250111540331 -0.0071954126674440471 -0.00010559728198101779 -0.0061574920662106139 -0.00021330718873584356
leaf_weight=824.9132693707943 373.06909523904324 235.91203682124615 233.84253317117691 2705.0399851202965 51.953392267227173 2097.3635574281216 208.61264371871948 202.17132383584976 514.48961590230465 418.64224122464657 213.83007417619228 374.08657744526863 592.93676024675369 526.0402006059885
leaf_count=3318 1494 945 939 10837 208 8404 836 811 2074 1680 859 1499 2380 2110
internal_value=-1.37239e-05 -0.00162132 0.0016551 0.00136576 -0.00197891 -0.00259968 0.000141042 -0.00286615 0.0028519 0.00115889 -0.00241568 0.00217298 -0.00401376 -0.00226596
internal_weight=9572.9 4875.98 4696.93 4463.09 4502.91 3482.12 1020.78 410.784 1758.05 933.132 3430.17 609.999 1332.81 739.87
internal_count=38394 19546 18848 17909 18052 13961 4091 1647 7072 3754 13753 2444 5349 2969
is_linear=0
shrinkage=0.02


Tree=38
num_leaves=15
num_cat=0
split_feature=24 8 33 42 17 7 48 4 22 1 4 22 36 36
split_gain=64.2036 33.7185 22.1153 14.5612 18.2301 12.9609 13.6854 12.7668 12.5287 12.4516 13.6713 12.1116 11.4113 11.1225
threshold=0.66140001947895832 -0.00084258369319562681 57.259069944416879 0.48143402517487888 1.2513335138474548 0.0070610584211741505 -0.60785761079279388 0.004862022808010502 0.16173710761044344 -0.0001577767674241045 0.0020389667244905324 0.47594970718741653 0.026819085355653013 0.029904553452382469
decision_type=2 2 2 2 2 2 2 2 2 2 2 2 2 2
left_child=1 5 9 -3 7 6 -1 8 -5 -2 -11 -6 -8 -14
right_child=2 3 -4 4 11 -7 12 -9 -10 10 -12 -13 13 -15
leaf_value=0.0043948892405899047 0.00032055750093465873 0.001908393865845107 -0.0041100413239253406 0.00075957873512840022 0.003608356233407784 0.0071402770117937114 -0.00032368359878726593 -0.006998118828022426 -0.0028910488115215728 -0.0045831959437668537 0.0025908075834139271 -0.0061065556009677301 0.0079442769991437939 0.0018991801254896142
leaf_weight=785.32110126316547 1205.9773288071156 773.69323991239071 1565.4146303236485 587.91119480133057 387.71546994149685 220.52397955954075 948.77811686694622 189.71847769618034 1029.9259380847216 511.41817818582058 130.26948569715023 54.435282245278358 134.17890250682831 1030.3220241218805
leaf_count=3155 4828 3100 6288 2356 1553 886 3810 760 4126 2049 522 218 539 4139
internal_value=-0.000167346 0.00105453 -0.00236468 -0.000450454 -0.00126412 0.00251171 0.00214788 -0.00215404 -0.00156618 -0.000878842 -0.00311803 0.0023574 0.00130446 0.00262671
internal_weight=9555.6 6142.52 3413.08 3023.4 2249.71 3119.12 2898.6 1807.56 1617.84 1847.66 641.688 442.151 2113.28 1164.5
internal_count=38329 24642 13687 12113 9013 12529 11643 7242 6482 7399 2571 1771 8488 4678
is_linear=0
shrinkage=0.02


Tree=39
num_leaves=15
num_cat=0
split_feature=26 22 20 16 48 26 48 41 14 17 47 22 8 17
split_gain=51.5919 18.7891 17.4928 15.311 13.9888 16.5563 13.814 13.269 13.1385 12.4544 13.5852 10.7222 10.4856 10.2153
threshold=0.062917836087272458 0.30588135255312227 -0.30376699917859179 0.0047622374948382016 -0.8783796973249266 0.23089286204782059 -0.8783796973249266 0.40094728867999135 0.0041544525637502742 0.95097235518781054 0.12940952255126043 0.00010253266189862508 -0.0042816172932714112 1.6657462235318532
decision_type=2 2 2 2 2 2 2 2 2 2 2 2 2 2
left_child=1 6 9 7 5 -5 -1 -4 12 10 -2 -9 -8 -3
right_child=2 13 3 4 -6 -7 8 11 -10 -11 -12 -13 -14 -15
leaf_value=0.005824395535461345 0.0024909196118803696 0.00029814029683158092 0.0071688066155607437 -0.00087702439502590674 -0.0026809457299517172 -0.010701469018996728 0.0027269738751231377 0.0039672415490987177 0.0031124362892604833 0.004351367654143303 -0.0054398012553850484 -0.0016920799022729271 -0.0013974476239837538 -0.004913879028435931
leaf_weight=394.46259841322899 180.23709014058113 2133.9798070341349 73.645708739757538 105.36191529035568 1667.1170076429844 196.9640621393919 385.19429935514927 141.17813904583454 1329.356508269906 295.83940824866295 157.3369212448597 1624.7532172203064 664.85599718987942 156.79592940211296
leaf_count=1586 722 8546 295 422 6687 791 1551 566 5345 1185 630 6516 2669 628
internal_value=-0.000106933 0.00127235 -0.00167906 -0.00219058 -0.00341411 -0.00734758 0.00237783 -0.000874972 0.00179544 0.00139 -0.00123089 -0.00122972 0.000121284 -6.853e-05
internal_weight=9507.08 5064.65 4442.43 3809.02 1969.44 302.326 2773.87 1839.58 2379.41 633.413 337.574 1765.93 1050.05 2290.78
internal_count=38139 20325 17814 15277 7900 1213 11151 7377 9565 2537 1352 7082 4220 9174
is_linear=0
shrinkage=0.02


Tree=40
num_leaves=15
num_cat=0
split_feature=24 24 33 40 47 32 32 44 3 31 47 26 17 12
split_gain=55.1327 21.9757 20.6298 12.1631 14.339 11.4169 11.8046 11.5288 9.60213 10.5395 9.4903 17.0275 19.9548 10.9142
threshold=0.66140001947895832 0.20845406175244097 60.140263820635447 0.75500158390167482 0.78656609248549303 -0.041563199406854455 0.12085141429383277 -0.71518975820792385 0.001781498634027064 0.56616456944336291 -0.60355339059327384 -0.26380560882239024 1.6657462235318532 0.062534372068699953
decision_type=2 2 2 2 2 2 2 2 2 2 2 2 2 2
left_child=1 5 -2 4 -4 7 -7 -1 -8 -10 13 12 -12 -3
right_child=2 10 3 -5 -6 6 8 -9 9 -11 11 -13 -14 -15
leaf_value=0.0093419839855820117 -0.00079607811993376992 -0.0017906120306517995 -0.0044801100876675831 -0.0025760178461922368 -0.012772600306499817 -0.00046889840431905695 0.0013003583235690144 0.0034540059068623504 0.010143138868814674 0.00064127164976249512 0.0040059981265780928 -0.0001498324825761401 -0.0048862065218320243 0.0040831858027633424
leaf_weight=163.35073573887348 2110.2362779527903 1107.6803282499313 336.75295375287533 861.31177578866482 110.97877694666386 563.26240715384483 277.74805644154549 704.51803140342236 136.11924248933792 70.846002906560898 911.47604683041573 1941.0190613567829 109.17356398701668 138.00553020834923
leaf_count=659 8453 4437 1355 3459 448 2263 1114 2842 546 284 3658 7775 438 553
internal_value=9.44487e-06 0.00114522 -0.00202319 -0.00399079 -0.00665392 0.00291781 0.00150169 0.00460941 0.00377303 0.00698242 0.000335558 0.000951218 0.00303566 -0.00112615
internal_weight=9542.48 6123.2 3419.28 1309.04 447.732 1915.84 1047.98 867.869 484.713 206.965 4207.35 2961.67 1020.65 1245.69
internal_count=38284 24569 13715 5262 1803 7708 4207 3501 1944 830 16861 11871 4096 4990
is_linear=0
shrinkage=0.02


Tree=41
num_leaves=15
num_cat=0
split_feature=24 1 8 36 30 2 22 47 6 47 43 1 28 45
split_gain=46.6614 28.4192 24.0213 16.068 13.4641 11.5297 11.1737 12.3402 10.9569 14.9676 10.6782 10.3952 9.97901 11.0537
threshold=0.54816916369295654 -0.0003370068961027475 -0.0042816172932714112 0.03381980625814137 -0.25773276549259866 -0.0054576026433695675 0.20931153464388499 -0.9829629131445341 0.00015262917540780169 1.0000000180025095e-35 -0.063931363739150496 -0.001558470619238996 -0.51481693671281803 -0.66988946897924662
decision_type=2 2 2 2 2 2 2 2 2 2 2 2 2 2
left_child=2 4 8 10 -2 -5 -4 -8 9 12 -3 -11 -1 -14
right_child=1 3 6 5 -6 -7 7 -9 -10 11 -12 -13 13 -15
leaf_value=0.00022953968782170358 0.0020942409871763032 0.0028816144002526507 0.0014058813427541587 -0.00038233207210854953 -0.0011640837675809201 -0.0065905335696225453 -0.0080678573211938713 -0.00048896630921354016 0.0015282506065030963 0.010940627902046743 -0.0025356955170061446 0.0042913983171767528 0.012146318737431713 0.00022277307983069075
leaf_weight=307.82677212357521 782.78570219874382 159.94248992204666 1656.5611303448677 146.92435239255428 1419.6668245196342 655.27664719521999 85.651149675250053 1672.1452248394489 828.10965731739998 189.48492540419102 1279.4477712213993 202.95545172691345 65.853901997208595 55.767945408821106
leaf_count=1238 3135 641 6648 589 5689 2631 343 6699 3331 764 5137 817 265 224
internal_value=-0.000123621 -0.00161831 0.0011883 -0.003201 -3.90424e-06 -0.0054629 0.000229438 -0.000880095 0.00316578 0.00479649 -0.00192584 0.00759914 0.00217738 0.00690364
internal_weight=9508.4 4444.04 5064.36 2241.59 2202.45 802.201 3414.36 1757.8 1650 821.889 1439.39 392.44 429.449 121.622
internal_count=38151 17822 20329 8998 8824 3220 13690 7042 6639 3308 5778 1581 1727 489
is_linear=0
shrinkage=0.02


Tree=42
num_leaves=15
num_cat=0
split_feature=25 9 22 40 22 34 40 49 41 19 21 11 22 29
split_gain=44.4096 31.9366 28.5799 16.9208 16.6101 16.49 16.3617 15.5565 13.7335 12.4333 11.028 10.6415 12.7067 10.4232
threshold=-1.4999999999999998 -0.0019153392418701802 0.079540645596927792 0.90450761725048723 0.30588135255312227 60.139186867886458 1.117720987712211 0.81174490092936691 0.52568179901293821 -0.37359605907674692 0.013201723491951351 0.020438603112215386 0.65395943923407451 -1.0959297596507971
decision_type=2 2 2 2 2 2 2 2 2 2 2 2 2 2
left_child=4 3 5 -2 -1 8 -7 -6 -3 -4 -5 12 -11 -9
right_child=1 2 9 10 7 6 -8 13 -10 11 -12 -13 -14 -15
leaf_value=0.0041202047957710139 0.0027285269576261873 0.0056227941084567249 0.00061352281808928785 -0.0076253105195380469 0.0016681686467881376 -0.0060468585951281417 0.0019108706161533654 -0.010139377510119878 -0.00040642719914063248 -0.0018052471881521001 -5.8179503827409419e-05 -0.0048121392283312541 -0.0069880861919907524 6.7824678150578993e-05
leaf_weight=1160.5956797003746 1239.2413977235556 379.59962409734726 447.15895460546017 77.274877801537514 888.88749916851521 192.479283452034 213.05861057341099 76.101414158940315 247.88081954419613 2253.8397380113602 1211.0860733836889 883.72111111879349 202.63244137167931 78.865631520748138
leaf_count=4678 4971 1522 1792 310 3562 773 854 305 994 9038 4855 3548 813 316
internal_value=-7.51419e-06 -0.000754638 -0.00170881 0.00106484 0.00247891 0.00123533 -0.00189373 0.000643107 0.00325662 -0.00251241 -0.000539774 -0.00293118 -0.0022461 -0.00510499
internal_weight=9552.42 7347.97 4820.37 2527.6 2204.45 1033.02 405.538 1043.85 627.48 3787.35 1288.36 3340.19 2456.47 154.967
internal_count=38331 29470 19334 10136 8861 4143 1627 4183 2516 15191 5165 13399 9851 621
is_linear=0
shrinkage=0.02


Tree=43
num_leaves=15
num_cat=0
split_feature=24 1 1 22 32 11 24 11 11 40 40 46 5 28
split_gain=47.7953 29.3297 20.7979 16.7232 13.9781 12.538 12.0777 11.2587 13.6095 12.5817 11.1303 16.7895 9.4021 9.38335
threshold=0.66140001947895832 -0.0004601013059446311 -0.00021844396644639654 0.33147785049502959 -0.2762274809220589 -0.005071638035818591 0.20845406175244097 -0.0020490654205701513 0.018805216406589175 1.2794139086881664 0.42907031076266122 -1.0000000180025095e-35 -0.0039901082855332759 -0.5545859619606901
decision_type=2 2 2 2 2 2 2 2 2 2 2 2 2 2
left_child=1 3 5 12 -3 -2 -6 9 -9 13 11 -8 -1 -5
right_child=2 4 -4 7 6 -7 10 8 -10 -11 -12 -13 -14 -15
leaf_value=0.0075361892516303932 0.0015744592922986576 0.0043274544314036954 -0.0036282682812326657 0.0028594475535096216 0.001152918681330773 -0.0018557234671838019 0.0086073363828479584 -0.0045373089981577122 0.002835599627663742 -0.0022416192726316155 -0.0019232994176105905 -0.0013350199248507225 0.0031636002012054472 0.011222532725168518
leaf_weight=228.70007306337357 698.92598211765289 248.02575795352459 1638.7958081513643 230.46129207313061 1115.1077158898115 1076.1874673813581 101.30857810378075 277.32639878988266 151.01149882376194 142.48260423541069 1969.3029902130365 185.21165528893471 1404.3888559639454 67.37056590616703
leaf_count=921 2799 997 6585 924 4479 4314 406 1111 605 571 7890 742 5650 270
internal_value=-0.000112765 0.000944623 -0.00200714 0.00260745 -0.000206881 -0.000504508 -0.000546423 0.000361991 -0.00193525 0.00259338 -0.00138714 0.00226776 0.00379708 0.00490526
internal_weight=9534.61 6120.7 3413.91 2501.74 3618.96 1775.11 3370.93 868.652 428.338 440.314 2255.82 286.52 1633.09 297.832
internal_count=38264 24566 13698 10052 14514 7113 13517 3481 1716 1765 9038 1148 6571 1194
is_linear=0
shrinkage=0.02


Tree=44
num_leaves=15
num_cat=0
split_feature=24 26 44 26 40 37 31 20 6 15 18 38 33 20
split_gain=53.6124 24.6883 24.5503 20.1121 15.5911 11.6018 16.7702 13.6317 10.2503 10.1153 9.35715 9.21526 13.9603 13.4269
threshold=0.66140001947895832 -0.49384611414316676 -0.29800885633152457 0.38058419775833358 1.0075269178055826 1.1053348778650069 1.540331491232257 0.24956002507884503 0.00015262917540780169 0.0034412773304871749 0.0065058352489534826 9.7058375930816556 49.610808544199479 0.52019535143512508
decision_type=2 2 2 2 2 2 2 2 2 2 2 2 2 2
left_child=1 2 -1 -2 -5 7 11 -3 -4 -10 -11 13 -13 -7
right_child=3 5 8 4 -6 6 -8 -9 9 10 -12 12 -14 -15
leaf_value=0.0073207108737344618 -0.00072779735253015163 -0.0052807059216074042 0.0033417693225827245 -0.0057819132769713066 -0.0015437718161948012 -0.00020720996234051842 0.010205542849408817 0.0030664391202796658 -0.0052328839458377421 0.0078646166178814921 -0.0001462271703693832 0.0064999503981476581 0.00052325701578870385 0.0067299566271617267
leaf_weight=422.59315513074398 1994.4285250604153 276.73165147006512 698.34537264704704 760.7049476057291 644.16828382015228 3210.8121662437916 67.104432597756386 104.56958834826946 123.34382738173008 64.885187044739723 351.51395305991173 232.55619534850121 460.07132077217102 110.61437790095806
leaf_count=1705 7990 1109 2811 3064 2587 12872 269 419 496 261 1415 934 1844 443
internal_value=-9.94016e-06 0.00110798 0.00318583 -0.00202232 -0.00385099 0.000332023 0.000644873 -0.00298149 0.00175072 -0.000319637 0.00118056 0.000472546 0.00256219 3.3589e-05
internal_weight=9522.44 6123.14 1660.68 3399.3 1404.87 4462.46 4081.16 381.301 1238.09 539.743 416.399 4014.05 692.628 3321.43
internal_count=38219 24578 6688 13641 5651 17890 16362 1528 4983 2172 1676 16093 2778 13315
is_linear=0
shrinkage=0.02


Tree=45
num_leaves=15
num_cat=0
split_feature=26 24 17 20 16 24 12 47 24 16 46 1 1 48
split_gain=55.794 20.2745 22.3081 16.4902 13.3564 15.6309 12.97 12.8103 19.5756 12.646 12.6413 10.3313 15.423 9.80763
threshold=0.062917836087272458 0.66140001947895832 1.4819755455732702 0.51407237867312972 0.0043625314936069351 0.84857969392186994 0.014147525462155751 0.12940952255126043 0.33613083085258783 0.010043595517225902 -0.78656609248549292 8.9148285938640544e-05 0.0052716804846461088 -0.8783796973249266
decision_type=2 2 2 2 2 2 2 2 2 2 2 2 2 2
left_child=4 2 3 7 10 6 -6 8 -2 -8 -1 -4 -13 -3
right_child=1 13 11 -5 5 -7 9 -9 -10 -11 -12 12 -14 -15
leaf_value=0.0031638806927029657 0.0032938986030634073 -0.0062948869155171451 0.010763723679315303 0.0056515122528111653 0.0016784339560218962 -0.0023919982954857012 0.005155929653507859 -0.0033940854368933854 -0.0023251547491732693 -0.0048129542141588837 -0.00068246425442267859 -0.0035657208012972279 0.0075637101432810081 -0.0024889421886903035
leaf_weight=427.03312054276466 409.6872443407774 314.26010158658028 80.666859164834023 130.60698372125626 1842.8235994428396 265.55735789239407 870.23888479173183 841.56117704510689 611.97542285919189 50.232785105705261 1631.3269927948713 90.633548736572266 99.857823386788368 1927.9839184731245
leaf_count=1714 1641 1264 323 523 7403 1063 3497 3372 2452 202 6548 363 400 7747
internal_value=-6.98839e-05 -0.00168921 -0.000353013 -0.00108841 0.00136508 0.00220878 0.00265444 -0.00157472 -6.68434e-05 0.00458884 0.000121242 0.00497615 0.00231269 -0.00303518
internal_weight=9594.45 4507.23 2264.99 1993.83 5087.21 3028.85 2763.3 1863.22 1021.66 920.472 2058.36 271.158 190.491 2242.24
internal_count=38512 18085 9074 7988 20427 12165 11102 7465 4093 3699 8262 1086 763 9011
is_linear=0
shrinkage=0.02


Tree=46
num_leaves=15
num_cat=0
split_feature=25 26 39 47 12 19 33 14 15 23 2 30 38 19
split_gain=40.8324 22.9947 17.1566 16.6456 17.3894 11.044 12.2201 12.3082 10.4996 10.3642 10.565 11.6049 14.6718 12.4147
threshold=1.5000000000000002 -0.25755999168501548 -0.61886705316592716 0.25881904510252102 0.053733713951107084 -0.45003836971809125 68.427119005212958 0.0057121474140277096 0.002659428850652699 2.4275813253596543 -0.0054576026433695675 -0.49863776009652711 2.2335275977259266 0.29132437633095959
decision_type=2 2 2 2 2 2 2 2 2 2 2 2 2 2
left_child=1 2 -1 4 -4 -3 -7 -8 -5 10 -2 13 -13 -12
right_child=9 5 3 8 -6 6 7 -9 -10 -11 11 12 -14 -15
leaf_value=0.0053671097832856023 0.0010099799033368776 0.0024693450398154387 -0.00056732500633182496 -0.0019073765027074543 0.0071712799007998809 -0.00015417617550206298 -0.0057057546413159113 0.00027320644179792692 0.0043466803566402333 0.0047887879419891994 -0.0027495953010023993 0.0075098056998787431 -0.0028333597980740228 -0.010989549310746886
leaf_weight=505.74368654191494 276.10812973976135 518.57349896430969 1416.3120821267366 121.65609963238239 121.48708036541939 3265.7231736928225 339.84235428273678 228.56685857474804 773.05952049791813 73.38828681409359 156.0023550838232 52.110170856118202 1597.7562244236469 140.61712810397148
leaf_count=2037 1107 2080 5690 489 489 13086 1364 917 3113 294 625 209 6422 564
internal_value=-6.55524e-05 0.000667106 0.00203256 0.00132968 6.52894e-05 -0.000255905 -0.000627236 -0.0033201 0.00349043 -0.00238853 -0.00263573 -0.00315414 -0.00248497 -0.0067733
internal_weight=9586.95 7290.96 2938.26 2432.51 1537.8 4352.71 3834.13 568.409 894.716 2295.98 2222.59 1946.49 1649.87 296.619
internal_count=38486 29265 11818 9781 6179 17447 15367 2281 3602 9221 8927 7820 6631 1189
is_linear=0
shrinkage=0.02


Tree=47
num_leaves=15
num_cat=0
split_feature=26 22 1 16 41 7 24 23 40 16 9 43 42 19
split_gain=58.07 28.182 24.916 15.9347 12.5554 12.3389 11.6578 14.2883 10.9945 10.9308 10.9241 10.6695 11.1942 10.6519
threshold=0.30275090573188751 0.34752158593704957 8.9148285938640544e-05 0.0063385383058140758 0.48167868735777236 0.0024839505394765519 0.62165751338072128 0.61912614863728999 0.81573116975069071 0.0042318517990039056 0.00014627185919354347 -0.0090073211921990227 0.48194495060922266 0.59858753017198407
decision_type=2 2 2 2 2 2 2 2 2 2 2 2 2 2
left_child=1 2 11 6 5 -3 7 -2 -8 -4 -5 -1 -13 -10
right_child=3 4 9 10 -6 -7 8 -9 13 -11 -12 12 -14 -15
leaf_value=0.0047519501666620284 -0.0044351976390899312 -0.00010632701726389269 -0.0016915476939910166 -0.012860456396820728 -0.0018609346404016775 0.0048262986001939628 -0.0048113633736211175 0.0016337181175865405 -0.0035940808895311882 0.0015666063283865212 -0.003992993626451528 -0.0013333735894218797 0.0033195564123114853 0.0010948060164129229
leaf_weight=1275.4366262853146 192.12936437129974 941.39145582914352 645.15831154584885 57.002633035182953 1335.4252273589373 253.49638499319553 526.87046539783478 724.43620835244656 353.73435941338539 1119.3238022625446 700.00884841382504 287.86008149385452 709.53133101761341 417.71806322038174
leaf_count=5140 770 3772 2588 229 5349 1016 2123 2903 1422 4495 2813 1155 2847 1677
internal_value=7.32854e-05 0.00112286 0.00215906 -0.00224416 -0.000531489 0.000955884 -0.00138212 0.000344398 -0.00259763 0.000373894 -0.00474071 0.0035411 0.00197671 -0.00106449
internal_weight=9539.52 6567.62 4037.31 2971.9 2530.31 1194.89 2214.89 916.566 1298.32 1764.48 757.011 2272.83 997.391 771.452
internal_count=38299 26362 16225 11937 10137 4788 8895 3673 5222 7083 3042 9142 4002 3099
is_linear=0
shrinkage=0.02


Tree=48
num_leaves=15
num_cat=0
split_feature=25 33 39 22 33 9 42 26 39 6 29 22 1 47
split_gain=47.343 21.2286 19.348 13.8207 12.9515 12.6541 13.9762 13.6362 11.8301 11.0838 11.4073 11.0603 11.6894 11.2069
threshold=-1.4999999999999998 59.72948268635168 -0.1069085835824501 0.14900083894318664 79.012534733747827 0.0012668257689819025 0.51213341577398352 0.50617573575274055 2.7121067236848018 -0.0020675191130012506 4.8731944189819458 0.32871134655647632 8.9148285938640544e-05 0.25881904510252102
decision_type=2 2 2 2 2 2 2 2 2 2 2 2 2 2
left_child=3 11 9 -1 5 -4 7 -7 -6 10 -3 12 -2 -13
right_child=1 2 4 -5 8 6 -8 -9 -10 -11 -12 13 -14 -15
leaf_value=0.0051483477138503722 0.0022623151201006395 -0.01049422968966905 -0.0087457123571600941 0.0014962074533740549 -0.0059742368300156595 0.0090775699113978033 -0.002902920213272034 0.0013315239981918474 0.0026365516248525595 -0.003238720799672037 -0.00037041855472498211 -0.0026421245041753916 -0.00034501918122466625 0.00046173585513102974
leaf_weight=551.12769304215908 1088.6760291606188 179.71597595512867 50.319013372063637 1656.4102300554514 265.54826918244362 105.25572669506073 245.35763169825077 532.72921128571033 80.323256596922874 984.22368709743023 59.151463747024536 1097.2561017125845 1850.3936931192875 802.9848852455616
leaf_count=2229 4364 723 202 6653 1067 422 985 2139 322 3958 238 4394 7429 3218
internal_value=-0.000147291 -0.0009196 -0.00241309 0.00241756 -0.000689028 0.000539365 0.00111453 0.00267013 -0.00396544 -0.00420656 -0.00804624 -0.000145558 0.000622979 -0.00133276
internal_weight=9549.47 7341.93 2502.62 2207.54 1279.53 933.662 883.343 637.985 345.872 1223.09 238.867 4839.31 2939.07 1900.24
internal_count=38343 29461 10056 8882 5137 3748 3546 2561 1389 4919 961 19405 11793 7612
is_linear=0
shrinkage=0.02


Tree=49
num_leaves=15
num_cat=0
split_feature=26 44 15 41 26 11 11 37 2 20 41 21 39 11
split_gain=37.3331 14.8876 14.1657 13.6566 13.5287 10.5149 11.6773 10.7227 10.4883 12.3628 10.2648 10.1459 11.5056 13.4523
threshold=-0.16481035622214937 -0.29800885633152457 0.0027861039255537329 0.47394082896198492 -0.51351641409482529 -0.0020490654205701513 0.015133251702667628 5.4089357948481789 -0.0059771646210676245 -0.53360724004185622 0.44788499299708312 0.33741990520158766 0.98633646133233366 0.012690927668638616
decision_type=2 2 2 2 2 2 2 2 2 2 2 2 2 2
left_child=1 4 -3 -2 -1 7 -7 -6 -5 -10 -4 12 13 -11
right_child=3 2 10 8 5 6 -8 -9 9 11 -12 -13 -14 -15
leaf_value=0.0061690040993910272 0.00070573256135018794 -0.0035318729688452338 0.0036320525188511866 0.0027061802348937966 0.0080894112300672304 -0.0021823191713342413 0.0042428139058570428 0.0019123671604749609 0.0034694548394564144 -0.0020920932972119106 0.00033241783115933385 -0.00067644562055517552 0.00086398556585496234 -0.0054796924464268386
leaf_weight=439.4413403570652 1586.6397872418165 278.9835007339716 520.75934486091137 225.13610853254795 165.46658685803413 341.33811618387699 163.04630529880524 343.4301965534687 173.7932613492012 1368.7127253860235 1338.1186417043209 1597.6119717210531 307.39493791759014 717.63039295375347
leaf_count=1774 6362 1120 2098 903 665 1371 656 1379 697 5496 5375 6402 1234 2887
internal_value=8.52204e-05 0.00169577 0.000631431 -0.000882915 0.00325455 0.00196652 -8.40841e-05 0.00397998 -0.0014572 -0.00168521 0.00126406 -0.00191372 -0.00273636 -0.00326763
internal_weight=9567.5 3590.58 2137.86 5976.92 1452.72 1013.28 504.384 508.897 4390.28 4165.14 1858.88 3991.35 2393.74 2086.34
internal_count=38419 14438 8593 23981 5845 4071 2027 2044 17619 16716 7473 16019 9617 8383
is_linear=0
shrinkage=0.02


Tree=50
num_leaves=15
num_cat=0
split_feature=24 8 36 45 42 17 37 4 43 28 7 8 4 12
split_gain=43.7507 23.0563 15.7721 13.621 12.9502 12.4564 16.8012 10.805 12.7516 10.5807 10.0709 13.1758 10.0486 9.77207
threshold=0.66140001947895832 -0.0014309017914980241 0.023415782770540201 0.67201899312504099 0.48143402517487888 1.2513335138474548 1.1365137854723402 0.0024321809512981734 0.078205860880004904 -1.2860146812570625 -0.0023763960335628337 0.0075699189759973274 -0.0030358861905531013 0.031984166935568527
decision_type=2 2 2 2 2 2 2 2 2 2 2 2 2 2
left_child=1 2 13 7 10 6 -6 8 -2 -10 -3 12 -12 -1
right_child=3 4 -4 -5 5 -7 -8 -9 9 -11 11 -13 -14 -15
leaf_value=-0.00042502387854400514 -0.00071714481337067091 -0.0018518933701247265 0.0035403525679096426 -0.0033898942274095656 -0.0068490709084876511 0.0020432438762818411 -0.00093813444019498688 0.0021872144759756602 -0.010245373381110026 -0.0021887414595777093 0.0078744446998139806 0.011065348328788692 0.00094708328195963092 0.0041683419528783065
leaf_weight=913.9580063521862 1419.9429383724928 209.20645646750927 1710.0293651968241 1326.8476094305515 212.18049350380898 459.32599768042564 1705.9011598080397 389.48059326410294 104.82491089403629 169.51871035993099 96.182694643735886 69.883689939975739 497.57205878198147 227.13420774042606
leaf_count=3676 5692 839 6882 5343 851 1841 6839 1561 420 680 386 280 1995 915
internal_value=3.00773e-06 0.00101692 0.00232793 -0.00180965 -0.000134904 -0.00089985 -0.00160812 -0.00079772 -0.00148831 -0.00539541 0.00194187 0.00314273 0.00212564 0.000503481
internal_weight=9511.99 6101.37 2851.12 3410.61 3250.25 2377.41 1918.08 2083.77 1694.29 274.344 872.845 663.638 593.755 1141.09
internal_count=38200 24504 11473 13696 13031 9531 7690 8353 6792 1100 3500 2661 2381 4591
is_linear=0
shrinkage=0.02


Tree=51
num_leaves=15
num_cat=0
split_feature=24 8 26 40 36 41 2 12 13 41 4 40 40 7
split_gain=43.0712 19.8987 14.5291 17.8189 13.2747 12.8864 12.5586 12.3123 12.4053 10.6383 14.0632 11.9553 11.9388 12.8546
threshold=0.66140001947895832 -0.0027430602438664364 0.26867490378008069 0.81129506643207738 0.023415782770540201 0.43915013724711854 -0.00065219882012481137 0.031283067548256868 0.001961605899387302 0.48411574471075436 -3.1017401529505511e-05 1.8008873550162809 0.45547192772706019 -0.0007490458116749711
decision_type=2 2 2 2 2 2 2 2 2 2 2 2 2 2
left_child=1 4 5 -4 7 6 -2 8 -1 10 12 -11 -3 -14
right_child=2 9 3 -5 -6 -7 -8 -9 -10 11 -12 -13 13 -15
leaf_value=0.0045812988703329066 -0.0016816029062534355 0.0075920587912500139 -0.0053768510921553304 -0.0012380006193610528 0.0036646950745914909 -0.00099487572142509359 0.0091077699219118419 0.0051916101615800403 -0.0020534157987124359 -0.001264735273786401 -0.00046690420788848933 0.0041304962260465105 -0.001524472047951454 0.0040007728668528756
leaf_weight=137.06921324133873 70.909834519028664 182.29769390821457 728.14605978131294 971.44427546858788 1493.5878531783819 1554.6051121652126 100.13023026287556 174.8014413267374 542.03343527019024 1865.1228452473879 879.12292841076851 175.23742386698723 269.85594767332077 433.86154663562775
leaf_count=552 284 732 2938 3906 6015 6227 401 705 2181 7477 3526 702 1083 1741
internal_value=8.40524e-05 0.00108446 -0.00171202 -0.00302176 0.00253047 -0.000417048 0.00471399 0.000536769 -0.000690577 0.000190319 0.00132529 -0.000792398 0.00309619 0.00188619
internal_weight=9578.23 6152.99 3425.24 1699.59 2347.49 1725.65 171.04 853.904 679.103 3805.5 1765.14 2040.36 886.015 703.717
internal_count=38470 24714 13756 6844 9453 6912 685 3438 2733 15261 7082 8179 3556 2824
is_linear=0
shrinkage=0.02


Tree=52
num_leaves=15
num_cat=0
split_feature=25 33 22 47 38 18 25 43 14 45 22 22 47 22
split_gain=37.1664 24.2783 18.2846 12.462 14.9122 12.1829 11.003 10.5262 10.3489 13.1292 11.6754 11.8298 10.0574 9.12227
threshold=1.5000000000000002 42.856228442489687 0.33147785049502959 0.25881904510252102 9.6273696146770149 0.005021031609839151 -1.4999999999999998 -0.0066156959119439496 0.0055116755593501441 -0.5066301973117916 0.20029492178157873 0.26771771126341254 0.60355339059327384 3.2171936383255752e-05
decision_type=2 2 2 2 2 2 2 2 2 2 2 2 2 2
left_child=1 3 6 4 7 12 -3 -1 9 -7 -10 -12 -5 -2
right_child=13 2 -4 5 -6 8 -8 -9 10 -11 11 -13 -14 -15
leaf_value=0.0014579365618528704 0.0031893283791533363 0.0034086469318396835 -0.0019418654647442865 0.0060826942274331205 0.006900290906897668 0.0083986292802806922 0.00011512275576819403 -0.0021646876721472942 0.0066010150608169409 -0.0017294942523991351 -0.0079313310497158181 0.002107805127894559 -0.0031562324622657397 -0.0025856550959024479
leaf_weight=1082.284874856472 111.05317351222038 488.0919881016016 1678.4292010217905 61.327762708067894 150.05536851286888 364.9420747756958 2292.6250550597906 450.25651028752327 179.23701247572899 57.635376393795013 53.280524507164955 236.55285190045834 158.0098082870245 2180.8296061009169
leaf_count=4354 446 1964 6728 247 605 1471 9193 1806 726 232 215 950 636 8766
internal_value=-8.22083e-05 0.000619562 -0.00029652 0.00207974 0.000989354 0.0037193 0.000698307 0.000390041 0.00475296 0.00701318 0.00266428 0.000159087 -0.000494992 -0.00229949
internal_weight=9544.61 7252.73 4459.15 2793.58 1682.6 1110.99 2780.72 1532.54 891.648 422.577 469.07 289.833 219.338 2291.88
internal_count=38339 29127 17885 11242 6765 4477 11157 6160 3594 1703 1891 1165 883 9212
is_linear=0
shrinkage=0.02


Tree=53
num_leaves=15
num_cat=0
split_feature=24 1 8 22 42 35 6 12 22 44 10 45 24 38
split_gain=40.0771 16.4587 14.9293 16.1942 10.9454 13.847 10.8599 16.4108 10.2675 9.98659 9.51374 10.9249 10.5735 9.5098
threshold=0.66140001947895832 -6.4474808257851822e-05 -0.0027430602438664364 0.058739586894996275 0.44949795049330066 0.16073660262981598 -0.00065219882012481137 0.05848099072392933 0.18571302168799395 -0.53061403186062461 -0.0013815543957061912 1.631297162637767 0.39618443737576908 10.960308104378775
decision_type=2 2 2 2 2 2 2 2 2 2 2 2 2 2
left_child=2 -2 3 9 5 -4 7 -5 -6 -1 13 -12 -13 -10
right_child=1 -3 4 6 8 -7 -8 -9 10 -11 11 12 -14 -15
leaf_value=0.012267770966153023 -0.00058928436151669432 -0.0033784761015951143 0.00064334750500263688 0.0022581049396347991 0.0010544274829234778 0.010572906199592145 0.00024184485915089242 0.011655294875885867 5.8307689808095677e-06 0.0039561145832625556 -0.0029369894526891423 0.0071343156346358218 -0.0015589262048066664 0.0081830627571355206
leaf_weight=81.505711868405342 1836.3076922148466 1568.7006506770849 162.78161470592022 776.21429233253002 1444.6945390105247 81.354781284928322 1221.9123615771532 77.847066670656204 677.61082947254181 200.27113676071167 1123.2223914414644 86.609378799796104 140.29303850233555 57.102086991071701
leaf_count=330 7363 6315 654 3126 5798 326 4917 314 2716 810 4502 347 563 229
internal_value=-0.000139061 -0.00187735 0.000827016 0.00207373 4.63703e-05 0.00409801 0.00145432 0.0031775 -0.000239281 0.00653229 -0.00113614 -0.00213007 0.00184159 0.000692384
internal_weight=9536.43 3405.01 6131.42 2357.75 3773.67 244.136 2075.97 854.061 3529.53 281.777 2084.84 1350.12 226.902 734.713
internal_count=38310 13678 24632 9497 15135 980 8357 3440 14155 1140 8357 5412 910 2945
is_linear=0
shrinkage=0.02


Tree=54
num_leaves=15
num_cat=0
split_feature=33 12 1 24 0 41 31 5 27 39 37 21 3 45
split_gain=33.1475 16.3071 15.6409 16.2959 14.3192 12.7556 12.7295 11.406 9.80033 10.4197 9.88538 9.42318 9.53745 9.3038
threshold=42.166821812454437 0.03761353710319524 -3.1017401529505511e-05 0.78690637046465561 -0.0061539678600414224 0.46014736288731112 -0.22604832429663727 -0.0011789648482493022 1.2762138946728501 -0.22269977134809041 7.8757370945705008 0.71029335451985542 8.9148285938640544e-05 -0.23112580873867147
decision_type=2 2 2 2 2 2 2 2 2 2 2 2 2 2
left_child=1 5 3 7 -4 -1 -3 -2 10 -10 13 -6 -13 -5
right_child=2 6 4 8 11 -7 -8 -9 9 -11 -12 12 -14 -15
leaf_value=0.0032185084982357184 0.0039612548952240581 -0.0013218945248387709 0.0041111201906145192 -0.0039015970608392149 -0.0019853161313352049 0.00031640848508663325 0.0085210899657654649 0.00053393373016223829 -0.011748286237050286 -0.0020126133292296747 -0.0049722297845469464 0.0076428893622940558 -0.0017946767190007381 0.0019740258905629861
leaf_weight=952.07162474095821 543.4134062230587 66.294571980834007 169.09709632396698 136.90102358162403 3496.6063763201237 1654.0565693825483 227.82594396173954 1338.003449216485 67.175560221076012 119.3119743168354 160.16550731658936 79.120421230792999 84.151378303766251 444.35464143753052
leaf_count=3838 2180 267 679 548 14046 6646 920 5368 271 480 642 317 337 1782
internal_value=0.000109534 0.00189139 -0.000669792 0.000463168 -0.00150057 0.00138074 0.00631748 0.00153173 -0.00170003 -0.00573474 -0.000653577 -0.0017651 0.00286991 0.000568689
internal_weight=9538.55 2900.25 6638.3 2809.33 3828.98 2606.13 294.121 1881.42 927.909 186.488 741.421 3659.88 163.272 581.256
internal_count=38321 11671 26650 11271 15379 10484 1187 7548 3723 751 2972 14700 654 2330
is_linear=0
shrinkage=0.02


Tree=55
num_leaves=15
num_cat=0
split_feature=24 37 24 28 44 42 0 1 47 30 20 29 23 5
split_gain=28.509 17.2984 13.5666 13.3635 14.0401 19.0681 12.9671 11.0897 11.9105 11.1744 10.5673 9.2233 9.1225 9.02832
threshold=0.78690637046465561 1.1053348778650069 0.20845406175244097 1.529713296156721 1.3565470519994081 0.50656910894825302 0.002756286653346754 -0.0012955453050882435 0.25881904510252102 0.72400640495641266 -0.54011473518553055 5.2618889510376432 1.9907586638096575 0.0011465391144688862
decision_type=2 2 2 2 2 2 2 2 2 2 2 2 2 2
left_child=1 6 -3 12 11 -6 -1 8 9 10 -4 -5 -2 -10
right_child=3 2 7 4 5 -7 -8 -9 13 -11 -12 -13 -14 -15
leaf_value=-0.0047881753983234337 -0.0012552231163098328 0.0023624253894137378 -0.0066570789580351272 -0.0083277407618870675 0.0097267419079279781 -0.00594711663998416 0.0021671899443517946 -0.00034033630827656682 0.0054139580399644631 0.0070359843363536822 0.00034503174952241075 -0.0029562032774741527 0.0070578240539602346 0.00074935463343137434
leaf_weight=379.13930650055408 1452.0066620111465 1835.7411795407534 90.495183438062668 270.7032954543829 56.527333974838257 57.950496360659599 145.34347552061081 3242.1037126332521 432.4321336299181 84.78739495575428 883.02113378047943 254.19512061774731 49.858983740210533 270.378412976861
leaf_count=1522 5829 7406 364 1092 227 233 584 13003 1738 340 3540 1025 200 1086
internal_value=3.44072e-05 0.000625236 0.000894295 -0.0019941 -0.00440446 0.00187555 -0.00285846 0.0003538 0.00162901 0.000284415 -0.000336554 -0.00577888 -0.000956743 0.00363741
internal_weight=9504.68 7363.44 6838.96 2141.24 639.376 114.478 524.483 5003.22 1761.11 1058.3 973.516 524.898 1501.87 702.811
internal_count=38189 29583 27477 8606 2577 460 2106 20071 7068 4244 3904 2117 6029 2824
is_linear=0
shrinkage=0.02


Tree=56
num_leaves=15
num_cat=0
split_feature=26 24 47 1 24 47 48 2 1 16 4 8 3 34
split_gain=37.0492 14.401 14.8373 14.2454 12.5822 24.4666 12.3063 11.8228 11.3137 13.0205 11.1676 10.6994 10.298 10.4763
threshold=0.089980983669171247 0.25795225730388904 -0.60355339059327384 0.00068633463573275022 0.20033220173379168 -0.12940952255126037 -0.8783796973249266 -0.0020663159053107825 -0.0004601013059446311 0.0031037883817425084 0.001081231262786422 0.0057406913094555194 0.00037317190258417986 49.825136418014743
decision_type=2 2 2 2 2 2 2 2 2 2 2 2 2 2
left_child=1 3 6 -1 5 -2 -3 -5 9 -6 -9 12 -4 -14
right_child=4 2 11 7 8 -7 -8 10 -10 -11 -12 -13 13 -15
leaf_value=0.00395742788497409 0.0072741744610054461 0.0033414477667098553 0.00041932456813009294 0.0037587266026409103 0.005694272984793549 -0.0022643032658891059 -0.0026834006375396507 0.00045380784307347613 -0.0025142173168184487 -0.00090743221962159891 -0.0062815398177069708 -0.005371755645229296 0.0045484261614002069 -0.00033633245648543957
leaf_weight=1089.6724281162024 182.00535903871059 156.98076868057251 1498.2655986845493 252.4036163687706 129.46072036027908 249.19352185726166 843.65362051129341 324.13596852123737 2658.669716745615 1069.4880533963442 136.06256975233555 91.635410234332085 613.73136225342751 244.31443594396114
leaf_count=4411 730 629 6008 1018 519 998 3379 1304 10693 4290 547 367 2462 979
internal_value=-4.74794e-05 0.00107851 0.00032014 0.00252473 -0.0014257 0.00179904 -0.0017263 0.000321605 -0.00178801 -0.000173902 -0.00158368 0.00115847 0.00142326 0.00316368
internal_weight=9539.67 5250.86 3448.58 1802.27 4288.82 431.199 1000.63 712.602 3857.62 1198.95 460.199 2447.95 2356.31 858.046
internal_count=38334 21104 13824 7280 17230 1728 4008 2869 15502 4809 1851 9816 9449 3441
is_linear=0
shrinkage=0.02


Tree=57
num_leaves=15
num_cat=0
split_feature=25 33 22 47 38 44 2 37 13 36 32 33 36 47
split_gain=33.1843 23.0274 23.0057 16.1943 16.4221 12.8726 12.241 11.5182 15.7156 11.0865 11.7982 14.7212 11.1698 11.0764
threshold=1.5000000000000002 42.856228442489687 0.34752158593704957 1.0000000180025095e-35 8.9058568075962423 -0.49891147433795741 -0.001558470619238996 1.1053348778650069 0.0030117397055995023 0.031637730339961902 -0.19243777130657916 61.143478551911791 0.021403668422324277 1.0000000180025095e-35
decision_type=2 2 2 2 2 2 2 2 2 2 2 2 2 2
left_child=1 3 7 4 5 -1 -5 13 -9 10 12 -12 -2 -3
right_child=9 2 -4 6 -6 -7 -8 8 -10 -11 11 -13 -14 -15
leaf_value=0.004390140662921432 -0.01326459725854319 0.001355116088416912 -0.0021152183009344474 0.0060714388591107818 0.0065492696703155495 -0.00093317664709838299 0.0021486298243312213 -0.0006892280618243364 0.0025288088821025286 -0.0037239298270734657 0.0018943472569031422 -0.0024204636558765691 -0.00069125011990541732 -0.0062982651359538488
leaf_weight=212.67419907450676 52.33888441324234 137.04230399429798 1555.273802742362 537.62906791269779 165.27964036166668 1094.5506033301353 791.4688124358654 965.9468939602375 1620.6375767439604 915.02023504674435 612.2473442107439 643.78627647459507 56.878346234560013 159.84974819421768
leaf_count=856 210 550 6236 2169 667 4400 3191 3876 6504 3680 2458 2595 228 642
internal_value=7.51346e-05 0.000737884 -0.00015851 0.00215585 0.000707106 -5.36909e-05 0.00375224 0.000898723 0.00132804 -0.00202625 -0.000878988 -0.000318059 -0.00703353 -0.00280161
internal_weight=9520.62 7240.35 4438.75 2801.6 1472.5 1307.22 1329.1 2883.48 2586.58 2280.27 1365.25 1256.03 109.217 296.892
internal_count=38262 29091 17808 11283 5923 5256 5360 11572 10380 9171 5491 5053 438 1192
is_linear=0
shrinkage=0.02


Tree=58
num_leaves=15
num_cat=0
split_feature=26 19 47 48 22 30 17 9 47 47 28 27 31 0
split_gain=34.2122 14.5845 14.4978 16.0271 13.4083 11.9628 12.0801 12.0369 15.7035 11.7965 23.8792 11.7296 11.4265 10.3999
threshold=-0.16481035622214937 -0.79353879704310604 -0.12940952255126037 -1.0000000180025095e-35 0.079540645596927792 -0.93289594523486685 2.0412636246207705 0.0015926846790659127 0.91597561503675362 1.0000000180025095e-35 0.81657426152104495 -0.19855674084333272 0.38262857565323966 0.0012522385362437867
decision_type=2 2 2 2 2 2 2 2 2 2 2 2 2 2
left_child=2 -2 3 -1 9 -6 7 13 -9 -3 -11 -4 -13 -7
right_child=1 4 11 -5 5 6 -8 8 -10 10 -12 12 -14 -15
leaf_value=0.0026956713309500939 0.0072398576968252873 0.0030743332798927369 0.0034964229922099595 -0.0013020251046831311 -0.0081672372519865765 0.0012119333554519928 0.0058358427353611322 -0.0016195462349503263 -0.0060192674655317052 0.0031350865873899349 -0.0047444671919010936 -0.0062712372166359703 0.0018915668811843301 -0.0020526173776567068
leaf_weight=658.30663734674454 83.42010210454464 553.492022767663 1624.4204336851835 1010.0805821418762 98.033490747213364 1007.314969137311 88.958295166492462 2500.5174588263035 369.41291408240795 292.5517048984766 313.84225179255009 96.812495976686478 205.6704965531826 630.31081311404705
leaf_count=2649 335 2221 6548 4060 393 4038 357 10046 1487 1174 1262 389 829 2529
internal_value=0.000106828 -0.000825294 0.0016453 0.000278714 -0.000946295 -0.00142181 -0.00126923 -0.00141576 -0.00219536 0.000976151 -0.000948466 0.00282475 -0.000780508 -4.69929e-05
internal_weight=9533.14 5937.85 3595.29 1668.39 5854.43 4694.55 4596.51 4507.56 2869.93 1159.89 606.394 1926.9 302.483 1637.63
internal_count=38317 23842 14475 6709 23507 18850 18457 18100 11533 4657 2436 7766 1218 6567
is_linear=0
shrinkage=0.02


Tree=59
num_leaves=15
num_cat=0
split_feature=41 35 27 42 11 22 25 10 22 19 35 12 21 21
split_gain=32.2812 17.9946 15.193 15.0184 17.3513 13.3917 13.3299 12.9725 11.6109 11.024 10.3677 9.76 10.1517 9.35414
threshold=0.48167868735777236 -0.58104725503466081 0.15554202818495041 0.49079793022297208 -0.041969801166790971 0.35591160639598501 1.5000000000000002 -0.010529605562962459 0.10866224964242817 0.27437204612218269 1.5017623068719812 0.056172389518392866 0.37374665642613003 0.21766378928225608
decision_type=2 2 2 2 2 2 2 2 2 2 2 2 2 2
left_child=2 3 11 -2 -5 6 -3 -8 -4 -10 13 12 -1 -9
right_child=1 5 8 4 -6 -7 7 10 9 -11 -12 -13 -14 -15
leaf_value=0.0013673890172480466 -0.0007418169485336085 0.00032005395773210732 0.0034532441947835186 -0.0051372836617224341 0.0063705486748047982 -0.0029527230623741046 -0.0075493064127055099 -0.0044052815941471677 -0.00035805571837001888 -0.0063285231893672233 0.0062791593477848186 0.0070694501101916194 0.0046364712086941302 -0.00055456912291328348
leaf_weight=1792.8943490982056 437.09262174367905 2080.2299916744232 272.16802418231964 58.101753309369087 334.26517224311829 1482.7802647799253 157.47125296294689 391.91958628594875 968.67626133561134 136.93776847422123 59.993036866188049 163.77828910946846 479.99717229604721 697.48087425529957
leaf_count=7218 1757 8348 1094 234 1344 5955 632 1583 3888 551 241 662 1932 2802
internal_value=4.59631e-05 -0.000906853 0.00146893 0.00180857 0.00462327 -0.00137074 -0.000674856 -0.00225371 -0.000209547 -0.0011227 -0.00149864 0.00241649 0.00206643 -0.00195369
internal_weight=9513.79 5699.33 3814.45 829.46 392.367 4869.88 3387.09 1306.86 1377.78 1105.61 1149.39 2436.67 2272.89 1089.4
internal_count=38241 22896 15345 3335 1578 19561 13606 5258 5533 4439 4626 9812 9150 4385
is_linear=0
shrinkage=0.02


Tree=60
num_leaves=15
num_cat=0
split_feature=24 33 24 21 47 40 41 41 41 47 43 39 17 29
split_gain=30.8119 13.9126 13.6229 11.06 10.99 14.286 10.422 9.966 10.5499 11.9097 9.90489 9.5233 9.11624 9.59663
threshold=0.66140001947895832 60.140263820635447 0.20033220173379168 0.035034257390057479 0.91597561503675362 0.80699703117185462 0.54742498241196569 0.46236226101304506 0.5235735997398 -0.9829629131445341 0.020652744208366405 -0.5761539622559616 0.60332657695119274 4.9478785483094994
decision_type=2 2 2 2 2 2 2 2 2 2 2 2 2 2
left_child=2 -2 6 11 -3 -6 -1 -5 9 -9 12 -4 13 -11
right_child=1 4 3 7 5 -7 -8 8 -10 10 -12 -13 -14 -15
leaf_value=0.0025784535129221467 -0.00055320258216563344 -0.00249194054342998 0.0021204116344217903 0.0021125233441569671 -0.013983025871182149 -0.0016972238158780176 -0.0044730374759343614 -0.0075009901042812979 0.0018550397376256992 -0.0032893888203347631 -0.0041796255270633497 -0.0052660659634778942 0.0010354958702529008 0.0032863119240540994
leaf_weight=1761.909254193306 2121.9888004213572 1149.2451646625996 93.398949712514877 1093.8750617355108 76.332153886556625 73.76270104944706 83.574541985988617 98.063298031687737 775.20724441111088 461.17542815208435 253.10020625591278 246.99247461557388 1160.4137095212936 105.39313876628876
leaf_count=7115 8508 4636 375 4392 311 298 336 393 3109 1850 1015 992 4656 423
internal_value=-3.44758e-05 -0.00155382 0.000813662 0.000194438 -0.00317958 -0.00819465 0.0022479 0.000494154 -0.000128881 -0.000871616 -0.000525231 -0.00323796 2.08635e-05 -0.00204813
internal_weight=9554.43 3421.33 6133.1 4287.62 1299.34 150.095 1845.48 3947.23 2853.35 2078.15 1980.08 340.391 1726.98 566.569
internal_count=38409 13753 24656 17205 5245 609 7451 15838 11446 8337 7944 1367 6929 2273
is_linear=0
shrinkage=0.02


Tree=61
num_leaves=15
num_cat=0
split_feature=1 24 19 27 22 42 29 46 46 23 48 11 1 1
split_gain=29.6997 20.1946 18.8778 13.1563 12.8225 12.0009 12.2682 11.7465 11.0433 10.1907 9.80126 10.6907 10.7407 17.4601
threshold=-0.0004601013059446311 0.78690637046465561 -0.45003836971809125 1.3494126159605353 0.33147785049502959 0.45879967535390392 -4.8065433954270436 0.91597561503675362 -0.78656609248549292 1.6436354835202061 -0.8783796973249266 -0.021767681700931494 0.0047288721303803682 0.00097106072010293739
decision_type=2 2 2 2 2 2 2 2 2 2 2 2 2 2
left_child=1 4 7 -3 9 6 -4 10 -7 -1 -2 -12 13 -13
right_child=2 3 5 -5 -6 8 -8 -9 -10 -11 11 12 -14 -15
leaf_value=0.0036988917030032846 0.0066458207341284934 -0.00017836887147617661 -0.006214638771895889 -0.0066389949152538654 0.00048824917835033782 0.00020392323393799452 0.0030903895553177291 0.0076789262561895088 -0.0024080035286215091 -0.00073784815083042295 0.0044744681294087056 0.0020989155717248075 0.0033931613375407484 -0.0055622172904799972
leaf_weight=1656.8088748604059 95.4777652323246 932.04049408435822 62.285035893321037 140.85786664485931 1177.6628953814507 816.39302970468998 360.94392754137516 105.05157741904259 3111.0754155218601 234.83804456889629 165.94394928216934 191.58854576945305 153.84512016177177 300.11271727085114
leaf_count=6678 385 3736 250 568 4723 3280 1449 423 12506 949 669 772 618 1206
internal_value=3.37327e-05 0.00130493 -0.000948455 -0.00105343 0.00212969 -0.0015206 0.00166443 0.00150658 -0.0018655 0.0031476 0.000753477 2.37479e-05 -0.00114595 -0.00258602
internal_weight=9504.93 4142.21 5362.72 1072.9 3069.31 4350.7 423.229 1012.02 3927.47 1891.65 906.968 811.49 645.546 491.701
internal_count=38212 16654 21558 4304 12350 17485 1699 4073 15786 7627 3650 3265 2596 1978
is_linear=0
shrinkage=0.02


Tree=62
num_leaves=15
num_cat=0
split_feature=24 8 38 1 6 7 42 27 47 18 16 44 4 29
split_gain=31.6458 15.526 12.2232 11.3842 10.6109 9.94325 9.65171 9.41444 9.17333 8.93791 8.20367 8.64795 12.9267 10.8741
threshold=0.66140001947895832 -0.00084258369319562681 9.7058375930816556 -0.00024799828477608138 -0.0030359232203225673 0.0070610584211741505 0.45879967535390392 1.3494126159605353 -0.9829629131445341 0.005678732852015477 0.010043595517225902 -0.74121771363520772 -0.00030936349679454598 -3.327065417106629
decision_type=2 2 2 2 2 2 2 2 2 2 2 2 2 2
left_child=1 2 5 7 -4 10 9 -2 -3 -5 11 12 -1 -14
right_child=3 8 4 6 -6 -7 -8 -9 -10 -11 -12 -13 13 -15
leaf_value=0.0085375334691859105 0.00010981398222341269 -0.0052472348309877404 0.013009558288476426 -0.0020576570923968398 0.0036684086364033777 0.0056680467052569504 -0.0032570171157592595 -0.0042566043220155537 5.5647575739119937e-05 0.0072518002956442375 -0.0046353179919681195 0.00068648996939128803 0.0082601061339874736 -0.0014324205989332238
leaf_weight=145.52881851792336 1550.0426358580589 131.67291195690632 52.745046108961105 95.018446937203407 370.14429678022861 190.83517265319824 1488.9738602489233 221.32307682931423 2880.3317725360394 65.769692912697792 95.022368043661118 2013.6502240598202 56.851605772972107 179.99485222995281
leaf_count=587 6213 528 213 382 1493 770 6004 892 11554 264 383 8112 229 725
internal_value=-2.27461e-05 0.000838651 0.00182992 -0.00156185 0.00497189 0.00132615 -0.00275477 -0.000446193 -0.000184485 0.0018542 0.000982835 0.00121483 0.00395238 0.0010168
internal_weight=9537.9 6116.78 3104.77 3421.13 422.889 2681.88 1649.76 1771.37 3012 160.788 2491.05 2396.03 382.375 236.846
internal_count=38349 24594 12512 13755 1706 10806 6650 7105 12082 646 10036 9653 1541 954
is_linear=0
shrinkage=0.02


Tree=63
num_leaves=15
num_cat=0
split_feature=8 33 48 4 22 43 11 43 2 48 29 16 24 36
split_gain=26.789 10.9638 16.2576 11.7158 12.0664 10.836 10.7054 10.2106 11.6923 10.5452 9.8371 16.5015 11.3203 10.0785
threshold=-0.0030927785060840787 60.140263820635447 -0.8783796973249266 -0.00081368394848057484 0.23825160054471564 0.0094561140216837432 -0.030158508370565797 -0.0060287251608212699 -0.0046189401576677081 -1.0000000180025095e-35 4.9478785483094994 0.0042119799520885168 0.86624050609450698 0.023415782770540201
decision_type=2 2 2 2 2 2 2 2 2 2 2 2 2 2
left_child=10 3 5 7 6 -3 -5 9 -9 -2 12 -12 13 -1
right_child=1 2 -4 4 -6 -7 -8 8 -10 -11 11 -13 -14 -15
leaf_value=-0.0002774337170799616 0.004888363008368939 -0.0021587353218821903 -0.0011844352937648423 -0.0053301418760221897 -0.0023937529233131324 -0.0099367239262861274 0.0012438735664831893 0.0065852292178572337 -0.0012009704865967473 0.00066651342915755431 -0.0028265968070155518 0.0076419684529169052 -0.0034972840492504061 0.0024609824805384693
leaf_weight=809.76303294301033 415.42891523241997 143.01359534263611 2244.5640197396278 106.03653730452061 1228.548013985157 146.06126876175404 918.34114295244217 80.27406732738018 806.17627355456352 545.65644967556 78.472185686230659 226.15516874194145 188.2497838139534 1589.0112995505333
leaf_count=3262 1669 576 9033 426 4925 590 3689 322 3234 2191 316 912 754 6404
internal_value=-3.3587e-05 -0.000733773 -0.00176671 -9.41552e-05 -0.00106121 -0.00619086 0.000540792 0.00108477 -0.000462897 0.00250726 0.00157129 0.00494316 0.00116548 0.00153791
internal_weight=9525.75 6634.1 2533.64 4100.46 2252.93 289.075 1024.38 1847.54 886.45 961.085 2891.65 304.627 2587.02 2398.77
internal_count=38303 26655 10199 16456 9040 1166 4115 7416 3556 3860 11648 1228 10420 9666
is_linear=0
shrinkage=0.02


Tree=64
num_leaves=15
num_cat=0
split_feature=24 26 1 46 15 43 8 44 47 22 1 24 18 47
split_gain=31.6159 16.6939 13.4403 13.4226 14.1029 12.8414 11.609 10.3146 9.16668 22.7845 13.5788 11.2366 10.248 8.87307
threshold=0.66140001947895832 0.062917836087272458 -0.0004601013059446311 -0.78656609248549292 0.0029012002413463271 0.23371086930179411 0.0089233986890214778 -0.14296982676916922 0.12940952255126043 0.081849569415629111 -0.0018450125888591407 0.33939953253411637 0.005266912537171182 0.25881904510252102
decision_type=2 2 2 2 2 2 2 2 2 2 2 2 2 2
left_child=1 3 5 13 7 6 -2 -5 9 -3 -10 12 -11 -1
right_child=2 8 -4 4 -6 -7 -8 -9 10 11 -12 -13 -14 -15
leaf_value=0.0021137002399121692 0.00061317168814548951 0.0058763002308372175 -0.0028853921709340374 8.8030500264986753e-05 0.0015240794386141563 -0.008321714509093657 -0.004828721142861387 -0.0059693932342454268 0.0039469391613844267 0.0071840287764172433 -0.0028078501157077712 -0.0025668337131384182 -0.00025602083712785248 0.0064560007611058987
leaf_weight=479.35773175954819 1424.0283920764923 251.204664722085 1731.0480895340443 294.78662480413914 2594.4582125842571 72.474744439125061 171.12861496210098 176.64156751334667 131.86142686009407 100.33158721029758 934.51861004531384 576.20301339030266 248.2969438880682 313.53036008775234
leaf_count=1929 5710 1007 6979 1186 10453 291 688 710 528 402 3748 2311 995 1266
internal_value=-0.000109033 0.00075199 -0.00165355 0.00154877 0.000945617 -0.000370051 1.61008e-05 -0.00222048 -0.000619513 0.000597391 -0.00195808 -0.000860366 0.00195645 0.00386047
internal_weight=9499.87 6101.19 3398.68 3858.77 3065.89 1667.63 1595.16 471.428 2242.42 1176.04 1066.38 924.832 348.629 792.888
internal_count=38203 24535 13668 15544 12349 6689 6398 1896 8991 4715 4276 3708 1397 3195
is_linear=0
shrinkage=0.02


Tree=65
num_leaves=15
num_cat=0
split_feature=26 22 48 10 31 40 11 22 30 43 2 39 47 34
split_gain=26.7909 15.5361 19.5767 10.8965 12.3794 10.8588 14.2597 12.9153 11.9641 11.1479 21.0661 10.6743 9.8555 10.4082
threshold=0.089980983669171247 0.30588135255312227 -0.8783796973249266 -0.02522539546923934 0.80884375638504635 1.0018448126845236 0.016170885715173489 0.43331683147726091 1.2198971908294347 0.027691399521667413 0.0082354646953953 3.332380005735073 0.78656609248549303 36.345266918656783
decision_type=2 2 2 2 2 2 2 2 2 2 2 2 2 2
left_child=1 2 -1 12 -5 6 -2 9 -8 -7 11 -11 13 -4
right_child=5 -3 3 4 -6 7 8 -9 -10 10 -12 -13 -14 -15
leaf_value=0.0059604983843379658 -0.0010343264697574481 -0.00021240891317911452 0.0037070562024667597 0.0002340270596766252 0.006168385129101046 0.0028133524953984955 -0.0052756167716365068 -0.0034216658067292732 0.0025644263416911444 -0.00036000669885796277 -0.0097333902449248284 0.0082828815696436991 -0.0013694538133796324 0.012118985607146169
leaf_weight=415.88276135921478 1872.3444240987301 2377.9791205972433 238.33464373648167 1880.6517806053162 147.01387198269367 661.85656344890594 637.70262479782104 328.86607955396175 85.562452077865601 542.11853304505348 86.836483508348465 58.851627111434937 94.55076938867569 76.891013488173485
leaf_count=1679 7530 9532 964 7581 594 2656 2570 1323 345 2178 349 236 383 310
internal_value=2.22065e-05 0.00098154 0.00197521 0.00128443 0.000678407 -0.00115174 -0.00196116 0.00010202 -0.0043369 0.00097008 -0.000811152 0.000547732 0.00423882 0.00591611
internal_weight=9505.44 5231.3 2853.32 2437.44 2027.67 4274.14 2595.61 1678.53 723.265 1349.66 687.807 600.97 409.776 315.226
internal_count=38230 21043 11511 9832 8175 17187 10445 6742 2915 5419 2763 2414 1657 1274
is_linear=0
shrinkage=0.02


Tree=66
num_leaves=15
num_cat=0
split_feature=25 9 32 22 34 18 47 22 38 39 18 26 29 17
split_gain=26.9818 23.1585 16.519 13.1382 14.3423 13.0972 12.0265 11.182 10.6061 9.93324 18.7815 13.6445 9.44604 8.89155
threshold=-1.4999999999999998 -0.0020163442472948359 -0.033298780469343391 0.10009537486289621 60.480381167308501 0.0093383452949667156 1.0000000180025095e-35 0.28920649181085306 0.86393087072879748 -0.62954222070701227 0.0046620124421414407 -0.17798388708594989 0.92999292964332292 1.2001408796170059
decision_type=2 2 2 2 2 2 2 2 2 2 2 2 2 2
left_child=7 2 5 4 -3 9 12 -1 -7 11 -11 -2 -6 -9
right_child=1 3 -4 -5 6 8 -8 13 -10 10 -12 -13 -14 -15
leaf_value=0.0032931932859523185 0.0074172446277465118 0.0019765415499619133 0.0040667811837984185 -0.0020664865385668575 -0.0066593599580886537 0.0047983557510555318 -0.0057352841736075747 0.001315016642812048 -0.0033323100053917394 -0.0055656952029644957 0.0014133462843495912 -0.00039976172209964543 0.002759097525379714 -0.0032278468576612987
leaf_weight=1100.4405079931021 198.7864333242178 775.76558157801628 519.60849305987358 3605.275805965066 49.768523126840591 68.410146266222 223.38401687145233 889.06899753212929 533.14162334799767 183.66031935811043 840.47569082677364 158.1421869546175 187.14118114113808 208.55982273817062
leaf_count=4461 801 3116 2086 14494 200 276 900 3568 2142 737 3375 634 752 837
internal_value=-6.82228e-05 -0.00065021 0.000910848 -0.00145714 0.000321323 7.55846e-05 -0.0024596 0.00187321 -0.00237574 0.00114803 0.000140821 0.00399614 0.00068378 0.000441107
internal_weight=9541.63 7343.56 2502.22 4841.34 1236.06 1982.62 460.294 2198.07 601.552 1381.06 1024.14 356.929 236.91 1097.63
internal_count=38379 29513 10051 19462 4968 7965 1852 8866 2418 5547 4112 1435 952 4405
is_linear=0
shrinkage=0.02


Tree=67
num_leaves=15
num_cat=0
split_feature=41 8 4 8 36 46 5 3 31 13 30 2 2 3
split_gain=22.8831 13.1793 12.8533 12.488 10.4381 10.3655 10.6982 12.4307 10.3317 10.1877 9.55585 11.0979 9.99954 11.6615
threshold=0.48167868735777236 -0.0020986891439661848 -0.0008735575853890176 -0.0060071794903737291 0.02320898009514356 -0.37940952255126031 -0.001642121599991359 0.0004973501517707221 1.0354313977603631 0.0044946721373308575 -0.019268707525079431 -0.015025807291855115 -0.0046189401576677081 -0.00090712381780082784
decision_type=2 2 2 2 2 2 2 2 2 2 2 2 2 2
left_child=2 8 -1 4 9 -5 7 -7 10 -4 11 -2 13 -13
right_child=1 -3 3 5 -6 6 -8 -9 -10 -11 -12 12 -14 -15
leaf_value=0.0027263677018889315 -0.0062147400319775984 -0.001349014031262936 0.0019161149736891319 0.0016710464014316809 0.004630829181111025 -0.0027153576732054457 -0.0027682056897432943 0.0049728450381669384 0.0072426306649960737 -0.0080171782951043487 -0.0017185348495108875 0.0017958667983145979 0.00074961669850440009 0.010108636761644696
leaf_weight=1468.034236356616 64.228810682892799 4063.7091238051653 136.08408989012241 580.72559854388237 405.0539094209671 151.05163511633873 847.0546967536211 178.33635558187962 88.018449380993843 53.496467441320419 555.2127383351326 167.28415663540363 669.12281140685081 111.3642813116312
leaf_count=5913 258 16338 550 2334 1637 607 3405 717 354 216 2231 672 2690 448
internal_value=6.36377e-05 -0.000736733 0.00126132 0.000342976 0.00283547 -0.00050615 -0.0015834 0.00145928 0.000765997 -0.00102088 0.000380377 0.00153469 0.00208971 0.00523776
internal_weight=9538.78 5718.94 3819.84 2351.8 594.634 1757.17 1176.44 329.388 1655.23 189.581 1567.21 1012 947.771 278.648
internal_count=38370 22991 15379 9466 2403 7063 4729 1324 6653 766 6299 4068 3810 1120
is_linear=0
shrinkage=0.02


Tree=68
num_leaves=15
num_cat=0
split_feature=41 9 47 40 22 32 36 28 38 45 36 38 13 21
split_gain=26.5557 10.9695 15.1633 12.7503 12.6424 11.2277 10.7135 15.8545 10.1126 9.94739 13.891 11.5524 9.49186 10.2377
threshold=0.48067130830937244 -0.00055432422159657781 0.25881904510252102 0.59912573593283891 2.0434229650475429e-05 -0.033298780469343391 0.041074730892256342 -0.20407918357296181 9.6273696146770149 -0.3370321804749955 0.097873150315039417 8.7634292749855422 0.0023904993494360499 0.20648639594309384
decision_type=2 2 2 2 2 2 2 2 2 2 2 2 2 2
left_child=9 2 5 12 -5 -2 7 -4 -9 11 -11 -1 -3 -14
right_child=1 3 6 4 -6 -7 -8 8 -10 10 -12 -13 13 -15
leaf_value=0.0018499913336519815 -0.0020526945471591425 -0.0014221551621125847 0.0061818531030396594 0.0062336930615888323 -0.0010452277986686979 0.0020155430850263877 -0.00087103311290826684 -0.0025036684824006213 0.0057692510420039034 0.00018096655008472231 0.010374081680826848 0.0064978682129915024 -0.0092747816352537291 -0.0029379999009580961
leaf_weight=1491.1917149722576 1060.9566515237093 413.46176639199257 392.35815778374672 94.344783261418343 2463.2230816632509 359.58531761169434 306.61275002360344 195.6175784021616 78.786999225616455 1958.2464011460543 49.986911535263062 246.59573614597321 179.05680271983147 244.7801258713007
leaf_count=6018 4259 1664 1578 379 9906 1443 1234 786 317 7867 201 998 723 984
internal_value=0.000109511 -0.000739375 0.000297154 -0.00146965 -0.00076508 -0.00101943 0.00221397 0.00362854 -6.76141e-05 0.00142055 0.000459818 0.00252628 -0.00360449 -0.005692
internal_weight=9534.8 5788.78 2393.92 3394.87 2557.57 1420.54 973.375 666.763 274.405 3746.02 2008.23 1737.79 837.299 423.837
internal_count=38357 23273 9617 13656 10285 5702 3915 2681 1103 15084 8068 7016 3371 1707
is_linear=0
shrinkage=0.02


Tree=69
num_leaves=15
num_cat=0
split_feature=41 22 5 1 5 37 30 33 46 46 11 29 23 13
split_gain=26.7214 15.1505 13.1751 10.4659 9.37959 10.7565 13.257 10.7384 12.5838 12.3027 10.5656 9.70521 9.44656 8.98625
threshold=0.49389375353950909 0.10658984778526502 0.0047288721303803682 -6.4474808257851822e-05 -0.0090779193162041083 1.7728889321116026 0.77741338835232809 59.356444039695489 -0.78656609248549292 -0.37940952255126031 -0.040863573770397767 6.7523776286408017 0.59906383745590819 0.0040087926172187914
decision_type=2 2 2 2 2 2 2 2 2 2 2 2 2 2
left_child=1 -1 3 -2 -3 12 7 8 -7 10 -10 -11 -6 -8
right_child=2 4 -4 -5 5 6 13 -9 9 11 -12 -13 -14 -15
leaf_value=0.0034091657904416857 0.00047829772583460279 -0.0039321022569758831 -0.0038189224726022431 -0.0015519815031561008 -0.0067025810948581604 0.0040236333359500668 0.0015511255010258681 -0.0024873748695723877 0.0057992034728482833 0.0010283080197479883 -0.0034394318012585211 0.007558803662720214 -0.0003710171446445508 0.010870461473931323
leaf_weight=926.58373716473579 1909.7015796601772 171.71718384325504 576.71979057788849 2159.7937461733818 119.6490217000246 543.5327192991972 78.56590324640274 329.28820233047009 51.925015181303024 1708.4493400454521 394.48676881194115 91.383029773831367 389.27174903452396 87.244965702295303
leaf_count=3745 7668 691 2321 8692 481 2187 316 1325 209 6869 1586 368 1565 351
internal_value=8.26132e-05 0.00111369 -0.00100306 -0.00059981 0.000573716 0.000782568 0.00120204 0.000903375 0.00130733 0.000642581 -0.0023125 0.0013799 -0.00191032 0.00662936
internal_weight=9538.31 4892.1 4646.22 4069.5 3965.51 3793.8 3284.88 3119.07 2789.78 2246.24 446.412 1799.83 508.921 165.811
internal_count=38374 19693 18681 16360 15948 15257 13211 12544 11219 9032 1795 7237 2046 667
is_linear=0
shrinkage=0.02


Tree=70
num_leaves=15
num_cat=0
split_feature=24 26 44 38 19 11 12 11 35 20 36 24 42 31
split_gain=19.8104 14.0374 18.869 10.2955 11.5763 12.9514 11.7951 9.75431 11.4004 12.5671 10.2944 11.8789 10.7832 9.52697
threshold=0.78690637046465561 -0.60425064212275093 0.15213665646312338 1.1387424130408716 -0.45003836971809125 0.087402325372138837 0.062534372068699953 0.015493635096835193 1.4102668786563475 0.2372392571939077 0.027662388755150282 0.91325392148770679 0.45648948942752327 -1.1353519936983278
decision_type=2 2 2 2 2 2 2 2 2 2 2 2 2 2
left_child=1 2 -1 -3 6 13 -5 10 9 -9 11 12 -2 -6
right_child=7 3 -4 4 5 -7 -8 8 -10 -11 -12 -13 -14 -15
leaf_value=0.0049530945807934948 0.0055578203462814746 0.0056899144838444262 0.00035564274449043261 0.0011169362854070097 -0.0059523828253617295 0.0082515491582416303 0.0078371416842520168 0.0029055984123940522 0.0048047038520611833 -0.0057644320646937234 -0.0027941190497765746 0.0032186574047480864 -0.0024831191109436542 -0.00041350298433529719
leaf_weight=601.29319478571415 72.765289202332497 122.31771273910999 870.81789828836918 763.62889568507671 122.61947160959244 62.671303927898407 116.52159470319748 74.137371554970741 52.442331343889236 492.54478514194489 623.11837281286716 379.02310262620449 471.47159600257874 4722.6752979308367
leaf_count=2436 292 492 3517 3073 492 252 470 299 211 1990 2504 1525 1897 18967
internal_value=6.44949e-06 0.000499986 0.00224391 6.40973e-05 -5.95989e-05 -0.00043887 0.00204586 -0.00167337 -0.00378471 -0.00461467 -0.000818581 0.0005226 -0.00136722 -0.000559667
internal_weight=9548.05 7382.55 1472.11 5910.43 5788.12 4907.97 880.15 2165.5 619.124 566.682 1546.38 923.26 544.237 4845.29
internal_count=38417 29699 5953 23746 23254 19711 3543 8718 2500 2289 6218 3714 2189 19459
is_linear=0
shrinkage=0.02


Tree=71
num_leaves=15
num_cat=0
split_feature=1 24 4 24 11 14 49 25 40 23 6 16 13 46
split_gain=23.298 15.8953 14.4937 12.5204 11.2986 11.8696 11.6978 11.2893 10.9728 10.458 10.1271 9.77376 12.1049 9.42701
threshold=-0.0004601013059446311 0.66140001947895832 -0.00097293766765079793 0.43290746755851078 -0.0022465647514700493 0.01008973983858571 -0.56174490092936669 3.5000000000000004 0.43435287618602841 0.6398186848452897 -0.0079921882356038827 0.0081655281965700519 0.004752674591307543 -1.0000000180025095e-35
decision_type=2 2 2 2 2 2 2 2 2 2 2 2 2 2
left_child=3 2 7 10 5 -5 9 8 -2 -6 -1 12 -10 -4
right_child=1 -3 13 4 6 -7 -8 -9 11 -11 -12 -13 -14 -15
leaf_value=0.0088744530155526087 0.0072433062120212726 -0.0025387165197283614 0.00025780579187305861 0.0022358956499607873 -0.0092562721847200616 -0.0045961796598170453 0.00010717433662361573 -0.0057821793663697654 0.00011277457734698599 -0.0019123421507124391 0.0020383390770547264 -0.0036615921275159292 0.0045638442666133799 -0.0023186811248225993
leaf_weight=87.805081963539124 131.7698962688446 1718.7107803821564 1019.7207516431808 1091.0513521432877 103.39693386852741 107.45615236461163 1008.6870768070221 76.924220964312553 600.38196623325348 286.21518312394619 1472.9594371020794 138.20336791872978 407.48081937432289 1274.8296387642622
leaf_count=356 530 6935 4096 4376 415 431 4049 309 2412 1149 5955 556 1639 5121
internal_value=-8.57886e-05 -0.000955881 -0.000207961 0.00103742 0.000185323 0.00160679 -0.00103443 0.00142921 0.00188417 -0.00395389 0.00245003 0.00123921 0.001926 -0.00117559
internal_weight=9525.59 5368.02 3649.31 4157.57 2596.81 1198.51 1398.3 1354.76 1277.84 389.612 1560.76 1146.07 1007.86 2294.55
internal_count=38329 21598 14663 16731 10420 4807 5613 5446 5137 1564 6311 4607 4051 9217
is_linear=0
shrinkage=0.02


Tree=72
num_leaves=15
num_cat=0
split_feature=26 47 46 24 47 14 36 24 8 20 42 32 17 41
split_gain=21.4736 12.1302 14.0317 10.8871 12.5828 10.8649 10.9833 10.8284 10.4511 9.90187 11.401 9.86935 9.23412 9.20203
threshold=-0.16481035622214937 0.25881904510252102 -0.60355339059327384 0.78690637046465561 0.91597561503675362 0.004955523523203372 0.03307814131016916 0.43702633240412925 0.0019531520193203883 -0.23954246435946788 0.49528027786961876 -0.0021109305338829626 0.82392474362251922 0.50413884593602465
decision_type=2 2 2 2 2 2 2 2 2 2 2 2 2 2
left_child=1 7 11 4 5 6 -2 13 -8 10 12 -3 -9 -1
right_child=3 2 -4 -5 -6 -7 8 9 -10 -11 -12 -13 -14 -15
leaf_value=0.0021236951624477073 -8.2506846775827407e-05 0.006959068516252831 0.0013372428888729011 -0.00204897808637291 -0.0030519534314600739 0.0016049787911382955 2.8642375461649579e-05 -0.0036405913028069868 -0.0075525523689323375 -0.00037400047854361059 0.0019376053566505409 -0.00091073079330153829 -0.014909149655511392 -0.0024929156782189234
leaf_weight=1096.4621295332909 1986.7213348150253 363.29881536960602 1021.0121410191059 1743.7631722092628 526.00859396159649 1427.1369345337152 129.80861465632915 67.316809952259064 160.32358911633492 647.45301036536694 52.64333663880825 75.781156435608864 52.892019405961037 200.46310275793076
leaf_count=4432 7973 1469 4123 7030 2114 5729 521 270 644 2594 211 306 212 807
internal_value=1.20752e-05 0.00123655 0.00263565 -0.000721609 -0.000172644 0.000239813 -0.000617517 0.000267758 -0.00421761 -0.00152516 -0.00570534 0.00560585 -0.00899614 0.00140328
internal_weight=9551.08 3577.32 1460.09 5973.76 4230 3703.99 2276.85 2117.23 290.132 820.305 172.852 439.08 120.209 1296.93
internal_count=38435 14424 5898 24011 16981 14867 9138 8526 1165 3287 693 1775 482 5239
is_linear=0
shrinkage=0.02


Tree=73
num_leaves=15
num_cat=0
split_feature=26 48 7 22 47 43 31 48 11 47 0 24 14 2
split_gain=21.3709 16.2671 12.9717 11.7127 13.0612 11.3751 11.7421 11.2876 12.4577 10.8924 11.3421 10.5795 10.5653 10.114
threshold=0.23089286204782059 -0.8783796973249266 0.007898843572117991 0.52488517976006266 0.12940952255126043 -0.090695512120414615 -0.045323345639412101 -0.60785761079279388 -0.0012937404249103912 0.91597561503675362 -0.0025466810017998483 0.87978023730264521 0.0030272069944767611 0.00021058096840104418
decision_type=2 2 2 2 2 2 2 2 2 2 2 2 2 2
left_child=2 12 3 7 -5 -6 -7 -1 11 10 -3 -9 -2 -10
right_child=1 9 -4 4 5 6 -8 8 13 -11 -12 -13 -14 -15
leaf_value=0.0023763253999997121 -0.0015078828066256772 0.0040916027979303639 0.0049684937598418171 -0.0035136578337004627 0.0071005021265389779 0.0023299318172499781 -0.0047020710038850758 0.001649568601778114 0.00025189560966058208 -0.003991110066478799 -0.00071483992026285582 -0.0040863975143900933 -0.0080500765641563568 -0.003242192997373793
leaf_weight=1451.1374964565039 185.6048339754343 208.88214556872845 265.94239397346973 554.17080222070217 92.166781604290009 227.1127987653017 155.86265264451504 1888.7794426679611 789.68749326467514 364.86196348071098 2398.8044196814299 133.27142418920994 213.0130659788847 565.13613663613796
leaf_count=5843 749 838 1072 2220 370 911 625 7608 3177 1474 9655 534 860 2274
internal_value=-1.42306e-05 -0.00129194 0.000689693 0.000491349 -0.00144094 0.000987941 -0.000555655 0.00090437 0.000269251 -0.000778954 -0.000322739 0.00126237 -0.00506031 -0.00121215
internal_weight=9494.43 3371.17 6123.27 5857.33 1029.31 475.142 382.975 4828.01 3376.87 2972.55 2607.69 2022.05 398.618 1354.82
internal_count=38210 13576 24634 23562 4126 1906 1536 19436 13593 11967 10493 8142 1609 5451
is_linear=0
shrinkage=0.02


Tree=74
num_leaves=15
num_cat=0
split_feature=41 3 9 48 39 19 9 7 25 42 46 33 27 6
split_gain=21.8693 11.539 10.8925 21.591 12.6192 11.3335 12.679 10.7276 10.8622 10.4013 9.88505 10.3934 9.54116 9.53683
threshold=0.48067130830937244 -0.004387858172869105 -0.00055432422159657781 -0.8783796973249266 -0.6597242512417677 0.44308901386595706 -0.042363681783078588 -0.0033207833480949846 1.5000000000000002 0.47625571775296188 0.78656609248549325 50.437916927797467 -0.38218390788231921 -0.0066045641586707548
decision_type=2 2 2 2 2 2 2 2 2 2 2 2 2 2
left_child=1 -1 4 10 -2 6 -6 12 9 -9 11 -4 -7 -8
right_child=2 -3 3 -5 5 7 13 8 -10 -11 -12 -13 -14 -15
leaf_value=0.0041898284819605145 0.0029656683736732042 0.00081628673541196922 0.0028454420070155367 -0.00080312093534220738 -0.008475484603510039 0.0057292346616049728 0.0052745001194456718 -0.0091564605011214099 -0.011810889828684236 0.00029246798210837019 -0.010922321801604049 -0.0054062204138502481 -0.0046883427861695694 0.00014242360905840601
leaf_weight=458.68650607764721 545.46863032877445 3273.5126921087503 72.471235528588295 2905.1670472919941 57.107879042625427 75.805484250187874 159.88729161024094 66.637709572911263 76.386584341526031 132.48207691311836 97.845043867826462 308.3521970808506 57.474349051713943 1193.6027232408524
leaf_count=1850 2193 13187 291 11690 230 304 643 267 307 531 394 1244 231 4797
internal_value=4.47428e-05 0.00123595 -0.000729019 -0.001456 0.000312081 -0.000489437 0.000363107 -0.00340015 -0.00562193 -0.00301656 -0.00536921 -0.00381939 0.00122977 0.000765856
internal_weight=9480.89 3732.2 5748.69 3383.84 2364.85 1819.38 1410.6 408.786 275.506 199.12 478.668 380.823 133.28 1353.49
internal_count=38159 15037 23122 13619 9503 7310 5670 1640 1105 798 1929 1535 535 5440
is_linear=0
shrinkage=0.02


Tree=75
num_leaves=15
num_cat=0
split_feature=1 20 30 37 35 29 0 30 5 6 47 17 0 22
split_gain=24.5681 14.5051 13.4695 9.82996 15.8894 15.3761 9.45414 9.22936 9.84594 11.996 10.635 8.71914 12.1678 15.1394
threshold=0.00012046436202023897 -0.27841813104603813 -0.25773276549259866 1.6204028437512878 1.4102668786563475 4.5480524855798183 0.0016206528207994334 -0.04360964481241008 -0.00012562155486044394 0.0012524937837637027 -0.25881904510252068 0.64948937630083026 -0.002901463053814017 0.22025248669509681
decision_type=2 2 2 2 2 2 2 2 2 2 2 2 2 2
left_child=1 -1 -3 4 -2 6 11 8 10 -10 -4 12 -5 -14
right_child=3 2 7 5 -6 -7 -8 -9 9 -11 -12 -13 13 -15
leaf_value=0.002662415632639698 -0.0036130832199842374 0.0020605347039444931 -0.0052997735543741167 -0.0072258805764250289 0.0065897068087639142 0.0027871001708066174 -0.0028264991927629173 5.3698441373020489e-05 -0.0090511300478361631 0.0010940421433886984 0.003316327342389549 0.00053759259761992505 0.0028681579326803315 -0.0029624006051596555
leaf_weight=1536.1124786138535 819.79304687678814 1148.2410526424646 92.016553476452827 140.84079270064831 61.395899295806885 483.0163946300745 850.58331198990345 1722.5242762863636 155.49502927064896 64.304480105638504 135.00268767774105 1534.5492557734251 269.92848691344261 501.96210084855556
leaf_count=6216 3305 4610 369 567 247 1945 3429 6920 624 258 542 6169 1085 2017
internal_value=6.35762e-05 0.00105901 0.000313716 -0.000972802 -0.00286905 -0.00052765 -0.00101662 -0.000613493 -0.00315771 -0.00612474 -0.000214943 -0.000383098 -0.00192552 -0.00091813
internal_weight=9515.77 4853.7 3317.58 4662.07 881.189 3780.88 3297.86 2169.34 446.819 219.8 227.019 2447.28 912.731 771.891
internal_count=38303 19539 13323 18764 3552 15212 13267 8713 1793 882 911 9838 3669 3102
is_linear=0
shrinkage=0.02


Tree=76
num_leaves=15
num_cat=0
split_feature=26 48 22 47 43 19 12 41 20 7 47 10 49 27
split_gain=19.2102 14.2822 12.9524 11.5431 13.1711 10.9105 10.141 9.8022 9.14675 9.13253 10.954 8.63499 8.42098 14.162
threshold=-0.16481035622214937 -0.8783796973249266 0.35296362371040907 -0.12940952255126037 -0.0060287251608212699 -0.44290529352432056 0.06386140270719827 0.42954856485729059 -0.4457276219979498 0.0013241687009643243 -0.91597561503675329 0.016395207202402663 -0.22252093395631442 -0.46378008466551929
decision_type=2 2 2 2 2 2 2 2 2 2 2 2 2 2
left_child=1 2 -1 4 6 -2 -3 8 -7 10 -6 -10 -9 -14
right_child=5 3 -4 -5 9 7 -8 12 11 -11 -12 -13 13 -15
leaf_value=0.0074142900172996101 0.0023429280560462147 0.00016285209176772225 0.00014536647023273092 0.0018391129745867947 -0.011252825551330108 -0.0036455900036850555 0.0082835400566095424 -0.002108769864780053 0.004564748087698532 0.0010321127367594362 -0.0028969532353736124 -0.0037011687848373586 -0.0052728359377724526 -5.1646693210753631e-05
leaf_weight=253.25457899272442 437.20805457234383 968.65628603100777 158.40029968321323 1692.0349612981081 82.747609004378319 91.933980822563171 60.699154242873192 2192.5767478495836 311.37449581921101 131.2794926315546 240.52069680392742 56.260809600353241 220.52894942462444 2644.7274648547173
leaf_count=1028 1756 3904 636 6834 332 369 246 8820 1249 527 965 226 884 10636
internal_value=1.51079e-05 0.00117028 0.0046526 0.000712308 -0.000574403 -0.000681269 0.000679441 -0.000922816 0.0018599 -0.00339032 -0.00517464 0.00326709 -0.00117725 -0.000461989
internal_weight=9542.2 3587.59 411.655 3175.94 1483.9 5954.61 1029.36 5517.4 459.569 454.548 323.268 367.635 5057.83 2865.26
internal_count=38412 14472 1664 12808 5974 23940 4150 22184 1844 1824 1297 1475 20340 11520
is_linear=0
shrinkage=0.02


Tree=77
num_leaves=15
num_cat=0
split_feature=1 24 24 35 4 21 24 34 22 40 16 2 39 27
split_gain=21.2228 13.7793 12.9257 14.4804 12.2769 10.1124 11.5746 10.0269 9.563 10.3582 9.45249 11.8592 11.3509 8.92941
threshold=0.00015262917540780169 0.66864271180172963 0.56797466371958027 1.4102668786563475 -0.00061802606188012497 0.71029335451985542 0.52221909332096994 43.316040088422987 0.28920649181085306 0.29678044836706774 0.0081655281965700519 -0.0046189401576677081 -0.48007176282018843 -0.067290580895845067
decision_type=2 2 2 2 2 2 2 2 2 2 2 2 2 2
left_child=1 8 4 -4 10 6 7 -6 9 -1 11 -2 -13 -3
right_child=2 13 3 -5 5 -7 -8 -9 -10 -11 -12 12 -14 -15
leaf_value=-0.0052574519011429136 0.0077342413649345246 0.0011234247552940465 -0.002626510999509057 0.0054652837080724596 0.0012625149540551172 0.0044865036815657459 0.0043973613477095719 -0.0030028700454025519 0.00043418391418579508 0.0030176904376563595 -0.0032688889650959087 0.0041221461776113529 -0.00048497615613805125 -0.0016265840438058582
leaf_weight=58.330377280712128 127.75810894370079 847.44985914230347 1793.8208059072495 88.456062883138657 271.86391718685627 110.7160831540823 112.07358127832413 1108.4252029508352 1248.470778554678 1688.0185279399157 142.61219261586666 345.69077827036381 546.10728266835213 1054.605734243989
leaf_count=236 515 3396 7239 356 1095 444 450 4451 5013 6829 574 1390 2194 4241
internal_value=1.08051e-05 0.000929116 -0.000956734 -0.00223277 -8.56858e-05 -0.00121882 -0.00165565 -0.00216123 0.00177354 0.00272707 0.00147586 0.00215226 0.00131392 -0.000401601
internal_weight=9544.4 4896.88 4647.52 1882.28 2765.25 1603.08 1492.36 1380.29 2994.82 1746.35 1162.17 1019.56 891.798 1902.06
internal_count=38423 19715 18708 7595 11113 6440 5996 5546 12078 7065 4673 4099 3584 7637
is_linear=0
shrinkage=0.02


Tree=78
num_leaves=15
num_cat=0
split_feature=20 41 8 10 22 6 17 11 40 12 3 37 36 20
split_gain=19.5207 13.436 11.3497 13.3081 12.7492 11.0836 14.7053 10.7453 11.277 10.3871 9.84235 9.43442 10.9873 9.31697
threshold=-0.60042811850042133 0.4345246801330056 -0.00078328772814061423 0.024851848313303681 0.10009537486289621 -0.0001892449062502238 1.0058357024360582 0.015493635096835193 1.5328542790743984 -0.01929160454820884 -0.0063767125588530494 6.1098902129230792 0.0068913525156115161 -0.27841813104603813
decision_type=2 2 2 2 2 2 2 2 2 2 2 2 2 2
left_child=-1 -2 3 4 -3 7 -7 11 -9 -8 -6 -4 -13 -11
right_child=1 2 5 -5 10 6 9 8 -10 13 -12 12 -14 -15
leaf_value=0.0023141667044253213 0.001951490319140472 0.0036474311288461382 -2.8286936240602504e-05 0.0058238268210288671 -0.0033418506647028535 -0.0013177323521198236 0.0067724729350948929 -0.0059825537398490768 0.00046122141080656194 0.0071531266394735454 0.00012280586122990288 0.0050127464836084495 -0.0039617679880716633 -0.00014608168669161473
leaf_weight=1319.3165249973536 932.02392303943634 338.87789562344551 904.77182634174824 165.73669172823429 392.80766555666924 1608.6818927526474 146.34729053080082 464.3301488161087 140.46807779371738 76.302676767110825 1866.4633357971907 55.705630660057068 601.92452232539654 499.58427150547504
leaf_count=5343 3749 1367 3638 666 1578 6476 588 1873 565 306 7501 224 2419 2010
internal_value=6.1159e-05 -0.000302787 -0.00059325 0.000414977 5.94218e-05 -0.00121253 -0.000254096 -0.00224041 -0.00449444 0.00210778 -0.000485625 -0.00135634 -0.00316948 0.00087428
internal_weight=9513.34 8194.03 7262 2763.89 2598.15 4498.12 2330.92 2167.2 604.798 722.234 2259.27 1562.4 657.63 575.887
internal_count=38303 32960 29211 11112 10446 18099 9380 8719 2438 2904 9079 6281 2643 2316
is_linear=0
shrinkage=0.02


Tree=79
num_leaves=15
num_cat=0
split_feature=8 48 46 24 6 18 6 9 37 35 46 15 40 13
split_gain=19.5318 15.7879 15.4245 14.5976 14.2149 13.5381 13.8249 13.0028 10.4043 13.2663 12.771 10.907 11.1849 13.4715
threshold=0.0031374247495134264 -0.60785761079279388 -0.78656609248549292 0.12923017826176822 -0.00081368394848057484 0.011056187559840981 -0.00065219882012481137 0.0053722739365530047 1.203937062822654 1.2116011540113776 0.37940952255126054 0.0033175882823740562 0.88992985617203602 0.0072531250059558018
decision_type=2 2 2 2 2 2 2 2 2 2 2 2 2 2
left_child=2 4 5 -4 7 6 -1 -2 9 -3 11 -10 -13 -14
right_child=1 8 3 -5 -6 -7 -8 -9 10 -11 -12 12 13 -15
leaf_value=0.0060872382638120816 -0.0035036702517350243 -0.0043703113043517912 0.0026473327950867175 -0.00034500618472547761 -0.0016778090968206677 -0.0019858919852175716 0.0015349174937480084 -0.012528468128432269 -0.0064785143418279387 0.0033271149188683906 0.0024041952873907094 -0.0033024719707980582 0.0034180130378919232 -0.0026315820016656827
leaf_weight=449.23977017402649 146.95715893805027 464.02511861920357 758.32447127997875 4470.8570011109114 404.31487408280373 220.83707068860531 658.37938559055328 116.0648887604475 129.00392055511475 106.78602236509323 646.55168068408966 335.44730466604233 395.20474080741405 228.42777742445469
leaf_count=1810 592 1872 3076 17976 1631 891 2650 469 519 430 2601 1352 1588 918
internal_value=-2.88166e-05 -0.00137222 0.00058077 9.10506e-05 -0.00406927 0.00250088 0.00340035 -0.00764551 -0.000584409 -0.00291391 0.000188323 -0.00113335 -0.000384509 0.00119883
internal_weight=9530.42 2972.78 6557.64 5229.18 667.337 1328.46 1107.62 263.022 2305.45 570.811 1734.64 1088.08 959.08 623.633
internal_count=38375 11972 26403 21052 2692 5351 4460 1061 9280 2302 6978 4377 3858 2506
is_linear=0
shrinkage=0.02


Tree=80
num_leaves=15
num_cat=0
split_feature=24 1 1 1 16 24 26 26 30 47 27 47 38 27
split_gain=21.0064 15.4391 11.1178 14.0443 10.4923 10.4245 11.431 10.6252 9.56689 14.5424 9.51439 12.3219 9.21482 9.07462
threshold=0.20033220173379168 -0.0004601013059446311 0.0013238367883050123 0.0016584524429834005 0.0031037883817425084 0.77534405681113372 -1.1282349804448748 -1.2402494810892715 0.11459156609963826 0.91597561503675362 1.3224371458819826 0.12940952255126043 12.662756197256995 2.4431116773139498
decision_type=2 2 2 2 2 2 2 2 2 2 2 2 2 2
left_child=2 5 -1 -4 -5 6 7 -2 12 13 -7 -12 -3 -10
right_child=1 8 3 4 -6 10 -8 -9 9 -11 11 -13 -14 -15
leaf_value=0.0032601589931028859 -0.00050010615646764141 -0.00055885756766343314 -0.0081884985075047594 -0.0067239021569668305 0.0017932062264674328 -0.00024090134718920061 0.0018373374479848032 -0.01041582333487001 -0.0021311059534970941 -0.006808096060029396 -0.00055164288382200904 -0.011736541515751233 0.0061926057721616258 0.0020979233484134294
leaf_weight=1091.5039449930191 202.64131173491478 2132.7449346929789 69.024532318115234 58.997438430786133 605.25101843476295 961.44402548670769 2084.7685149759054 50.142679408192635 1532.3247230947018 237.62052434682846 89.904767200350761 65.862766742706299 79.053203299641609 229.74740417301655
leaf_count=4435 817 8570 278 237 2439 3856 8376 202 6174 962 363 267 318 926
internal_value=5.97604e-05 -0.000399561 0.00198528 7.83499e-05 0.000992148 0.000590952 0.00134956 -0.00263088 -0.00121183 -0.00221256 -0.000995227 -0.00549885 -0.000304126 -0.00157533
internal_weight=9491.03 7666.25 1824.78 733.273 664.248 3454.76 2337.55 252.784 4211.49 1999.69 1117.21 155.768 2211.8 1762.07
internal_count=38220 30831 7389 2954 2676 13881 9395 1019 16950 8062 4486 630 8888 7100
is_linear=0
shrinkage=0.02


Tree=81
num_leaves=15
num_cat=0
split_feature=1 20 4 47 33 22 30 15 11 14 16 14 13 22
split_gain=17.8412 12.4339 21.9889 11.9532 10.198 10.6524 9.58508 12.0612 9.39499 8.82433 8.77668 8.8469 9.21195 9.95664
threshold=-0.0004601013059446311 -0.30376699917859179 -0.00024816632288297396 0.91597561503675362 67.855001151349555 0.34472057509224358 -0.012968068621270668 0.0063412772548854081 0.038191935961792801 0.0056146386769790205 0.0081655281965700519 0.005580978092911605 0.0023042555236723271 0.31868131868135202
decision_type=2 2 2 2 2 2 2 2 2 2 2 2 2 2
left_child=4 2 8 -3 5 -1 -5 -8 10 -6 11 12 13 -2
right_child=1 3 -4 6 9 -7 7 -9 -10 -11 -12 -13 -14 -15
leaf_value=0.0021414564568928399 0.0086189100850638262 -0.0010073235908611528 -0.0014495317655874526 -0.0011848826859942544 -0.0052367527427964041 -1.4919174241918683e-05 -0.0045055729768500013 -0.015188480340540223 0.010050183958767838 0.0013804571011181309 -0.0039077277846330093 0.0067808048101192994 -0.00014199425864061955 -0.0017790420439638866
leaf_weight=2308.8168905079365 115.70704327523708 3127.9931104332209 976.31095848977566 187.27577903866768 182.19977995753288 1517.085569396615 175.99081718921661 54.099540188908577 63.828957781195641 138.58559763431549 77.582414016127586 179.66820567846298 361.150131970644 50.860863193869591
leaf_count=9322 467 12591 3927 754 734 6087 713 220 257 558 313 725 1455 204
internal_value=1.48126e-05 -0.00074581 0.000594383 -0.00143559 0.000999623 0.00128749 -0.00459536 -0.00728698 0.00294007 -0.00240068 0.00230197 0.00300566 0.00166879 0.00548462
internal_weight=9517.16 5370.47 1825.11 3545.36 4146.69 3825.9 417.366 230.09 848.798 320.785 784.969 707.386 527.718 166.568
internal_count=38327 21626 7348 14278 16701 15409 1687 933 3421 1292 3164 2851 2126 671
is_linear=0
shrinkage=0.02


Tree=82
num_leaves=15
num_cat=0
split_feature=41 15 21 1 1 15 42 24 22 9 11 1 41 49
split_gain=16.0923 11.4183 11.1466 12.4276 13.6669 10.1238 10.4486 9.76466 10.7739 12.3458 14.6365 11.6618 10.8365 10.9629
threshold=0.47628116574153967 0.008244524140927233 0.064027436462310128 0.00033910052759681303 -0.0032437726467500995 0.0054279343646971559 0.45068359314953776 0.78294023878341612 0.33147785049502959 -0.00079770854021501622 0.04543471058713227 -0.0004287487143650753 0.51912987970537283 -0.56174490092936669
decision_type=2 2 2 2 2 2 2 2 2 2 2 2 2 2
left_child=1 2 3 4 -1 6 -6 8 11 -10 12 -2 -11 -14
right_child=7 -3 -4 -5 5 -7 -8 -9 9 10 -12 -13 13 -15
leaf_value=-0.0055761200299605032 0.0021868406823235416 0.0045667617523029906 0.0013207109399807077 -0.004622462074597559 -0.0065231631088767264 0.010496890275891355 0.0031897540769197626 -0.0018964362254303144 0.00043463594549920389 -0.0058672618179678787 0.0043806282073547325 -0.00043787745420851703 0.0068767232449468852 -0.0031549966034561828
leaf_weight=97.706648960709572 1102.1681509613991 330.381811439991 2427.050664678216 294.96338699758053 51.634806096553802 51.619718432426453 199.78587047755718 1773.2602788805962 678.91750539839268 478.82359617948532 85.161114394664764 1739.8298613280058 55.140072867274284 153.30065105855465
leaf_count=395 4441 1334 9783 1188 209 209 807 7151 2723 1924 343 6996 222 617
internal_value=-2.99296e-05 0.00105909 0.000681277 -0.00154295 0.000752698 0.00285063 0.00110669 -0.000650167 -0.000133818 -0.00153286 -0.00325385 0.000582079 -0.00422467 -0.00040232
internal_weight=9519.74 3453.14 3122.76 695.71 400.747 303.04 251.421 6066.6 4293.34 1451.34 772.425 2842 687.264 208.441
internal_count=38342 13925 12591 2808 1620 1225 1016 24417 17266 5829 3106 11437 2763 839
is_linear=0
shrinkage=0.02


Tree=83
num_leaves=15
num_cat=0
split_feature=24 8 38 40 6 23 47 24 44 34 29 35 35 41
split_gain=23.4165 11.9966 14.8646 11.269 11.2627 15.6682 10.8026 10.5767 10.1152 9.83224 9.72862 9.28553 13.0841 9.03213
threshold=0.20845406175244097 0.0031374247495134264 9.6273696146770149 0.78367788376585568 0.0015024693491232364 1.7940196607622918 0.60355339059327384 0.38414137775935392 -0.80596265010438961 28.150762380347917 5.5208194151972663 0.6277304622889649 0.89940176325783205 0.47450639627587804
decision_type=2 2 2 2 2 2 2 2 2 2 2 2 2 2
left_child=9 2 -2 6 5 -5 -3 8 -4 -1 -11 -6 -13 -8
right_child=1 3 7 4 11 -7 13 -9 -10 10 -12 12 -14 -15
leaf_value=0.0074809632224319125 -0.00054664304461219618 -0.00179000505634311 -0.0013337385066680637 -0.0029697508628806621 0.0047259908628027245 0.0036239066723516679 -0.00024957088130738944 0.0010530445494103828 0.0086550903349494959 0.0009363477917261327 0.0054848208947152885 -0.0044184975270750724 0.0027966912288975221 -0.0080094908290050844
leaf_weight=111.67820100486279 4116.6873525232077 567.81360571086407 52.401981487870216 934.83942724764347 213.32050164043903 165.88706724345684 77.483189314603806 641.35301621258259 157.64499273896217 1592.0813958644867 208.88288046419621 175.46080583333969 222.06107299029827 265.95791292190552
leaf_count=457 16536 2292 211 3763 857 667 312 2579 635 6444 846 707 895 1078
internal_value=-0.000128142 -0.000626632 -4.85222e-05 -0.0017195 -0.000758708 -0.00196415 -0.00351012 0.00234912 0.00619003 0.00184675 0.00147762 0.00141178 -0.000403322 -0.00628749
internal_weight=9503.55 7590.91 4968.09 2622.82 1711.57 1100.73 911.255 851.4 210.047 1912.64 1800.96 610.842 397.522 343.441
internal_count=38279 30532 19961 10571 6889 4430 3682 3425 846 7747 7290 2459 1602 1390
is_linear=0
shrinkage=0.02


Tree=84
num_leaves=15
num_cat=0
split_feature=24 7 9 16 5 40 40 1 0 11 35 5 34 11
split_gain=18.124 12.9341 13.5403 17.2489 9.90682 10.129 9.64287 9.04132 10.0949 9.49038 9.68068 8.83919 8.88056 8.66695
threshold=0.66140001947895832 -0.0015587584604150322 -0.0072322533407538281 0.0071067639312024818 -3.1017401529505511e-05 1.3407985011744172 1.4421970706348086 -0.00084367225868903098 -0.0061539678600414224 -0.050855892774635529 -1.2933859915855486 0.0011465391144688862 54.429023921400862 0.028469164870543472
decision_type=2 2 2 2 2 2 2 2 2 2 2 2 2 2
left_child=1 2 3 -1 5 13 11 9 -9 -3 -11 -4 -13 -2
right_child=4 7 6 -5 -6 -7 -8 8 -10 10 -12 12 -14 -15
leaf_value=0.0032390374814900316 0.0013265929796969934 0.0085843030813870114 -0.0047135763716251765 -0.00328777058142395 -0.0022781509225696887 -0.0029750618389563152 0.0027311957555419793 0.0041582618215344116 0.00013445511409010703 -0.0042985540399030067 0.0024697150319549946 -0.0031087375281200398 0.0025080532780477811 -0.0034545179291671506
leaf_weight=533.00948151946068 1158.6662370860577 90.601632058620453 501.16080546379089 227.11473169922829 1691.7926467657089 380.5517939478159 135.75605946779251 272.59393286705017 2458.8757022023201 85.703121781349182 1343.627747297287 276.73128361999989 182.88357834517956 169.53029699623585
leaf_count=2154 4663 367 2014 918 6821 1529 545 1102 9883 349 5422 1113 735 686
internal_value=-2.64053e-05 0.000624988 -0.000766258 0.00128017 -0.00119564 -0.000120348 -0.00218423 0.00123275 0.000542885 0.00246667 0.00205032 -0.00288932 -0.000870843 0.000705667
internal_weight=9508.6 6108.06 1856.66 760.124 3400.54 1708.75 1096.53 4251.4 2731.47 1519.93 1429.33 960.776 459.615 1328.2
internal_count=38301 24602 7479 3072 13699 6878 4407 17123 10985 6138 5771 3862 1848 5349
is_linear=0
shrinkage=0.02


Tree=85
num_leaves=15
num_cat=0
split_feature=25 10 38 21 10 7 2 20 21 46 11 40 29 38
split_gain=15.7851 12.2468 17.8885 10.5397 10.7929 10.7601 10.196 14.4506 11.0206 9.06657 9.71178 16.5629 12.0233 13.1321
threshold=-1.4999999999999998 -0.0013815543957061912 9.7058375930816556 0.33741990520158766 0.0029521554284455943 -0.0022071945956468374 -0.0046189401576677081 -0.69753631900953594 0.064027436462310128 -0.78656609248549292 -0.019142473010229054 0.89957507647029133 -0.19412201518962505 7.2520688744843378
decision_type=2 2 2 2 2 2 2 2 2 2 2 2 2 2
left_child=9 2 6 -3 5 -5 8 -8 -2 -1 11 -11 13 -12
right_child=1 3 -4 4 -6 -7 7 -9 -10 10 12 -13 -14 -15
leaf_value=0.0040404746190231275 -0.0040051085707552463 -0.0018224602738186825 0.0052576647036221827 -0.0096182748453050235 0.001133951250262609 -0.0010604381443817326 0.0047501191837165365 -0.0010575947587884271 0.0036701194097927114 0.0081490174333797363 -0.0010246156369312822 0.00028342936599324903 0.001651169160327278 -0.010172526793356848
leaf_weight=453.84118953347206 84.494250759482384 2738.6747706234455 291.26340073347092 68.243164956569672 1219.6608014851809 305.69651688635349 182.87552218139172 1951.4832589924335 471.6867054104805 173.26280780136585 487.53568691015244 269.14254419505596 751.13435873389244 67.319465652108192
leaf_count=1837 340 11046 1173 274 4897 1227 740 7838 1897 702 1968 1090 3035 272
internal_value=5.4507e-05 -0.000392604 0.00059327 -0.00107106 0.000221918 -0.00272853 7.9512e-05 -0.000550041 0.00247881 0.00153698 0.000877464 0.00342054 6.23519e-06 -0.00221545
internal_weight=9516.31 7314.08 2981.8 4332.28 1593.6 373.94 2690.54 2134.36 556.181 2202.24 1748.39 442.405 1305.99 554.855
internal_count=38336 29432 11988 17444 6398 1501 10815 8578 2237 8904 7067 1792 5275 2240
is_linear=0
shrinkage=0.02


Tree=86
num_leaves=15
num_cat=0
split_feature=1 19 48 1 1 21 1 20 4 44 26 47 4 41
split_gain=14.8109 14.3326 12.464 11.8542 11.9986 11.1473 12.6336 10.9253 10.9184 10.5429 17.0152 11.3136 10.4389 9.70593
threshold=-0.0004601013059446311 -0.45003836971809125 -0.8783796973249266 0.0049842470010965376 0.0015383893181549176 0.21299977275471552 -0.0010680314079062512 -0.43370651000088956 -0.00065223804281365732 -0.27015616805001746 -1.0641298050440255 -0.12940952255126037 -0.0083011167192939498 0.43564701631965652
decision_type=2 2 2 2 2 2 2 2 2 2 2 2 2 2
left_child=5 2 -2 4 -4 6 8 13 -1 -10 -11 -12 -3 -8
right_child=1 12 3 -5 -6 -7 7 -9 9 10 11 -13 -14 -15
leaf_value=0.00088654859530034702 0.0078025037747782404 0.0027965647195729408 0.0018368738275125263 0.0046597007640499207 -0.0033354276128495027 0.0017990915783693811 0.0012042050808003821 0.00036896215890638525 -0.0049972255685493032 -0.0068072957750307589 -0.0016495274671101561 0.0048401709597907404 -0.0015096386942729367 0.012129958946741921
leaf_weight=686.12268343567848 102.22278837859631 233.64031095802784 367.69153092801571 214.19989137351513 341.20814594626427 2174.0168586522341 57.311954781413078 220.08588746190071 375.17072279751301 131.80587926506996 233.65175934135914 191.10123319923878 4128.9239246845245 74.056016102433205
leaf_count=2766 414 940 1485 863 1374 8757 233 885 1511 535 939 770 16628 300
internal_value=-8.50539e-05 -0.000776117 0.001347 0.000593946 -0.000658587 0.000813442 -0.000276467 0.00313373 -0.00102465 -0.00242928 -0.000669168 0.0012926 -0.00127608 0.0075823
internal_weight=9531.21 5387.89 1025.32 923.1 708.9 4143.32 1969.31 351.454 1617.85 931.73 556.559 424.753 4362.56 131.368
internal_count=38400 21704 4136 3722 2859 16696 7939 1418 6521 3755 2244 1709 17568 533
is_linear=0
shrinkage=0.02


Tree=87
num_leaves=15
num_cat=0
split_feature=1 24 38 24 49 31 37 11 26 2 23 5 40 5
split_gain=15.7798 14.3062 8.51207 7.66474 11.1268 8.96179 11.9242 10.1802 9.96741 14.5372 11.5282 11.4252 9.17779 9.03073
threshold=0.00097106072010293739 0.14888282550734069 1.2509807169669491 0.8261116814298386 -0.22252093395631442 0.83736588472522178 0.93304994050166501 -0.0020490654205701513 -1.1282349804448748 -0.0008735575853890176 0.87626178183814363 -0.00049321835571257942 0.60358553923101221 -0.0020257058963178347
decision_type=2 2 2 2 2 2 2 2 2 2 2 2 2 2
left_child=1 -1 -2 5 -5 7 -7 8 11 10 13 -3 -8 -10
right_child=2 3 -4 4 -6 6 12 -9 9 -11 -12 -13 -14 -15
leaf_value=0.0031336526619786067 0.0029470516653799105 -0.0056503023718271544 -0.0014055984326942234 -0.0035511266093236726 0.00038419486602149174 -0.0030071262237168031 -0.002569883856781831 -0.00089154495185020247 0.013205689844015106 0.00043952993992406732 0.0014436981205390438 0.0022628869228835621 0.0064643120450922787 0.0049566101466699724
leaf_weight=715.29394800961018 184.95586062967777 159.40597662329674 3460.1637851893902 496.53312326967716 671.04835592210293 90.608028307557106 50.694747865200043 1718.9458707422018 71.998625203967094 1009.0615841597319 267.52763178944588 127.42963439226151 277.38373579084873 212.50553974509239
leaf_count=2914 746 644 13937 1999 2699 365 204 6911 290 4058 1077 515 1116 855
internal_value=-0.000148377 0.00049349 -0.00118101 0.000124334 -0.00129737 0.00054193 0.00329201 0.000214964 0.00124387 0.0018735 0.00446717 -0.00215625 0.00505072 0.0072362
internal_weight=9513.56 5868.44 3645.12 5153.14 1167.58 3985.56 418.687 3566.87 1847.93 1561.09 552.032 286.836 328.078 284.504
internal_count=38330 23647 14683 20733 4698 16035 1685 14350 7439 6280 2222 1159 1320 1145
is_linear=0
shrinkage=0.02


Tree=88
num_leaves=15
num_cat=0
split_feature=1 24 38 26 23 2 16 38 46 11 7 11 24 23
split_gain=16.5288 11.7404 10.842 10.4565 12.2588 10.6219 11.4838 9.77789 12.4825 12.624 10.9018 10.8948 8.38659 8.51718
threshold=-1.0000000180025095e-35 0.12923017826176822 1.2509807169669491 -1.1282349804448748 0.89718499575505761 -0.0061543987439380181 0.0031037883817425084 10.297037253302411 -0.25881904510252046 -0.0037124692927521428 -0.0015587584604150322 0.0036812643764491323 0.82261941338094358 0.68468342948045235
decision_type=2 2 2 2 2 2 2 2 2 2 2 2 2 2
left_child=1 -1 -2 4 -3 -5 7 8 9 -7 -10 -11 -8 -14
right_child=2 3 -4 5 -6 6 12 -9 10 11 -12 -13 13 -15
leaf_value=0.0038291491621716407 0.0032750121313145403 0.0059815308237129361 -0.001038145183550199 0.0051600518912919158 -0.0042289041917874491 0.013331076877504218 0.00071197516019830319 0.011140802224532842 -0.0083943792398942681 -0.0035903237074398492 0.0015592559039744832 0.0080915276146766666 -0.0049582793676609289 -0.00035606887127857009
leaf_weight=471.33968369662762 240.96341510117054 50.817356526851654 4525.7332093417645 208.24250070750713 308.69923415780067 61.484495669603348 2400.2666443586349 52.739808082580566 49.827655047178268 59.534505411982536 218.38139942288399 58.959986463189125 219.44937816262245 570.77200546860695
leaf_count=1926 972 205 18232 838 1248 247 9657 212 200 239 877 237 882 2295
internal_value=1.38527e-05 0.000850944 -0.000816906 0.000517259 -0.00272342 0.000819127 0.000567596 0.00336703 0.00233945 0.00633663 -0.000409706 0.00231455 0.000123484 -0.00165727
internal_weight=9497.21 4730.51 4766.7 4259.17 359.517 3899.66 3691.42 500.928 448.188 179.979 268.209 118.494 3190.49 790.221
internal_count=38267 19063 19204 17137 1453 15684 14846 2012 1800 723 1077 476 12834 3177
is_linear=0
shrinkage=0.02


Tree=89
num_leaves=15
num_cat=0
split_feature=26 47 41 22 39 1 28 39 45 41 5 2 47 35
split_gain=15.6994 14.2997 13.3911 11.9573 11.8339 9.82031 11.3205 9.73558 9.28166 9.11051 10.1671 9.13445 8.80655 21.5101
threshold=-0.47284279748867358 -0.60355339059327384 0.50217506198552841 0.35591160639598501 -0.81350440904294175 8.9148285938640544e-05 -2.8925159632105442 -1.1982571677394642 -0.70271525983465921 0.49231062090003719 -0.010097914394573141 0.011211902899620036 0.25881904510252102 -0.10255931484762291
decision_type=2 2 2 2 2 2 2 2 2 2 2 2 2 2
left_child=1 2 -1 7 -3 6 -6 -2 -5 12 -11 -12 -9 -14
right_child=3 4 -4 8 5 -7 -8 9 -10 10 11 -13 13 -15
leaf_value=0.00049763802542638019 -0.0071440707326063928 0.011112255870623939 -0.0066807302119797863 -0.0050061961318169767 -0.00014139579191526014 -0.00053482474023336293 0.004680580030817315 0.0024448955583230496 -0.0011543393869645198 0.0059223987305227679 -0.00049612010390798775 -0.0068726975988690972 0.0043362036581258362 -0.0024953423593950248
leaf_weight=509.3494067043066 68.043775528669357 58.528208628296852 125.41934025287628 277.10984775424004 271.78412921726704 366.37347914278507 679.54037174582481 1101.6559654921293 2277.233514264226 90.726550921797752 2752.8531578779221 87.951909631490707 268.04922468960285 562.65843565762043
leaf_count=2059 274 239 504 1111 1102 1481 2757 4434 9160 365 11083 354 1081 2264
internal_value=-5.03749e-05 0.00151632 -0.000961811 -0.000471958 0.00265868 0.00224261 0.00330945 0.000103545 -0.00158117 0.000212169 -0.000490417 -0.000705269 0.00127656 -0.000278213
internal_weight=9497.28 2010.99 634.769 7486.28 1376.23 1317.7 951.325 4931.94 2554.34 4863.9 2931.53 2840.81 1932.36 830.708
internal_count=38268 8142 2563 30126 5579 5340 3859 19855 10271 19581 11802 11437 7779 3345
is_linear=0
shrinkage=0.02


Tree=90
num_leaves=15
num_cat=0
split_feature=41 35 36 22 41 32 11 22 14 8 39 18 21 6
split_gain=20.2091 12.4873 15.426 12.4988 10.6834 13.3493 12.4972 10.6439 10.5688 10.3685 10.2876 11.1396 9.83576 9.47099
threshold=0.48167868735777236 -0.58104725503466081 0.091540127012929615 0.35591160639598501 0.51976275833095797 0.12566766173149052 0.018805216406589175 0.065143475046606905 0.0062584442414726701 0.0061646568782471331 -0.59185539014050337 0.0053567288059104866 0.064027436462310128 0.002078602168595269
decision_type=2 2 2 2 2 2 2 2 2 2 2 2 2 2
left_child=7 2 10 -3 8 6 -6 -1 13 -10 -2 -12 -9 -5
right_child=1 3 -4 4 5 -7 -8 12 9 -11 11 -13 -14 -15
leaf_value=0.0039984297201862721 0.0077248741772899757 -0.00036562310947949061 -0.0085238494500942414 -0.0037205198335678383 -0.00031893129322954075 0.0041703922897115579 -0.0091405529618876838 -0.0012225729420377927 0.0023869459912876276 -0.0057497016011902047 -0.0036480455486821179 0.0026777213020253644 0.0014028741077841637 -0.0092041168094433891
leaf_weight=481.39526107907295 115.34196063876152 3393.4809845983982 51.147840946912766 522.15927593410015 253.47476403415203 175.32361999154091 81.216321185231209 726.71325477957726 176.78584286570549 90.614763304591179 136.56453832983971 521.77125683426857 2600.2617694437504 168.08409728109837
leaf_count=1954 467 13663 206 2100 1019 709 328 2932 710 366 549 2102 10479 676
internal_value=0.000107267 -0.000647717 0.001621 -0.00103394 -0.00257271 -0.000230052 -0.00256262 0.00123384 -0.00381266 -0.000425268 0.0023421 0.0013479 0.000828422 -0.00511244
internal_weight=9494.34 5685.97 824.826 4861.14 1467.66 510.015 334.691 3808.37 957.644 267.401 773.678 658.336 3326.98 690.243
internal_count=38260 22895 3324 19571 5908 2056 1347 15365 3852 1076 3118 2651 13411 2776
is_linear=0
shrinkage=0.02


Tree=91
num_leaves=15
num_cat=0
split_feature=41 38 30 0 47 18 15 15 23 12 1 21 33 13
split_gain=18.6676 11.4289 15.0897 11.855 10.1569 10.4687 10.129 9.98355 11.5327 10.4136 9.44203 11.0687 12.9458 12.2623
threshold=0.48067130830937244 1.7754899306586738 -0.66961698622623256 -0.0015941155158757194 -0.12940952255126037 0.009292732717491892 0.008244524140927233 0.0086656455113499429 0.60572841641116326 -0.05845283526490435 -0.00068362253809308284 0.052619591743505757 44.58933367790123 0.0081158578989029631
decision_type=2 2 2 2 2 2 2 2 2 2 2 2 2 2
left_child=6 4 3 -3 -2 -6 10 -8 -9 -10 -1 12 -12 -13
right_child=1 2 -4 -5 5 -7 7 8 9 -11 11 13 -14 -15
leaf_value=0.0020891581807625267 -0.00092659726288980533 0.0032744342876199575 -0.00062537033656742973 -0.0063413836689762059 0.0067169555746496917 -0.00010735908319241457 0.011941959496142969 -0.0036028284120889569 0.00075236264024539003 0.0088565453762372258 0.00049035247828442389 0.0011477170274645536 -0.0067507471200481204 -0.006176523197947782
leaf_weight=1417.735783547163 293.57116660475731 58.007181584835052 4700.519789353013 310.40900506079197 222.77135087549686 148.30576576292515 53.155091851949692 79.66707506775856 123.91300745308399 127.13212947547436 201.04105685651302 1478.9525999575853 187.93211993575096 92.488951951265335
leaf_count=5733 1179 234 18934 1247 897 598 215 321 501 514 813 5954 756 373
internal_value=0.000108299 -0.000609853 -0.000933498 -0.0048038 0.00184696 0.00402436 0.00120217 0.00426024 0.00286609 0.00494922 0.000848893 -5.10774e-05 -0.00304945 0.000698418
internal_weight=9495.6 5733.58 5068.94 368.416 664.648 371.077 3762.02 383.867 330.712 251.045 3378.15 1960.41 388.973 1571.44
internal_count=38269 23089 20415 1481 2674 1495 15180 1551 1336 1015 13629 7896 1569 6327
is_linear=0
shrinkage=0.02


Tree=92
num_leaves=15
num_cat=0
split_feature=37 28 22 2 19 12 6 12 47 17 10 12 12 25
split_gain=12.8311 13.1009 13.6106 18.7204 11.9387 10.6401 16.7636 11.2261 9.33887 13.2299 10.5538 10.7421 10.5695 10.4726
threshold=1.1053348778650069 4.3174012751447366 0.23399797062315783 -0.0046189401576677081 -0.47743309634469183 0.057245749732078133 0.00305861763449396 0.069551170942373841 -0.25881904510252068 0.61885369905551424 0.0096773393640863098 0.0009772888703215596 -0.0070708007607488393 -2.4999999999999996
decision_type=2 2 2 2 2 2 2 2 2 2 2 2 2 2
left_child=-1 2 3 -2 -5 8 7 -7 10 -10 11 12 13 -4
right_child=1 -3 5 4 -6 6 -8 -9 9 -11 -12 -13 -14 -15
leaf_value=-0.002425055572551692 0.0045708247251623523 0.0080054702684823516 0.0032232747140215137 0.0024287502495992539 -0.00025636430800736519 0.010078027488176749 -0.0040827622090335207 0.0020991757777492877 -0.0023638391238255483 0.00083791853667199287 0.001149962354489561 -0.0049467343983931955 0.0034219047690200624 -0.0033282780687996926
leaf_weight=822.01712928712368 499.19339220225811 79.779621258378029 110.60865242779255 890.41216972470284 2541.8071029037237 97.932416960597038 118.02816216647625 236.1444216221571 734.13431948423386 1706.8232572078705 337.02342331409454 553.15298244357109 147.00607651472092 648.83356194198132
leaf_count=3320 2020 321 444 3620 10243 394 475 951 2955 6865 1356 2221 590 2604
internal_value=-4.44056e-05 0.00018177 0.000104771 0.000972053 0.000442748 -0.00062254 0.00227796 0.00455224 -0.000934313 -0.000127895 -0.00202654 -0.00276142 -0.00140804 -0.00235924
internal_weight=9522.9 8700.88 8621.1 3931.41 3432.22 4689.69 452.105 334.077 4237.58 2440.96 1796.62 1459.6 906.448 759.442
internal_count=38379 35059 34738 15883 13863 18855 1820 1345 17035 9820 7215 5859 3638 3048
is_linear=0
shrinkage=0.02


Tree=93
num_leaves=15
num_cat=0
split_feature=1 4 19 37 44 40 44 3 11 29 4 8 21 42
split_gain=16.6967 10.3566 9.68773 9.12404 9.1125 10.4712 8.40763 8.089 8.00335 7.99706 8.88361 7.98668 7.67534 7.72161
threshold=-0.0004601013059446311 -0.0029699766587684613 -0.42651041810624102 15.929291263737177 2.3029156879222117 1.9329945222096054 2.7870612191579842 -0.00027726577659247783 -0.024243641983157701 4.4737643249308308 0.0027033706137617242 -0.014328667080079646 0.71029335451985542 0.45648948942752327
decision_type=2 2 2 2 2 2 2 2 2 2 2 2 2 2
left_child=4 7 8 6 11 -6 12 -2 -3 -10 -11 -1 13 -4
right_child=1 2 3 -5 5 -7 -8 -9 9 10 -12 -13 -14 -15
leaf_value=0.0040299496646958302 -0.00079248069359010996 0.0057175936296541127 0.0011087430265691999 0.0049965437395585186 -0.0078981801665213534 0.0011794170915669919 0.0048337133146535921 0.00271620636751255 -0.00094592914491141141 0.0071611399232331266 -0.0026849923938163244 0.0010272964257957607 0.0022835462700266703 -0.0023450774445949612
leaf_weight=389.95708711445332 461.90684498846531 112.80520038306713 282.10147409141064 79.958371669054031 89.331306889653206 107.80491568148136 73.500522583723068 599.31571075320244 601.74314686655998 108.41511425375938 50.94723916053772 3535.2037274539471 170.21018314361572 2823.6272719800472
leaf_count=1581 1861 456 1134 322 361 435 295 2416 2425 438 205 14242 683 11383
internal_value=0.00016209 -0.000573227 -0.00100954 -0.00148817 0.00111853 -0.00302767 -0.00165019 0.00119246 0.000866516 0.000114903 0.00402746 0.00133035 -0.00180282 -0.00203008
internal_weight=9486.83 5364.53 4303.31 3429.4 4122.3 197.136 3349.44 1061.22 873.911 761.106 159.362 3925.16 3275.94 3105.73
internal_count=38237 21618 17341 13817 16619 796 13495 4277 3524 3068 643 15823 13200 12517
is_linear=0
shrinkage=0.02


Tree=94
num_leaves=15
num_cat=0
split_feature=8 29 33 39 31 27 42 20 6 16 48 6 8 44
split_gain=16.1167 10.6041 8.62626 13.458 11.2759 8.98887 8.69658 12.9983 8.6201 10.7287 12.0133 8.42172 8.45492 8.41277
threshold=-0.0038880671689796946 4.4737643249308308 59.72948268635168 -0.24388631924675638 -1.1353519936983278 0.95670634385855202 0.51213341577398352 -0.19958726782013886 -0.0020675191130012506 0.0044259355653292259 1.0000000180025095e-35 -0.00065219882012481137 -0.0074544935430741165 0.46718574368057875
decision_type=2 2 2 2 2 2 2 2 2 2 2 2 2 2
left_child=1 13 4 8 -2 -6 7 -5 9 -4 -11 -3 -13 -1
right_child=2 11 3 6 5 -7 -8 -9 -10 10 -12 12 -14 -15
leaf_value=0.0017996750713949283 -0.004263664821701825 0.0094028369735476586 0.0012365470518468365 0.0058894716288259343 0.0001446869668053463 0.0082549108426564124 -0.002439835793891973 -0.00017163173402429637 -0.0022239431803602193 -0.013013921354815506 -0.0016860621282775866 0.0069273863535278448 -0.0013670656062783825 -0.00072296539056532292
leaf_weight=1400.979100227356 228.53174933791161 101.33795523643494 51.203729212284088 163.90401241183281 4048.9917317926884 50.415977656841278 476.35136178135872 871.61319874227047 882.11807619035244 105.12125627696514 59.265640795230865 82.62784107029438 108.93085688352585 844.03451679646969
leaf_count=5664 919 411 207 658 16277 203 1922 3516 3566 426 240 335 440 3411
internal_value=-3.78706e-05 0.00132433 -0.00053679 -0.00144382 1.11501e-05 0.000254364 -0.000217631 0.000811424 -0.003124 -0.00667284 -0.00910026 0.00487135 0.00229591 0.000851765
internal_weight=9475.43 2537.91 6937.52 2609.58 4327.94 4099.41 1511.87 1035.52 1097.71 215.591 164.387 292.897 191.559 2245.01
internal_count=38195 10261 27934 10535 17399 16480 6096 4174 4439 873 666 1186 775 9075
is_linear=0
shrinkage=0.02


Tree=95
num_leaves=15
num_cat=0
split_feature=25 10 38 44 10 3 1 1 27 37 11 11 44 5
split_gain=15.0688 9.54262 16.1331 11.1077 9.82269 11.6614 10.0155 11.8296 9.59132 9.4548 9.23344 10.5503 14.5508 10.3305
threshold=-1.4999999999999998 -0.00055731346698080985 9.7058375930816556 3.4637328018975317 0.0018879358683992129 -0.00068362253809308284 -0.0020252566295997291 -0.0003370068961027475 -0.020841766929987179 1.7126852151645513 0.05135714979585173 0.023311357609032798 0.29572943150013892 -0.0015586919098203491
decision_type=2 2 2 2 2 2 2 2 2 2 2 2 2 2
left_child=-1 2 -2 4 5 -3 -7 -8 -4 -6 11 13 -13 -11
right_child=1 3 8 -5 9 6 7 -9 -10 10 -12 12 -14 -15
leaf_value=0.0013337112837473321 -0.00022800733634998659 -0.0074067503446869146 0.0073790380229273572 0.006569054167643442 -0.0023508756641695164 -0.0093232981128822841 0.0068921087375371868 -0.0022165879808325566 0.00061494997001262724 0.0026703082581814607 0.0060880019588249821 -0.0059773560482481274 0.0041978173709485327 -0.00072421778372245107
leaf_weight=2185.8984363079071 2867.7228952944279 212.57381576299667 184.15425743162632 67.563914999365807 1208.5690401494503 50.859060004353523 69.039677396416664 243.29030911624432 152.39633521437645 479.59197606146336 85.792101040482521 249.40990050137043 68.272907584905624 1374.5770009309053
leaf_count=8848 11533 855 743 271 4879 204 277 980 613 1930 346 1006 275 5535
internal_value=-0.000121469 -0.000556997 0.000260983 -0.00119433 -0.00133206 -0.00374055 -0.00152329 -0.000126265 0.00436997 -0.000927176 -0.000161525 -0.000421809 -0.00375946 0.000158617
internal_weight=9499.71 7313.81 3204.27 4109.54 4041.98 575.763 363.189 312.33 336.551 3466.21 2257.64 2171.85 317.683 1854.17
internal_count=38295 29447 12889 16558 16287 2316 1461 1257 1356 13971 9092 8746 1281 7465
is_linear=0
shrinkage=0.02


Tree=96
num_leaves=15
num_cat=0
split_feature=41 4 22 3 11 38 40 9 24 9 23 2 40 32
split_gain=13.0473 11.3469 10.9254 7.98812 8.63866 12.8206 7.9574 7.93336 15.9587 11.9127 9.56605 11.8006 9.37198 9.26594
threshold=0.48067130830937244 -0.00097293766765079793 0.14900083894318664 -0.0033198789915691259 -0.029450336698044702 3.9044167274772743 0.43435287618602841 -0.026570387581327383 0.56384336347028596 -0.0023098260124331236 0.48247819961245353 0.00081217384994150771 0.89957507647029133 -0.029122214744147664
decision_type=2 2 2 2 2 2 2 2 2 2 2 2 2 2
left_child=1 6 3 -3 -5 -6 -1 8 -2 10 11 -9 -11 -14
right_child=7 2 -4 4 5 -7 -8 9 -10 12 -12 -13 13 -15
leaf_value=0.0064909794127544045 0.00056256317366281685 0.0074276590533329835 -0.0008211204226119379 0.0083143595657771425 -0.004628240029286663 0.0023956027643014925 0.0017425778885510387 0.009922828091464983 -0.010175136670697664 -0.0020175031612378372 0.0004205669824184003 -0.0018177589662018287 -0.0033646223391869531 0.00063083651199644054
leaf_weight=155.79326085746288 120.03665673732758 94.938987165689468 1705.6337771266699 56.899467766284943 140.6839609593153 358.02952499687672 1234.7431277781725 90.487909555435181 96.983990982174873 2101.2894777208567 1589.7468269169331 51.274153470993042 272.29407200217247 1421.9283790886402
leaf_count=629 486 387 6867 232 570 1450 4989 364 389 8477 6396 206 1095 5725
internal_value=-5.07513e-05 0.000866749 2.02208e-05 0.00221551 0.00126659 0.000387947 0.00229593 -0.000649451 -0.00435707 -0.000500064 0.000872967 0.0057591 -0.00112676 -1.93214e-05
internal_weight=9490.76 3746.72 2356.19 650.552 555.613 498.713 1390.54 5744.04 217.021 5527.02 1731.51 141.762 3795.51 1694.22
internal_count=38262 15124 9506 2639 2252 2020 5618 23138 875 22263 6966 570 15297 6820
is_linear=0
shrinkage=0.02


Tree=97
num_leaves=15
num_cat=0
split_feature=38 24 1 21 41 35 8 41 42 16 4 45 42 12
split_gain=12.0749 10.5272 9.92031 12.4362 11.8631 12.1295 12.9628 11.6506 10.9955 10.1738 10.8796 9.79882 9.54059 13.1745
threshold=1.1387424130408716 0.122086120379045 0.00024573786381293247 0.054614538351724688 0.47270140304559377 1.4102668786563475 -0.0019573779774882984 0.46649695393767721 0.47964906962668574 0.0043475321586417875 2.7835071169074232e-05 0.65819027817109033 0.45567116616778702 -0.027709021767942578
decision_type=2 2 2 2 2 2 2 2 2 2 2 2 2 2
left_child=12 -2 -3 -4 7 6 -6 -5 9 10 -8 -11 -1 -14
right_child=1 2 3 4 5 -7 8 -9 -10 11 -12 -13 13 -15
leaf_value=-0.0028650656852112961 0.0016156111901179727 4.3616387968527764e-05 -0.0042640783835918303 0.00016000616659158536 0.001382992271412944 0.0062534747373341549 -0.0073705478325640488 0.0068257557863168738 -0.0031978430135669567 0.0072855701010046464 0.0034497060721027919 -0.0027042943614613247 0.0015220065223404051 0.0084880649118325956
leaf_weight=107.95411813259125 928.93206177651882 4174.6621173620224 508.70232516527176 727.26840823888779 402.65492656826973 71.050613895058632 85.66779038310051 117.61089339852333 1644.0237311571836 116.59354008734226 59.063887625932693 54.822037175297737 376.67226310074329 149.32540333271027
leaf_count=438 3769 16801 2054 2923 1617 286 345 473 6636 469 238 222 1526 604
internal_value=-0.000203056 -0.000393696 -0.000628986 -0.00136943 -0.000914515 -0.00162252 -0.00187206 0.00112261 -0.00254252 0.00086201 -0.00298714 0.00410452 0.00245278 0.0035609
internal_weight=9525 8891.05 7962.12 3787.46 3278.76 2433.88 2362.83 844.879 1960.17 316.147 144.732 171.416 633.952 525.998
internal_count=38401 35833 32064 15263 13209 9813 9527 3396 7910 1274 583 691 2568 2130
is_linear=0
shrinkage=0.02


Tree=98
num_leaves=15
num_cat=0
split_feature=25 11 35 24 34 6 37 8 20 2 37 23 24 49
split_gain=15.5873 10.4613 11.7561 11.4119 9.01168 19.0115 8.98633 8.0439 9.17595 8.8406 8.43396 7.86371 7.70803 8.11045
threshold=-1.4999999999999998 0.018457580727469166 1.4102668786563475 0.33939953253411637 70.26480685598797 0.0049842470010965376 0.93304994050166501 0.0034633053529421628 0.19581475249929969 0.0015803385926107113 2.174787978390134 1.0291959677637503 0.10939470191148594 0.81174490092936691
decision_type=2 2 2 2 2 2 2 2 2 2 2 2 2 2
left_child=12 -2 3 -3 7 6 -6 8 10 -9 -5 -10 -1 -14
right_child=1 2 -4 4 5 -7 -8 9 11 -11 -12 -13 13 -15
leaf_value=0.0039215478033674932 -0.00012367624144470388 0.00064806671986782462 0.0059411435194345894 0.0053340640425703972 -0.0056286424849276004 0.0083903675674215656 0.0025753602594439794 -0.0091907778022466153 -0.0058696190698760064 -0.0032720225078103249 -0.0031312627653878483 0.0014119924216309616 0.001375156054758083 -0.0023829096253093554
leaf_weight=386.00448454916477 5594.7927345484495 409.86876401305199 68.599689081311226 90.584292411804199 159.38323366641998 72.712858274579048 75.544544577598572 202.24580496549606 275.52946309745312 213.70131058990955 88.136811077594757 73.079902559518814 1550.2863079756498 264.84229326248169
leaf_count=1582 22515 1649 276 364 646 294 305 821 1110 865 354 294 6261 1069
internal_value=-0.000100899 -0.000544494 -0.00190162 -0.00224243 -0.00318832 -0.000210413 -0.00299183 -0.0041533 -0.00247616 -0.00622488 0.00118776 -0.00434477 0.00137303 0.000821783
internal_weight=9525.31 7324.18 1729.39 1660.79 1250.92 307.641 234.928 943.278 527.33 415.947 178.721 348.609 2201.13 1815.13
internal_count=38405 29493 6978 6702 5053 1245 951 3808 2122 1686 718 1404 8912 7330
is_linear=0
shrinkage=0.02


Tree=99
num_leaves=15
num_cat=0
split_feature=25 10 38 32 7 42 45 43 8 5 26 47 38 22
split_gain=12.4555 9.5503 14.5748 11.7241 10.2817 9.15193 14.3417 11.7648 9.15207 10.5262 12.3333 8.91864 16.5864 14.9792
threshold=-1.4999999999999998 -0.0011402703330474447 9.6273696146770149 -0.15609505900731743 0.010517072990648564 0.49510048953364499 -1.4739990144470367 -0.018357243110739524 -0.0016350355707405177 -0.0028406565732534178 -0.063813559946487117 0.12940952255126043 3.6663397800318598 0.083974291270411727
decision_type=2 2 2 2 2 2 2 2 2 2 2 2 2 2
left_child=5 2 4 -3 -2 7 -7 8 -1 -10 -11 13 -13 -5
right_child=1 3 -4 11 -6 6 -8 -9 9 10 -12 12 -14 -15
leaf_value=0.0024959096717358316 -3.4625978863997435e-05 -0.0049968584686912376 0.0046818169647289748 0.0033547774484197976 0.0082810072685880597 -0.0041921240097787848 0.0041366051483825769 -0.0031255816164941575 0.0058511801738099683 -0.0074437277462955503 0.0016992149201403225 0.0028824819901991671 -0.0024421435372653203 -0.00060148775867398089
leaf_weight=822.70934872329235 2678.5128111243248 250.75955404341221 311.79592436552048 485.22550629079342 55.824942037463188 89.461767196655273 709.0625454634428 280.4253806322813 55.673823788762093 130.90043345093727 101.57468485832214 272.09802928566933 1519.3998674601316 1742.4416665285826
leaf_count=3347 10773 1010 1257 1952 225 364 2862 1133 225 529 408 1095 6132 7018
internal_value=0.000162076 -0.000234199 0.000620737 -0.000844117 0.000149953 0.00148353 0.00318323 0.000500091 0.00142526 -0.00162204 -0.00349726 -0.000579136 -0.00162765 0.00026584
internal_weight=9505.87 7316.06 3046.13 4269.92 2734.34 2189.81 798.524 1391.28 1110.86 288.149 232.475 4019.17 1791.5 2227.67
internal_count=38330 29462 12255 17207 10998 8868 3226 5642 4509 1162 937 16197 7227 8970
is_linear=0
shrinkage=0.02


end of trees

feature_importances:
close_pos=95
ret_lag2=86
tod_cos=83
lower_wick_frac=81
ema8_dist=78
vol_rel_4=44
taker_ratio=44
ret_32=39
body=33
upper_wick_frac=32
ret_lag3=30
ret_4=30
trades_z=30
rsi7=29
vol_96=27
up_streak=27
dist_low_96=27
body_frac=25
range_atr=25
taker_ratio_8=25
ret_lag5=24
ret_96=24
bb_pos=24
macd_hist=23
taker_delta_z=22
vol_ratio_8_96=21
dist_high_96=21
dow_sin=21
ret_lag7=20
bb_width=19
ret_1=18
ret_lag6=18
vol_z=18
ret_lag8=17
ret_8=17
ret_16=17
ema200_dist=17
macd=17
ema8_20=16
tod_sin=16
rsi14=15
vol_8=14
vwap_dist=14
ret_lag4=13
ema20_dist=13
ema50_dist=12
vol_16=11
vol_48=11
atr14_pct=11
dow_cos=6

parameters:
[boosting: gbdt]
[objective: binary]
[metric: binary_logloss]
[tree_learner: serial]
[device_type: cpu]
[data_sample_strategy: bagging]
[data: ]
[valid: ]
[num_iterations: 100]
[learning_rate: 0.02]
[num_leaves: 15]
[num_threads: 0]
[seed: 42]
[deterministic: 0]
[force_col_wise: 0]
[force_row_wise: 0]
[histogram_pool_size: -1]
[max_depth: -1]
[min_data_in_leaf: 200]
[min_sum_hessian_in_leaf: 0.001]
[bagging_fraction: 0.8]
[pos_bagging_fraction: 1]
[neg_bagging_fraction: 1]
[bagging_freq: 1]
[bagging_seed: 400]
[bagging_by_query: 0]
[feature_fraction: 0.7]
[feature_fraction_bynode: 1]
[feature_fraction_seed: 30056]
[extra_trees: 0]
[extra_seed: 12879]
[early_stopping_round: 0]
[early_stopping_min_delta: 0]
[first_metric_only: 0]
[max_delta_step: 0]
[lambda_l1: 0]
[lambda_l2: 5]
[linear_lambda: 0]
[min_gain_to_split: 0]
[drop_rate: 0.1]
[max_drop: 50]
[skip_drop: 0.5]
[xgboost_dart_mode: 0]
[uniform_drop: 0]
[drop_seed: 17869]
[top_rate: 0.2]
[other_rate: 0.1]
[min_data_per_group: 100]
[max_cat_threshold: 32]
[cat_l2: 10]
[cat_smooth: 10]
[max_cat_to_onehot: 4]
[top_k: 20]
[monotone_constraints: ]
[monotone_constraints_method: basic]
[monotone_penalty: 0]
[feature_contri: ]
[forcedsplits_filename: ]
[refit_decay_rate: 0.9]
[cegb_tradeoff: 1]
[cegb_penalty_split: 0]
[cegb_penalty_feature_lazy: ]
[cegb_penalty_feature_coupled: ]
[path_smooth: 0]
[interaction_constraints: ]
[verbosity: -1]
[saved_feature_importance_type: 0]
[use_quantized_grad: 0]
[num_grad_quant_bins: 4]
[quant_train_renew_leaf: 0]
[stochastic_rounding: 1]
[linear_tree: 0]
[max_bin: 255]
[max_bin_by_feature: ]
[min_data_in_bin: 3]
[bin_construct_sample_cnt: 200000]
[data_random_seed: 175]
[is_enable_sparse: 1]
[enable_bundle: 1]
[use_missing: 1]
[zero_as_missing: 0]
[feature_pre_filter: 1]
[pre_partition: 0]
[two_round: 0]
[header: 0]
[label_column: ]
[weight_column: ]
[group_column: ]
[ignore_column: ]
[categorical_feature: ]
[forcedbins_filename: ]
[precise_float_parser: 0]
[parser_config_file: ]
[objective_seed: 16083]
[num_class: 1]
[is_unbalance: 0]
[scale_pos_weight: 1]
[sigmoid: 1]
[boost_from_average: 1]
[reg_sqrt: 0]
[alpha: 0.9]
[fair_c: 1]
[poisson_max_delta_step: 0.7]
[tweedie_variance_power: 1.5]
[lambdarank_truncation_level: 30]
[lambdarank_norm: 1]
[label_gain: ]
[lambdarank_position_bias_regularization: 0]
[eval_at: ]
[multi_error_top_k: 1]
[auc_mu_weights: ]
[num_machines: 1]
[local_listen_port: 12400]
[time_out: 120]
[machine_list_filename: ]
[machines: ]
[gpu_platform_id: -1]
[gpu_device_id: -1]
[gpu_device_id_list: ]
[gpu_use_dp: 0]
[num_gpu: 1]

end of parameters

pandas_categorical:[]
