tree
version=v4
num_class=1
num_tree_per_iteration=1
label_index=0
max_feature_idx=49
objective=binary sigmoid:1
feature_names=ret_1 ret_lag2 ret_lag3 ret_lag4 ret_lag5 ret_lag6 ret_lag7 ret_lag8 ret_4 ret_8 ret_16 ret_32 ret_96 vol_8 vol_16 vol_48 vol_96 vol_ratio_8_96 atr14_pct body body_frac upper_wick_frac lower_wick_frac range_atr close_pos up_streak ema8_dist ema20_dist ema50_dist ema200_dist ema8_20 macd macd_hist rsi7 rsi14 bb_pos bb_width dist_high_96 dist_low_96 vol_z vol_rel_4 taker_ratio taker_ratio_8 taker_delta_z trades_z vwap_dist tod_sin tod_cos dow_sin dow_cos
feature_infos=[-0.055141835218203317:0.061412476641122482] [-0.045888061084904667:0.053934205405202447] [-0.045888061084904667:0.053934205405202447] [-0.045888061084904667:0.053934205405202447] [-0.045888061084904667:0.053934205405202447] [-0.045888061084904667:0.053934205405202447] [-0.045888061084904667:0.053934205405202447] [-0.045888061084904667:0.053934205405202447] [-0.076852666263586222:0.079263594013340072] [-0.087656142628557629:0.088904151174180338] [-0.095656779607744435:0.10379940994527762] [-0.16086313412163586:0.11739001663317057] [-0.20321533631890926:0.1531752393551099] [8.3328446272394174e-05:0.023787281011381473] [0.00012793713082130735:0.016587793488788787] [0.00027925010500431404:0.012963544373978651] [0.00033064545364401045:0.011433003667545155] [0.081326556587603571:3.4901381099095925] [0.00022853156298501752:0.021608410194192122] [-6.0405981702575691:7.5345253284470468] [-1:1] [0:1] [0:1] [0.00014748801259109186:9.4185185884844262] [0:1] [-16:11] [-5.4398053466934089:6.4372086782806832] [-7.2076182569310321:7.7991396014408867] [-8.8704661944770837:9.3447418758598566] [-15.220302573529011:16.967742988452006] [-2.8850217659877289:2.7815889501522437] [-2.9100750760143339:2.489387230728088] [-1.0160265836966857:0.97275509917166292] [1.2169061556917597:98.878241920846662] [6.3844836505069367:96.636091109524457] [-2.0249810277491482:2.0750368778557475] [0.00063127671600151172:0.15621570161506912] [0:59.102770523963898] [0:45.150412088014022] [-1.907046120398517:9.4666312771250585] [0.071400840495489018:11.52786315992217] [0.069462172549341353:0.94422612632830194] [0.22809632849505568:0.74268557366398547] [-15.216892182735444:9.1877533236813171] [-2.2568860798652479:9.3337601739711538] [-4.8496252162189561:6.2653277596820081] [-1:1] [-1:1] [-0.97492791218182362:0.97492791218182362] [-0.90096886790241903:1]
tree_sizes=1792 1799 1807 1826 1816 1813 1816 1815 1801 1813 1814 1812 1809 1811 1813 1806 1824 1805 1817 1814 1798 1815 1810 1811 1799 1827 1818 1812 1817 1812 1817 1816 1818 1812 1815 1808 1822 1804 1803 1810 1814 1809 1816 1809 1811 1805 1815 1810 1800 1812 1813 1815 1809 1820 1814 1808 1821 1811 1823 1816 1817 1814 1835 1821 1819 1814 1822 1815 1814 1810 1815 1806 1819 1811 1807 1803 1813 1812 1808 1821 1827 1810 1814 1815

Tree=0
num_leaves=15
num_cat=0
split_feature=26 26 24 24 24 26 21 1 17 48 6 48 31 37
split_gain=274.879 118.076 45.8055 35.9864 35.9429 22.2912 20.2951 17.7088 17.5009 17.3398 16.777 14.8404 14.7698 14.2451
threshold=-0.42666638163207682 0.67706737656793414 0.439034348313801 0.13086126429899939 0.30706459567376443 -0.76673832700736078 0.36702548887042336 6.4003569068198072e-05 1.4484094134668994 -0.60785761079279388 -0.0012672397713134498 -0.60785761079279388 -0.42651181871621285 2.0789026832648383
decision_type=2 2 2 2 2 2 2 2 2 2 2 2 2 2
left_child=4 3 -3 13 5 -1 7 -5 -6 12 -8 -4 -7 -2
right_child=1 2 11 6 8 9 10 -9 -10 -11 -12 -13 -14 -15
leaf_value=0.011723791827386506 0.003615366895838368 0.0053817869885469513 -0.0029615152182477676 0.0044114841685508558 0.0077684535738483324 0.0043095333831239518 0.0083854871089479067 0.0024539177509467604 0.0033368813693331655 0.0067043266989010412 0.004661454410698449 0.00023666813722973169 0.013956552058340909 0.0079183847379473236
leaf_weight=1742.7397162765265 383.74773554503918 602.24644620716572 821.24515391886234 3935.9767742156982 1927.2386275678873 80.499524980783463 617.74635474383831 3485.2294340282679 433.74744050204754 900.74468480050564 2167.9872069358826 2124.9874606728554 285.74831382930279 1501.4911398589611
leaf_count=6971 1535 2409 3285 15744 7709 322 2471 13941 1735 3603 8672 8500 1143 6006
internal_value=0.00490493 0.00356434 0.000359238 0.00450637 0.00880658 0.0102549 0.00403729 0.00349114 0.00695279 0.00821548 0.00549209 -0.000666563 0.0118572 0.00704149
internal_weight=21011.4 15640.7 3548.48 12092.2 5370.72 3009.73 10206.9 7421.21 2360.99 1266.99 2785.73 2946.23 366.248 1885.24
internal_count=84046 62563 14194 48369 21483 12039 40828 29685 9444 5068 11143 11785 1465 7541
is_linear=0
shrinkage=1


Tree=1
num_leaves=15
num_cat=0
split_feature=26 26 38 20 17 26 21 25 47 29 21 5 29 38
split_gain=254.561 127.122 30.7647 24.9726 29.9185 24.5431 23.2789 19.8826 19.0618 17.9388 15.2237 19.2331 15.559 14.7547
threshold=-0.42666638163207682 0.67706737656793414 4.2666031439680916 -0.44220052456414233 1.4094247673983602 -0.76673832700736078 0.31350165946835296 1.5000000000000002 0.47114434510950071 3.4462702268105407 0.11301537500807891 -0.001877135235953741 3.4996600954909201 1.4419418024144266
decision_type=2 2 2 2 2 2 2 2 2 2 2 2 2 2
left_child=3 2 7 5 -5 9 -3 -2 10 -1 11 -4 -13 -9
right_child=1 6 8 4 -6 -7 -8 13 -10 -11 -12 12 -14 -15
leaf_value=0.005740513351657821 0.0018515608792827754 -0.0056903170667165501 -0.008733546590670856 0.0033387086738626511 -0.0021979591865606139 0.0027095250400654158 -0.0021857537767464713 0.0060637675229718163 -0.0024021810403590136 0.012371803611135363 0.00042056815119107633 -0.0029044791704433992 0.0013231507404244864 -0.0019512130876541492
leaf_weight=1601.2008379846811 3164.4780728518963 2468.747492864728 146.2494150698185 1939.2158883959055 484.74623608589172 1171.9779598414898 1106.2463674098253 95.999525934457779 2758.2337866425514 182.49430586397648 3415.9782483428717 872.99588537216187 573.24746954441071 1026.4959539324045
leaf_count=6405 12658 9875 585 7757 1939 4688 4425 384 11033 730 13664 3492 2293 4106
internal_value=-9.43295e-06 -0.00130117 -0.000318172 0.00374098 0.00222924 0.00497492 -0.00461043 0.00104107 -0.00106862 0.00645166 -0.000332544 -0.00194427 -0.00122999 -0.00124189
internal_weight=21008.3 15628.7 12053.7 5379.64 2423.96 2955.67 3574.99 4286.97 7766.7 1783.7 5008.47 1592.49 1446.24 1122.5
internal_count=84034 62515 48215 21519 9696 11823 14300 17148 31067 7135 20034 6370 5785 4490
is_linear=0
shrinkage=0.02


Tree=2
num_leaves=15
num_cat=0
split_feature=33 33 24 24 33 24 12 37 48 10 24 1 17 41
split_gain=234.379 80.5449 49.2303 30.242 28.548 25.8288 24.322 22.0813 20.6044 19.1009 15.9208 15.3734 15.1699 15.1298
threshold=55.29794938603348 35.488064038425605 0.58260237230796552 0.56414271175511477 65.188788274711698 0.3195546105998141 -0.0099840758804805169 1.2920136121051427 -1.0000000180025095e-35 0.015487188597380786 0.13086126429899939 0.00028514147498111058 1.6951720876415033 0.37450809612698327
decision_type=2 2 2 2 2 2 2 2 2 2 2 2 2 2
left_child=1 3 7 11 -4 13 -7 9 -6 -2 -9 -1 -12 -3
right_child=2 5 4 -5 8 6 -8 10 -10 -11 12 -13 -14 -15
leaf_value=0.0060447007214974677 -0.0056715517996052834 0.0039792719044433305 -0.0023888841412412131 0.00079297070293566697 -0.0076992275343543406 0.0018895565043135507 -0.00098562435119929062 0.0029748650352751449 -0.0039223460719437679 0.0015724129939631002 -0.0012156807868710974 0.0025160031825464521 0.0059229258903817014 0.0011707959680755976
leaf_weight=2117.88039059937 548.99804885685444 1087.9711728841066 2420.7382045537233 798.23251149058342 984.23828937113285 1658.2346773296595 4019.7171440273523 596.99361535906792 1445.991306617856 194.99940493702888 1809.491502404213 657.21406334638596 122.49949879944324 2598.6982663273811
leaf_count=8472 2196 4352 9683 3193 3937 6633 16079 2388 5784 780 7238 2629 490 10395
internal_value=5.64663e-06 0.00167727 -0.00265592 0.0042297 -0.00393381 0.000701581 -0.00014501 -0.000758811 -0.00546464 -0.00377511 0.000134246 0.00521504 -0.000748931 0.00200387
internal_weight=21061.9 12937.9 8123.95 3573.33 4850.97 9364.62 5677.95 3272.98 2430.23 743.997 2528.98 2775.09 1931.99 3686.67
internal_count=84249 51753 32496 14294 19404 37459 22712 13092 9721 2976 10116 11101 7728 14747
is_linear=0
shrinkage=0.02


Tree=3
num_leaves=15
num_cat=0
split_feature=26 26 24 37 24 1 24 1 1 14 21 10 13 48
split_gain=226.458 112.703 32.0181 26.4137 24.11 23.6291 18.9347 19.0925 20.0332 17.4437 17.2408 14.0621 13.9568 13.8917
threshold=-0.42666638163207682 0.68813122098672908 0.6766326034248612 1.5693401525773651 0.56414271175511477 -0.00028929635450085822 0.13086126429899939 7.9847903214290262e-05 0.0019616330003787512 0.0017979168471200966 0.27539880191560401 -0.014768708842777681 0.0010948357256999031 -0.60785761079279388
decision_type=2 2 2 2 2 2 2 2 2 2 2 2 2 2
left_child=4 3 9 -2 5 -1 12 -8 10 -3 -9 -10 -5 -4
right_child=1 2 13 6 -6 -7 7 8 11 -11 -12 -13 -14 -15
leaf_value=0.0054018118844906459 -0.0030079816128329123 -0.0044360348195597614 -0.0084393544614589731 -0.00088365177743867079 0.00090703517724446449 0.0023455169117765884 0.00050409217557649186 -0.0032409295298114682 -0.0064061188113545189 0.00026588054077866319 -0.00033128701312700761 0.0018666170351403261 0.0031263854162138526 -0.0048598009957467395
leaf_weight=2571.517966657877 1316.4950152933598 575.49346220493317 617.46390573680401 489.48734201490879 1131.9709620773792 1686.8748824298382 4787.716220036149 2003.9937792122364 85.249205768108368 690.49460956454277 1372.2405777275562 927.24482005834579 1173.7209002822638 1582.4620409756899
leaf_count=10287 5266 2302 2470 1958 4528 6748 19151 8016 341 2762 5489 3709 4695 6330
internal_value=-2.64927e-05 -0.00124619 -0.0044248 -0.000338467 0.00350624 0.00419529 -1.30129e-05 -0.000369147 -0.00132126 -0.00188056 -0.00206057 0.00114202 0.00194711 -0.00588135
internal_weight=21012.4 15622.1 3465.91 12156.1 5390.36 4258.39 10839.7 9176.44 4388.73 1265.99 3376.23 1012.49 1663.21 2199.93
internal_count=84052 62489 13864 48625 21563 17035 43359 36706 17555 5064 13505 4050 6653 8800
is_linear=0
shrinkage=0.02


Tree=4
num_leaves=15
num_cat=0
split_feature=45 26 43 24 12 26 0 24 17 47 46 43 35 39
split_gain=219.856 93.9332 34.8656 26.6333 25.7656 24.2998 22.4861 20.6399 19.9543 15.3957 14.998 14.1631 13.895 13.4391
threshold=-0.68723644196527645 0.68813122098672908 -0.041612247725920724 0.30706459567376443 -0.00030930890612734129 -0.75317636776752417 -0.0013891365424477773 0.097896683076462446 1.4484094134668994 0.99465189230620699 -0.097964660725097477 0.13534543390741188 0.54118912284179266 -0.97897955552433624
decision_type=2 2 2 2 2 2 2 2 2 2 2 2 2 2
left_child=3 2 7 5 12 11 -3 -2 -5 -6 -9 -1 13 -4
right_child=1 6 4 8 9 -7 -8 10 -10 -11 -12 -13 -14 -15
leaf_value=0.0067476947668051257 0.0035293936310107029 0.0033604819156644369 0.0065061161388858813 0.0029038614564394077 -0.0020567626498717512 0.0024606822248284337 -0.0043497974100265395 0.0017135660786170015 -0.0014934070239288801 -0.0092050715917189486 -0.0008152455484304132 -0.0023558621567767663 -0.0029229579458389349 0.00035467345385968964
leaf_weight=1639.453042536974 1045.4519296139479 154.9990066587925 145.24829895794392 2474.6184855103493 3592.9687127023935 1022.9325047135353 3315.0605282783508 1744.7224800437689 491.99086251854897 120.24892681837082 2017.9691784530878 68.989047840237617 498.49567636847496 2623.4628209769726
leaf_count=6559 4182 620 581 9899 14372 4092 13261 6979 1968 481 8072 276 1994 10494
internal_value=0.0001406 -0.0011113 -0.000259337 0.00349109 -0.00116171 0.00491576 -0.00400106 0.00105056 0.00217332 -0.00230032 0.000358057 0.00637428 0.00013388 0.000688528
internal_weight=20956.6 15258.6 11788.6 5697.98 6980.42 2731.37 3470.06 4808.14 2966.61 3713.22 3762.69 1708.44 3267.21 2768.71
internal_count=83830 61036 47155 22794 27922 10927 13881 19233 11867 14853 15051 6835 13069 11075
is_linear=0
shrinkage=0.02


Tree=5
num_leaves=15
num_cat=0
split_feature=26 26 26 21 48 41 37 41 18 47 48 1 38 1
split_gain=221.158 81.9754 47.7222 24.9958 20.2435 19.6612 21.1914 18.61 17.6583 15.5467 15.2564 14.9296 14.8014 13.8553
threshold=-0.18017885563399888 0.67706737656793414 -0.75317636776752417 0.39737300314655705 -1.0000000180025095e-35 0.57641324404684535 1.5693401525773651 0.35328059967202863 0.0040583786484932492 0.47114434510950071 -0.60785761079279388 7.9847903214290262e-05 2.8383516251067609 7.9847903214290262e-05
decision_type=2 2 2 2 2 2 2 2 2 2 2 2 2 2
left_child=2 5 7 10 13 6 -2 -1 12 -5 11 -3 -6 -4
right_child=1 3 4 9 8 -7 -8 -9 -10 -11 -12 -13 -14 -15
leaf_value=0.0075058040176745975 -0.0028689137295218746 -0.0034607423875013463 0.0039423525093255094 0.00085254529769161693 0.0017248047667030269 -0.0023920027888308308 0.00021963366204459284 0.0036888898926152715 0.0028515685391824279 -0.0053012362651365707 -0.0042181024758993161 -0.0094828261041191471 -0.0018082371938501146 0.00057777402894814702
leaf_weight=669.32868695259094 1030.242543309927 251.9555242061615 1461.9157619327307 527.48763404786587 699.46219636499882 2150.48201392591 6269.9122686982155 2232.0747494846582 777.71450209617615 232.74499477446079 2017.8444990664721 519.66390833258629 1448.4339028149843 737.7145859003067
leaf_count=2678 4121 1008 5848 2110 2798 8602 25080 8930 3111 931 8072 2079 5794 2951
internal_value=-7.63817e-05 -0.00168787 0.00253308 -0.00427702 0.00137052 -0.000713623 -0.000217906 0.00458082 0.00027942 -0.00105376 -0.00515201 -0.00755139 -0.000656369 0.00281781
internal_weight=21027 13000.3 8026.64 3549.7 5125.24 9450.64 7300.15 2901.4 2925.61 760.233 2789.46 771.619 2147.9 2199.63
internal_count=84113 52003 32110 14200 20502 37803 29201 11608 11703 3041 11159 3087 8592 8799
is_linear=0
shrinkage=0.02


Tree=6
num_leaves=15
num_cat=0
split_feature=26 26 24 24 41 1 24 37 1 46 26 2 37 7
split_gain=200.16 92.7623 34.2202 32.3938 24.8428 22.6971 21.8994 16.2938 15.7644 13.4785 13.355 13.2963 13.2395 12.5016
threshold=-0.42666638163207682 0.67706737656793414 0.51644081233764261 0.56414271175511477 0.60579018686897967 -0.00021276047677396212 0.58260237230796552 1.2920136121051427 9.6654027694494796e-05 -0.35206144883412549 -1.1104150976175626 -0.0023607067400202666 4.4119021504666831 0.0019211188424781596
decision_type=2 2 2 2 2 2 2 2 2 2 2 2 2 2
left_child=3 2 7 4 5 -1 -3 -2 12 -9 -7 -10 -4 -11
right_child=1 6 8 -5 -6 10 -8 9 11 13 -12 -13 -14 -15
leaf_value=0.0055759978773111804 -0.0030142972792499699 -0.0013594478384019043 -0.0017097527449290773 0.00038302687084434717 -0.0051078908115433867 0.0061920519615864325 -0.0048896832054011862 0.0024912265201685853 0.00092044445483586317 -7.2690114356768328e-05 0.0015647187898140524 -0.0030718284688973424 0.0006638012025488645 0.0034827034212847876
leaf_weight=2586.5746339857578 398.74349369108677 971.47116068005562 1752.4874678701162 1141.1796759963036 108.235291659832 309.16216371953487 2584.307614415884 1922.950767442584 390.99651531875134 2974.6842624247074 1242.0575530230999 2195.4791386127472 2016.723565518856 451.23928555846214
leaf_count=10349 1595 3886 7010 4565 433 1237 10339 7692 1564 11899 4969 8782 8067 1805
internal_value=5.3201e-05 -0.0010909 -0.000255984 0.00337669 0.00417989 0.00442871 -0.00392845 0.000861923 -0.00126682 0.00115343 0.00250389 -0.00246771 -0.000440581 0.000399995
internal_weight=21046.3 15659.1 12103.3 5387.21 4246.03 4137.79 3555.78 5747.62 6355.69 5348.87 1551.22 2586.48 3769.21 3425.92
internal_count=84192 62639 48414 21553 16988 16555 14225 22991 25423 21396 6206 10346 15077 13704
is_linear=0
shrinkage=0.02


Tree=7
num_leaves=15
num_cat=0
split_feature=26 26 12 22 0 27 17 17 23 22 36 1 22 0
split_gain=193.526 86.8735 25.6294 23.0499 21.2143 20.7439 20.6474 17.2352 16.2123 16.1728 14.7366 14.378 14.3116 19.326
threshold=-0.43618966740281168 0.68813122098672908 -0.0054436280191003392 0.17436949205619354 -0.0013891365424477773 -0.99306008170566329 1.2827418570233819 1.4484094134668994 0.54500734923309591 0.062414940478516756 0.02117772065687477 -4.5144944419671407e-05 0.41430251344900554 0.00055046140578133543
decision_type=2 2 2 2 2 2 2 2 2 2 2 2 2 2
left_child=3 2 9 5 -4 8 12 -5 -1 -2 -8 -11 13 -3
right_child=1 6 4 7 -6 -7 10 -9 -10 11 -12 -13 -14 -15
leaf_value=-0.0029070613991348578 0.0032897101874769206 -7.9532178316561912e-05 0.0016869180680765877 0.0027843259848123691 -0.00140463164012791 0.0022615641298456596 -0.0034744774556165355 -0.0012562308121177698 0.0066895923792232035 0.0017661901182308602 0.0016990604875355361 -0.00089672924834940449 -0.0081836050701197469 -0.0050509756343815942
leaf_weight=71.482029139995575 894.9638270586729 380.72110740840435 1011.7160256505013 2510.2033562511206 7033.1299777925014 848.05628800392151 523.15242633223534 504.43477435410023 1388.4854495972395 1431.9628192782402 373.70321494340897 1857.2138933539391 430.65443468093872 1751.8753186017275
leaf_count=286 3580 1523 4047 10043 28133 3393 2093 2018 5556 5728 1495 7429 1723 7009
internal_value=-2.9106e-05 -0.00114716 -0.000354929 0.00326446 -0.00101503 0.00476811 -0.00394258 0.00210727 0.00621141 0.000913951 -0.00132129 0.00026351 -0.00485538 -0.00416571
internal_weight=21011.8 15689.1 12229 5322.66 8044.85 2308.02 3460.11 3014.64 1459.97 4184.14 896.856 3289.18 2563.25 2132.6
internal_count=84056 62760 48917 21296 32180 9235 13843 12061 5842 16737 3588 13157 10255 8532
is_linear=0
shrinkage=0.02


Tree=8
num_leaves=15
num_cat=0
split_feature=33 33 41 19 22 41 21 28 33 40 17 28 22 19
split_gain=198.122 65.917 38.115 22.9769 21.6789 21.6455 18.7487 18.0561 18.0155 14.3524 13.4652 13.8094 13.3352 13.0755
threshold=56.392719450730688 33.693976732457124 0.57183555966938315 -0.55400182961561961 0.24678489433773027 0.58092732202324437 0.19806177622305185 -1.6862365841927474 74.557393209253732 1.5323716262313873 1.2541264522570124 1.3860346744499068 0.20381122479663197 0.0060679962813370335
decision_type=2 2 2 2 2 2 2 2 2 2 2 2 2 2
left_child=1 3 6 -1 5 7 -2 -3 -4 -5 11 12 -8 -6
right_child=2 4 8 9 13 -7 10 -9 -10 -11 -12 -13 -14 -15
leaf_value=0.0059756504591203987 -0.003000739380765068 0.0049524392926836407 -0.0036979677444630011 0.0038364435729370118 0.00065528336024845693 -0.0011012234008682816 0.0028452734063563073 0.0015493589427718777 -0.0077547979196824334 -8.376441447146078e-05 0.002246212939668684 -0.0026196627238508768 -0.0017752332815439457 -0.0014331727707344363
leaf_weight=1349.7778387367725 2141.9665675312281 740.15645858645439 2020.4342914819717 1038.2024092227221 2590.5968488007784 1031.471031576395 496.971475020051 3892.11928576231 564.09140609204769 581.63851499557495 560.21379125118256 1232.151947915554 492.72770592570305 2224.1946248859167
leaf_count=5402 8569 2961 8083 4154 10363 4126 1988 15570 2257 2327 2241 4929 1971 8897
internal_value=-3.00827e-05 0.00142284 -0.00263155 0.00405051 0.000676587 0.0015148 -0.00159649 0.00209787 -0.00459666 0.00243288 -0.000511889 -0.00121079 0.000547566 -0.000309966
internal_weight=20956.7 13448.2 7508.56 2969.62 10478.5 5663.75 4924.03 4632.28 2584.53 1619.84 2782.06 2221.85 989.699 4814.79
internal_count=83838 53800 30038 11883 41917 22657 19698 18531 10340 6481 11129 8888 3959 19260
is_linear=0
shrinkage=0.02


Tree=9
num_leaves=15
num_cat=0
split_feature=26 24 33 26 13 24 29 6 48 24 1 45 18 44
split_gain=169.504 60.383 43.7743 35.5955 20.1544 18.8714 17.999 15.3018 14.7122 15.8585 18.3513 17.1916 14.2289 14.2774
threshold=-0.18017885563399888 0.51644081233764261 65.188788274711698 -0.73831557660297054 0.0031355542369585483 0.56414271175511477 3.3310152619952329 1.6402898834303685e-05 -1.0000000180025095e-35 0.18499034501892353 0.00015871425612667752 -1.1433059519404682 0.0023018716582528628 0.90803564465949305
decision_type=2 2 2 2 2 2 2 2 2 2 2 2 2 2
left_child=3 -2 -3 5 -4 6 -1 -7 9 10 -5 -11 -13 -14
right_child=1 2 4 8 -6 7 -8 -9 -10 11 -12 12 13 -15
leaf_value=0.0040353923296107819 0.00025442253282630659 -0.0015289677252007423 -0.0054565668622642491 0.0075761135037911822 -0.00076476022946558397 0.0031423675548682395 0.0096111439564094715 -0.0041045905442948245 0.00023341144245533994 0.0058320349655026013 0.0010563931643238873 -0.0018859555514971083 0.0036709732345149167 -0.0055866521001179652
leaf_weight=2251.960133343935 4907.3267387449741 5417.7451581507921 2191.9968387037516 410.90829880535603 441.63405081629753 290.46694397926331 257.32933241128922 187.47951233386993 2861.4723424315453 259.2124794870615 298.46426650881767 624.45112082362175 499.45635788142681 72.244153320789337
leaf_count=9013 19630 21672 8771 1644 1767 1162 1030 750 11447 1037 1194 2498 1998 289
internal_value=-8.05114e-05 -0.00149425 -0.00255957 0.00220518 -0.00467274 0.00393265 0.00462517 0.000286608 0.0011756 0.00241764 0.00485957 0.00121483 0.000194141 0.00246282
internal_weight=20972.1 12958.7 8051.38 8013.44 2633.63 2987.24 2509.29 477.946 5026.21 2164.74 709.373 1455.36 1196.15 571.701
internal_count=83902 51840 32210 32062 10538 11955 10043 1912 20107 8660 2838 5822 4785 2287
is_linear=0
shrinkage=0.02


Tree=10
num_leaves=15
num_cat=0
split_feature=45 24 33 26 24 11 38 40 47 11 29 36 12 6
split_gain=174.935 67.3855 40.468 32.5024 25.4117 18.4212 16.9387 16.2423 15.9361 15.3075 13.6919 13.6512 13.588 11.9367
threshold=-0.42157627969800648 0.51644081233764261 63.609143786610922 -0.73831557660297054 0.39605595041129565 0.021439160645115977 3.9871710386989192 1.3864277893573282 0.35206144883412571 -0.0057711182371090229 3.3882664008397474 0.0075071748886738144 -0.0023536258607597953 -0.0040227124310468791
decision_type=2 2 2 2 2 2 2 2 2 2 2 2 2 2
left_child=3 6 12 4 10 -4 -2 9 -8 11 -1 -5 -3 -11
right_child=1 2 5 7 -6 -7 8 -9 -10 13 -12 -13 -14 -15
leaf_value=0.0047774948480923812 0.0021412676875900284 -0.00015374738234582986 -0.0049483091620209745 -0.0020478075993233965 0.0012278297618857942 -0.00046723343213295361 0.00064488045604783829 -0.0014151244175627442 -0.0018366241988671259 0.008344639211167796 0.010096387166343793 0.0048699309495399117 -0.0023001602163693112 0.00089777834883458265
leaf_weight=1879.8986557126045 1523.384645268321 2105.6624540686607 2591.9479876607656 127.4806045293808 840.78154116868973 428.62777999043465 2702.3761606812477 666.68604046106339 1671.1768195778131 84.241550967097282 217.0368777513504 913.6203860193491 2680.1212733536959 2540.2184157371521
leaf_count=7525 6094 8423 10372 510 3364 1715 10810 2667 6685 337 869 3655 10721 10162
internal_value=4.54355e-05 -0.00128489 -0.00250326 0.00255216 0.00417483 -0.00431426 0.000328724 0.00144828 -0.000304341 0.00197029 0.00535072 0.00401713 -0.00135692 0.00115223
internal_weight=20973.3 13703.3 7806.36 7269.96 2937.72 3020.58 5896.94 4332.25 4373.55 3665.56 2096.94 1041.1 4785.78 2624.46
internal_count=83909 54820 31231 29089 11758 12087 23589 17331 17495 14664 8394 4165 19144 10499
is_linear=0
shrinkage=0.02


Tree=11
num_leaves=15
num_cat=0
split_feature=33 26 21 25 22 43 47 12 40 46 6 44 2 26
split_gain=162.23 58.9959 34.2748 25.3313 21.1844 18.817 18.1204 16.991 30.9845 22.7157 16.5369 15.1419 14.4131 15.1981
threshold=56.392719450730688 -0.76673832700736078 0.28081886619353152 4.5000000000000009 0.40365698975038605 -0.09030295002896789 0.99465189230620699 -0.00030930890612734129 0.90372921626578673 -0.5277851165098012 -0.0023607067400202666 -0.45451893091953027 -0.0027839270961780606 -0.5606657895564261
decision_type=2 2 2 2 2 2 2 2 2 2 2 2 2 2
left_child=1 4 3 5 -1 -2 -7 8 9 -3 -11 12 -9 -14
right_child=2 7 -4 -5 -6 6 -8 11 -10 10 -12 -13 13 -15
leaf_value=0.0047938379324640856 -0.00026436354651811233 0.0054362312027980584 -0.00067241986931870063 -0.0095989848165758587 0.00054482411724544649 -0.0034301862969654557 -0.011821461291257449 0.005582301820972733 -0.00050802713944825869 0.0070010498684681182 0.0011580858143156658 0.0010031591586492131 0.0030192372660351563 -0.0019307406542299552
leaf_weight=2237.8377608656883 785.38598771393299 855.40846392512321 3006.9034447968006 247.61119244992733 595.32203701138496 3358.9273482859135 102.21691705286503 117.49268265068531 2008.8049906492233 207.22702546417713 2275.041851118207 2467.8014336675406 271.41250374913216 2458.6304116845131
leaf_count=8959 3142 3422 12029 991 2382 13440 409 470 8036 829 9101 9872 1086 9835
internal_value=3.03045e-05 0.00134088 -0.00232684 -0.00343179 0.00390354 -0.00306132 -0.0036947 0.000658391 0.00145392 0.00263372 0.00165897 -0.000142411 -0.00113523 -0.00143401
internal_weight=20996 13495 7501.04 4494.14 2833.16 4246.53 3461.14 10661.8 5346.48 3337.68 2482.27 5315.34 2847.54 2730.04
internal_count=84003 53992 30011 17982 11341 16991 13849 42651 21388 13352 9930 21263 11391 10921
is_linear=0
shrinkage=0.02


Tree=12
num_leaves=15
num_cat=0
split_feature=26 26 24 45 24 6 9 22 11 16 41 16 17 49
split_gain=162.782 56.2503 41.7807 34.1188 26.9195 18.0294 21.8095 17.3253 17.3023 16.7109 15.206 13.9706 13.838 12.2233
threshold=0.16910721927323411 -0.73831557660297054 0.27644478873813338 1.0584509957228578 0.40573452068862842 -0.0016219337864875262 0.0078946427750810292 0.030387139500782132 0.020618967546563862 0.0018566293112568649 0.57641324404684535 0.0026877461441122837 1.6709490191490544 1.0000000180025095e-35
decision_type=2 2 2 2 2 2 2 2 2 2 2 2 2 2
left_child=1 4 -2 10 -1 9 7 11 -5 -3 -4 13 -11 -7
right_child=2 5 3 8 -6 6 -8 -9 -10 12 -12 -13 -14 -15
leaf_value=0.0051714927611412878 0.0012780403788238809 -0.0011126942317943467 -0.00027321063521972005 -0.0044915927983176099 0.0009309308613327464 0.0033323555843244425 0.010970190303525721 -0.000112228843869634 -0.00048658919216744141 0.0044134530087743739 -0.0029310266290125016 0.0070670752034951755 -0.0027297518246953505 -0.00098196802818693754
leaf_weight=2161.5067371875048 1346.4437666237354 353.9635606110096 2435.0589083433151 3110.831982716918 831.01007230579853 608.91545847058296 72.74505178630352 6249.4600438475609 502.34045542776585 1190.1054349839687 1328.0583575218916 212.22154535353184 115.99027515947819 455.94193528592587
leaf_count=8655 5386 1416 9741 12449 3325 2436 291 25000 2010 4761 5313 849 464 1824
internal_value=0.000129546 0.00161595 -0.00195796 -0.00254912 0.00399742 0.000844536 0.000431234 0.000322158 -0.00393622 0.00272954 -0.00121384 0.00244 0.0037711 0.00148913
internal_weight=20974.6 12251.9 8722.73 7376.29 2992.52 9259.34 7599.28 7526.54 3613.17 1660.06 3763.12 1277.08 1306.1 1064.86
internal_count=83920 49021 34899 29513 11980 37041 30400 30109 14459 6641 15054 5109 5225 4260
is_linear=0
shrinkage=0.02


Tree=13
num_leaves=15
num_cat=0
split_feature=24 26 26 25 38 19 13 24 12 40 1 29 26 1
split_gain=154.834 72.2175 66.6533 26.6128 22.1637 19.4655 18.6492 18.0161 16.896 16.1327 15.8386 15.1164 14.0009 13.1607
threshold=0.51644081233764261 0.67706737656793414 -0.76673832700736078 -2.4999999999999996 4.2246473145788066 -1.0660359911033381 0.0017643430664597002 0.8206625729747804 -0.0044597754629847322 1.0956813438051196 7.9847903214290262e-05 3.4462702268105407 0.54498266668193285 0.00035060331299298218
decision_type=2 2 2 2 2 2 2 2 2 2 2 2 2 2
left_child=2 8 11 -4 9 -6 13 -8 -2 -5 -10 -1 -11 -3
right_child=1 6 3 4 5 -7 7 -9 10 12 -12 -13 -14 -15
leaf_value=0.004232867542166726 0.0004759136570433246 -0.0036443216990960643 0.0040895996592346653 0.0031085079996373299 0.0061470013117920878 -0.00050504174690994689 -0.00031184752271738665 -0.0048351924563284658 -0.00056844980879505844 -0.0014102977608254738 -0.0030175662524411389 0.0097821918323516208 0.0075192558990630001 -0.007722265316511435
leaf_weight=2049.7365208268166 3038.7761942446232 539.81437189877033 933.53449827432632 1732.4644727408886 177.72413204610348 4754.1189721673727 634.18274214863777 789.2140474319458 2956.0463071912527 645.91172164678574 1641.1100664585829 216.63529635965824 73.74666740000248 817.81774924695492
leaf_count=8208 12156 2161 3735 6931 711 19018 2538 3159 11825 2584 6565 868 295 3274
internal_value=4.36816e-05 -0.00168691 0.00174697 0.000917145 0.000513565 -0.000259346 -0.00444324 -0.002828 -0.000680791 0.00206545 -0.00144507 0.00478368 -0.000449678 -0.00612014
internal_weight=21000.8 10417 10583.9 8317.5 7383.97 4931.84 2781.03 1423.4 7635.93 2452.12 4597.16 2266.37 719.658 1357.63
internal_count=84028 41678 42350 33274 29539 19729 11132 5697 30546 9810 18390 9076 2879 5435
is_linear=0
shrinkage=0.02


Tree=14
num_leaves=15
num_cat=0
split_feature=26 26 26 5 20 29 42 21 38 6 20 13 43 21
split_gain=147.89 56.4177 36.9805 19.2548 18.4824 18.6709 17.7705 16.034 14.4246 16.9583 16.4632 14.0732 13.2244 17.4797
threshold=0.16910721927323411 -0.73831557660297054 0.76040294833430877 0.0013409119047751398 -0.42837211368174971 3.4462702268105407 0.45466804992772414 0.41199122047597336 3.525686092606342 -0.00098974887821038824 -0.066301653551408615 0.0037063437506109705 -0.15106745441632194 0.11301537500807891
decision_type=2 2 2 2 2 2 2 2 2 2 2 2 2 2
left_child=1 4 6 8 5 -1 -2 -8 10 12 -3 -4 -10 -14
right_child=2 3 11 -5 -6 -7 7 -9 9 -11 -12 -13 13 -15
leaf_value=0.0042000485522456568 0.0014830390755767454 0.0029353899018479202 -0.0044477173097349056 0.002426881293510332 0.0016256238557294418 0.010557005180816169 -0.0022714975921365043 0.00034166409011932779 0.0065064885764463164 -0.001148847861302457 -0.00025966439646866757 -0.00058934721928998281 -0.0033874133470650791 0.002467687382185545
leaf_weight=1697.5459747165442 879.91531327366829 1283.9700820147991 2531.3223924338818 1797.2789487689734 1075.9009644687176 206.07158885896206 3635.487878292799 1264.1872062087059 181.47293448448181 3798.9025663584471 1289.8851199150085 446.34104573726654 289.22586965560913 660.42971011996269
leaf_count=6799 3520 5137 10133 7190 4306 826 14544 5057 726 15197 5160 1786 1157 2642
internal_value=-7.71806e-05 0.00133864 -0.00206228 0.000570579 0.00373132 0.00491406 -0.00112771 -0.0015976 0.00012465 -0.000508895 0.00133679 -0.00387132 0.00163599 0.000676064
internal_weight=21037.9 12280.7 8757.25 9301.17 2979.52 1903.62 5779.59 4899.68 7503.89 4930.03 2573.86 2977.66 1131.13 949.656
internal_count=84180 49140 35040 37209 11931 7625 23121 19601 30019 19722 10297 11919 4525 3799
is_linear=0
shrinkage=0.02


Tree=15
num_leaves=15
num_cat=0
split_feature=45 26 12 24 24 19 45 13 5 26 22 40 24 46
split_gain=151.819 67.7265 26.2606 25.1678 21.9622 19.9271 18.5993 17.6089 17.098 16.9171 16.3785 13.9369 13.4712 13.0123
threshold=-0.68723644196527645 0.67706737656793414 -0.0037295489927298303 0.71997847232412271 0.55947073564376326 -0.63692094976272784 1.0758609391907969 0.0038182632316901581 -0.0013742669282261757 -0.76673832700736078 0.070270810846829207 0.38223643836540117 0.11604640974605455 -0.5277851165098012
decision_type=2 2 2 2 2 2 2 2 2 2 2 2 2 2
left_child=4 2 8 6 9 -4 -3 -8 -2 11 -10 -1 -12 -9
right_child=1 3 5 -5 -6 -7 7 13 10 -11 12 -13 -14 -15
leaf_value=0.013904683326992968 -0.0014174165865948119 0.0041401228410193345 0.0019947337179867333 -0.00483664190355156 0.00092507732273089947 -0.0013621338335004544 -0.0033096685260464009 0.0076076810506354921 0.0040007282611036884 0.002130360672678439 0.0064733217666767427 0.0044780447632224267 0.00046603857295821451 -0.0025200008229911792
leaf_weight=60.885270088911057 960.1627209186554 203.19195674359798 789.3578534424305 2057.8426852673292 1709.3004518151283 6490.0161661356688 1081.5250151306391 108.98833367228508 848.606280580163 1730.9342940747738 153.71499130129814 2239.2367570847273 2543.5417360961437 87.990036427974701
leaf_count=244 3841 813 3158 8240 6838 25962 4328 436 3395 6926 615 8970 10175 352
internal_value=5.55782e-05 -0.000983623 -0.000254479 -0.00340763 0.00282836 -0.000997004 -0.00141337 -0.00230867 0.000944827 0.00363327 0.00158558 0.00475719 0.000819734 0.00313327
internal_weight=21065.3 15324.9 11785.4 3539.54 5740.36 7279.37 1481.7 1278.5 4506.03 4031.06 3545.86 2300.12 2697.26 196.978
internal_count=84293 61315 47146 14169 22978 29120 5929 5116 18026 16140 14185 9214 10790 788
is_linear=0
shrinkage=0.02


Tree=16
num_leaves=15
num_cat=0
split_feature=26 26 12 21 24 11 47 11 43 25 0 24 22 22
split_gain=142.698 61.0403 30.1365 20.2047 19.9316 17.8978 16.7447 18.0083 15.8317 18.1537 14.6784 11.9588 11.8575 11.5641
threshold=-0.42666638163207682 0.68813122098672908 -0.0054436280191003392 0.52264313777858717 0.56414271175511477 0.020618967546563862 0.99465189230620699 0.0030606399468520403 -0.094197414840992158 -1.4999999999999998 -0.0027607994770500765 0.41518722547380088 0.58010497220762436 0.072349377585151128
decision_type=2 2 2 2 2 2 2 2 2 2 2 2 2 2
left_child=4 2 3 13 8 11 10 -8 9 -1 -4 -3 -12 -2
right_child=1 5 6 -5 -6 -7 7 -9 -10 -11 12 -13 -14 -15
leaf_value=0.005544441609205232 0.0026838237733201814 -0.00088297546642223973 0.0037681952011556054 0.0043784938412653402 0.00040900463986445138 0.00019842349784953914 -0.00096378222589170329 -0.011076311230122796 0.001851201234190705 0.0019847720178382856 -0.00076028557128963244 -0.00445714269198669 -0.0032146703703687415 -0.00013815858705706004
leaf_weight=1716.5768329948187 728.39318498969078 441.95281010866165 256.47325648367405 610.1671370267868 1156.0629314035177 487.24465037882328 147.73414868116379 131.48301203548908 1680.0956321358681 870.8801608979702 6596.0500002354383 2553.9882647842169 890.17225117981434 2790.5498135238886
leaf_count=6876 2914 1768 1026 2441 4625 1950 591 526 6726 3487 26386 10227 3561 11163
internal_value=-5.31389e-05 -0.00102289 -0.000353277 0.00103422 0.00274065 -0.00335497 -0.00106766 -0.00583684 0.00337107 0.00435248 -0.000892018 -0.00393224 -0.00105408 0.000448948
internal_weight=21057.8 15634.2 12151 4129.11 5423.62 3483.19 8021.91 279.217 4267.55 2587.46 7742.7 2995.94 7486.22 3518.94
internal_count=84267 62553 48608 16518 21714 13945 32090 1117 17089 10363 30973 11995 29947 14077
is_linear=0
shrinkage=0.02


Tree=17
num_leaves=15
num_cat=0
split_feature=33 33 21 43 22 41 43 33 43 37 23 6 46 28
split_gain=130.975 56.1757 35.2891 26.0277 23.7685 20.5566 16.3798 14.7964 14.3726 13.4959 13.5865 13.8535 13.481 13.4169
threshold=56.392719450730688 33.974606002536397 0.31350165946835296 -0.09030295002896789 0.24962499092698318 0.57485607249665971 0.27928057692509328 74.557393209253732 0.16267049689260191 4.8460264388580194 1.0513803532240853 3.1617389325355008e-05 -0.5277851165098012 0.83860860403506055
decision_type=2 2 2 2 2 2 2 2 2 2 2 2 2 2
left_child=1 6 3 -2 5 9 -1 -5 -4 10 11 12 -3 -12
right_child=2 4 8 7 -6 -7 -8 -9 -10 -11 13 -13 -14 -15
leaf_value=0.0038723766955000168 2.1354950333453301e-05 0.0050841378541206005 0.00061048880256454126 -0.0031965694086335417 -0.00053634144561338015 -0.001046446685048924 -0.0037962622855682777 -0.0063782543539117002 -0.0028011197101924217 0.0030147622169493351 0.0010242304105900304 -0.0020263505907399892 -0.0002063455600818247 0.0073013009353204063
leaf_weight=2955.8404397666454 881.96969664096832 293.93518573045731 2011.1876938790083 3283.180250748992 4738.7299944162369 1117.6538749188185 111.94796861708164 716.51148100197315 649.25648766756058 2383.7178346663713 352.79892089962959 774.83918528258801 540.88157339394093 218.90640902519226
leaf_count=11839 3529 1176 8046 13141 18957 4471 448 2870 2598 9538 1412 3100 2164 876
internal_value=3.0252e-05 0.0012103 -0.0020797 -0.0030888 0.000509338 0.00138102 0.00358682 -0.00377379 -0.000225775 0.00197582 0.000836201 -0.000107168 0.00167559 0.00347019
internal_weight=21031.4 13489.3 7542.11 4881.66 10421.5 5682.73 3067.79 3999.69 2660.44 4565.08 2181.36 1609.66 834.817 571.705
internal_count=84165 53981 30184 19540 41694 22737 12287 16011 10644 18266 8728 6440 3340 2288
is_linear=0
shrinkage=0.02


Tree=18
num_leaves=15
num_cat=0
split_feature=45 24 1 26 40 26 24 48 12 5 17 17 38 47
split_gain=143.245 52.4373 30.5747 30.4446 25.3637 20.8731 18.9621 18.0253 17.9371 15.6368 15.264 15.1162 14.2276 17.3962
threshold=-0.36847154257654707 0.49701726167057353 7.9847903214290262e-05 0.67706737656793414 1.5893829708613179 -0.82952520284023767 0.85888902923163724 -0.60785761079279388 -0.022183283173436843 -0.00098974887821038824 0.9317003056877956 1.1518730061357385 3.6435433393013104 -0.72947329433276253
decision_type=2 2 2 2 2 2 2 2 2 2 2 2 2 2
left_child=2 12 4 -3 5 -1 10 -5 -6 -10 -4 -9 -2 -14
right_child=1 3 6 7 8 -7 -8 11 9 -11 -12 -13 13 -15
leaf_value=0.0058266951133449122 0.0021067167822170114 -0.001452503147641949 -0.00062371556364302174 -0.006614773333073508 0.0040166514129799007 0.0027241943998012885 -0.00533725232621829 -0.0041975964221784966 -0.0056387011724139081 0.00059818591594875228 0.0025941017462734919 -0.00047342747783621689 0.0018788201692387918 -0.0010825764902293391
leaf_weight=1260.3119441866875 1175.2397312372923 5054.9668005406857 1300.0984930843115 787.14550112187862 320.17522104084492 2825.912009909749 212.48727467656136 1398.4711049497128 248.03616483509541 438.80942325294018 1071.7812194824219 634.41150617599487 1040.1414149850607 3291.1813485771418
leaf_count=5051 4702 20222 5203 3154 1282 11308 850 5601 993 1757 4290 2540 4161 13166
internal_value=-8.8011e-05 -0.00133729 0.00208885 -0.00238368 0.00298717 0.00368705 0.000316095 -0.00404732 0.000143081 -0.00167858 0.000832718 -0.00303939 0.000159972 -0.000370068
internal_weight=21059.2 13381.6 7677.61 7874.99 5093.24 4086.22 2584.37 2820.03 1007.02 686.846 2371.88 2032.88 5506.56 4331.32
internal_count=84280 53546 30734 31517 20391 16359 10343 11295 4032 2750 9493 8141 22029 17327
is_linear=0
shrinkage=0.02


Tree=19
num_leaves=15
num_cat=0
split_feature=33 45 24 33 41 22 1 5 46 48 34 22 42 40
split_gain=133.473 38.7498 33.3795 22.4151 21.6101 18.7077 16.587 16.2619 18.9416 15.0068 15.7232 14.5936 13.4884 15.4031
threshold=54.038821690553796 -0.68723644196527645 0.58260237230796552 66.609657967617821 0.35328059967202863 0.55780098684210511 0.00014347185821507734 -0.00098974887821038824 -0.5277851165098012 -0.60785761079279388 72.324637799559113 0.28967815971121857 0.48282417524603627 2.9771086047912436
decision_type=2 2 2 2 2 2 2 2 2 2 2 2 2 2
left_child=1 4 12 -4 -1 7 11 -3 -9 -5 -11 -6 -2 -14
right_child=2 5 3 9 6 -7 -8 8 -10 10 -12 -13 13 -15
leaf_value=0.0050921866306023736 0.0015220890456014416 -0.0011586180769399686 -0.0018985403873567003 -0.0074564732175912835 0.0038395838038022246 -0.0025410304436487381 4.9530825612154904e-05 0.0033247958600506277 0.00038329859874509242 -0.0045670557973183134 0.0004318498161522205 0.0011596139509627925 -0.0015848222979277739 0.0052988217080115405
leaf_weight=1021.4992544800043 963.65178975462914 1503.0491613149643 3037.0028252005577 540.86308871209621 1836.5726753920317 856.20342448353767 1389.6254017800093 1245.7513522803783 2925.2732253819704 1264.5601078718901 312.89253200590611 1465.5913877487183 2530.4149777591228 132.23346100747585
leaf_count=4093 3855 6013 12153 2168 7356 3425 5562 4984 11703 5065 1253 5866 10123 529
internal_value=-9.05661e-05 0.0012588 -0.00197153 -0.00300494 0.00246094 0.000205969 0.00188326 0.000622357 0.00126476 -0.00458297 -0.00357728 0.00265369 -0.00050027 -0.00123367
internal_weight=21025.2 12243.6 8781.62 5155.32 5713.29 6530.28 4691.79 5674.07 4171.02 2118.32 1577.45 3302.16 3626.3 2662.65
internal_count=84148 49002 35146 20639 22877 26125 18784 22700 16687 8486 6318 13222 14507 10652
is_linear=0
shrinkage=0.02


Tree=20
num_leaves=15
num_cat=0
split_feature=45 24 45 25 24 41 46 43 37 41 13 21 15 19
split_gain=120.086 46.1262 30.4973 20.5058 14.9418 14.287 13.1101 15.0805 12.8129 12.4898 11.7179 11.04 15.1328 13.0954
threshold=-0.42157627969800648 0.50704904322318323 1.0260662100637896 -1.4999999999999998 0.10865881421575305 0.35328059967202863 -0.35206144883412549 -0.077274208712123274 9.313407509128881 0.58739049558687972 0.0021870457216787123 0.43784552638419844 0.0022963544128718734 -0.80920190994837926
decision_type=2 2 2 2 2 2 2 2 2 2 2 2 2 2
left_child=3 4 -3 5 -2 -1 7 10 9 -7 -4 13 -13 -5
right_child=1 2 6 11 -6 8 -8 -9 -10 -11 -12 12 -14 -15
leaf_value=0.005917053916629441 0.0019101202335207335 -0.001064129695777811 -0.0015218156646641058 0.003544510027702198 -0.00035036908523082262 0.0021794535511131174 -0.0046888546114845766 -0.0029103534326385566 0.0054908881037148702 -0.0058855205355051281 0.0085698735702018965 0.0011555636661493211 0.0066604061714706985 0.00019529472904592738
leaf_weight=685.28340391814709 1621.38557523489 4802.5186912864447 93.894040822982788 550.38860867917538 4161.0566669851542 1703.8541951477528 1835.138400182128 1096.5485193431377 482.7268091738224 75.701710119843483 82.945694163441658 523.75729840993881 320.58853133022785 2937.6851755231619
leaf_count=2747 6487 19214 376 2205 16646 6825 7351 4392 1934 303 332 2096 1283 11754
internal_value=3.02686e-05 -0.00107309 -0.00206501 0.00210498 0.00028457 0.00339091 -0.00360712 -0.00203593 0.00261434 0.00182084 0.00331712 0.00122719 0.00327259 0.00072809
internal_weight=20973.5 13693.5 7911.05 7279.99 5782.44 2947.57 3108.53 1273.39 2262.28 1779.56 176.84 4332.42 844.346 3488.07
internal_count=83945 54798 31665 29147 23133 11809 12451 5100 9062 7128 708 17338 3379 13959
is_linear=0
shrinkage=0.02


Tree=21
num_leaves=15
num_cat=0
split_feature=26 26 26 41 44 12 47 48 1 1 22 9 29 45
split_gain=120.561 38.7073 21.0682 16.6541 17.5209 16.1144 23.2757 15.6931 15.0869 15.4905 13.9701 18.8542 13.6468 13.1752
threshold=-0.18017885563399888 0.74707900331905075 -0.73831557660297054 0.62814201347681087 -0.4248025263557979 -0.0044597754629847322 0.99465189230620699 -0.60785761079279388 0.0024112143542942862 -0.002196209820555889 0.24678489433773027 0.00087636068439516616 2.1651863245066587 1.1783962698810424
decision_type=2 2 2 2 2 2 2 2 2 2 2 2 2 2
left_child=2 5 12 4 -3 -2 8 10 9 -7 11 -4 -1 -6
right_child=1 3 7 -5 13 6 -8 -9 -10 -11 -12 -13 -14 -15
leaf_value=0.0027897787893179167 0.00063069372085901591 -0.0057116079418534802 0.0038327352685321213 -0.0056791694109508649 0.002710289107288268 0.0027422153250967335 -0.0076495014189897192 0.00054662121422012304 0.0023911667350668829 -0.0014134671476691216 0.00094969201019234786 0.014781323232687582 0.0065249799568536521 -0.0020289411878519235
leaf_weight=2534.4672532081604 3511.2128094136715 452.69061148166656 703.91298307478428 722.33405305445194 270.21977938711643 380.20550122857094 202.18463143706322 3595.8844902962446 526.42183889448643 5307.0777423679829 704.3478836864233 65.218114942312241 463.22917927801609 1604.9341782480478
leaf_count=10157 14047 1814 2817 2895 1082 1521 809 14388 2106 21232 2818 261 1858 6428
internal_value=0.000129351 -0.00106406 0.00204864 -0.00303267 -0.00220104 -0.000457971 -0.00105379 0.00126065 -0.000833198 -0.00113349 0.00299541 0.00485059 0.00337688 -0.0013406
internal_weight=21044.3 12977.3 8067.06 3050.18 2327.84 9927.1 6415.89 5069.36 6213.71 5687.28 1473.48 769.131 2997.7 1875.15
internal_count=84233 51934 32299 12219 9324 39715 25668 20284 24859 22753 5896 3078 12015 7510
is_linear=0
shrinkage=0.02


Tree=22
num_leaves=15
num_cat=0
split_feature=45 24 45 38 25 47 41 12 17 24 29 5 41 32
split_gain=110.936 52.8577 35.4667 24.3348 19.5636 17.1156 16.9482 16.3335 20.9998 14.6534 13.6513 13.4476 13.0378 12.2218
threshold=-0.68723644196527645 0.51644081233764261 1.0260662100637896 4.2246473145788066 -1.4999999999999998 0.65934581510006873 0.34291226171567274 -0.0035514311463997381 1.9525171811471964 0.16960266230737414 -0.29422108467615021 -1.0000000180025095e-35 0.59998740084076818 -0.13520646458285437
decision_type=2 2 2 2 2 2 2 2 2 2 2 2 2 2
left_child=4 3 7 -2 6 9 -1 10 -9 11 -3 -5 -8 -11
right_child=1 2 -4 5 -6 -7 12 8 -10 13 -12 -13 -14 -15
leaf_value=0.0069205499474049971 0.0022755776756516648 -0.0002922134506889775 -0.003623467469282497 -0.00036164806365797977 0.0013519667263894662 -0.0023371264785375908 0.0031467651325989558 -0.0020427831178566756 0.009343897757740598 0.003938581292760885 0.0039929068691444414 0.0036630913833953001 -0.0060838745350746985 -0.0011411940218662006
leaf_weight=519.28321906924248 2032.6359162032604 1772.5275591462851 3097.7676196992397 564.89915074408054 3201.7844091206789 1253.3214382529259 1940.8436294198036 3255.155630543828 61.232131734490395 204.97776207327843 352.19594560563564 797.81564319133759 58.705836191773415 1942.0194400548935
leaf_count=2083 8133 7091 12411 2260 12816 5014 7778 13024 245 820 1409 3192 235 7769
internal_value=1.70071e-05 -0.000869723 -0.0019168 0.000446385 0.00239264 -0.000335796 0.00371018 -0.000942708 -0.0018188 0.00038119 0.000425798 0.00199945 0.00286126 -0.000648194
internal_weight=21055.2 15334.5 8538.88 6795.67 5720.62 4763.03 2518.83 5441.11 3316.39 3509.71 2124.72 1362.71 1999.55 2147
internal_count=84280 61368 34180 27188 22912 19055 10096 21769 13269 14041 8500 5452 8013 8589
is_linear=0
shrinkage=0.02


Tree=23
num_leaves=15
num_cat=0
split_feature=26 26 24 41 22 41 37 6 17 43 14 16 22 26
split_gain=122.375 49.6565 25.2098 22.5051 24.2615 20.5981 18.5891 15.3972 12.3837 11.9572 11.6894 10.858 14.1223 10.755
threshold=-0.42666638163207682 0.6549341761948978 0.71129747768641416 0.59252073754738521 0.24435017522507083 0.37274569886075254 1.804981716849029 -0.00047866196019458461 1.4341224620328654 0.32707261686252415 0.0059666640431735429 0.0015258189893576528 0.10929460277318293 2.6744814582240743
decision_type=2 2 2 2 2 2 2 2 2 2 2 2 2 2
left_child=5 3 8 4 6 -1 -2 -8 -3 -7 13 -9 -13 -4
right_child=1 2 10 -5 -6 9 7 11 -10 -11 -12 12 -14 -15
leaf_value=0.0046312159065900549 -0.001803349163550886 -0.0018819281803771973 -0.0047618442368286334 -0.0022015010284388843 -0.00083567331330003901 0.0020664132613495661 0.0032107301482817889 -0.0014828429205776569 0.0024412034382904424 -0.0038921495165320026 0.0047193630982959997 0.0029572492411814705 -0.0004595009892278812 0.0034840158826607149
leaf_weight=1473.9649020880461 728.65280273556709 1181.7590210735798 2056.9485835283995 1961.9247015267611 5042.1409057974815 3790.5183851867914 1572.1784207224846 669.14939014613628 336.62882572412491 135.19080808758736 52.435406118631363 1098.5114580392838 859.64994359016418 61.864686444401741
leaf_count=5909 2915 4731 8246 7849 20171 15182 6290 2677 1347 541 210 4395 3439 248
internal_value=2.34042e-05 -0.000873802 -0.0028999 -0.000246347 0.000139294 0.00261753 0.00113665 0.00164831 -0.000918617 0.00185653 -0.00428015 0.000709032 0.00145992 -0.00451345
internal_weight=21021.5 15621.8 3689.64 11932.2 9970.28 5399.67 4928.14 4199.49 1518.39 3925.71 2171.25 2627.31 1958.16 2118.81
internal_count=84150 62518 14782 47736 39887 21632 19716 16801 6078 15723 8704 10511 7834 8494
is_linear=0
shrinkage=0.02


Tree=24
num_leaves=15
num_cat=0
split_feature=26 45 21 25 18 43 25 41 22 21 24 10 37 40
split_gain=120.739 39.2914 26.7238 21.597 19.7726 19.5168 17.9505 16.1509 16.6326 13.647 13.4069 11.9456 14.4326 13.3701
threshold=0.16910721927323411 -1.1652056070667387 0.40838824686851005 -2.4999999999999996 0.0027960969719377253 0.22207425828175578 3.5000000000000004 0.57641324404684535 0.23981510514680707 0.02263585926730036 0.56414271175511477 -0.01878056597888593 4.5494562056218468 1.3455842579208761
decision_type=2 2 2 2 2 2 2 2 2 2 2 2 2 2
left_child=1 5 6 9 -5 10 7 8 -2 -3 -1 13 -13 -6
right_child=2 3 -4 4 11 -7 -8 -9 -10 -11 -12 12 -14 -15
leaf_value=0.0042250437081379376 0.00023196212499494522 -0.0014403430475046712 0.00022909095805293456 -0.00076374164593793841 0.0026768271808390127 -0.0030716462183515356 -0.0052471462431719264 -0.0034129655483547128 -0.0024098296973386383 0.0041101969055129849 0.0010621224808319738 0.00014980312496310012 0.0026503982443197185 -0.0094557597411404331
leaf_weight=2460.340970441699 1725.8058868050575 213.29272525012493 2065.3014334738255 3921.3752027750015 59.969373047351837 185.8970780223608 766.01796174049377 2085.6085510700941 2122.4113291352987 981.96431593596935 690.22101826965809 1745.6012965738773 1956.2649844139814 80.725368961691856
leaf_count=9866 6908 854 8263 15690 240 744 3070 8354 8495 3931 2762 6984 7828 323
internal_value=3.34012e-05 0.00131175 -0.00175958 0.000621044 0.000234904 0.00316275 -0.00237232 -0.00199709 -0.0012263 0.00311783 0.0035349 0.0012537 0.00147304 -0.00437
internal_weight=21060.8 12295.7 8765.15 8959.19 7763.94 3336.46 6699.84 5933.83 3848.22 1195.26 3150.56 3842.56 3701.87 140.695
internal_count=84312 49222 35090 35850 31065 13372 26827 23757 15403 4785 12628 15375 14812 563
is_linear=0
shrinkage=0.02


Tree=25
num_leaves=15
num_cat=0
split_feature=26 26 41 33 12 0 39 6 43 15 47 33 37 7
split_gain=106.599 36.824 24.5214 22.4189 22.0162 18.9255 18.6999 17.2021 21.1699 15.3223 16.6165 14.3403 13.5707 12.9171
threshold=0.16910721927323411 -0.73831557660297054 0.56882759918981729 62.412762246339753 0.0043242781343091887 -0.00074630182763524321 -0.21929490695571591 -0.0016896799199915861 -0.11358035728809036 0.0020830166659284084 0.032701564615071219 75.645982582598762 9.7547408967080766 0.00020815774366743391
decision_type=2 2 2 2 2 2 2 2 2 2 2 2 2 2
left_child=1 5 3 -2 6 13 7 -3 -9 10 -6 -4 -7 -1
right_child=2 4 11 -5 9 12 -8 8 -10 -11 -12 -13 -14 -15
leaf_value=0.002857064694971424 0.00046402217071126199 0.005478873107371475 -0.0024568930436003867 -0.0020802561359314457 -0.00027726112609102949 -0.00059479515077541631 -0.00022773246693794192 0.0047598468025188976 0.00079649675589355386 0.00066445092918216038 -0.0041855111734565489 -0.0061099465914702059 0.0057165511684863285 0.0060426563229608581
leaf_weight=1263.6235602200031 2679.7592945992947 545.23985667526722 2693.6925490498543 2859.520706653595 1033.0104471594095 691.77823002636433 1894.8833917081356 681.43335446715355 2525.0716638714075 1866.8156662881374 747.82668536901474 511.19741068780422 164.48895286023617 869.56869950890541
leaf_count=5070 10721 2182 10787 11450 4133 2771 7582 2727 10103 7469 2992 2050 659 3489
internal_value=3.02254e-05 0.00123147 -0.00165701 -0.000850092 0.000609671 0.00316041 0.00139155 0.00220862 0.00164487 -0.000600943 -0.00192558 -0.00304818 0.000643763 0.00416672
internal_weight=21027.9 12283.7 8744.17 5539.28 9294.28 2989.46 5646.63 3751.74 3206.51 3647.65 1780.84 3204.89 856.267 2133.19
internal_count=84185 49177 35008 22171 37188 11989 22594 15012 12830 14594 7125 12837 3430 8559
is_linear=0
shrinkage=0.02


Tree=26
num_leaves=15
num_cat=0
split_feature=45 24 1 24 26 43 37 28 30 38 44 1 18 43
split_gain=90.5236 35.4386 23.0498 23.6692 22.2978 16.75 13.489 14.9577 12.2781 13.968 16.6514 15.4656 13.723 11.7812
threshold=-0.43605352514485629 0.49701726167057353 0.00014347185821507734 0.56414271175511477 0.67706737656793414 -0.079087588387158639 1.2920136121051427 2.2861634090820204 0.93955043674440197 3.8741834198907554 -0.99009747103596546 0.00011221919654514469 0.0058429643541970189 -0.098423584530600655
decision_type=2 2 2 2 2 2 2 2 2 2 2 2 2 2
left_child=2 6 3 13 -3 -5 7 -2 9 -8 11 -11 -12 -1
right_child=1 4 -4 5 -6 -7 8 -9 -10 10 12 -13 -14 -15
leaf_value=0.0047217133778489255 -0.0072016503009342042 -0.00098821453821126793 0.00018583413655429173 -0.0022671576331880538 -0.0031944151668754483 0.0020086071566493852 0.0019791922996739006 -0.00049074947464377823 0.0036744460548759923 -1.5935107905837876e-05 0.00037670105214613052 -0.0090919815966079669 -0.0058302102866312619 0.0022716428972431256
leaf_weight=1782.6526275873184 181.46728475391865 5238.8445255160332 2271.2019879072905 516.28985275328159 2819.2970238626003 1230.7076049745083 1408.2248379141092 464.89790853857994 478.17179003357887 140.22910934686661 2760.5725666284561 156.73507480323315 145.22102521359921 1430.0675582289696
leaf_count=7152 726 20960 9093 2066 11305 4924 5635 1860 1913 561 11044 627 581 5729
internal_value=4.33699e-05 -0.000906747 0.00185518 0.00261867 -0.0017616 0.000742127 0.000294769 -0.00241566 0.000641048 0.000322837 -0.000407398 -0.00487742 5.70202e-05 0.00363635
internal_weight=21024.6 13793.7 7230.92 4959.72 8058.14 1747 5735.52 646.365 5089.15 4610.98 3202.76 296.964 2905.79 3212.72
internal_count=84176 55212 28964 19871 32265 6990 22947 2586 20361 18448 12813 1188 11625 12881
is_linear=0
shrinkage=0.02


Tree=27
num_leaves=15
num_cat=0
split_feature=33 33 12 40 33 48 5 23 22 33 11 47 13 17
split_gain=82.5844 35.9353 20.3818 20.9648 18.1282 16.7759 15.8501 17.2053 14.5809 14.4996 14.4879 14.2745 19.0384 13.3257
threshold=56.392719450730688 33.693976732457124 -0.00030930890612734129 0.99688727114171283 74.557393209253732 -0.60785761079279388 -0.0013742669282261757 0.95959913688154341 0.56893078109110917 83.478352558107574 -0.0031783687166571338 -0.2269546835593246 0.0005925373829228645 0.79121240871571541
decision_type=2 2 2 2 2 2 2 2 2 2 2 2 2 2
left_child=1 8 3 11 -2 -6 -5 -8 10 -7 -1 12 -3 -11
right_child=4 2 -4 6 5 9 7 -9 -10 13 -12 -13 -14 -15
leaf_value=0.0023833227683716478 -0.0013340346104232373 0.01019300172155114 -0.00058381011751802649 -0.0037026653810023845 -0.0081422231309360351 -0.0041824063785759645 -0.0020964039343361524 0.0030001601935268313 -0.0010844235833082205 -0.0067090674611499134 0.0057626560089340355 0.0029114444330303403 -0.00035244743058270418 0.0036252941980441677
leaf_weight=1957.4932432472706 6318.2480631321669 67.724768072366714 5329.2202951312065 494.60903713107109 290.51583686470985 699.78464612364769 492.84400632977486 561.71312910318375 345.31662534177303 60.103808969259262 687.97892256081104 2386.9164767116308 1168.9698089361191 210.16576486825943
leaf_count=7851 25296 271 21325 1979 1166 2805 1972 2248 1382 241 2761 9552 4678 842
internal_value=-0.000103021 0.0008353 0.000283996 0.00117775 -0.00177299 -0.00395916 -0.000767831 0.000619644 0.00276747 -0.00267107 0.00327136 0.00200943 0.000263769 0.00124697
internal_weight=21071.6 13492.8 10502 5172.78 7578.82 1260.57 1549.17 1054.56 2990.79 970.054 2645.47 3623.61 1236.69 270.27
internal_count=84369 54019 42025 20700 30350 5054 6199 4220 11994 3888 10612 14501 4949 1083
is_linear=0
shrinkage=0.02


Tree=28
num_leaves=15
num_cat=0
split_feature=33 26 21 6 40 40 39 46 43 13 25 26 15 29
split_gain=87.4333 37.5426 28.7172 18.0232 17.5829 15.0939 14.6672 18.5115 13.9741 13.5002 13.1108 13.0889 13.0758 13.0221
threshold=56.392719450730688 -0.73831557660297054 0.28081886619353152 -0.00035126814207268349 0.38223643836540117 3.7339783532641193 -0.29467514601733164 -0.58216583101416131 -0.08647968699907084 0.0022954039075797857 -2.4999999999999996 1.0127617601274281 0.003530876258698122 3.3310152619952329
decision_type=2 2 2 2 2 2 2 2 2 2 2 2 2 2
left_child=1 4 8 6 -1 11 7 -3 12 -9 -5 -4 -2 -6
right_child=2 3 5 10 13 -7 -8 9 -10 -11 -12 -13 -14 -15
leaf_value=0.012332343088433647 -0.0011892820328969966 0.0050156034757546167 0.00019154507034350242 0.0023254883488645602 0.0022539586808083671 0.0084992605320341162 -6.9983216608121655e-05 0.00053832646536177721 -0.00325493102818271 0.0047428574097560022 -0.00065579302229888225 -0.0032902847107140333 0.0073405956636770067 0.0068230637626459671
leaf_weight=73.155459374189377 772.71280097961426 716.20974937081337 2415.8241100460291 659.83868622779846 2650.9283397346735 72.718876719474792 1776.4027112424374 1710.1841917484999 3676.1923191547394 367.35595199465752 5244.4385507553816 520.74835146963596 74.220347940921783 272.48430339992046
leaf_count=294 3093 2866 9667 2641 10634 291 7108 6843 14732 1470 20983 2086 297 1095
internal_value=9.42361e-06 0.000974251 -0.00171558 0.000408946 0.00294629 -0.000200914 0.00135121 0.00225339 -0.00272197 0.00129138 -0.000320931 -0.000430438 -0.000403078 0.00269076
internal_weight=21003.4 13471 7532.42 10474.4 2996.57 3009.29 4570.15 2793.75 4523.13 2077.54 5904.28 2936.57 846.933 2923.41
internal_count=84100 53934 30166 41911 12023 12044 18287 11179 18122 8313 23624 11753 3390 11729
is_linear=0
shrinkage=0.02


Tree=29
num_leaves=15
num_cat=0
split_feature=24 45 26 29 47 45 17 40 48 47 48 13 7 29
split_gain=89.732 56.6718 32.3486 21.241 27.8851 16.3875 18.6411 15.6346 13.9198 17.2023 13.1177 12.7745 12.658 11.5711
threshold=0.3195546105998141 1.0584509957228578 -0.76673832700736078 -0.2500758195005221 0.35206144883412571 -0.73019711842261692 1.5353617842197782 0.90372921626578673 -0.60785761079279388 0.44228869021900119 -0.60785761079279388 0.0032069602688685919 0.0059779092736181932 3.4462702268105407
decision_type=2 2 2 2 2 2 2 2 2 2 2 2 2 2
left_child=2 5 13 7 -5 6 -2 -4 -3 -10 -6 -12 -7 -1
right_child=1 8 3 4 10 12 -8 -9 9 -11 11 -13 -14 -15
leaf_value=0.0034717041422216593 0.0016876608124941337 -0.0053156820517695014 0.0034958504976410295 0.0014210731137931692 0.00080822158101633598 -0.00088405363222383306 -0.0030321379201155517 -0.00011352280569520215 -0.0013579884632336264 -0.0048455681517888738 -0.0045166243391672146 0.0024338244582146613 0.0063825297147619819 0.0088501997739376947
leaf_weight=1605.6939723193645 2357.9585273563862 942.22376218438148 1581.4971598088741 1900.0887736976147 370.09397877752781 7280.9866346418858 385.27923402190208 687.87696816027164 1780.5545137822628 828.45623959600925 815.47201599180698 118.2179524153471 92.227629885077477 176.09540711343288
leaf_count=6448 9441 3780 6330 7603 1481 29133 1542 2753 7136 3320 3263 473 369 709
internal_value=-0.000107417 -0.00106158 0.00168961 0.000925854 -0.000123234 -0.000297996 0.00102047 0.00240396 -0.00323333 -0.00247257 -0.00237068 -0.00362833 -0.000788896 0.00402654
internal_weight=20922.7 13667.7 7255.04 5473.25 3203.87 10116.5 2743.24 2269.37 3551.23 2609.01 1303.78 933.69 7373.21 1781.79
internal_count=83781 54721 29060 21903 12820 40485 10983 9083 14236 10456 5217 3736 29502 7157
is_linear=0
shrinkage=0.02


Tree=30
num_leaves=15
num_cat=0
split_feature=45 24 26 38 47 1 48 40 30 17 24 49 40 1
split_gain=85.599 38.691 29.3665 21.5504 17.1778 16.8752 17.3871 16.5234 20.6268 16.5204 24.5399 13.7734 12.5806 12.2115
threshold=-0.36847154257654707 0.72427604268916512 0.67706737656793414 3.9871710386989192 0.29012925520284133 7.9847903214290262e-05 -0.8783796973249266 0.83372534321358494 0.22677283109658813 0.92254337407975617 0.88197514161651036 1.0000000180025095e-35 1.6091552173220647 -3.0289896340812687e-05
decision_type=2 2 2 2 2 2 2 2 2 2 2 2 2 2
left_child=5 3 -3 7 -5 6 -1 -2 11 -7 -11 -9 -8 -6
right_child=1 2 -4 4 13 9 12 8 -10 10 -12 -13 -14 -15
leaf_value=0.0054115093968764858 0.0032960345856320556 -0.0010535261963734173 -0.0041343664055774757 0.00021934131694591495 -0.00010525541510228472 -0.0010645345497847269 0.0025117503744454392 0.0013013031319808873 0.0061364468303726693 0.0030038294501885756 -0.0075317314007181451 -0.0040924193359738441 -9.1729482923546586e-05 -0.0030332198494816883
leaf_weight=668.15190328657627 1155.2238229215145 3180.9327955543995 2025.8504740297794 3652.4060920923948 906.25205262005329 1378.3099430352449 3454.136935248971 339.88975545763969 159.19031596183777 1084.8783821761608 91.489738404750824 417.36070843040943 944.8812051564455 1531.2378982305527
leaf_count=2678 4623 12728 8131 14616 3626 5518 13843 1360 637 4345 366 1670 3787 6128
internal_value=5.54624e-05 -0.000908836 -0.00225503 -4.91552e-05 -0.000648648 0.00174628 0.00241398 0.00171044 -0.000295326 0.000419777 0.00215604 -0.00167881 0.00195307 -0.00194705
internal_weight=20990.2 13368.3 5206.78 8161.56 6089.9 7621.85 5067.17 2071.66 916.441 2554.68 1176.37 757.25 4399.02 2437.49
internal_count=84056 53519 20859 32660 24370 30537 20308 8290 3667 10229 4711 3030 17630 9754
is_linear=0
shrinkage=0.02


Tree=31
num_leaves=15
num_cat=0
split_feature=26 26 12 24 47 22 43 48 22 24 4 11 24 14
split_gain=90.8901 38.7353 27.4304 17.6905 17.2629 16.6366 14.4628 13.6847 13.4923 12.1024 12.3704 11.3766 10.9907 12.2039
threshold=-0.42666638163207682 0.68813122098672908 -0.0054436280191003392 0.439034348313801 0.99465189230620699 0.062414940478516756 0.35497964607425331 -0.60785761079279388 0.29486850743985044 0.145757946142822 0.0054757269259399907 0.0033608112791369458 0.23795881235790003 0.0010085009064935834
decision_type=2 2 2 2 2 2 2 2 2 2 2 2 2 2
left_child=6 2 5 -3 9 -2 8 -5 -1 -4 -11 -6 13 -7
right_child=1 3 4 7 11 12 -8 -9 -10 10 -12 -13 -14 -15
leaf_value=0.0031347841975642951 0.0034643924607530136 0.00048131375341722745 0.00092675071020845037 -0.0055448976207040646 -0.0019824918307355392 -0.0060419669103063236 -0.0047472581312395156 -0.0024573959573575789 0.0010466089722822791 -0.0012600101840797013 0.0062134631222503338 -0.010243292167598972 -0.00016068557066506399 0.003800322657007952
leaf_weight=3290.2487936317921 882.84273910522461 586.82814161479473 1349.45550096035 799.64999581873417 144.69753819704056 51.233223050832748 112.9443566352129 2072.5852111279964 1993.4682067334652 6287.4513806700706 84.980888202786446 123.67225103080273 2693.7269191741943 522.52089639008045
leaf_count=13200 3533 2348 5399 3212 579 205 452 8313 7985 25156 340 495 10777 2091
internal_value=-4.01184e-05 -0.000814125 -0.000281735 -0.0026796 -0.0009667 0.00103654 0.00219592 -0.00332512 0.00234868 -0.000791291 -0.00115555 -0.00590702 0.000376272 0.00287685
internal_weight=20996.3 15599.6 12140.6 3459.06 7990.26 4150.32 5396.66 2872.24 5283.72 7721.89 6372.43 268.37 3267.48 573.754
internal_count=84085 62448 48575 13873 31969 16606 21637 11525 21185 30895 25496 1074 13073 2296
is_linear=0
shrinkage=0.02


Tree=32
num_leaves=15
num_cat=0
split_feature=24 45 45 41 46 16 43 9 20 7 22 38 3 29
split_gain=91.6581 38.9859 33.7027 16.163 14.8113 18.8392 16.1912 14.3333 16.8354 13.8172 14.4369 16.8503 16.3189 13.6632
threshold=0.51644081233764261 -0.94633750049801801 1.0260662100637896 0.58911602424377341 -0.35206144883412549 0.0023503998771376138 0.09234689902484218 0.00083405359721933927 -0.54889960537255478 0.0059779092736181932 0.074397721390819141 9.7603568495754001 0.0012607863764974539 5.7688579681751389
decision_type=2 2 2 2 2 2 2 2 2 2 2 2 2 2
left_child=1 -1 3 9 7 6 -6 8 -3 10 12 -12 -2 -13
right_child=2 4 -4 -5 5 -7 -8 -9 -10 -11 11 13 -14 -15
leaf_value=0.0032382118067332357 0.0010758432682031057 0.00046264450983146688 -0.0030732280426537888 -0.0022561099809037077 -0.00051055828191898798 0.0014643173512105896 -0.0047218073751576954 0.00029918288400727829 0.0049403997803740343 0.0087124519515640823 -4.6932263101497793e-05 -0.0055420712638784746 0.0089461441944568947 -0.00027561709411367966
leaf_weight=3024.0327401906252 663.98211582005024 563.92241312563419 3084.376984924078 1749.914444193244 2487.8155916929245 1812.3724493831396 423.36350293457508 1453.5427328795195 829.60204726457596 65.982398673892021 3931.8774047344923 444.07286493480206 120.70404610037804 352.09567399322987
leaf_count=12138 2657 2258 12374 7004 9956 7253 1694 5816 3320 264 15733 1777 483 1409
internal_value=1.11564e-05 0.00132055 -0.00132107 -0.000582051 0.000552916 -0.000134115 -0.00113003 0.001691 0.0031365 -5.53869e-05 -0.00016813 -0.000585666 0.00233547 -0.0032293
internal_weight=21007.7 10594.7 10413 7328.63 7570.62 4723.55 2911.18 2847.07 1393.52 5578.71 5512.73 4728.05 784.686 796.169
internal_count=84136 42435 41701 29327 30297 18903 11650 11394 5578 22323 22059 18919 3140 3186
is_linear=0
shrinkage=0.02


Tree=33
num_leaves=15
num_cat=0
split_feature=26 26 22 47 12 32 6 21 22 0 0 26 34 37
split_gain=80.0301 27.7726 21.6739 18.62 17.7486 15.8294 15.2141 13.1334 12.7539 12.5442 12.4994 13.5879 11.0736 12.3013
threshold=-0.18017885563399888 0.67706737656793414 0.17640989822726333 0.99465189230620699 -0.0035514311463997381 0.59287151949882844 -0.00088719246500025041 0.31895700117187681 0.36756143253947782 -0.0014167989822153873 -0.0039661624996668353 -1.1104150976175626 69.693841665037539 1.361437914124781
decision_type=2 2 2 2 2 2 2 2 2 2 2 2 2 2
left_child=2 3 -1 6 -5 9 8 10 -2 -3 11 -4 13 -8
right_child=1 5 7 4 -6 -7 12 -9 -10 -11 -12 -13 -14 -15
leaf_value=0.002945719244132507 0.0022118653646757956 0.0030621265469950414 0.0078492103330965873 0.00068124040676421427 -0.0087824963488345644 0.0061586677037470073 -0.0033238183904329829 0.0026355160212860902 -0.00087736264756978709 -0.0027733298929103305 -0.00013570129631690998 -0.001417854802383595 0.0067632196811343885 -0.00037455575193655425
leaf_weight=3417.0395651310682 1734.0169904381037 150.22030816972256 162.56745943427086 132.961665391922 188.85280294716358 81.607901394367218 620.94177156686783 1207.8366075307131 768.5681142359972 3310.8805685192347 3171.1261075139046 99.547650307416916 76.465143635869026 5899.3176635652781
leaf_count=13702 6938 601 653 532 756 327 2485 4837 3075 13284 12700 399 306 23603
internal_value=0.000173288 -0.000799543 0.0017379 -0.000231463 -0.00492183 -0.00230778 -6.29674e-05 0.00084641 0.00126328 -0.002516 0.000214073 0.00436905 -0.000566677 -0.000657754
internal_weight=21022 12963.8 8058.12 9421.12 321.814 3542.71 9099.31 4641.08 2502.59 3461.1 3433.24 262.115 6596.72 6520.26
internal_count=84198 51907 32291 37695 1288 14212 36407 18589 10013 13885 13752 1052 26394 26088
is_linear=0
shrinkage=0.02


Tree=34
num_leaves=15
num_cat=0
split_feature=24 1 26 2 37 46 7 3 29 15 8 48 22 23
split_gain=72.0579 34.5963 31.7557 28.8343 16.8446 20.3323 15.8191 15.4123 13.9348 13.7631 12.7256 11.6545 12.6397 12.021
threshold=0.52144740309644277 7.9847903214290262e-05 -0.76673832700736078 -0.0020062940032426523 1.46709573427719 -0.35206144883412549 -0.00012238691108138169 -0.0027061152621967927 3.3882664008397474 0.00248805395599731 0.0032023788802663642 -0.8783796973249266 2.4984705473149777e-05 0.58368379245102953
decision_type=2 2 2 2 2 2 2 2 2 2 2 2 2 2
left_child=2 10 8 -3 9 6 -6 -5 -1 -4 -2 13 -13 -8
right_child=1 3 4 7 5 -7 11 -9 -10 -11 -12 12 -14 -15
leaf_value=0.0027424012131207452 0.00027662173495201104 0.0012256615598839422 -0.0038643872368775761 0.00099189161987874052 0.0040014754222596838 0.00014996091810107488 -0.0031288157569390076 -0.0034830223605532267 0.0079377873907530237 0.0011696852212761226 -0.0024954810324870668 0.0075667739301420803 -0.00045214563688008441 0.007099459878597396
leaf_weight=2068.0339242368937 4878.602758154273 726.98027822375298 562.52463583648205 334.4536267966032 1219.4582789987326 4789.9565065950155 56.467102482914925 3603.1049784421921 226.79182179272175 348.90970270335674 761.35392868518829 79.442271292209625 1136.5877247005701 195.36777593195438
leaf_count=8309 19527 2910 2251 1339 4881 19170 226 14443 914 1396 3052 318 4549 782
internal_value=3.91913e-05 -0.00115377 0.00118983 -0.00242706 0.000618618 0.000931758 0.00232239 -0.00310215 0.00327199 -0.00194141 -9.94713e-05 0.000918601 0.000100564 0.00478978
internal_weight=20988 10304.5 10683.5 4664.54 8388.71 7477.28 2687.32 3937.56 2294.83 911.434 5639.96 1467.86 1216.03 251.835
internal_count=84067 41271 42796 18692 33573 29926 10756 15782 9223 3647 22579 5875 4867 1008
is_linear=0
shrinkage=0.02


Tree=35
num_leaves=15
num_cat=0
split_feature=33 41 45 41 43 48 19 32 37 32 15 38 3 39
split_gain=73.1491 23.8396 21.8101 19.3749 15.5963 14.6766 13.9925 13.8521 13.0104 12.8594 13.0639 14.3439 15.7914 13.8845
threshold=54.038821690553796 0.58911602424377341 -0.82020606363643422 0.35328059967202863 0.35497964607425331 -0.8783796973249266 -0.56319263306485501 0.19770643519460737 4.5494562056218468 -0.02710343303470111 0.0011209599570788219 2.6503158293615998 0.0026089863663309658 -0.43642289465714657
decision_type=2 2 2 2 2 2 2 2 2 2 2 2 2 2
left_child=2 5 3 -1 -5 6 -2 8 -8 -4 -11 13 -13 -12
right_child=1 -3 9 4 -6 -7 7 -9 -10 10 11 12 -14 -15
leaf_value=0.0045658449269237698 0.0059485300473628459 -0.0031832824336507828 -0.0006243616286125144 0.0015668267365491196 -0.0054282306016421719 -0.0004630760243743061 -0.0052638253267293603 -0.0079964303970124322 0.00083400883479498207 0.0041098013608391023 0.0048989609902828765 -0.0010095650194424477 0.0052144672088240609 0.00050163166109063947
leaf_weight=910.48956821858883 56.738355055451393 2375.10390868783 3627.981298789382 3949.6906942278147 126.94036863744259 5557.4479845315218 274.43770280480385 235.74225077033043 278.03448085486889 481.01097196340561 486.67760576307774 1811.2122667580843 174.17104256153107 693.81114758551121
leaf_count=3659 227 9525 14517 15836 508 22254 1099 945 1113 1925 1948 7248 697 2777
internal_value=-8.05865e-05 -0.00147396 0.000917028 0.00193507 0.00134263 -0.000837862 -0.00328569 -0.00398371 -0.0022151 0.000218282 0.00105627 0.000586574 -0.000451824 0.00232753
internal_weight=21039.5 8777.5 12262 4987.12 4076.63 6402.4 844.953 788.214 552.472 7274.86 3646.88 3165.87 1985.38 1180.49
internal_count=84278 35163 49115 20003 16344 25638 3384 3157 2212 29112 14595 12670 7945 4725
is_linear=0
shrinkage=0.02


Tree=36
num_leaves=15
num_cat=0
split_feature=41 45 22 8 0 1 22 45 10 39 7 12 23 27
split_gain=70.6417 51.3959 30.4251 17.0553 16.5975 14.7494 14.9556 14.3879 17.5252 16.7919 14.734 11.9675 14.346 11.3089
threshold=0.58911602424377341 -0.73019711842261692 0.23981510514680707 -0.0023787570423012068 -0.0039661624996668353 0.00012781173096695119 0.56893078109110917 1.1606889543674608 0.018696916132064745 0.039604061585292942 0.0059779092736181932 0.0073809035616953034 1.0566304947581384 -1.0473570845086189
decision_type=2 2 2 2 2 2 2 2 2 2 2 2 2 2
left_child=1 5 4 -2 -3 6 -1 10 -9 -10 13 -6 -13 -4
right_child=3 2 7 -5 11 -7 -8 8 9 -11 -12 12 -14 -15
leaf_value=0.0033981498525953269 0.0022106269947112858 0.0064043511157890918 -0.0058898803657230084 -0.0029128340778480761 0.0012909559736545137 0.00054106765472854655 -0.00054608050604987768 -0.0040590236085213775 -0.0052626323856683399 0.0063965287206179319 0.0081147116833727283 -0.001582369209796269 0.0019469791548825963 -0.00063238125098939659
leaf_weight=3110.5555749684572 277.56322985887527 199.29673686623573 164.91635791957378 3433.5733936578035 3776.8784059435129 1493.3664100170135 437.22733017802238 1094.4547768831253 72.393067479133606 133.07787042856216 69.981028363108635 1579.0997094362974 644.84046605229378 4526.4825996756554
leaf_count=12487 1111 798 660 13761 15121 5985 1750 4388 290 533 280 6320 2583 18112
internal_value=-2.52407e-05 0.000511962 -0.000187139 -0.00252718 0.000797604 0.00221086 0.00291198 -0.00119426 -0.00305518 0.00226125 -0.00068353 0.000606218 -0.000556948 -0.000823272
internal_weight=21013.7 17302.6 12261.4 3711.14 6200.12 5041.15 3547.78 6061.31 1299.93 205.471 4761.38 6000.82 2223.94 4691.4
internal_count=84179 69307 49085 14872 24822 20222 14237 24263 5211 823 19052 24024 8903 18772
is_linear=0
shrinkage=0.02


Tree=37
num_leaves=15
num_cat=0
split_feature=33 26 21 29 25 17 3 24 17 43 24 46 18 48
split_gain=68.2378 29.2283 23.4433 19.316 16.2042 13.157 12.5671 11.2707 14.6802 11.1921 11.0991 11.0508 12.0049 11.2519
threshold=55.29794938603348 -0.76673832700736078 0.40838824686851005 2.2169780417364531 2.5000000000000004 0.61416706757967277 0.00035060331299298218 0.29793827195526673 1.1733114291987359 0.12562030609366495 0.145757946142822 -0.81241147629688981 0.0027960969719377253 -0.8783796973249266
decision_type=2 2 2 2 2 2 2 2 2 2 2 2 2 2
left_child=1 3 4 7 10 6 -6 -1 -9 -10 -2 -3 13 -13
right_child=2 11 -4 -5 5 -7 -8 8 9 -11 -12 12 -14 -15
leaf_value=0.0030628644847657226 0.0015960791481012266 0.0016503649943459631 0.00036393441380781495 0.006703919009025408 -0.0040539298846689366 -0.0027087900342830018 -0.011118015644332173 0.0023725107517238212 -0.0042265028958005189 0.0037967044930641448 -0.0018639771347309559 0.0011178236740043575 0.00082381494411253215 -0.0012744688943677868
leaf_weight=1442.1327866464853 402.16763906180859 1990.5195679217577 1986.8132072389126 393.84678365290165 263.85849238932133 989.21613098680973 168.51431411504745 561.90567560493946 328.38774457573891 83.690435945987701 4283.1573053598404 1020.6522192955017 3725.9922079592943 3374.9559494704008
leaf_count=5800 1609 7967 7951 1586 1059 3971 677 2254 1316 335 17164 4085 14912 13506
internal_value=-8.30491e-05 0.0008188 -0.00152252 0.0026213 -0.00213605 -0.00400409 -0.00690273 0.00194333 0.00027851 -0.00257106 -0.0015656 0.000316872 -1.07675e-05 -0.000718344
internal_weight=21015.8 12922.1 8093.73 2809.96 6106.91 1421.59 432.373 2416.12 973.984 412.078 4685.32 10112.1 8121.6 4395.61
internal_count=84192 51761 32431 11291 24480 5707 1736 9705 3905 1651 18773 40470 32503 17591
is_linear=0
shrinkage=0.02


Tree=38
num_leaves=15
num_cat=0
split_feature=24 37 45 33 46 24 43 42 17 41 43 36 15 31
split_gain=71.6764 34.3186 22.7266 20.8318 16.8914 17.7486 13.8307 12.7034 12.034 14.4806 12.1359 12.9094 11.9132 11.2892
threshold=0.52144740309644277 1.46709573427719 -0.98063951653910153 61.233416577874685 -0.35206144883412549 0.10865881421575305 0.22207425828175578 0.48847081478819959 0.94632240902666764 0.64844247154963186 0.39032607852624951 0.0033742286137377129 0.0025401844870998696 1.183546144966803
decision_type=2 2 2 2 2 2 2 2 2 2 2 2 2 2
left_child=1 7 6 -2 -4 -6 -3 13 10 -10 11 -5 -9 -1
right_child=3 2 4 8 5 -7 -8 12 9 -11 -12 -13 -14 -15
leaf_value=-0.0010328844837274287 -0.00047534476065345043 0.0032715981250079733 0.0022435492135535829 0.0043235072480803374 0.0020950353267811883 -0.00067022942063600882 -0.0044647084881425797 -0.0060936972834668883 5.1189428981502096e-05 -0.0053681768597448843 -0.0081207433837352499 -0.0031577853054107286 -0.00054616548183794068 0.0088349843822919313
leaf_weight=192.68585559725761 6749.8670093566179 2836.5839549899101 2453.1938909441233 92.614737123250961 1329.566561087966 3046.0765461474657 91.357565730810165 401.26350201666355 1142.1630213260651 233.35721799731255 185.05356882512569 1945.5621939450502 251.92408287525177 55.735116884112358
leaf_count=771 27011 11398 9820 372 5323 12190 366 1606 4583 938 744 7808 1008 223
internal_value=5.40817e-05 0.00120495 0.00155017 -0.00113125 0.000916926 0.000171446 0.00302301 -0.0025188 -0.0023591 -0.00088432 -0.00326752 -0.00280809 -0.00397451 0.00131168
internal_weight=21007 10658.4 9756.78 10348.6 6828.84 4375.64 2927.94 901.609 3598.75 1375.52 2223.23 2038.18 653.188 248.421
internal_count=84161 42705 39097 41456 27333 17513 11764 3608 14445 5521 8924 8180 2614 994
is_linear=0
shrinkage=0.02


Tree=39
num_leaves=15
num_cat=0
split_feature=25 45 22 41 46 47 26 5 30 29 8 21 16 23
split_gain=64.6005 34.3299 20.2145 16.2354 18.7873 15.6709 15.3702 14.3655 14.4005 12.9655 12.4972 12.9328 14.4843 12.7881
threshold=-1.4999999999999998 0.87481746915106051 0.38642955261400569 0.57641324404684535 -0.5277851165098012 0.93540483100319638 -0.75317636776752417 3.1617389325355008e-05 0.61967368144692159 3.4462702268105407 -0.0023787570423012068 0.14614352704921471 0.0034147349940380893 1.422915223208749
decision_type=2 2 2 2 2 2 2 2 2 2 2 2 2 2
left_child=2 3 6 4 7 -3 9 -2 -9 -1 -5 -12 13 -13
right_child=1 5 -4 10 -6 -7 -8 8 -10 -11 11 12 -14 -15
leaf_value=0.0037094219065408134 0.00042935439870599336 -0.0016326156442234335 -4.5898594927652538e-05 0.0025002040460545107 -0.00026200028617334286 -0.0052975127954534877 0.0017004473884127166 0.0040021881060071087 -0.0031174988033372771 0.0099521321716560321 -0.0038612981590000223 -0.0020347638016772378 0.0060748769679809201 0.0054879582140021444
leaf_weight=1267.3677042424679 1539.7045691162348 4425.8983342647552 1423.8593777269125 274.09326465427876 5805.8335553854704 518.53440698981285 2148.0547901839018 1143.3253437429667 122.4389069378376 146.70042279362679 872.27437871694565 1010.5044548213482 110.4443551748991 94.419867902994156
leaf_count=5101 6164 17750 5702 1097 23241 2080 8601 4577 490 593 3492 4044 442 378
internal_value=-1.68366e-05 -0.000639165 0.00196856 -1.54589e-05 0.000387557 -0.00202193 0.00277272 0.00172987 0.00330394 0.00438985 -0.00148264 -0.00201028 -0.000671428 -0.00137009
internal_weight=20903.5 15917.5 4985.98 10973 8611.3 4944.43 3562.12 2805.47 1265.76 1414.07 2361.74 2087.64 1215.37 1104.92
internal_count=83752 63755 19997 43925 34472 19830 14295 11231 5067 5694 9453 8356 4864 4422
is_linear=0
shrinkage=0.02


Tree=40
num_leaves=15
num_cat=0
split_feature=33 24 24 41 17 9 46 3 41 21 46 6 6 15
split_gain=67.3235 23.0876 20.4353 19.187 13.3304 14.5662 15.0364 13.3282 12.7262 12.4426 11.2066 10.5593 10.5413 10.5306
threshold=53.261304703436586 0.145757946142822 0.31142635726181328 0.36874511985318464 1.462513290112142 -0.0075143920761583296 -0.4124860612920454 -0.0028719935910531849 0.60579018686897967 0.11301537500807891 0.68322629814330826 0.0042483795497534156 -0.0032787534499466417 0.0019429905725318844
decision_type=2 2 2 2 2 2 2 2 2 2 2 2 2 2
left_child=2 11 3 10 5 -4 -7 -3 9 -9 -1 -2 -8 -11
right_child=1 7 4 -5 -6 6 12 8 -10 13 -12 -13 -14 -15
leaf_value=0.0050201916667929301 0.0021181883591779647 0.0022678795473264329 0.0036555870446113169 0.0011867051441065337 -0.0020272711883635155 0.0018714975542783586 0.0051183770760499627 -0.0026398551478288806 -0.0032114732662458707 -0.0017663498656604016 0.0013322476882482934 -0.0067411188271682271 -0.00063234302101209988 0.0002693228512098306
leaf_weight=1045.6607172787189 944.98697793483734 338.36295126378536 575.41774819791317 3616.9460823535919 848.56094565987587 1682.4608619809151 127.43437305092812 1916.5810804069042 1849.7861582189798 1910.2049925774336 486.88460065424442 52.233276948332787 3436.1534305512905 2163.6927800476551
leaf_count=4200 3781 1355 2306 14504 3396 6734 510 7682 7424 7652 1955 209 13753 8664
internal_value=4.07766e-05 -0.00124422 0.00103846 0.00198429 0.000307311 0.000649057 0.000316116 -0.00159458 -0.00176261 -0.00131291 0.00385669 0.00162283 -0.000419813 -0.000686176
internal_weight=20995.4 9175.85 11819.5 5149.49 6670.03 5821.47 5246.05 8178.63 7840.27 5990.48 1532.55 997.22 3563.59 4073.9
internal_count=84125 36767 47358 20659 26699 23303 20997 32777 31422 23998 6155 3990 14263 16316
is_linear=0
shrinkage=0.02


Tree=41
num_leaves=15
num_cat=0
split_feature=45 43 24 21 37 24 42 27 23 28 40 43 34 4
split_gain=47.3359 22.2682 19.3463 13.7618 14.1147 12.6476 12.0086 11.4457 11.5912 15.0516 12.2179 11.0649 10.6393 11.5141
threshold=1.0260662100637896 -0.11823934844816315 0.69491215733778933 0.11301537500807891 1.5693401525773651 0.6237501545313785 0.44666378634018489 -2.9150867934785114 0.60124220803403816 0.88072612881516876 0.39555988672319603 -0.08088395676993522 58.177099135682852 -0.00032005634774462242
decision_type=2 2 2 2 2 2 2 2 2 2 2 2 2 2
left_child=1 5 -2 6 -5 -1 -3 -6 9 -9 -10 -4 -11 -14
right_child=2 3 11 4 7 -7 -8 8 10 12 -12 -13 13 -15
leaf_value=0.0021970848260003087 -0.00039218318367574768 0.0014676442886751245 0.00099741490492845667 -0.0024607804235297413 -0.0071182596100036258 -0.00060398288516824901 -0.0014619731152445759 0.00055157446545530612 0.0041972122261896092 -0.0051643869890674755 0.0010305866819514545 -0.0034882667827319503 -0.005282930370527004 0.0064852014471406772
leaf_weight=3890.4610532522202 2174.3947140574455 684.30819082260132 243.73206217586994 570.05816587805748 67.561837613582611 770.44264051318169 2984.5843985825777 1539.9264310896397 537.00210621953011 365.12662962079048 4920.876860871911 2079.856663197279 53.229242637753487 72.976434171199799
leaf_count=15612 8708 2740 978 2282 271 3083 11950 6164 2150 1461 19703 8359 213 292
internal_value=6.73046e-05 0.000564336 -0.00174977 0.00010165 0.000560589 0.00173392 -0.000914298 0.00078999 0.000866034 -0.000422964 0.00134571 -0.00301661 -0.00345213 0.00150963
internal_weight=20954.5 16456.6 4497.98 11795.7 8126.76 4660.9 3668.89 7556.7 7489.14 2031.26 5457.88 2323.59 491.332 126.206
internal_count=83966 65921 18045 47226 32536 18695 14690 30254 29983 8130 21853 9337 1966 505
is_linear=0
shrinkage=0.02


Tree=42
num_leaves=15
num_cat=0
split_feature=33 33 19 48 41 22 17 8 7 2 40 44 2 29
split_gain=58.3287 30.271 18.685 13.0825 12.8452 14.3046 11.7536 11.4095 11.4173 11.2431 10.8141 11.8225 10.5437 10.7919
threshold=61.046818528319633 33.974606002536397 -0.42307495852454308 -0.60785761079279388 0.57183555966938315 0.22967755520125219 1.5188188080332183 0.0012974600693126087 0.0019211188424781596 0.00047864921114775243 0.40819503413624086 -0.71531431760581721 0.00039879511086432203 7.8114950779640049
decision_type=2 2 2 2 2 2 2 2 2 2 2 2 2 2
left_child=1 2 -1 12 5 -3 9 8 -6 -4 11 -7 13 -2
right_child=3 4 6 -5 7 10 -8 -9 -10 -11 -12 -13 -14 -15
leaf_value=0.0037608729465941093 -0.0010654647232163303 0.0011521417006639821 0.00053873164748046061 -0.0013090630849413073 -0.00086814571800414829 -0.0046120222098078242 -0.0034490783379135443 -0.0032234604253465653 0.0043636639648938561 0.0056764498115384129 2.1594770019185073e-05 0.00071261681122313848 -0.0053006874781914605 -0.009744649687236118
leaf_weight=1628.9563905894756 656.98189520835876 5054.8473179042339 988.36356528103352 3855.1167563647032 1499.8209794312716 442.84637662768364 231.97942399978638 769.38143795728683 182.67265442013741 201.20651553571224 4466.4956626594067 263.88280519843102 698.5689008384943 58.002178832888603
leaf_count=6557 2638 20241 3964 15459 6002 1772 929 3080 731 807 17874 1056 2805 233
internal_value=-9.52035e-05 0.000514896 0.00230188 -0.00191551 8.42497e-05 0.000396006 0.000622703 -0.00121441 -0.000288868 0.00142786 -0.000343227 -0.00263284 -0.00355902 -0.00183234
internal_weight=20999.1 15730.5 3050.51 5268.67 12679.9 10228.1 1421.55 2451.88 1682.49 1189.57 5173.22 706.729 1413.55 714.984
internal_count=84148 63013 12257 21135 50756 40943 5700 9813 6733 4771 20702 2828 5676 2871
is_linear=0
shrinkage=0.02


Tree=43
num_leaves=15
num_cat=0
split_feature=43 45 22 41 48 6 47 24 1 1 21 48 7 6
split_gain=49.5539 28.3723 15.0458 18.8737 14.8915 14.1294 14.0747 13.5399 11.3088 11.2924 15.6513 15.463 14.8342 13.6045
threshold=-0.12058851283976184 1.1102809793710986 0.56893078109110917 0.58551773441109989 -0.60785761079279388 -0.0025629911389671101 0.41248606129204557 0.30706459567376443 7.9847903214290262e-05 0.00022399703177674132 0.52264313777858717 -0.60785761079279388 0.00020815774366743391 -0.001877135235953741
decision_type=2 2 2 2 2 2 2 2 2 2 2 2 2 2
left_child=7 2 3 8 -3 -4 -6 9 -2 10 11 -1 -13 -11
right_child=1 4 5 -5 6 -7 -8 -9 -10 13 -12 12 -14 -15
leaf_value=0.0075473916662591725 0.0013137322006126482 -0.0042780820365366052 0.00406493533187007 -0.0013601405361540878 -0.00027108701512005672 -0.0026887576918148649 -0.0034002919266332512 0.00061401989341980422 -0.00015630827224059069 0.0062272305812509756 -0.0018660521035517078 0.00084678610001234138 0.005596110745529485 0.00029232252398362599
leaf_weight=436.12117557227612 4605.904399946332 914.1447524279356 133.19209766387939 2405.3747954815626 1733.3604685664177 1236.8853439241648 856.04278874397278 2348.6031827032566 3831.8449340909719 176.81108541786671 176.28152868151665 568.21964445710182 488.2758227288723 1032.1229687482119
leaf_count=1754 18448 3675 533 9631 6955 4950 3435 9408 15339 709 707 2286 1963 4136
internal_value=5.67149e-05 -0.000504352 -4.89493e-05 0.000200893 -0.00208953 -0.0020198 -0.00131014 0.0017428 0.000646444 0.00266134 0.00372595 0.0043904 0.00305778 0.0011824
internal_weight=20943.2 15716.7 12213.2 10843.1 3503.55 1370.08 2589.4 5226.44 8437.75 2877.83 1668.9 1492.62 1056.5 1208.93
internal_count=83929 62966 48901 43418 14065 5483 10390 20963 33787 11555 6710 6003 4249 4845
is_linear=0
shrinkage=0.02


Tree=44
num_leaves=15
num_cat=0
split_feature=33 0 24 42 40 12 40 8 39 40 33 40 44 6
split_gain=51.6715 20.0871 18.1586 22.2052 15.1073 20.1488 19.952 17.6362 17.1233 14.111 13.1256 14.1644 12.9695 12.745
threshold=56.392719450730688 -0.0039661624996668353 0.71997847232412271 0.56698082385696724 2.0089806504022198 -0.00030930890612734129 1.0956813438051196 -0.0024834422905813057 -0.87035668876096495 2.754140135807237 35.733739581220782 0.38657070402544408 0.032930862438510816 -0.0012672397713134498
decision_type=2 2 2 2 2 2 2 2 2 2 2 2 2 2
left_child=1 -1 3 9 5 6 -3 -8 -7 -2 11 -10 13 -12
right_child=2 4 -4 -5 -6 8 7 -9 10 -11 12 -13 -14 -15
leaf_value=0.0039290272778252817 -0.000165844138596037 0.0022610363633924235 -0.0023466486053000811 -0.0047228878373539156 -0.0019361974646638562 -0.0031168485807250208 0.0021924664134836259 -0.0021623523456028438 0.010835424800373576 0.0053255223499883665 0.0016745675491329464 0.0017066929683852007 0.0019660079780760963 -0.0013790544410692616
leaf_weight=758.6429038643837 3391.7001792639494 4481.4354504048824 3489.5636395215988 415.11445923149586 877.54408936202526 646.78211532533169 624.31916634738445 904.93022467195988 68.830022841691971 193.09894824028015 686.14070038497448 912.648382589221 893.59241336584091 2618.2986621707678
leaf_count=3051 13580 17953 14012 1663 3516 2589 2505 3623 277 773 2746 3668 3577 10479
internal_value=3.79489e-05 0.0007782 -0.00129335 -0.000372666 0.000588728 0.000776653 0.00158854 -0.000383138 -6.15734e-05 0.00013696 0.000322587 0.00239856 -0.00016504 -0.000743422
internal_weight=20962.6 13473.2 7489.48 3999.91 12714.5 11837 6010.68 1529.25 5826.29 3584.8 5179.51 981.478 4198.03 3304.44
internal_count=84012 53984 30028 16016 50933 47417 24081 6128 23336 14353 20747 3945 16802 13225
is_linear=0
shrinkage=0.02


Tree=45
num_leaves=15
num_cat=0
split_feature=45 26 17 24 5 3 32 35 40 26 44 32 32 1
split_gain=51.4669 22.4865 24.1504 16.3016 12.869 11.7594 11.8334 11.4991 13.1653 11.8944 14.4908 11.3489 11.0361 10.9549
threshold=-0.68723644196527645 0.9896445015329266 1.2541264522570124 0.14978733654055873 -0.00098974887821038824 -0.0028719935910531849 0.036527420721795094 -0.92366823566505829 2.0089806504022198 -1.1748306220333278 0.74206498398759702 -0.41775043633825376 0.17098763591397162 7.9847903214290262e-05
decision_type=2 2 2 2 2 2 2 2 2 2 2 2 2 2
left_child=7 3 12 4 -2 6 -5 -1 9 10 -9 -11 -3 -13
right_child=1 2 -4 5 -6 -7 -8 8 -10 11 -12 13 -14 -15
leaf_value=0.0032069708393107636 -0.0016967011038642628 -0.0013206062392677295 0.00054198527152342997 -0.0001018393898233649 0.0019830307211019232 -0.0007344297141403625 0.0053400607058152038 0.0011483331358998995 -0.0022203623502553304 -0.0046163354135453985 0.012377362836745511 0.002301479217943745 -0.0055546151899112566 -2.3664525553593963e-05
leaf_weight=1479.8934626877308 470.38177824020386 354.89949557185173 630.77817073464394 415.58768345415592 1907.5753893852234 10457.926955223083 254.53681781888008 99.017498940229416 411.69769436120987 121.73030279576778 82.683817178010941 2289.3045729845762 828.60594671964645 1253.1325363069773
leaf_count=5956 1883 1428 2532 1663 7637 41874 1019 399 1650 488 333 9182 3333 5020
internal_value=7.55314e-05 -0.00052959 -0.002617 -0.00024832 0.00125311 -0.000569581 0.00198943 0.00169039 0.0011601 0.00152439 0.00645277 0.00127154 -0.00429585 0.00148009
internal_weight=21057.8 15320.3 1814.28 13506 2377.96 11128.1 670.125 5737.46 4257.57 3845.87 181.701 3664.17 1183.51 3542.44
internal_count=84397 61369 7293 54076 9520 44556 2682 23028 17072 15422 732 14690 4761 14202
is_linear=0
shrinkage=0.02


Tree=46
num_leaves=15
num_cat=0
split_feature=45 19 26 13 30 47 12 40 12 28 26 25 42 3
split_gain=45.4475 24.0758 16.4241 16.7697 18.3405 13.8182 16.7617 13.2195 10.7516 12.693 11.6657 10.6387 10.575 10.1837
threshold=-0.68723644196527645 -0.63692094976272784 0.68813122098672908 0.0037063437506109705 0.72327654554717358 0.99465189230620699 0.0039922533336631495 1.9760400782151128 -0.0042655662131678212 3.6778880484532452 0.55438220078414968 -5.4999999999999991 0.43486948024417915 0.0023557274107823727
decision_type=2 2 2 2 2 2 2 2 2 2 2 2 2 2
left_child=7 13 5 -4 -5 8 -7 11 12 -10 -11 -1 -3 -2
right_child=1 2 3 4 -6 6 -8 -9 9 10 -12 -13 -14 -15
leaf_value=0.0075495136290583791 0.0011825117685534002 0.0033903469386493941 -0.0026607455533258161 -0.0029004984767067249 0.0051214052464803664 -0.00073234082168707889 -0.0094564042839347922 -0.00090436577387056438 -0.0010422703165275952 0.0060530707284316343 -0.0037900669695324078 0.0016778168254979317 9.5200411188795452e-05 0.0060346052346578081
leaf_weight=122.1935175806284 1092.1052366197109 435.28591060638428 2910.912601813674 205.13969904184341 244.99186746776104 215.59831953048706 145.04630698263645 821.84509764611721 6178.8794832676649 182.89397218823433 60.931325569748878 4804.2118253260851 3385.1929119080305 201.56641201674938
leaf_count=492 4373 1742 11701 823 982 863 581 3298 24728 732 244 19284 13548 807
internal_value=-7.54416e-05 -0.000646417 -0.000888376 -0.00210565 0.00147386 -0.000501734 -0.00432237 0.00143944 -0.000365172 -0.000864667 0.00356656 0.00183096 0.000474573 0.00195884
internal_weight=21006.8 15258.5 13964.9 3361.04 450.132 10603.8 360.645 5748.25 10243.2 6422.7 243.825 4926.41 3820.48 1293.67
internal_count=84198 61124 55944 13506 1805 42438 1444 23074 40994 25704 976 19776 15290 5180
is_linear=0
shrinkage=0.02


Tree=47
num_leaves=15
num_cat=0
split_feature=24 34 1 25 48 43 1 9 38 41 22 17 23 8
split_gain=51.6608 27.2 26.3524 15.4588 13.9784 17.3513 13.955 13.0083 13.1956 12.2522 10.9698 13.7498 10.8688 15.3325
threshold=0.72427604268916512 46.241565201206974 6.4003569068198072e-05 -1.4999999999999998 -0.60785761079279388 0.37229427672084725 0.0047208148274347885 -0.0054644331062931014 2.6858515929434277 0.63919245373483358 0.30597043107688088 1.1661237918150882 1.080020269390749 0.00052312081728869383
decision_type=2 2 2 2 2 2 2 2 2 2 2 2 2 2
left_child=1 9 -2 -3 5 -4 7 -5 -9 10 -1 -12 13 -6
right_child=2 3 4 6 12 -7 -8 8 -10 -11 11 -13 -14 -15
leaf_value=0.0027661022000671372 -0.00014852415406504542 0.0016106982515200804 -0.0037158896571358626 0.0053518776683237615 0.00059044789152322983 -0.012370945295128374 0.0035766225977873559 0.0036580064428078803 -0.00089742628393427669 -0.0032231539923668878 0.0018946810951735421 -0.0020457501298091589 0.00030031262846883688 -0.0039910050292814667
leaf_weight=3581.4027995616198 3796.5603350549936 2197.4396877586842 727.6897699534893 140.82908393442631 398.24104301631451 103.12038430571556 341.21505504846573 261.34061203896999 5701.9963439106941 172.65906421840191 1332.8776992559433 477.20193430781364 674.87533208727837 1080.2121599316597
leaf_count=14389 15208 8800 2922 564 1594 416 1366 1046 22829 691 5343 1912 2711 4334
internal_value=0.000181083 0.000866523 -0.00125464 0.000164073 -0.00265928 -0.00485774 -0.000329995 -0.000551118 -0.000694889 0.00195652 0.00212523 0.000853068 -0.00180177 -0.0027591
internal_weight=20987.7 14207 6780.7 8642.82 2984.14 830.81 6445.38 6104.17 5963.34 5564.14 5391.48 1810.08 2153.33 1478.45
internal_count=84125 56940 27185 34605 11977 3338 25805 24439 23875 22335 21644 7255 8639 5928
is_linear=0
shrinkage=0.02


Tree=48
num_leaves=15
num_cat=0
split_feature=33 25 21 48 19 13 22 27 22 43 25 47 34 32
split_gain=54.7726 23.9597 19.7774 18.5395 21.3323 16.8807 17.6719 14.3144 12.4678 18.7567 12.001 11.8983 11.3011 13.7772
threshold=61.233416577874685 -1.4999999999999998 0.28081886619353152 -0.8783796973249266 -0.42307495852454308 0.0011787583683497004 0.13161323940740882 0.36807124331193225 0.27287142729952202 0.11401390548364962 4.5000000000000009 0.99465189230620699 42.892666520825493 0.19122249127015695
decision_type=2 2 2 2 2 2 2 2 2 2 2 2 2 2
left_child=1 3 10 4 -1 -3 -7 -6 9 12 11 -2 -5 -14
right_child=2 5 -4 8 7 6 -8 -9 -10 -11 -12 -13 13 -15
leaf_value=0.0087296728028427688 -0.0022015332109065707 -0.001173476163516302 -0.00027070379224235241 0.0042150247419213823 0.0032067489696659458 0.0018395603699089685 -0.00012712127879530667 -0.0076604279119764172 1.1535992339329736e-05 -0.0055960731030508205 -0.0071702629396479161 -0.009896296989114272 0.00049277484062549247 0.0068364729210325581
leaf_weight=303.92737790942192 2780.3805895745754 3072.5001276880503 2090.0742023587227 1001.3100510239601 308.79481686651707 2825.9179812371731 5154.8515820205212 52.483922198414803 1769.1715095043182 111.50805974006653 227.79334317147732 78.296999529004097 1041.5533369332552 152.8482995480299
leaf_count=1223 11170 12300 8374 4036 1238 11319 20635 210 7091 447 918 315 4178 612
internal_value=1.02619e-05 0.00059545 -0.00177414 0.00178395 0.00486827 8.50354e-05 0.000569979 0.00154502 0.00127529 0.00224221 -0.00279014 -0.0024292 0.00265208 0.0013297
internal_weight=20971.4 15794.9 5176.55 4741.6 665.206 11053.3 7980.77 361.279 4076.39 2307.22 3086.47 2858.68 2195.71 1194.4
internal_count=84066 63289 20777 19035 2671 44254 31954 1448 16364 9273 12403 11485 8826 4790
is_linear=0
shrinkage=0.02


Tree=49
num_leaves=15
num_cat=0
split_feature=41 8 34 6 20 31 8 16 14 40 2 32 5 4
split_gain=48.4507 22.7592 18.1237 16.0397 14.6313 14.2709 12.7012 12.3609 12.0749 11.3807 11.4276 10.626 9.7463 9.71447
threshold=0.58911602424377341 0.0032023788802663642 44.074795560514723 -0.0011456571909308831 -0.75701540557310143 0.14004007259512566 0.0028261163715173165 0.0048533352677232874 0.0018179223582692609 1.3864277893573282 -0.0029635880827833549 0.59287151949882844 -0.0016896799199915861 -0.0021453012714273199
decision_type=2 2 2 2 2 2 2 2 2 2 2 2 2 2
left_child=1 2 5 -4 -3 9 8 -8 -2 10 -1 -6 -10 -14
right_child=6 4 3 -5 11 -7 7 -9 12 -11 -12 -13 13 -15
leaf_value=-0.0017145640131543585 -0.0022222751529545042 0.007120450475792274 0.0019106259970976289 -0.00014121541851975578 -0.0017995256232943182 0.0080033881837017484 -0.0042009506301015206 0.0054646501260910522 -0.003232887597330418 7.5015197181401902e-05 0.002537035786681849 0.0068854025910421758 -0.0035099481529205041 0.0029918603492780629
leaf_weight=272.0713946223259 1699.3399385511875 74.698793992400169 1877.7507733553648 7993.4268234819174 2361.024124443531 136.32712408900261 1141.4531166702509 51.315832898020744 187.86171481013298 1463.1928476989269 3074.7209806591272 52.901709005236626 106.42842307686806 534.05312021076679
leaf_count=1092 6812 299 7519 32011 9466 550 4589 206 752 5873 12345 212 426 2139
internal_value=2.75401e-06 0.000448019 0.000745305 0.000249867 -0.00131999 0.00173278 -0.00206627 -0.00376404 -0.00125928 0.00154693 0.00218937 -0.00159535 0.000717788 0.00189264
internal_weight=21026.6 17306.1 14817.5 9871.18 2488.62 4946.31 3720.45 1192.77 2527.68 4809.99 3346.79 2413.93 828.343 640.482
internal_count=84291 69367 59390 39530 9977 19860 14924 4795 10129 19310 13437 9678 3317 2565
is_linear=0
shrinkage=0.02


Tree=50
num_leaves=15
num_cat=0
split_feature=43 28 8 47 15 6 24 14 22 45 3 37 31 6
split_gain=42.9453 30.2719 19.2275 17.8966 17.7493 17.4318 14.4344 14.3796 14.2845 14.1655 13.3643 12.4165 12.2183 11.8981
threshold=0.046371946982530436 0.92191313761034932 0.0031335025911854351 0.65934581510006873 0.0018902430805335078 -0.0020062940032426523 0.16960266230737414 0.001118670737055279 0.22967755520125219 1.2151782930092481 0.0026089863663309658 4.5151659340478743 -0.63149859625072013 -0.00047866196019458461
decision_type=2 2 2 2 2 2 2 2 2 2 2 2 2 2
left_child=1 8 7 4 6 -5 -3 -2 13 -10 -7 -6 -4 -1
right_child=2 3 12 5 11 10 -8 -9 9 -11 -12 -13 -14 -15
leaf_value=0.0032664251999490195 -0.0025047337943118319 0.0019467060388468137 -0.0074128413354277549 0.0042064774890223401 0.0007811364191683967 -0.0046258513795983773 -0.0026358158647134607 3.3426112818102836e-05 0.00074726739538887575 -0.0042652645466430498 0.0023714674986800984 0.0059706171384958529 -0.0023677897314707168 0.001224292676824403
leaf_weight=1900.9592257887125 1179.8671553432941 356.69743156433105 211.39982099831104 118.59170794487 1437.5843472033739 884.93699610233307 1151.3372715264559 3621.8874185681343 4788.7585701942444 231.70705080032349 121.3321830034256 206.96649299561977 1838.8589796721935 2870.436336889863
leaf_count=7632 4732 1428 847 475 5757 3545 4614 14508 19184 929 486 829 7389 11519
internal_value=1.21145e-05 0.000644441 -0.00128577 -0.000758582 1.54081e-05 -0.00291827 -0.00154905 -0.000592197 0.00125741 0.000511913 -0.00377459 0.00145035 -0.00290475 0.00204046
internal_weight=20921.3 14069.3 6852.01 4277.45 3152.59 1124.86 1508.03 4801.75 9791.86 5020.47 1006.27 1644.55 2050.26 4771.4
internal_count=83874 56398 27476 17134 12628 4506 6042 19240 39264 20113 4031 6586 8236 19151
is_linear=0
shrinkage=0.02


Tree=51
num_leaves=15
num_cat=0
split_feature=41 26 12 40 8 40 27 21 7 11 25 36 32 15
split_gain=42.5449 26.2885 22.5445 19.9937 16.1298 14.5249 13.095 11.9538 11.6219 11.1255 10.7601 10.5354 10.3832 10.229
threshold=0.58390028320940479 -0.73831557660297054 0.0043242781343091887 0.87682280078069763 0.0029463693224500778 0.37270161288244436 -1.4073668011740581 0.42270692674041627 0.0018837865443644003 -0.0031783687166571338 4.5000000000000009 0.0051309141049741208 0.43106400715214033 0.00086747991962984991
decision_type=2 2 2 2 2 2 2 2 2 2 2 2 2 2
left_child=1 5 3 6 8 -1 -3 10 -2 -7 -8 -4 -5 -13
right_child=4 2 11 12 -6 9 7 -9 -10 -11 -12 13 -14 -15
leaf_value=0.011253464693666747 -0.0015369522963858441 0.0092004689840920161 -0.0033568582125607523 -0.00040511215972581971 -0.0038313586989642458 0.00095684438010012346 0.00092159071474122553 0.003089238626357192 0.0026154166279444323 0.003607619715195228 -0.0073096662003658336 0.0074161173741234855 -0.007410810541388744 -0.00071501981352290508
leaf_weight=63.029508784413338 2419.8494509011507 81.028446301817894 623.7909210473299 2843.7453970164061 1236.3646547943354 1822.4765734225512 3811.087578445673 1171.58736500144 298.76953728497028 970.15004742145538 59.647329732775688 57.622396782040596 82.25489467382431 5478.1300624758005
leaf_count=255 9698 325 2498 11388 4972 7335 15263 4691 1197 3909 240 231 330 21940
internal_value=-7.38833e-05 0.00035942 7.24623e-06 0.000703954 -0.00194155 0.00210866 0.00145672 0.00132329 -0.00107665 0.00188252 0.000785482 -0.00090305 -0.000614361 -0.000623766
internal_weight=21019.5 17064.6 14208.9 8049.35 3954.98 2855.66 5123.35 5042.32 2718.62 2792.63 3870.73 6159.54 2926 5535.75
internal_count=84272 68405 56906 32237 15867 11499 20519 20194 10895 11244 15503 24669 11718 22171
is_linear=0
shrinkage=0.02


Tree=52
num_leaves=15
num_cat=0
split_feature=45 21 43 0 22 42 34 37 47 39 48 45 31 40
split_gain=46.0281 23.8351 18.9701 15.9876 13.3011 11.9721 18.2865 11.4206 10.699 16.6301 11.335 11.263 10.5789 10.4977
threshold=-0.34074355918335603 0.33359802149833245 -0.08647968699907084 -0.00078259864880762299 0.30597043107688088 0.54599328642686007 42.473278058489299 1.2920136121051427 0.47114434510950071 0.25105469974125733 -1.0000000180025095e-35 -0.15041737153144469 0.49432225472769448 1.9760400782151128
decision_type=2 2 2 2 2 2 2 2 2 2 2 2 2 2
left_child=4 2 -2 7 5 -1 -7 -3 10 11 -5 -10 -13 -6
right_child=1 3 -4 8 13 6 -8 -9 9 -11 -12 12 -14 -15
leaf_value=0.0020936572508441988 0.00032162039369921971 -0.0030650148186158665 -0.0018176413461858641 -0.00070441420491731271 0.0006531415786893409 0.0032912484739738147 -0.0082789013343071826 0.0045069794371285265 -0.0063121001612113231 -0.0065072212155450242 0.0020696359047762463 0.0016134662927310165 -0.0030759874474621351 -0.0027861200129455539
leaf_weight=4606.1032381057739 2195.6834560185671 89.462753608822823 6749.7451606243849 1082.1832369416952 2594.3403100222349 101.36657665669918 108.52795103192329 548.60547538101673 110.94384630024433 212.56935633718967 1283.253757789731 677.71739719808102 262.98056815564632 406.16526989638805
leaf_count=18502 8792 358 27074 4333 10394 407 435 2196 444 852 5137 2713 1053 1627
internal_value=1.34106e-05 -0.000706177 -0.00129267 0.000523218 0.00122949 0.00188016 -0.00274464 0.00342974 8.25512e-06 -0.00147366 0.000801704 -0.000430243 0.000293156 0.000183723
internal_weight=21029.6 13213.1 8945.43 4267.72 7816.5 4816 209.895 638.068 3629.65 1264.21 2365.44 1051.64 940.698 3000.51
internal_count=84317 52952 35866 17086 31365 19344 842 2554 14532 5062 9470 4210 3766 12021
is_linear=0
shrinkage=0.02


Tree=53
num_leaves=15
num_cat=0
split_feature=45 1 24 38 13 3 30 1 2 46 24 26 26 3
split_gain=43.6432 19.9694 19.2556 14.6207 13.4271 12.5464 12.5387 12.2256 17.4314 14.1182 11.3148 11.1189 15.7784 10.8702
threshold=-0.34074355918335603 7.9847903214290262e-05 0.13086126429899939 3.7586797838420587 0.00070120168747011549 -0.0027061152621967927 0.35892202002969104 0.00036623918024579878 -0.0012180011966876614 -0.84874750804349175 0.85888902923163724 0.29161091640544518 0.9896445015329266 0.00095445572229470679
decision_type=2 2 2 2 2 2 2 2 2 2 2 2 2 2
left_child=1 -1 13 4 -4 11 -6 -7 9 -9 -3 -5 -13 -2
right_child=2 10 3 5 6 7 -8 8 -10 -11 -12 12 -14 -15
leaf_value=0.0018624197986107252 3.5799467772625085e-05 0.00012742164763656638 0.0068650964070703473 -0.0016886117553873503 -0.00030771129859322502 -0.00088287261576341762 0.0076140722992567361 0.0058950923656454117 -0.0030488035199382354 -0.0010039268312793071 -0.0045170289352022414 0.0076391969656512994 -0.0041332737185560027 0.0033188303932488602
leaf_weight=5142.4725999385118 1146.7284038364887 2423.7943204194307 112.84819415211678 189.19223062694073 2399.0700897723436 4419.0200787633657 77.670604288578033 142.01367902755737 3233.0029858350754 610.25732812285423 224.67483098804951 178.2676555365324 57.022556409239769 617.43942467868328
leaf_count=20650 4591 9716 452 757 9606 17709 311 569 12975 2446 899 714 229 2472
internal_value=-4.99855e-05 0.00113633 -0.000751271 -0.00105174 0.000269306 -0.00143915 -4.44444e-05 -0.0016088 -0.00241163 0.000328794 -0.000274345 0.00189937 0.0047595 0.00119096
internal_weight=20973.5 7790.94 13182.5 11418.4 2589.59 8828.78 2476.74 8404.29 3985.27 752.271 2648.47 424.482 235.29 1764.17
internal_count=84096 31265 52831 45768 10369 35399 9917 33699 15990 3015 10615 1700 943 7063
is_linear=0
shrinkage=0.02


Tree=54
num_leaves=15
num_cat=0
split_feature=25 45 12 44 40 5 8 32 40 48 33 3 11 30
split_gain=44.0875 26.0944 17.1658 19.6403 15.7688 17.4566 13.5421 12.9128 11.9443 11.4626 14.9702 13.3392 12.6418 10.8112
threshold=-1.4999999999999998 1.1102809793710986 -0.0023536258607597953 -0.67778873651639737 0.97075347577544868 -0.0013742669282261757 -0.0059882667215595342 -0.079832672827316223 3.7339783532641193 -0.8783796973249266 48.799915422492241 0.00049481147685154832 0.023304889702660359 -0.17851323020127444
decision_type=2 2 2 2 2 2 2 2 2 2 2 2 2 2
left_child=9 2 4 -4 7 -6 -5 -2 -3 10 -1 -12 -11 -9
right_child=1 8 3 6 5 -7 -8 13 -10 12 11 -13 -14 -15
leaf_value=0.0058052598029104518 0.0038965924248992203 -0.0021361907891097958 -0.002375041525084897 0.0050798093512936316 -0.0030520383720865065 0.00079803719950782912 -0.00024869999249674463 0.0024411297645844108 0.004386647622908209 0.0010537393872378639 -0.006326471268769859 0.0042771049138750836 0.0073378438429617769 -0.00023098478963478274
leaf_weight=499.94286328554153 779.45869375765324 3783.506995305419 2023.4287109822035 193.97629527747631 728.99517965316772 1310.9203647822142 4627.3621381223202 1076.6171335279942 111.19278517365456 4157.3988375514746 87.1985784471035 92.931753680109978 127.32549557089806 1374.5637381374836
leaf_count=2011 3123 15204 8101 778 2920 5251 18531 4311 446 16695 349 372 510 5503
internal_value=-1.09545e-05 -0.000521622 -6.35719e-05 -0.000723953 0.000793925 -0.000581945 -2.92783e-05 0.00166224 -0.00194458 0.00163467 0.00403883 -0.00088817 0.00124881 0.000945252
internal_weight=20974.8 16010 12115.3 6844.77 5270.56 2039.92 4821.34 3230.64 3894.7 4964.8 680.073 180.13 4284.72 2451.18
internal_count=84105 64168 48518 27410 21108 8171 19309 12937 15650 19937 2732 721 17205 9814
is_linear=0
shrinkage=0.02


Tree=55
num_leaves=15
num_cat=0
split_feature=27 41 46 21 19 1 42 49 37 40 5 11 40 29
split_gain=37.9845 21.0336 17.064 19.8621 16.5795 14.5285 13.17 12.4103 12.256 13.1803 11.3773 10.6278 12.5569 11.7264
threshold=-0.9391000271940867 0.58911602424377341 -0.5277851165098012 0.27269296907349766 -0.42307495852454308 -0.00028929635450085822 0.4309677296821966 0.81174490092936691 2.4113377166845589 2.5051167844732665 0.003008714797068809 -0.0031783687166571338 1.2062677113655857 1.8638464697882069
decision_type=2 2 2 2 2 2 2 2 2 2 2 2 2 2
left_child=4 2 -2 5 11 7 -6 -4 9 10 -5 13 -13 -1
right_child=1 -3 3 8 6 -7 -8 -9 -10 -11 -12 12 -14 -15
leaf_value=0.001640503041626343 0.0010076185795234733 -0.0017925099578348668 0.00062516200377483804 -0.0012820160446370783 0.0033665402750461867 -0.0021515454870922627 -0.00023342624404058593 -0.0037765415294804391 0.0012749297008794629 0.0061002797828807213 -0.0086559272571589928 0.0073600146035525619 0.00018657312144783336 0.0081135464356035959
leaf_weight=1334.7228116095066 4324.8489751666784 3366.0831658393145 1784.4165034741163 780.15579326450825 520.23949311673641 3203.6540594398975 1795.4943336844444 294.02704285085201 2759.4231948554516 81.667947813868523 89.179890617728233 381.51572047173977 130.93995614349842 117.83345746994019
leaf_count=5376 17326 13512 7149 3124 2087 12840 7197 1178 11049 327 357 1541 528 476
internal_value=5.00649e-05 -0.000381263 -2.40193e-05 -0.000520458 0.00172957 -0.00130775 0.000580832 -5.09389e-06 0.000600563 -0.00135261 -0.00208364 0.00307844 0.00554661 0.00219164
internal_weight=20964.2 16683.5 13317.4 8992.52 4280.75 5282.1 2315.73 2078.44 3710.43 951.004 869.336 1965.01 512.456 1452.56
internal_count=84067 66862 53350 36024 17205 21167 9284 8327 14857 3808 3481 7921 2069 5852
is_linear=0
shrinkage=0.02


Tree=56
num_leaves=15
num_cat=0
split_feature=24 1 33 23 12 24 12 48 39 5 44 30 31 47
split_gain=34.6376 19.1787 17.4737 15.103 16.0525 14.1385 13.3521 12.8758 13.2156 11.9095 13.4079 11.2933 11.329 14.433
threshold=0.58683319225342545 -0.00098979999672822402 65.188788274711698 0.55649966567041098 0.013410143327406702 0.11604640974605455 -0.0076260783660301295 -1.0000000180025095e-35 0.29696778438631083 -0.0013742669282261757 0.13702682630833188 0.3817578852247846 0.68952908079043873 0.47114434510950071
decision_type=2 2 2 2 2 2 2 2 2 2 2 2 2 2
left_child=1 -1 6 4 -3 -5 9 -4 -9 10 -2 -7 -13 -14
right_child=2 3 7 5 -6 11 -8 8 -10 -11 -12 12 13 -15
leaf_value=0.0021326055470570894 0.0010316104264921791 -0.00042524536293172979 -0.0041552290916889905 0.0019828329009153912 -0.0052557966581061521 0.00070853830512361017 -0.0010328822990754098 -0.0027582996285928857 0.0011674305451896351 0.0017469194114351791 -0.0046825112870318829 -0.0030824625397528026 0.0019265524498245548 -0.0036868482953435785
leaf_weight=2901.2210645675659 380.19458749890327 1225.5291201621294 970.9105027616024 2198.5442103296518 350.24660375714302 3481.5852741897106 4497.8202572613955 837.35004107654095 574.8740863353014 1645.5944431722164 282.30476169288158 759.44711609184742 610.38975548744202 255.90984851121902
leaf_count=11656 1522 4907 3916 8823 1402 13956 18011 3369 2313 6588 1130 3041 2444 1025
internal_value=4.64129e-06 0.000722297 -0.000915482 0.000260675 -0.00151216 0.000643822 -0.000398678 -0.00238748 -0.00116177 0.000836766 -0.00142013 6.60452e-05 -0.00130783 0.00025668
internal_weight=20971.9 11782.9 9189.05 8881.65 1575.78 7305.88 6805.91 2383.13 1412.22 2308.09 662.499 5107.33 1625.75 866.3
internal_count=84103 47254 36849 35598 6309 29289 27251 9598 5682 9240 2652 20466 6510 3469
is_linear=0
shrinkage=0.02


Tree=57
num_leaves=15
num_cat=0
split_feature=1 19 48 38 21 47 19 6 28 46 1 32 43 36
split_gain=44.9558 24.4002 29.3565 18.8305 14.9415 18.0382 16.0252 13.0515 14.1622 13.346 12.438 11.8793 11.7709 23.2692
threshold=7.9847903214290262e-05 -0.4016432287813082 -0.8783796973249266 3.6435433393013104 0.40838824686851005 0.47114434510950071 -0.80920190994837926 -0.00041235597361132214 -2.8363907068079519 -0.35206144883412549 0.002299256824492747 -0.19060557895051636 -0.068856938315341801 0.013937487531595278
decision_type=2 2 2 2 2 2 2 2 2 2 2 2 2 2
left_child=1 2 -1 7 6 -6 -5 8 -2 10 -9 -7 -4 -14
right_child=3 -3 12 4 5 11 -8 9 -10 -11 -12 -13 13 -15
leaf_value=0.0079618810808800185 -0.0024178270950337179 0.00032420202427791876 0.0024928674313821615 0.0012694455818876532 0.0014701649750526696 0.0043768317999552568 -0.002415908721236224 0.0026363127054489254 0.0027778010276599797 -0.0026712774124756332 -0.0032520282326805572 -0.0038817990355196758 -0.0040326502297832476 0.0048219967250686772
leaf_weight=342.43636637926102 254.98876304924488 8257.8496077060699 1732.9963649958372 518.9023324996233 1185.9843033403158 76.192163079977036 4919.3827392905951 531.5356872677803 1099.3828144967556 800.36025789380074 191.17939469218254 515.40444472432137 334.9941298365593 177.53475327789783
leaf_count=1380 1023 33088 6979 2081 4748 305 19741 2130 4405 3207 766 2064 1345 713
internal_value=-3.79348e-05 0.00085586 0.00254842 -0.000998314 -0.00154353 4.83582e-05 -0.00206342 0.000369236 0.00179432 -0.000899724 0.00106703 -0.0027904 0.00170702 -0.000948537
internal_weight=20939.1 10845.8 2587.96 10093.3 7215.87 1777.58 5438.29 2877.45 1354.37 1523.08 722.715 591.597 2245.53 512.529
internal_count=83975 43505 10417 40470 28939 7117 21822 11531 5428 6103 2896 2369 9037 2058
is_linear=0
shrinkage=0.02


Tree=58
num_leaves=15
num_cat=0
split_feature=26 8 22 6 47 28 27 40 42 22 35 20 22 4
split_gain=36.905 25.5545 14.1844 14.3608 13.3629 20.437 13.2008 12.1821 12.0213 11.99 11.9636 11.6084 11.0694 11.0327
threshold=-0.73831557660297054 0.0036464394542866031 0.25211018092257426 0.00067558565271762943 0.25881904510252102 0.8184542631898023 -0.7588199881589518 0.36278256353258415 0.55285242525867428 0.25986417291072084 0.77103169149216011 0.26091338195209812 0.26781655631336432 0.0020957074435768021
decision_type=2 2 2 2 2 2 2 2 2 2 2 2 2 2
left_child=12 2 3 -2 -5 -6 -3 -4 11 -9 -11 -8 -1 -7
right_child=1 6 7 4 5 13 8 9 -10 10 -12 -13 -14 -15
leaf_value=0.0029869256893283454 0.0011236093085742358 -0.0090923472757902576 -0.0034556420666866871 0.00058828505884061806 2.3464992458828286e-05 -0.0065751779252263554 0.00055145459747625537 -0.0058708724616629102 -0.0046702961277550878 -9.5681149502294287e-05 -0.0039289222159892287 -0.0022823542254901651 0.00048549948335504899 0.00081614439658434944
leaf_weight=1822.7203517258167 5372.6416031420231 98.187627613544464 587.35256046056747 1546.5356719046831 704.75417600572109 422.72200779616833 917.17662259936333 154.31243494153023 483.31048902869225 5761.9629517495632 340.20851238071918 1552.0096764266491 1158.3687890917063 98.31905809044838
leaf_count=7359 21528 393 2352 6196 2823 1694 3674 618 1944 23068 1369 6240 4654 394
internal_value=-4.21585e-05 -0.000382969 -4.31248e-05 0.000520706 -0.000647609 -0.00220294 -0.00204991 -0.000714041 -0.00180073 -0.000454108 -0.000312434 -0.00123075 0.00201738 -0.00518595
internal_weight=21020.6 18039.5 14988.8 8144.97 2772.33 1225.8 3050.68 6843.84 2952.5 6256.48 6102.17 2469.19 2981.09 521.041
internal_count=84306 72293 60042 32635 11107 4911 12251 27407 11858 25055 24437 9914 12013 2088
is_linear=0
shrinkage=0.02


Tree=59
num_leaves=15
num_cat=0
split_feature=41 45 22 11 40 40 37 10 37 21 46 22 8 8
split_gain=39.7239 23.9307 17.3359 16.0327 13.1861 11.7096 12.5764 11.5362 11.5273 11.1443 11.3196 11.082 10.4329 12.8434
threshold=0.58911602424377341 -0.91417569307990243 0.25211018092257426 0.026905289451895048 1.6091552173220647 0.37270161288244436 4.5862430336416198 0.0011884902223222838 1.9088291418200771 0.43020634629264642 -0.99465189230620676 0.5746521576871132 0.0028261163715173165 0.0025062668249185515
decision_type=2 2 2 2 2 2 2 2 2 2 2 2 2 2
left_child=1 4 8 5 11 6 -4 -8 -3 10 -7 -1 13 -2
right_child=12 2 3 -5 -6 9 7 -9 -10 -11 -12 -13 -14 -15
leaf_value=0.0027298645743492377 -0.001524997392595931 -0.00094737150202008102 -0.00850452787509259 0.0040687145538126478 -0.00026119563471634419 -0.0063353239479458099 0.00097911863657259277 -0.0061740385164454669 0.0010554003237347822 0.0015361837596081635 -0.00092845585590955061 -0.0013040418109284153 -0.0034520123940812624 0.0047837179563683828
leaf_weight=2788.3295602202415 2385.5702315568924 1455.4290103465319 157.78457134962082 251.86636008322239 1043.3536814749241 155.53513598442078 229.59738312661648 142.33112554252148 5406.0985419601202 729.27563753724098 4570.5167684108019 298.90822847187519 1202.3200114369392 131.64390650391579
leaf_count=11227 9562 5833 632 1009 4193 623 919 570 21659 2919 18310 1197 4841 529
internal_value=-4.9323e-05 0.000355468 -6.32764e-05 -0.000826101 0.00168181 -0.00103531 -0.00386064 -0.00180387 0.000630203 -0.000757688 -0.0011129 0.00233782 -0.00192229 -0.00118624
internal_weight=20948.6 17229 13098.4 6236.91 4130.59 5985.04 529.713 371.929 6861.53 5455.33 4726.05 3087.24 3719.53 2517.21
internal_count=84023 69091 52474 24982 16617 23973 2121 1489 27492 21852 18933 12424 14932 10091
is_linear=0
shrinkage=0.02


Tree=60
num_leaves=15
num_cat=0
split_feature=24 37 47 45 23 13 4 7 3 18 6 6 47 49
split_gain=37.66 19.116 22.0525 15.4471 13.9883 13.1093 12.9132 12.3481 12.259 11.9964 13.103 11.1616 10.8867 13.8421
threshold=0.49701726167057353 3.3769861246308595 0.47114434510950071 1.0260662100637896 0.54500734923309591 0.0018387165340956158 0.0020957074435768021 0.00020815774366743391 -0.0027061152621967927 0.0016545576879305895 -0.0016537301146672706 -0.00028928766088101744 0.22695468355932455 0.81174490092936691
decision_type=2 2 2 2 2 2 2 2 2 2 2 2 2 2
left_child=1 2 -1 8 -3 -5 9 -6 -2 -4 -11 -8 -7 -14
right_child=3 4 6 5 7 12 11 -9 -10 10 -12 -13 13 -15
leaf_value=0.00079449559055168708 0.0019380251852805562 -0.00068276238513680673 0.0022288312316875261 -0.0032620797730331681 0.00099325292732993422 0.00074057110097715251 -0.003312439476385735 0.002834180460256997 -0.00066366204366407385 0.0014338137247099795 -0.0055281864597017073 0.0059008851752008883 -0.0044409804814872032 0.0028734672238019481
leaf_weight=2025.2952579557896 806.18017788231373 1085.6291837543249 119.05070035159588 1671.1585507392883 3410.817993029952 876.59190809726715 89.658423870801926 2551.3299944549799 6780.086915358901 125.30777230858803 708.83308650553226 114.38811847567558 448.05790290236473 130.33531053364277
leaf_count=8111 3227 4349 477 6733 13702 3524 359 10247 27148 502 2839 458 1803 524
internal_value=-4.55696e-05 0.000822091 -0.000463955 -0.000874179 0.00140274 -0.00205612 -0.00266033 0.00178274 -0.000386091 -0.00363484 -0.00448002 0.00187014 -0.000664567 -0.00278224
internal_weight=20942.7 10230.3 3182.53 10712.4 7047.78 3126.14 1157.24 5962.15 7586.27 953.192 834.141 204.047 1454.99 578.393
internal_count=84003 41044 12746 42959 28298 12584 4635 23949 30375 3818 3341 817 5851 2327
is_linear=0
shrinkage=0.02


Tree=61
num_leaves=15
num_cat=0
split_feature=33 19 48 43 1 45 1 21 47 31 14 17 19 15
split_gain=30.7127 13.328 30.4137 16.1746 15.6045 12.5989 12.5796 14.9719 13.3112 15.3512 12.1513 11.8428 11.6723 18.1575
threshold=56.392719450730688 -0.46129423091338689 -0.8783796973249266 -0.070425146255133714 0.00014347185821507734 -0.2776627401773597 0.00036623918024579878 0.31073628867938408 0.47114434510950071 0.34639764945988821 0.0021670443858174348 1.181009540490896 0.17546752922191897 0.0018902430805335078
decision_type=2 2 2 2 2 2 2 2 2 2 2 2 2 2
left_child=1 2 4 -4 -1 -6 12 11 -9 -10 -5 -8 13 -2
right_child=6 -3 3 10 5 -7 7 8 9 -11 -12 -13 -14 -15
leaf_value=0.0088177155481164865 -0.0012913863288703232 3.3140010464144224e-05 0.0015042998454929124 -0.0035168435941604222 -0.0019760653457510267 0.0070018482651710212 -0.0035968490309356434 0.00087181612390410798 0.00064739533182775662 -0.0060181233153766764 0.0013613740942734747 -0.00045400915791189191 -0.0010504183508059065 0.0039398987324525793
leaf_weight=298.76262271404266 494.19003337621689 9500.0840711891651 2569.4969637989998 530.67118915915489 138.72614352405071 106.41529144346714 1946.7725628018379 1109.8378619104624 256.80322355031967 292.06290499866009 326.63393135368824 637.92244431376457 2200.2704704254866 563.55245280265808
leaf_count=1206 1979 38046 10341 2129 557 426 7829 4446 1029 1171 1311 2563 8836 2256
internal_value=-0.000131071 0.000440049 0.00141233 0.00071112 0.00578351 0.00198328 -0.00115628 -0.00187328 -0.000388493 -0.00292177 -0.00166112 -0.00282355 -0.000220981 0.0015012
internal_weight=20972.2 13470.8 3970.71 3426.8 543.904 245.141 7501.41 4243.4 1658.7 548.866 857.305 2584.7 3258.01 1057.74
internal_count=84125 54016 15970 13781 2189 983 30109 17038 6646 2200 3440 10392 13071 4235
is_linear=0
shrinkage=0.02


Tree=62
num_leaves=15
num_cat=0
split_feature=41 26 6 12 47 4 0 16 44 8 7 16 18 1
split_gain=37.6677 24.7392 15.4895 13.2269 15.5737 15.5304 14.2109 12.8008 12.5024 12.3919 11.701 11.3635 12.2632 11.3513
threshold=0.58911602424377341 -0.57036973363014287 -0.0012672397713134498 -0.00030930890612734129 0.29012925520284133 0.0047208148274347885 -0.0036349220073197954 0.0048533352677232874 -0.16512229737187392 0.0010071755083101272 -0.0020486349291189859 0.0041040212954700497 0.0057403419722261107 7.9847903214290262e-05
decision_type=2 2 2 2 2 2 2 2 2 2 2 2 2 2
left_child=1 -1 7 8 6 13 -5 10 -4 -2 -3 12 -11 -6
right_child=9 2 3 4 5 -7 -8 -9 -10 11 -12 -13 -14 -15
leaf_value=0.0017932182459108133 -0.00048609465976926609 -0.0022873227228466541 0.0011666229783279568 0.0085681796895182988 -0.0010464211054235855 0.0062530949964406191 -0.00032038522391739229 0.0065794319493582562 -0.0011151126669639003 -0.0028902676420747126 0.0015126952536688549 0.0029784342344051145 -0.011799945464737664 -0.0038386125773268082
leaf_weight=3940.4993478357792 1599.8955661505461 374.2676564604044 3106.2384901940823 68.426022633910179 1117.9954095035791 79.130042761564255 3572.6684215515852 168.50822557508945 1384.9919181913137 1932.1742453128099 2239.6343724429607 123.44705221056938 59.509490147233009 1222.3331278860569
leaf_count=15867 6408 1499 12442 274 4477 317 14314 675 5548 7774 8971 496 239 4899
internal_value=9.01071e-06 0.000402027 -9.61404e-06 -0.000359747 -0.000968982 -0.00221093 -0.000141824 0.00131646 0.000462531 -0.00181658 0.000965267 -0.00281944 -0.00318536 -0.00250983
internal_weight=20989.7 17274.7 13334.2 10551.8 6060.55 2419.46 3641.09 2782.41 4491.23 3715.03 2613.9 2115.13 1991.68 2340.33
internal_count=84200 69283 53416 42271 24281 9693 14588 11145 17990 14917 10470 8509 8013 9376
is_linear=0
shrinkage=0.02


Tree=63
num_leaves=15
num_cat=0
split_feature=43 8 21 36 1 47 10 49 37 42 22 7 10 24
split_gain=25.2843 16.7269 13.4232 21.4714 15.9444 13.2802 21.7776 13.8337 13.3627 13.1257 12.3903 12.2769 11.914 11.4198
threshold=-0.11823934844816315 0.0032023788802663642 0.31895700117187681 0.0050694036487126124 6.4003569068198072e-05 0.44228869021900119 -0.0064579063507855831 1.0000000180025095e-35 2.2131372787350814 0.45466804992772414 0.11333145514055666 -0.0010119843614426001 -0.0011457956394916704 0.067498054213901856
decision_type=2 2 2 2 2 2 2 2 2 2 2 2 2 2
left_child=13 2 4 -4 9 -5 7 -7 -8 10 12 -10 -2 -1
right_child=1 -3 3 5 -6 6 8 -9 11 -11 -12 -13 -14 -15
leaf_value=0.003111048895590056 0.0099736263721805149 -0.0016807610740204658 -0.002491005820427192 0.0022750792740866229 -0.0015411594251644324 0.0095000286692351107 -0.0050837072649116697 -0.00022808072080259971 -0.0037098551960838282 -0.00033175327404715466 0.00079406344825689462 0.0012988506171470221 0.0019700458096250624 0.00076892348786135507
leaf_weight=1030.4073632061481 133.57739286124706 3115.3166251033545 667.06147019565105 2461.0696331262589 3537.5755413025618 133.60684615373611 269.36879199743271 100.73758700489998 265.36477574706078 3400.8275147229433 699.06812264025211 704.29023480415344 167.41398422420025 4284.8071321249008
leaf_count=4148 536 12519 2672 9860 14185 536 1079 404 1063 13630 2801 2821 671 17202
internal_value=3.42783e-05 -0.000370411 -4.43386e-05 0.000814607 -0.000542422 0.0013775 -0.000124401 0.0054008 -0.00118692 0.000261233 0.00226938 -8.3878e-05 0.0056269 0.00122546
internal_weight=20970.5 15655.3 12540 4601.5 7938.46 3934.44 1473.37 234.344 1239.02 4400.89 1000.06 969.655 300.991 5315.21
internal_count=84127 62777 50258 18435 31823 15763 5903 940 4963 17638 4008 3884 1207 21350
is_linear=0
shrinkage=0.02


Tree=64
num_leaves=15
num_cat=0
split_feature=26 24 22 45 5 43 21 44 1 44 24 33 43 28
split_gain=38.4008 16.8938 16.1134 14.7116 13.9957 14.4525 12.3485 11.6844 18.4637 13.7298 12.5528 11.4225 10.1971 14.6492
threshold=0.49142481463826371 0.27644478873813338 0.24962499092698318 -0.68723644196527645 -0.00066271162284389578 0.046371946982530436 0.33359802149833245 0.66908232605167162 -0.00071779816265984378 -0.76013081625912837 0.40097399425125518 44.544716753795193 -0.0094327314742143845 0.96244863951413839
decision_type=2 2 2 2 2 2 2 2 2 2 2 2 2 2
left_child=2 -2 3 -1 5 11 12 9 -9 10 -8 -5 13 -4
right_child=1 -3 6 4 -6 -7 7 8 -10 -11 -12 -13 -14 -15
leaf_value=0.0020628080377973514 0.0017117138267255673 -0.0020230440793216268 0.00057064315672616538 -0.0037188890432722794 0.0010102836448216187 -0.0038042408465907398 0.0031038807605394954 0.0019424864564435141 -0.008603230902634991 0.0028934382672995171 -0.0047576495922119488 0.0012310300857100074 -0.00185703431797862 -0.0025184881875298755
leaf_weight=3099.8288386613131 538.40881162881851 4543.0037720352411 2794.5629053711891 233.77894099056721 3718.9896760135889 557.88899737596512 128.89175702631474 148.34768228232861 113.13787770271301 1143.337582603097 203.11623772978783 846.43268619477749 2118.0367636531591 781.57982212305069
leaf_count=12483 2155 18272 11202 937 14892 2233 516 595 453 4579 813 3388 8480 3129
internal_value=-0.000113535 -0.00162603 0.000370563 0.000967361 0.000332159 -0.00120578 -0.000308822 0.00116521 -0.00269617 0.00185638 -0.00170489 0.000147572 -0.000759055 -0.000107072
internal_weight=20969.3 5081.41 15887.9 8456.92 5357.09 1638.1 7431.01 1736.83 261.486 1475.35 332.008 1080.21 5694.18 3576.14
internal_count=84127 20427 63700 33933 21450 6558 29767 6956 1048 5908 1329 4325 22811 14331
is_linear=0
shrinkage=0.02


Tree=65
num_leaves=15
num_cat=0
split_feature=41 22 46 45 41 13 26 29 5 5 34 40 6 29
split_gain=25.8424 19.7032 17.4591 16.2143 14.9909 15.2375 15.5968 14.4629 14.208 13.2215 10.895 15.7842 11.5049 11.7968
threshold=0.58911602424377341 0.24189511043758971 -0.35206144883412549 1.0924375140944997 0.44324740732967766 0.0032403352800107672 0.24941417065395963 -0.53771654819422554 -0.0027061152621967927 0.00083861694686593162 45.1626647354013 1.4160516450372016 0.0026089863663309658 -0.58979217975825293
decision_type=2 2 2 2 2 2 2 2 2 2 2 2 2 2
left_child=1 10 4 -4 -3 6 7 -6 -7 -5 11 -1 -12 -14
right_child=-2 2 3 9 5 8 -8 -9 -10 -11 12 -13 13 -15
leaf_value=0.0028573080769321441 -0.0015127918701896234 0.0025224735225961772 -0.0006158471845452854 -0.0015146472961639287 -0.0021994536936510386 -0.0024223275325746482 -0.0038758317100083418 0.0026077939856207761 0.0045961984477470644 -0.0067578319412185594 0.00079665888153277592 -0.0005078388055339613 0.002276517768554981 -0.003789915047843294
leaf_weight=2157.3538151234388 3681.6811635345221 1215.2577326148748 4238.6258934140205 461.68202762305737 485.81131276488304 158.56200233101845 574.0675460100174 505.99106721580029 394.40716241300106 329.62929913401604 5372.2345676124096 749.41025172173977 175.45316955447197 444.94189327955246
leaf_count=8688 14787 4872 16982 1856 1946 635 2304 2026 1580 1324 21532 3017 703 1783
internal_value=7.26677e-06 0.000331786 -0.000365079 -0.00110858 0.000756581 -0.000259799 -0.00126766 0.000253854 0.00257999 -0.00372747 0.000986567 0.00199034 0.000498428 -0.00206979
internal_weight=20945.1 17263.4 8364.03 5029.94 3334.1 2118.84 1565.87 991.802 552.969 791.311 8899.39 2906.76 5992.63 620.395
internal_count=84035 69248 33525 20162 13363 8491 6276 3972 2215 3180 35723 11705 24018 2486
is_linear=0
shrinkage=0.02


Tree=66
num_leaves=15
num_cat=0
split_feature=1 43 43 21 17 3 25 12 45 49 17 0 2 47
split_gain=33.1936 17.4969 17.0461 16.826 13.8227 13.5854 13.2837 13.4544 12.7939 13.5351 13.269 11.6809 12.1966 11.2281
threshold=7.9847903214290262e-05 0.49255004415147768 -0.057708594449804189 0.40838824686851005 0.65977667084514824 0.00059083823359076641 3.5000000000000004 0.00071318542879830304 -0.73019711842261692 1.0000000180025095e-35 1.3411052401234882 -0.0036349220073197954 0.0013151773708268983 0.47114434510950071
decision_type=2 2 2 2 2 2 2 2 2 2 2 2 2 2
left_child=1 8 4 6 5 -2 7 -4 9 10 -1 -10 -13 -7
right_child=2 -3 3 -5 -6 13 -8 -9 11 -11 -12 12 -14 -15
leaf_value=0.0035365952401228964 -0.003304325080948382 -0.0044772608906848681 -0.00047088108510808657 0.00012453483795586153 0.0010251992151033965 0.0045379196390499454 -0.0048036493221272469 -0.0027624857028981349 0.0066406705212913144 0.00044590518394095808 -0.0009626210099460933 0.00071556385822063378 -0.0011970837021091207 -0.0039431224490937165
leaf_weight=1731.8718873411417 682.64998334646225 250.385328322649 1912.3636035323143 1856.0063957422972 2499.6779683679342 193.68824462592602 635.34272058308125 2209.2267895340919 109.59886132180691 1709.5018704533577 306.61034853756428 4954.2331379055977 1819.2452150434256 86.579557418823242
leaf_count=6974 2736 1006 7669 7433 10023 776 2563 8871 440 6879 1233 19846 7291 347
internal_value=-6.86066e-05 0.000697162 -0.000895562 -0.00149047 0.000241117 -0.0017891 -0.00212006 -0.00170107 0.000821079 0.00176051 0.00285916 0.000308633 0.000201354 0.00189479
internal_weight=20957 10881.4 10075.5 6612.94 3462.6 962.918 4756.93 4121.59 10631.1 3747.98 2038.48 6883.08 6773.48 280.268
internal_count=84087 43669 40418 26536 13882 3859 19103 16540 42663 15086 8207 27577 27137 1123
is_linear=0
shrinkage=0.02


Tree=67
num_leaves=15
num_cat=0
split_feature=25 21 41 17 6 31 43 20 8 17 40 5 26 2
split_gain=31.0818 14.9077 15.87 15.7133 16.0497 13.6907 11.5733 10.6727 14.7717 12.0484 17.524 11.5554 10.9344 10.4927
threshold=-1.4999999999999998 0.40838824686851005 0.48815059827464219 0.63184857614357137 0.00076394492347392777 -0.37861997208019588 0.34022686066943036 0.2688940734476109 0.0028261163715173165 0.94632240902666764 1.0114617574447733 0.00022399703177674132 2.2942519261834504 -0.0019610672744130165
decision_type=2 2 2 2 2 2 2 2 2 2 2 2 2 2
left_child=6 2 3 4 -2 -6 -1 9 -9 11 -11 -4 -10 -3
right_child=1 13 7 -5 5 -7 -8 8 12 10 -12 -13 -14 -15
leaf_value=0.0015483529636351552 -0.00037772867109459312 0.0034004375696460665 -0.0022174604508284029 0.00083504943209495035 0.0034723103095942623 -0.0066288359124159315 -0.0068796026600049433 -0.00012621546308364028 -0.0027610127316114409 0.0038897935446250489 -0.0029050007711736436 -0.0065280614959194174 0.0033499523472013248 0.0003171154192048467
leaf_weight=4922.476623699069 1178.3113452792168 508.85623739659786 593.42881415784359 3708.3685686737299 60.66376568377018 329.86743013560772 61.196918711066246 3513.2294322997332 1698.0616908073425 224.63595513999462 443.40801723301411 433.80934952199459 121.61751808226109 3144.3867960423231
leaf_count=19789 4722 2039 2378 14866 243 1322 245 14087 6841 900 1777 1739 491 12593
internal_value=6.01125e-05 -0.000370521 -0.000703545 0.000125345 -0.00154955 -0.0050357 0.00143807 -0.00132558 -0.000884629 -0.002706 -0.000608265 -0.00406066 -0.00234453 0.000750649
internal_weight=20942.3 15958.6 12305.4 5277.21 1568.84 390.531 4983.67 7028.19 5332.91 1695.28 668.044 1027.24 1819.68 3653.24
internal_count=84032 63998 49366 21153 6287 1565 20034 28213 21419 6794 2677 4117 7332 14632
is_linear=0
shrinkage=0.02


Tree=68
num_leaves=15
num_cat=0
split_feature=24 23 45 33 9 22 12 30 12 24 46 7 5 41
split_gain=29.7428 20.8923 19.3295 13.5177 13.455 12.907 20.0083 12.0473 14.2303 11.836 11.8066 19.8022 18.1775 12.6963
threshold=0.52144740309644277 0.56444912072729858 -0.94633750049801801 64.953377966514253 0.019329924369049935 0.066321025575457923 -0.0080476626842303032 1.1145788664609382 0.0014467901487949691 0.61419887888750868 -0.35206144883412549 0.0023557274107823727 -0.0006458330119433871 0.64526521861362773
decision_type=2 2 2 2 2 2 2 2 2 2 2 2 2 2
left_child=1 7 -3 5 -5 6 9 8 -1 -2 11 12 -4 -12
right_child=3 2 10 4 -6 -7 -8 -9 -10 -11 13 -13 -14 -15
leaf_value=0.00021077499997869007 -0.0034244003844530781 0.0025455941902366103 -0.00050905675613647692 -0.0023253758714686791 0.0036885955166426434 -0.00072077432668548301 -0.00017250819877911977 0.0066527508764640288 -0.0033583298643454248 0.0061798859217134959 5.0805133878000827e-05 -0.0026358043024904678 0.0036824403021659515 -0.0061739616586978761
leaf_weight=931.97200205922127 55.940110251307487 2763.5054735541344 588.94069103896618 2521.8866746276617 153.72463785111904 6200.3508552610874 1017.2161408513784 70.695956170558929 852.44418275356293 380.71586701273918 3557.927348524332 361.72760896384716 1378.4172565788031 131.07612110674381
leaf_count=3734 224 11151 2359 10172 618 24830 4076 283 3414 1525 14251 1449 5523 525
internal_value=1.29109e-05 0.000755072 0.00116243 -0.000751293 -0.00197361 -0.000323009 0.00137 -0.00117117 -0.00149886 0.00492464 0.000525688 0.00163892 0.00242958 -0.000178428
internal_weight=20966.5 10636.7 8781.59 10329.8 2675.61 7654.22 1453.87 1855.11 1784.42 436.656 6018.09 2329.09 1967.36 3689
internal_count=84134 42689 35258 41445 10790 30655 5825 7431 7148 1749 24107 9331 7882 14776
is_linear=0
shrinkage=0.02


Tree=69
num_leaves=15
num_cat=0
split_feature=45 41 22 37 30 14 8 6 46 23 11 37 48 1
split_gain=36.4 21.8809 16.89 14.1979 21.972 11.9985 12.5157 11.9041 11.8767 11.3885 10.9275 10.5649 10.3879 10.3025
threshold=-0.92976485170789991 0.56746007031526868 0.23981510514680707 1.9088291418200771 0.97843668327750577 0.0018179223582692609 0.0029463693224500778 0.0059779092736181932 -0.29012925520284083 0.34185859659935475 -0.010949597659176415 9.2256049845655657 -0.8783796973249266 0.0034350139894946548
decision_type=2 2 2 2 2 2 2 2 2 2 2 2 2 2
left_child=11 2 3 8 7 -3 -7 10 -2 -4 -5 12 -1 -12
right_child=1 5 9 4 -6 6 -8 -9 -10 -11 13 -13 -14 -15
leaf_value=0.0044499866381745449 0.00079366735731504145 -0.0025322138890920844 -0.0061605728993985509 0.0037646667677512643 0.0081145303516282092 0.0011635746930451637 -0.0019921195659679926 -0.0072074287971824955 -0.0031063397528430432 -0.00054018785952619623 0.00057561133614931277 0.003517761282276312 0.00078083453238380826 0.0055698635356220888
leaf_weight=338.57160222530365 643.75811271369457 2400.9386414140463 142.84314572811127 559.51319982111454 177.41447739303112 988.225437104702 1013.3476974070072 64.143580496311188 598.76518791913986 5985.1245309263468 3848.6642541885376 966.10964111983776 3079.0822186022997 167.75726470351219
leaf_count=1365 2580 9647 572 2243 711 3959 4079 257 2400 23979 15423 3893 12389 672
internal_value=5.56821e-05 -0.000372692 6.39974e-05 0.000812349 0.00130379 -0.00158033 -0.000435059 0.00103492 -0.00109064 -0.000676115 0.0011582 0.00167546 0.00115029 0.000790876
internal_weight=20974.3 16590.5 12188 6060.02 4817.49 4402.51 2001.57 4640.08 1242.52 6127.97 4575.93 4383.76 3417.65 4016.42
internal_count=84169 66522 48837 24286 19306 17685 8038 18595 4980 24551 18338 17647 13754 16095
is_linear=0
shrinkage=0.02


Tree=70
num_leaves=15
num_cat=0
split_feature=45 22 41 46 8 38 48 10 48 10 29 25 47 47
split_gain=31.6578 16.8135 19.0737 15.7789 15.638 14.3206 13.4284 18.2184 12.7514 14.2097 12.5007 11.8545 11.7957 11.2181
threshold=1.0584509957228578 0.5746521576871132 0.57641324404684535 -0.5277851165098012 -0.0030712909276653893 9.682765754735156 -0.60785761079279388 -0.0061589950082632733 -0.60785761079279388 0.0038834907672376964 5.6914384900458597 -1.4999999999999998 0.44228869021900119 0.22695468355932455
decision_type=2 2 2 2 2 2 2 2 2 2 2 2 2 2
left_child=1 2 3 -1 -5 -3 7 -6 9 -2 -7 -10 -13 -8
right_child=8 5 -4 4 6 10 13 -9 11 -11 -12 12 -14 -15
leaf_value=0.0020556871494377378 -0.0010138813119072369 -0.00055792976216478948 -0.00085860550419438082 0.0021462644569523888 0.008358554697905975 -0.0086766579859518817 0.00035071153910831888 0.0008765272736784602 0.0038566235160986074 -0.0054756279328699456 -0.00057653357124130735 -0.00027747238871492956 -0.0029691967646822532 -0.0016696731424753768
leaf_weight=3879.0619792044163 565.33664470911026 1526.2257643342018 2680.5451903790236 1816.0070725977421 134.98779129981995 175.76914885640144 2410.170839369297 1888.2807098329067 198.07817193865776 577.65111251175404 133.06411604583263 2038.3962632715702 952.75269851088524 2013.9563939273357
leaf_count=15566 2278 6110 10741 7316 542 704 9658 7572 793 2329 533 8194 3833 8069
internal_value=4.73452e-05 0.000443508 0.000667156 0.00100419 0.000509651 -0.00135995 4.73683e-05 0.00139509 -0.00147472 -0.00328282 -0.00525142 -0.000822592 -0.00113838 -0.000569857
internal_weight=20990.3 16658.1 14823 12142.5 8263.4 1835.06 6447.4 2023.27 4332.21 1142.99 308.833 3189.23 2991.15 4424.13
internal_count=84238 66811 59464 48723 33157 7347 25841 8114 17427 4607 1237 12820 12027 17727
is_linear=0
shrinkage=0.02


Tree=71
num_leaves=15
num_cat=0
split_feature=25 24 43 1 46 11 45 27 47 16 32 23 40 4
split_gain=25.2672 12.7576 11.9137 11.4232 12.1353 11.7516 11.3223 11.1851 10.3542 10.5189 10.1394 12.2113 10.1128 12.354
threshold=1.5000000000000002 0.71997847232412271 0.49255004415147768 7.9847903214290262e-05 -0.93540483100319605 0.030136380650506823 -1.1652056070667387 -1.9607979873583241 0.47114434510950071 0.0032694271478772427 -0.1787104309592609 0.68949220487673679 2.9771086047912436 0.0015109609887329586
decision_type=2 2 2 2 2 2 2 2 2 2 2 2 2 2
left_child=2 3 6 -2 -5 -6 7 -1 9 -9 11 -3 -8 -14
right_child=1 10 -4 4 5 -7 12 8 -10 -11 -12 -13 13 -15
leaf_value=-0.00010709153046726261 0.0073633280819979064 -0.00014897404879635423 -0.0035436260730232561 0.0038567056451478637 -0.0012689159177555257 0.0075064999004402135 5.0825789534560535e-05 0.0020276843786768976 0.0044358067811303371 -0.0032917865750229803 -0.0017157404604295349 -0.0080626473732232935 0.00040269291907320877 0.0098538148050983255
leaf_weight=1141.1835098713636 73.881905242800713 118.63457804918289 307.98120227456093 232.08701819181442 1717.4208161830902 58.347881227731705 12309.06669165194 1174.8323377519846 651.03627513349056 165.56300368905067 2615.9991052299738 223.75779487192631 135.29577243328094 89.120308771729469
leaf_count=4604 296 475 1237 930 6886 234 49326 4734 2624 667 10531 896 542 357
internal_value=-6.92579e-05 -0.00130317 0.00032035 -0.000102973 -0.000395315 -0.000960308 0.000397419 0.00147187 0.0023747 0.00136084 -0.00214611 -0.00536227 0.00012839 0.00428889
internal_weight=21014.2 5040.13 15974.1 2081.74 2007.86 1775.77 15666.1 3132.62 1991.43 1340.4 2958.39 342.392 12533.5 224.416
internal_count=84339 20248 64091 8346 8050 7120 62854 12629 8025 5401 11902 1371 50225 899
is_linear=0
shrinkage=0.02


Tree=72
num_leaves=15
num_cat=0
split_feature=26 21 12 41 42 8 12 12 41 14 24 19 46 42
split_gain=27.4513 15.4469 16.5115 14.4582 12.4773 12.092 20.0623 18.2707 10.9301 10.8737 10.7419 14.6581 11.3771 11.2119
threshold=-0.43618966740281168 0.4987115932931378 -0.0099840758804805169 0.56456097191514842 0.47568732137396841 0.0011674178066107294 0.012662765847203697 -0.00030930890612734129 0.28803953665413279 0.00066499103425432765 0.10865881421575305 0.42095737737425715 -0.99892946161930163 0.45527606025614847
decision_type=2 2 2 2 2 2 2 2 2 2 2 2 2 2
left_child=8 3 4 10 -3 7 -7 9 -1 -5 -2 12 -12 -13
right_child=1 2 -4 5 -6 6 -8 -9 -10 -11 11 13 -14 -15
leaf_value=0.0044570066161258217 0.0016387455293988349 0.0081549023828983176 0.00019750180762359879 0.01025172859767608 0.0019357884606392001 -0.0038269209937364279 0.00013257856815479055 -0.0021892895918829126 0.0010569172906855417 0.0013281335987622711 -0.0087525589834930636 0.0034041034674301873 -0.00083969697445917797 0.00010968923195518806
leaf_weight=405.85830932855606 1129.6425545662642 191.21498960256577 1917.1260239481926 54.813320755958557 390.2707357108593 1579.3719253838062 755.68558718264103 900.3208172172308 4872.5305482745171 661.82899031043053 68.647411644458771 563.29547487199306 5976.3979096412659 1515.6005473136902
leaf_count=1640 4525 766 7675 220 1563 6361 3046 3609 19607 2650 275 2257 23938 6083
internal_value=7.52445e-05 -0.000344202 0.00109638 -0.000617083 0.00403296 -0.0016289 -0.00254798 -0.000297899 0.00132232 0.00207697 -0.000184309 -0.000438659 -0.000936714 0.00100837
internal_weight=20982.6 15704.2 2498.61 13205.6 581.486 3952.02 2335.06 1616.96 5278.39 716.642 9253.58 8123.94 6045.05 2078.9
internal_count=84215 62968 10004 52964 2329 15886 9407 6479 21247 2870 37078 32553 24213 8340
is_linear=0
shrinkage=0.02


Tree=73
num_leaves=15
num_cat=0
split_feature=41 22 25 48 26 17 3 12 44 23 26 16 40 43
split_gain=21.6549 16.6994 15.365 14.9884 11.2249 10.6228 10.5577 9.20981 19.7205 12.5451 12.3196 11.87 10.7269 13.2241
threshold=0.58911602424377341 0.55229547458922901 -1.4999999999999998 -0.8783796973249266 -0.17329748754689855 0.98771036805899393 -0.003671594129633709 0.012662765847203697 -1.0023239811160909 1.0566304947581384 0.87551356406113678 0.0014107575159526223 0.94546828452531273 -0.68830812551964604
decision_type=2 2 2 2 2 2 2 2 2 2 2 2 2 2
left_child=1 2 3 4 -1 -3 -4 12 -9 10 11 -10 -8 -14
right_child=-2 5 6 -5 -6 -7 7 8 9 -11 -12 -13 13 -15
leaf_value=0.0059575109530861847 -0.0015142063905389917 -0.0023288382988621379 0.0026433316466156543 0.00096124785801312087 -0.00068637939602104233 0.00058592712954456266 0.00077440545986562056 -0.0090587820030271753 -0.0094997321769412831 0.0013066601414978174 -0.0064981387573156014 -0.00075563988577086378 0.0059614419104864202 -0.0010925976095633261
leaf_weight=439.6118781119585 3732.8441252708435 1586.3948629647493 572.23532697558403 3569.4832597374916 130.64244021475315 726.86396943032742 4883.4769623726606 115.58928190171719 59.919848918914795 788.90857410430908 187.96178914606571 1469.2776652425528 105.96961343288422 2560.644525423646
leaf_count=1776 15002 6358 2294 14364 523 2912 19575 463 240 3166 756 5885 426 10268
internal_value=-0.000134482 0.000165359 0.00041117 0.0014456 0.00444269 -0.00141368 1.21081e-05 -0.000137144 -0.00115724 -0.000775474 -0.00173308 -0.00112811 0.0002176 -0.000801642
internal_weight=20929.8 17197 14883.7 4139.74 570.254 2313.26 10744 10171.7 2621.66 2506.07 1717.16 1529.2 7550.09 2666.61
internal_count=84008 69006 59736 16663 2299 9270 43073 40779 10510 10047 6881 6125 30269 10694
is_linear=0
shrinkage=0.02


Tree=74
num_leaves=15
num_cat=0
split_feature=45 24 42 9 27 48 34 17 17 27 26 19 40 3
split_gain=22.2776 17.1996 12.7247 13.5137 11.5143 11.269 12.5425 12.0972 10.5179 9.8199 11.2905 9.50968 11.4922 11.9187
threshold=1.0584509957228578 0.13086126429899939 0.44666378634018489 0.0076788833026504933 0.55882695478680067 -0.60785761079279388 56.143338046872245 1.2827418570233819 0.98254971256851953 0.99974753927181692 0.89355177931046204 -0.79277650841285452 2.580337715779319 -0.0032787534499466417
decision_type=2 2 2 2 2 2 2 2 2 2 2 2 2 2
left_child=2 8 -1 11 -3 6 -6 -7 -2 -8 -11 -4 13 -13
right_child=1 4 3 -5 5 7 9 -9 -10 10 -12 12 -14 -15
leaf_value=0.0012776709324238433 0.0060738870227368081 -0.0057053992567054606 0.0014823571774052976 0.0041505156370059797 0.0024225804983602941 -0.001474865986433494 -0.011815613125613697 0.001669938931486244 -0.0007672992983672307 -0.00038399409044785783 -0.005303119095227197 0.0024519602207521314 -0.004066819550911786 -0.00037720201064884973
leaf_weight=3875.6161042898893 186.37361642718315 263.87482686340809 1300.3948626816273 296.83159111440182 132.21267281472683 2128.0372069478035 57.502535253763199 630.40220180153847 167.63172721862793 295.85589249432087 504.43928830325603 627.70696465671062 313.44706255197525 10165.341304883361
leaf_count=15567 746 1058 5241 1189 532 8566 231 2532 671 1191 2043 2516 1256 40736
internal_value=-5.94835e-05 -0.00132962 0.00027532 -3.08567e-05 -0.00170316 -0.00141419 -0.0032394 -0.000754444 0.00286882 -0.00412107 -0.00349828 -0.000132527 -0.000322186 -0.000211603
internal_weight=20945.7 4366.33 16579.3 12703.7 4012.32 3748.45 990.01 2758.44 354.005 857.798 800.295 12406.9 11106.5 10793
internal_count=84075 17570 66505 50938 16153 15095 3997 11098 1417 3465 3234 49749 44508 43252
is_linear=0
shrinkage=0.02


Tree=75
num_leaves=15
num_cat=0
split_feature=41 1 17 22 48 19 42 32 7 22 41 6 28 6
split_gain=23.5705 18.7845 13.8461 13.654 14.0991 16.0005 13.983 11.7718 10.4059 13.0247 11.9733 9.96696 9.75428 9.45475
threshold=0.58911602424377341 0.00012781173096695119 0.62126315653787823 0.5746521576871132 -0.8783796973249266 -0.42307495852454308 0.5265650378730431 0.20387729094480225 0.00059071066971913284 0.25211018092257426 0.53094819694703155 0.0018837865443644003 -1.6567452117898809 0.00052599069693886745
decision_type=2 2 2 2 2 2 2 2 2 2 2 2 2 2
left_child=1 3 8 4 5 -1 -6 11 -3 13 -11 -7 -8 -10
right_child=-2 2 -4 -5 6 7 12 -9 9 10 -12 -13 -14 -15
leaf_value=0.0070190882519091322 -0.0014576153973562761 -0.00085109921454857684 8.157440942098762e-05 -0.0011155511026144016 0.0012070999353855011 0.0031707688833213783 0.0033205915018591197 -0.0051417534508951144 0.0014876932245698939 -0.0085036057231037531 0.00082515468839523267 -0.0055220621514052142 -0.0021994643010531238 -0.0054573221035805388
leaf_weight=316.82904855906963 3735.5148219019175 1445.7025327533484 5777.297811716795 1173.0251274108887 6036.4316664487123 721.88827179372311 146.5135150551796 83.94452728331089 213.02438066899776 266.5141875743866 67.97681950032711 52.386302396655083 834.5278314948082 117.70673361420631
leaf_count=1282 15015 5797 23170 4697 24248 2895 589 337 854 1069 273 210 3346 472
internal_value=-1.83182e-05 0.000293628 -0.000425293 0.00089905 0.00118801 0.00321133 0.000847168 0.0017731 -0.00180943 -0.00387025 -0.00662354 0.00255097 -0.00136241 -0.00102849
internal_weight=20989.3 17253.8 7888.22 9365.55 8192.52 1175.05 7017.47 858.219 2110.92 665.222 334.491 774.275 981.041 330.731
internal_count=84254 69239 31635 37604 32907 4724 28183 3442 8465 2668 1342 3105 3935 1326
is_linear=0
shrinkage=0.02


Tree=76
num_leaves=15
num_cat=0
split_feature=26 6 40 41 22 2 48 38 11 26 7 19 42 20
split_gain=20.4593 14.1384 12.0535 11.9203 19.1083 16.0945 13.2575 11.6216 11.5586 14.3961 11.7015 10.5391 9.88486 14.1934
threshold=-0.73831557660297054 -0.00033573591632004256 0.38223643836540117 0.57485607249665971 0.32513346020289807 -0.0020486349291189859 -0.8783796973249266 8.5663057387474915 0.026905289451895048 0.9896445015329266 -0.00038233271238573378 -0.43766870091790344 0.50807735928772657 0.74445802915399661
decision_type=2 2 2 2 2 2 2 2 2 2 2 2 2 2
left_child=2 3 -1 4 -2 -6 7 -7 9 -3 -10 -4 -11 -14
right_child=1 8 11 -5 5 6 -8 -9 10 12 -12 -13 13 -15
leaf_value=0.009376239557359077 0.0018531492790422115 -0.00057752500530626504 0.0022547507171841617 -0.00099401020871301001 0.0042162642259249306 -0.0018813133406903103 -0.00050504439442608171 -0.010398718690666237 0.0069869250434359802 -0.00025467128937925373 6.755062332797031e-05 -0.00025172005757499266 -0.0062834886967677818 -0.00018798681356471967
leaf_weight=71.885088875889778 3327.0768787115812 9324.0493098795414 1838.8222742825747 1738.5052045434713 244.28379529714584 165.7103114426136 1635.4438187628984 102.482566177845 146.84470118582249 344.49753475189209 274.75629682838917 1053.5085501223803 485.77857448160648 222.34110502898693
leaf_count=293 13336 37366 7443 6983 978 664 6552 411 589 1391 1102 4236 1960 901
internal_value=1.49568e-05 -0.000238555 0.00155321 0.000446835 0.000904844 -0.000564949 -0.00118794 -0.00526676 -0.000696408 -0.000828702 0.00253123 0.00134293 -0.00304037 -0.00438431
internal_weight=20976 18011.8 2964.22 7213.5 5475 2147.92 1903.64 268.193 10798.3 10376.7 421.601 2892.33 1052.62 708.12
internal_count=84205 72233 11972 28924 21941 8605 7627 1075 43309 41618 1691 11679 4252 2861
is_linear=0
shrinkage=0.02


Tree=77
num_leaves=15
num_cat=0
split_feature=24 1 2 1 46 48 19 27 2 47 21 1 40 47
split_gain=27.7219 13.7916 19.3651 13.2443 14.367 13.4133 15.428 12.695 12.1659 11.4875 11.2378 10.4457 9.14624 13.6843
threshold=0.52144740309644277 9.6654027694494796e-05 -0.0020062940032426523 0.00012781173096695119 -0.58216583101416131 -0.60785761079279388 -0.3448028702817833 -0.9391000271940867 -0.00069928697193071953 -0.3520614488341256 0.54393283223363154 -0.0027061152621967927 0.87175822197596819 0.63405362205439464
decision_type=2 2 2 2 2 2 2 2 2 2 2 2 2 2
left_child=3 -2 -3 5 -5 6 11 12 9 -8 -6 -1 13 -7
right_child=1 2 -4 4 10 7 8 -9 -10 -11 -12 -13 -14 -15
leaf_value=-0.0034500233942322059 -0.00012278443161896956 0.0014299338133221377 -0.0021472313261173518 0.001530797719377791 -0.001325911176705799 0.0019906366608965194 0.0028005180298516434 -0.00018162392030524955 0.0021765008522095725 -0.0079714986079687921 0.0013112923473672597 0.0053681760933492672 0.00097037058141252784 0.0087869945098235855
leaf_weight=54.363951548933983 5656.4133782237768 712.42394202947617 3910.8233073651791 1615.370710670948 2847.451298058033 362.57055307924747 59.989723220467567 2342.8469728976488 556.89779372513294 100.84181678295135 831.32243473827839 780.1603330373764 915.24650333821774 174.15229661762714
leaf_count=220 22673 2855 15732 6475 11414 1466 241 9392 2233 405 3329 3150 3698 705
internal_value=-4.48546e-05 -0.000785387 -0.00159506 0.00067055 -3.86806e-05 0.00137214 0.00293551 0.000729631 0.000776581 -0.00399027 -0.00072899 0.0047766 0.00219558 0.00425662
internal_weight=20920.9 10279.7 4623.25 10641.2 5294.14 5347.07 1552.25 3794.82 717.729 160.832 3678.77 834.524 1451.97 536.723
internal_count=83988 41260 18587 42728 21218 21510 6249 15261 2879 646 14743 3370 5869 2171
is_linear=0
shrinkage=0.02


Tree=78
num_leaves=15
num_cat=0
split_feature=25 43 45 48 9 6 47 20 48 19 11 21 39 39
split_gain=22.1345 13.7492 13.599 14.4076 15.1757 14.0515 13.7957 10.6843 10.1898 12.8503 11.2296 10.8616 9.92393 9.79699
threshold=-1.4999999999999998 0.09234689902484218 1.0260662100637896 -0.60785761079279388 0.0050833441557816455 -0.0016219337864875262 0.41248606129204557 0.99966341283978377 -0.8783796973249266 -0.42307495852454308 0.032203594999211382 0.30222247490299836 3.9690683896319725 2.0129585671955916
decision_type=2 2 2 2 2 2 2 2 2 2 2 2 2 2
left_child=1 8 5 4 -4 -2 12 13 9 -1 11 -10 -5 -7
right_child=2 -3 3 6 -6 7 -8 -9 10 -11 -12 -13 -14 -15
leaf_value=0.0069066070330074817 0.0014528277712074617 -0.0027091597527831275 -0.001711072561708753 7.9438052456554028e-05 -0.0068061718483507097 -0.00047946840281842367 -0.0024788222894592672 0.0064059970913249477 0.000231309065949254 0.0012651579256832662 0.0097298202845962304 0.0024431055884820284 0.0073458760564645885 0.0034145041846752175
leaf_weight=289.30535773932934 2258.7043229043484 329.95636010169983 803.85827225446701 2025.9537725001574 327.84331999719143 9086.645826920867 1022.0203607082367 89.056247621774673 2632.074295014143 364.15904653072357 54.609091103076935 1336.2900833338499 73.082032531499863 261.05344428122044
leaf_count=1173 9052 1323 3243 8147 1325 36407 4114 357 10596 1462 219 5370 294 1047
internal_value=4.95913e-05 0.00120907 -0.000314652 -0.00128243 -0.00321052 3.7655e-05 -0.000579287 -0.000301659 0.00148813 0.00379625 0.00110896 0.000978237 0.000349289 -0.000368954
internal_weight=20954.6 5006.39 15948.2 4252.76 1131.7 11695.5 3121.06 9436.76 4676.44 653.464 4022.97 3968.36 2099.04 9347.7
internal_count=84129 20143 63986 17123 4568 46863 12555 37811 18820 2635 16185 15966 8441 37454
is_linear=0
shrinkage=0.02


Tree=79
num_leaves=15
num_cat=0
split_feature=41 6 8 3 26 40 7 7 47 42 3 5 26 47
split_gain=22.3539 15.2138 12.3648 12.1102 11.843 16.7492 11.9299 10.1477 14.9982 14.0284 9.71425 9.67787 9.32736 9.29082
threshold=0.58911602424377341 -0.00047866196019458461 -0.0023787570423012068 -0.003671594129633709 -0.60211873840699348 0.40396555203388812 0.00020815774366743391 -0.0015889201402828946 -0.95642797789208689 0.42656128181566449 0.0016679673264988499 0.0054757269259399907 -0.14515333443712108 0.65934581510006873
decision_type=2 2 2 2 2 2 2 2 2 2 2 2 2 2
left_child=1 3 -2 12 5 -3 -7 8 -5 -10 13 -9 -1 -6
right_child=2 4 -4 7 10 6 -8 11 9 -11 -12 -13 -14 -15
leaf_value=0.0023854650167641832 0.0025480993441352783 0.0084962857423449695 -0.0017829315751148262 -0.009311811871394125 -0.0004065413518632838 -0.00055280956191016892 0.00261473113050566 0.0012843229694871441 0.0056105364266356436 -0.0012621328546256975 0.00089475920542536949 -0.0054205710343184048 0.0092094091467445315 -0.002037105141957765
leaf_weight=279.06745794415474 281.20010490715504 112.05407179892063 3437.7944163680077 74.986174672842026 5199.5178788900375 1193.2169470638037 784.33352494239807 4987.9964205771685 133.13915240764618 844.07745243608952 1561.1546537727118 82.778961256146431 110.64808388054371 1908.5359236299992
leaf_count=1122 1126 454 13827 301 20838 4814 3165 20024 535 3387 6259 332 443 7649
internal_value=-4.70339e-05 0.000255926 -0.00145247 0.00101847 -0.000205927 0.00114391 0.000706922 0.000798857 -0.000985081 -0.000301984 -0.00053176 0.00116964 0.00441504 -0.000845477
internal_weight=20990.5 17271.5 3718.99 6512.69 10758.8 2089.6 1977.55 6122.98 1052.2 977.217 8669.21 5070.78 389.716 7108.05
internal_count=84276 69323 14953 26144 43179 8433 7979 24579 4223 3922 34746 20356 1565 28487
is_linear=0
shrinkage=0.02


Tree=80
num_leaves=15
num_cat=0
split_feature=24 1 41 2 4 42 1 46 21 47 17 2 9 36
split_gain=21.2016 16.2997 12.2085 12.0382 18.812 11.5764 12.7149 13.3974 15.3374 13.5308 12.853 11.0372 11.7223 13.8856
threshold=0.71997847232412271 6.4003569068198072e-05 0.72168007150442715 -0.00079176614420313409 -0.00056111051099967159 0.38051150173969234 -0.00028929635450085822 -0.35206144883412549 0.41538780126479641 0.65934581510006873 0.87383963446335489 0.0013680263755396912 -0.001534719936284364 0.014256168057809908
decision_type=2 2 2 2 2 2 2 2 2 2 2 2 2 2
left_child=2 -2 5 4 -3 -1 -7 -8 10 -10 11 12 13 -9
right_child=1 3 -4 -5 -6 6 7 8 9 -11 -12 -13 -14 -15
leaf_value=0.0041293747985193209 6.4206153501554812e-05 -0.0035309079507347208 -0.0053627787675838909 -0.0028067786743222333 0.0019753260361343901 0.0012580316438414189 0.0010383692568461719 -0.0054849420335083684 0.0022378884245664956 -0.001687831563504316 0.00030940508861150367 -0.0057270160297304661 -0.0006327822191320669 0.0021150508000880872
leaf_weight=358.98217406868935 3814.5928499400616 399.19793279469013 133.339554220438 1993.8245301246643 638.05707567930222 5480.2071431875229 3118.4648833423853 483.99645191431046 1088.2981361299753 513.05975675582886 1162.2841238379478 314.96299506723881 1306.3048516213894 116.83805671334267
leaf_count=1446 15295 1601 535 8038 2563 22030 12505 1945 4359 2056 4664 1263 5236 469
internal_value=0.000106553 -0.000806046 0.000550488 -0.00189955 -0.000150576 0.000608938 0.000514422 1.11143e-05 -0.000631806 0.000978787 -0.00139419 -0.00228397 -0.00170186 -0.00400179
internal_weight=20922.4 6845.67 14076.7 3031.08 1037.26 13943.4 13584.4 8104.21 4985.74 1601.36 3384.39 2222.1 1907.14 600.835
internal_count=84005 27497 56508 12202 4164 55973 54527 32497 19992 6415 13577 8913 7650 2414
is_linear=0
shrinkage=0.02


Tree=81
num_leaves=15
num_cat=0
split_feature=1 21 17 20 21 9 11 21 31 14 9 33 40 23
split_gain=24.3628 19.4767 22.0353 14.8633 16.7973 11.4253 10.1057 9.5261 9.90102 9.5765 11.2947 9.16788 13.9043 12.7205
threshold=7.9847903214290262e-05 0.40838824686851005 0.79494913338419093 -0.69083060971319432 0.14614352704921471 0.007053420750258511 -0.012427019687472273 0.00063196465982211225 -1.1360894314202941 0.0013960834861708818 -0.0034305477041549144 33.974606002536397 0.53754251112997753 0.62966044138573474
decision_type=2 2 2 2 2 2 2 2 2 2 2 2 2 2
left_child=11 2 5 4 -4 6 -2 9 -9 -5 -11 12 -1 -14
right_child=1 -3 3 7 -6 -7 -8 8 -10 10 -12 -13 13 -15
leaf_value=0.006183387074719166 0.001949502637514742 0.00079958107702117118 0.00065805060003856785 -0.0026342290469959975 0.0075871869817827646 -0.0065142119591370829 -0.0023956456609270384 -0.0062749200484028649 -0.00097449999819430747 -0.0035255844422172927 0.0065874891469258371 0.00031288757438064952 -0.0040191297542746833 0.0016584013301450412
leaf_weight=245.66177631914616 226.69780386984348 2455.3125613629818 682.61321875452995 109.59068819880486 171.40654158592224 248.28068719804287 3028.3665856122971 143.75922982394695 2790.3677360117435 53.416493192315102 192.60424163937569 8540.1348956376314 167.4173987954855 1894.4051893949509
leaf_count=997 909 9836 2742 441 688 1003 12162 576 11209 214 774 34244 674 7651
internal_value=-4.24712e-05 -0.000749014 -0.00124643 -0.000258564 0.00208483 -0.00241285 -0.0020905 -0.000869153 -0.00124443 0.00220155 0.00436523 0.000615576 0.00173275 0.00118879
internal_weight=20950 10102.4 7647.1 4143.76 854.02 3503.35 3255.06 3289.74 2934.13 355.611 246.021 10847.6 2307.48 2061.82
internal_count=84120 40554 30718 16644 3430 14074 13071 13214 11785 1429 988 43566 9322 8325
is_linear=0
shrinkage=0.02


Tree=82
num_leaves=15
num_cat=0
split_feature=45 10 4 45 41 9 7 12 5 29 46 1 44 10
split_gain=21.4268 13.8249 10.9621 10.9462 13.6236 10.885 10.7095 10.8055 14.4718 18.5863 12.3494 10.9691 10.3096 13.6158
threshold=1.0584509957228578 0.027176372230262466 -0.0011212643522173253 -1.1652056070667387 0.35328059967202863 0.0081480595484829613 -0.0077661734455221213 -0.0054436280191003392 -0.0010331642225329051 -0.78490706989149783 -0.58216583101416131 0.0034350139894946548 -0.32026333589483186 -0.0032254875635406954
decision_type=2 2 2 2 2 2 2 2 2 2 2 2 2 2
left_child=3 -2 -3 4 -1 6 -5 8 9 12 -10 -9 13 -8
right_child=1 2 -4 5 -6 -7 7 11 10 -11 -12 -13 -14 -15
leaf_value=0.0040352651381113927 -0.0014747647064159838 -0.0040622285570460093 0.0060440397377538816 -0.0065914175913039828 0.000767544218338314 0.0041891234393259874 0.0047818111328739457 -0.00046480414042106061 0.003692851909910208 0.0045791190170009878 0.00085297655342355956 0.0039479277883262389 -0.0036458760854047108 -0.0020670191051749198
leaf_weight=626.33452561497688 4134.8608820289373 53.066167488694191 169.20483593642712 92.105818375945091 2682.7600841224194 251.12590564787388 168.16259090602398 8234.49044726789 833.13236689567566 205.95947204530239 2292.6400759071112 226.69684725999832 606.9931705147028 347.44864052534103
leaf_count=2542 16653 213 679 369 10808 1006 674 32995 3340 825 9188 908 2432 1392
internal_value=3.48463e-05 -0.00121232 0.00359493 0.000363102 0.0013912 0.000106083 2.56758e-05 7.53975e-05 0.000872148 -0.000874146 0.0016146 -0.000344314 -0.0018905 0.000191146
internal_weight=20925 4357.13 222.271 16567.8 3309.09 13258.8 13007.6 12915.5 4454.34 1328.56 3125.77 8461.19 1122.6 515.611
internal_count=84024 17545 892 66479 13350 53129 52123 51754 17851 5323 12528 33903 4498 2066
is_linear=0
shrinkage=0.02


Tree=83
num_leaves=15
num_cat=0
split_feature=45 47 11 33 35 38 33 40 6 23 46 47 44 49
split_gain=23.9155 16.435 15.1033 15.4034 12.8102 12.7748 10.842 10.457 11.6882 11.3925 13.0541 10.0595 9.78425 10.4976
threshold=-0.36847154257654707 0.93540483100319638 0.020618967546563862 74.557393209253732 -0.33884743317928867 2.9158245064693724 39.992201526724116 1.6091552173220647 -0.00010720529419635973 1.3410660677827704 -0.4124860612920454 -0.93540483100319616 2.5905650645842075 1.0000000180025095e-35
decision_type=2 2 2 2 2 2 2 2 2 2 2 2 2 2
left_child=7 2 3 4 -2 -3 -6 9 -9 10 -1 -4 -8 -14
right_child=1 5 11 -5 6 -7 12 8 -10 -11 -12 -13 13 -15
leaf_value=0.0024294021350277054 -0.0036852134849451553 0.0017568166952988031 -0.0049307312614423754 -0.003049613638192145 -0.0093941067642087338 -0.0031740904508528235 -7.9632399939416477e-05 0.00097642268020119085 -0.0026804649750455721 0.0032827447167613835 0.00026484219225265395 0.0028496636037079158 -0.00069155936279312216 0.0094643010537256832
leaf_weight=1610.1861153542995 397.57330034673214 247.12633809447289 67.536407992243767 809.32591055333614 44.352211624383926 1301.0474593937397 9457.9687670171261 811.2210345864296 606.95641502737999 980.23448964953423 3599.6960628181696 854.13272233307362 73.525008246302605 84.483955785632133
leaf_count=6469 1592 990 271 3273 178 5225 37926 3261 2440 3960 14462 3427 295 339
internal_value=6.04292e-05 -0.000449969 -0.000195096 -0.000403922 -0.000189622 -0.00238388 -4.39282e-05 0.000954847 -0.000592583 0.00130956 0.000935517 0.00225602 4.05775e-06 0.0048623
internal_weight=20945.4 13337.1 11788.9 10867.2 10057.9 1548.17 9660.33 7608.29 1418.18 6190.12 5209.88 921.669 9615.98 158.009
internal_count=84108 53516 47301 43603 40330 6215 38738 30592 5701 24891 20931 3698 38560 634
is_linear=0
shrinkage=0.02


end of trees

feature_importances:
ema8_dist=79
close_pos=76
ret_lag2=50
lower_wick_frac=49
taker_ratio=49
vwap_dist=49
vol_rel_4=43
tod_cos=42
upper_wick_frac=39
taker_delta_z=39
rsi7=38
dow_sin=38
ret_lag7=33
vol_ratio_8_96=33
ret_96=32
tod_sin=29
dist_high_96=26
up_streak=23
ret_4=21
ema200_dist=21
ret_lag6=20
body=20
ret_lag8=18
dist_low_96=18
ret_lag4=17
ret_32=17
taker_ratio_8=17
range_atr=16
trades_z=15
ret_lag3=14
vol_8=14
macd_hist=14
ret_1=12
ret_8=12
ret_16=11
ema20_dist=11
ema50_dist=11
vol_48=10
vol_96=10
body_frac=10
vol_z=10
ret_lag5=9
vol_16=9
ema8_20=9
macd=9
rsi14=9
atr14_pct=7
bb_width=7
dow_cos=7
bb_pos=4

parameters:
[boosting: gbdt]
[objective: binary]
[metric: binary_logloss]
[tree_learner: serial]
[device_type: cpu]
[data_sample_strategy: bagging]
[data: ]
[valid: ]
[num_iterations: 84]
[learning_rate: 0.02]
[num_leaves: 15]
[num_threads: 0]
[seed: 42]
[deterministic: 0]
[force_col_wise: 0]
[force_row_wise: 0]
[histogram_pool_size: -1]
[max_depth: -1]
[min_data_in_leaf: 200]
[min_sum_hessian_in_leaf: 0.001]
[bagging_fraction: 0.8]
[pos_bagging_fraction: 1]
[neg_bagging_fraction: 1]
[bagging_freq: 1]
[bagging_seed: 400]
[bagging_by_query: 0]
[feature_fraction: 0.7]
[feature_fraction_bynode: 1]
[feature_fraction_seed: 30056]
[extra_trees: 0]
[extra_seed: 12879]
[early_stopping_round: 0]
[early_stopping_min_delta: 0]
[first_metric_only: 0]
[max_delta_step: 0]
[lambda_l1: 0]
[lambda_l2: 5]
[linear_lambda: 0]
[min_gain_to_split: 0]
[drop_rate: 0.1]
[max_drop: 50]
[skip_drop: 0.5]
[xgboost_dart_mode: 0]
[uniform_drop: 0]
[drop_seed: 17869]
[top_rate: 0.2]
[other_rate: 0.1]
[min_data_per_group: 100]
[max_cat_threshold: 32]
[cat_l2: 10]
[cat_smooth: 10]
[max_cat_to_onehot: 4]
[top_k: 20]
[monotone_constraints: ]
[monotone_constraints_method: basic]
[monotone_penalty: 0]
[feature_contri: ]
[forcedsplits_filename: ]
[refit_decay_rate: 0.9]
[cegb_tradeoff: 1]
[cegb_penalty_split: 0]
[cegb_penalty_feature_lazy: ]
[cegb_penalty_feature_coupled: ]
[path_smooth: 0]
[interaction_constraints: ]
[verbosity: -1]
[saved_feature_importance_type: 0]
[use_quantized_grad: 0]
[num_grad_quant_bins: 4]
[quant_train_renew_leaf: 0]
[stochastic_rounding: 1]
[linear_tree: 0]
[max_bin: 255]
[max_bin_by_feature: ]
[min_data_in_bin: 3]
[bin_construct_sample_cnt: 200000]
[data_random_seed: 175]
[is_enable_sparse: 1]
[enable_bundle: 1]
[use_missing: 1]
[zero_as_missing: 0]
[feature_pre_filter: 1]
[pre_partition: 0]
[two_round: 0]
[header: 0]
[label_column: ]
[weight_column: ]
[group_column: ]
[ignore_column: ]
[categorical_feature: ]
[forcedbins_filename: ]
[precise_float_parser: 0]
[parser_config_file: ]
[objective_seed: 16083]
[num_class: 1]
[is_unbalance: 0]
[scale_pos_weight: 1]
[sigmoid: 1]
[boost_from_average: 1]
[reg_sqrt: 0]
[alpha: 0.9]
[fair_c: 1]
[poisson_max_delta_step: 0.7]
[tweedie_variance_power: 1.5]
[lambdarank_truncation_level: 30]
[lambdarank_norm: 1]
[label_gain: ]
[lambdarank_position_bias_regularization: 0]
[eval_at: ]
[multi_error_top_k: 1]
[auc_mu_weights: ]
[num_machines: 1]
[local_listen_port: 12400]
[time_out: 120]
[machine_list_filename: ]
[machines: ]
[gpu_platform_id: -1]
[gpu_device_id: -1]
[gpu_device_id_list: ]
[gpu_use_dp: 0]
[num_gpu: 1]

end of parameters

pandas_categorical:[]
