tree
version=v4
num_class=1
num_tree_per_iteration=1
label_index=0
max_feature_idx=49
objective=binary sigmoid:1
feature_names=ret_1 ret_lag2 ret_lag3 ret_lag4 ret_lag5 ret_lag6 ret_lag7 ret_lag8 ret_4 ret_8 ret_16 ret_32 ret_96 vol_8 vol_16 vol_48 vol_96 vol_ratio_8_96 atr14_pct body body_frac upper_wick_frac lower_wick_frac range_atr close_pos up_streak ema8_dist ema20_dist ema50_dist ema200_dist ema8_20 macd macd_hist rsi7 rsi14 bb_pos bb_width dist_high_96 dist_low_96 vol_z vol_rel_4 taker_ratio taker_ratio_8 taker_delta_z trades_z vwap_dist tod_sin tod_cos dow_sin dow_cos
feature_infos=[-0.048225571774954228:0.054140860585873564] [-0.045888061084904667:0.053934205405202447] [-0.045888061084904667:0.053934205405202447] [-0.045888061084904667:0.053934205405202447] [-0.045888061084904667:0.053934205405202447] [-0.045888061084904667:0.053934205405202447] [-0.045888061084904667:0.053934205405202447] [-0.045888061084904667:0.053934205405202447] [-0.077133754118922024:0.071991977958090994] [-0.085044616324722808:0.088917948876862954] [-0.093045253303909586:0.099598663894950312] [-0.16110247461297114:0.11811130375413771] [-0.20387475740724231:0.15390159095358608] [8.3329473858109247e-05:0.023788998171682139] [0.00012792929180962742:0.016527005533618785] [0.00027924202772924476:0.01295383407058674] [0.00033069000566015704:0.011424715223231569] [0.081330749636771116:3.4910480045948273] [0.00022853159921821788:0.021624313841899608] [-6.1679224578821907:7.752832281735369] [-1:1] [0:1] [0:1] [0.00014748801259109186:9.4185185884844262] [0:1] [-16:11] [-5.3500477783253029:6.5574293883552004] [-7.2798735855698524:7.9122729117792128] [-8.9687501914821173:9.3735822657614865] [-15.26001656943026:17.030230017984579] [-2.8692839394154763:2.7793305199583056] [-2.9100178931238205:2.4917302960962426] [-1.0225548491876091:0.97569191014088996] [1.2169061556917597:98.884368875101572] [6.634978386023846:96.650781852598499] [-2.0283124111424446:2.0840227812809977] [0.00069296699297444306:0.15631260110822764] [0:59.445332928896512] [0:45.150715632439997] [-1.9097595346649254:9.4610831975913499] [0.071452468041689726:11.563719783382108] [0.074974944544726752:0.94299405155320537] [0.22825848262294829:0.74266009029146174] [-14.975942094563452:9.0183653957847305] [-2.2591920318335617:9.3227017936329322] [-5.0094418311555406:6.2894723574902311] [-1:1] [-1:1] [-0.97492791218182362:0.97492791218182362] [-0.90096886790241903:1]
tree_sizes=1777 1799 1805 1822 1822 1807 1802 1815 1813 1815 1807 1807 1811 1819 1819 1813 1817 1798 1811 1810 1804 1820 1806 1817 1798 1815 1817 1814 1798 1808 1815 1808 1817 1816 1816 1810 1814 1812 1815 1812 1805 1809 1801 1823 1822 1825 1810 1815 1820 1813 1815 1821 1813 1807 1819 1810 1825 1820 1818 1809 1799 1804 1811 1816 1815 1827 1824 1824 1828 1807 1823 1817 1812 1813 1811 1808 1813 1819 1812 1814 1810 1814 1817 1820 1815 1816 1816 1804 1816 1820 1804 1810 1810 1805 1815 1804 1803 1805 1817 1830 1806 1813 1816 1815 1803 1809 1801 1811 1814 1812 1804 1826 1821 1825 1815 1821 1821 1801 1809 1817 1806 1825 1808 1819 1804

Tree=0
num_leaves=15
num_cat=0
split_feature=26 26 24 24 24 26 37 29 24 33 40 22 13 21
split_gain=270.357 120.23 44.9585 34.8738 32.8164 26.4605 19.4149 17.4239 17.2779 15.532 14.7696 15.0983 14.0584 13.0267
threshold=-0.42004136529490921 0.68827834140253363 0.73427435266851282 0.36437789302971668 0.35077443346254483 -0.79907251749617714 1.5690630809412396 3.3308655150287727 0.33298691785589668 52.469365704770148 1.5872632937955671 0.21775261966087031 0.0011708822028500909 0.40815611046268913
decision_type=2 2 2 2 2 2 2 2 2 2 2 2 2 2
left_child=4 3 8 6 5 7 -2 -1 -3 10 11 -5 -8 -14
right_child=1 2 -4 9 -6 -7 12 -9 -10 -11 -12 -13 13 -15
leaf_value=0.010952484194784005 0.0022651690867957104 0.0065054120253971335 -0.001721220830091367 0.0069892688086755353 0.006786440593897318 0.008040342371631053 0.0046729464417575054 0.017690595473876979 0.0016270183783652736 0.0028630811306218653 0.00075605839543035815 0.0041331019452896236 0.0061162117703387128 0.009034949878172719
leaf_weight=1612.9904819130898 497.4970643222332 387.4977134168148 1953.9884697198868 1086.4935887157917 2129.4874341189861 1546.2408757954836 1205.4928865134716 170.74899242818356 1123.7433689087629 4102.4757917225361 348.49794355034828 2296.236450150609 1527.4909864366055 1022.493966370821
leaf_count=6452 1990 1550 7816 4346 8518 6185 4822 683 4495 16410 1394 9185 6110 4090
internal_value=0.00490493 0.00356067 0.00027932 0.00450294 0.0087319 0.00997125 0.00596015 0.0116315 0.00287916 0.00371162 0.00464601 0.00505224 0.00645244 0.00729243
internal_weight=21011.4 15551.9 3465.23 12086.7 5459.47 3329.98 4252.97 1783.74 1511.24 7833.7 3731.23 3382.73 3755.48 2549.98
internal_count=84046 62208 13861 48347 21838 13320 17012 7135 6045 31335 14925 13531 15022 10200
is_linear=0
shrinkage=1


Tree=1
num_leaves=15
num_cat=0
split_feature=33 26 26 40 38 8 21 25 17 3 48 38 19 21
split_gain=259.84 101.424 47.211 34.5086 24.6641 26.2339 24.4105 18.7356 18.2595 16.4796 16.3883 14.5133 14.324 17.7572
threshold=56.275215018153965 -0.60443825913477645 0.70027527560664959 2.0087455553443925 4.0225680973081444 0.0070282714739306707 0.28549645297761927 -1.4999999999999998 1.303208413107533 0.00069274435443306419 -0.8783796973249266 0.20594767911520032 -0.53982745962446343 0.34174190328134113
decision_type=2 2 2 2 2 2 2 2 2 2 2 2 2 2
left_child=1 3 -2 7 5 -3 -4 10 -8 12 -1 -5 -6 -14
right_child=2 4 6 11 9 -7 8 -9 -10 -11 -12 -13 13 -15
leaf_value=0.01118335327622553 -0.0015414652280145583 0.0019843123738985682 -0.0059489353585689374 0.0091402606672577984 0.0020321308617070673 -0.0089143309422146134 -0.0038416443912465863 0.0033345469363253487 0.0017990523232528817 0.0014082623303428713 0.0057511781712068456 -0.00054112807943886292 -0.0025722804570055789 0.00045174692470048323
leaf_weight=260.49320924282074 4222.2323638945818 3943.466582134366 2214.2475052028894 63.498096197843552 529.24472790956497 85.499511078000069 876.4976012557745 1237.4743221998215 306.99891032278538 1571.7369041889906 1677.45788449049 642.48737579584122 2171.2359493076801 1205.737920820713
leaf_count=1042 16889 15774 8857 254 2117 342 3506 4950 1228 6287 6710 2570 8685 4823
internal_value=-9.32474e-06 0.00166855 -0.00295652 0.00439069 0.000555453 0.00174227 -0.0047101 0.00527864 -0.00237704 -0.000318228 0.00650825 0.000387795 -0.00101382 -0.00149349
internal_weight=21008.3 13388.3 7619.98 3881.41 9506.92 4028.97 3397.74 3175.43 1183.5 5477.96 1937.95 705.985 3906.22 3376.97
internal_count=84034 53554 30480 15526 38028 16116 13591 12702 4734 21912 7752 2824 15625 13508
is_linear=0
shrinkage=0.02


Tree=2
num_leaves=15
num_cat=0
split_feature=33 33 24 24 24 12 37 10 33 17 48 24 23 31
split_gain=246.642 97.702 53.2554 30.6681 28.3593 26.8544 20.0691 19.6848 18.5462 18.0907 14.825 14.8107 14.7716 17.6335
threshold=56.594106400930876 35.951863015914093 0.71317118426952242 0.41079317392225606 0.32384473751309395 -0.0054585421236746567 1.2937715762376831 0.014842892633220908 64.967403265846514 1.5546690898332212 -1.0000000180025095e-35 0.31156396034570244 1.0539485864584515 0.65820725872441466
decision_type=2 2 2 2 2 2 2 2 2 2 2 2 2 2
left_child=1 3 6 -1 12 -6 7 -2 -4 11 -10 -8 -3 -14
right_child=2 4 8 -5 5 -7 9 -9 10 -11 -12 -13 13 -15
leaf_value=0.0057039855101143344 -0.0054943440855629785 0.0011901635459677 -0.003074996405419474 0.0019123912955287745 0.001424799831540105 -0.0013310279015254815 0.00099187555282924259 0.00065301934001952893 -0.0081061405194689101 0.0046372174151129994 -0.0045164259827257004 -0.0020962726759916894 0.0027893262432679218 0.0099816767558044712
leaf_weight=2408.1103696674109 716.99900209903717 2900.9462728053331 1600.994447901845 1330.9685683995485 2262.9769694954157 3753.4711214900017 989.24430078268051 291.49922296404839 795.74029393494129 249.9986320734024 1157.2361664026976 1653.9978049993515 787.72747857868671 161.99471300840378
leaf_count=9633 2868 11604 6404 5324 9052 15014 3957 1166 3183 1000 4629 6616 3151 648
internal_value=5.87615e-06 0.00160784 -0.00291673 0.00435868 0.000563749 -0.000294151 -0.00130092 -0.00372304 -0.00468632 -0.000451674 -0.00599602 -0.00094083 0.00190281 0.00406198
internal_weight=21061.9 13606.2 7455.71 3739.08 9867.12 6016.45 3901.74 1008.5 3553.97 2893.24 1952.98 2643.24 3850.67 949.722
internal_count=84249 54426 29823 14957 39469 24066 15607 4034 14216 11573 7812 10573 15403 3799
is_linear=0
shrinkage=0.02


Tree=3
num_leaves=15
num_cat=0
split_feature=26 26 21 24 24 1 26 1 21 47 4 13 13 5
split_gain=225.068 117.398 30.8365 24.7053 19.4873 20.1778 20.094 18.1089 20.5436 16.4226 15.2241 14.6823 14.2054 18.8252
threshold=-0.42004136529490921 0.71161775622451018 0.31031222465310443 0.21371307452531943 0.37355036787734303 -0.00028929635450085822 -0.60443825913477645 7.9847903214290262e-05 0.36361120080251169 0.47114434510950071 -0.00019770846964680769 0.0037076626264057836 0.00220599557846154 -0.00038233271238573378
decision_type=2 2 2 2 2 2 2 2 2 2 2 2 2 2
left_child=4 3 11 -2 5 6 -1 10 -9 12 -5 -3 13 -4
right_child=1 2 9 7 -6 -7 -8 8 -10 -11 -12 -13 -14 -15
leaf_value=0.0066644037611692528 0.0013302467699591717 -0.0065575004419442164 0.0042896756038210528 0.0012860647001729758 0.0018844124804125737 0.0025700561664502202 0.0016054677498110049 -0.0026101952978925453 0.0004071918378325728 -0.0054948380330430494 -0.00093517769070778939 -0.0019151666044910076 0.0035950339795531704 -0.0046943794264575414
leaf_weight=1607.5609964579344 2714.6994700431824 1944.6730325967073 125.2491739988327 2104.2343177348375 2004.1869072467089 1462.8901429921389 394.73680919408798 3199.4808593392372 1254.7379150688648 314.4974569529295 2970.2298458069563 322.73958720266819 264.99771858751774 327.49788391590118
leaf_count=6431 10859 7779 501 8417 8017 5852 1579 12798 5019 1258 11881 1291 1060 1310
internal_value=-2.64433e-05 -0.00125437 -0.00459949 -0.000351332 0.00346107 0.00436895 0.00567356 -0.000830857 -0.0017607 -0.00172292 -1.37331e-05 -0.00590239 -4.35749e-05 -0.0021893
internal_weight=21012.4 15543 3299.65 12243.4 5469.37 3465.19 2002.3 9528.68 4454.22 1032.24 5074.46 2267.41 717.745 452.747
internal_count=84052 62173 13199 48974 21879 13862 8010 38115 17817 4129 20298 9070 2871 1811
is_linear=0
shrinkage=0.02


Tree=4
num_leaves=15
num_cat=0
split_feature=26 26 24 26 24 12 1 36 17 47 12 16 10 37
split_gain=221.142 75.5323 48.4193 37.2755 25.3908 24.9319 21.6441 17.241 15.7362 15.0673 14.9821 14.5153 14.2058 14.0886
threshold=0.16860657871643694 -0.6153903144163122 0.19772932515130681 0.70027527560664959 0.40615065694841107 -0.00029581001713691637 -0.00039852024765964634 0.010841464304198674 1.3121028705168045 0.065403129230142729 -0.00446177233919051 0.00087457647513795964 -0.010967373698960468 4.2681170253814562
decision_type=2 2 2 2 2 2 2 2 2 2 2 2 2 2
left_child=1 4 -2 10 6 -3 12 9 -5 -7 -4 -12 -1 -11
right_child=2 5 3 8 -6 7 -8 -9 -10 13 11 -13 -14 -15
leaf_value=0.0035639602918446146 0.0019628507462889052 0.0019582365927032978 -0.00011077766115321299 -0.0052568714678366815 0.0017200078056369855 0.00027267154566695844 0.0031002381084365999 0.0012648735407453254 -0.0019408044312219177 -0.0044058996264475297 0.0032048301319685174 -0.0028380327550215118 0.0079459382360125546 -0.00012233877169257594
leaf_weight=414.92285719513893 950.98563140630722 4023.9089970141649 1626.7394232004881 2427.0848223119974 1145.1943664550781 1276.4795635342598 1084.6163139492273 1828.4674178957939 759.21124376356602 805.48820450901985 164.49924027919769 2804.4881037771702 1149.5229215323925 494.99188847839832
leaf_count=1660 3804 16096 6507 9709 4581 5106 4339 7314 3037 3222 658 11218 4599 1980
internal_value=0.000140729 0.00187697 -0.00228918 -0.00280971 0.0042184 0.000821166 0.00529318 -0.000218476 -0.00447102 -0.00127139 -0.0016543 -0.0024984 0.00679881 -0.00278219
internal_weight=20956.6 12223.6 8733.01 7782.02 3794.26 8429.34 2649.06 4405.43 3186.3 2576.96 4595.73 2968.99 1564.45 1300.48
internal_count=83830 48897 34933 31129 15179 33718 10598 17622 12746 10308 18383 11876 6259 5202
is_linear=0
shrinkage=0.02


Tree=5
num_leaves=15
num_cat=0
split_feature=26 26 41 41 37 21 47 42 43 33 21 44 0 1
split_gain=220.329 105.422 27.3009 25.7322 30.101 22.3942 21.6372 21.4105 19.0541 18.027 17.194 14.5154 14.1373 14.0935
threshold=-0.42004136529490921 0.70027527560664959 0.37887961732717695 0.57313801764884531 3.2047794462037729 0.21383229620160341 0.58216583101416164 0.54811061056138688 0.31189828800858238 35.733022922023032 0.27480657379388435 -0.35510141763667785 -0.0032713637914307601 -0.001653936567384611
decision_type=2 2 2 2 2 2 2 2 2 2 2 2 2 2
left_child=2 3 -1 4 6 -3 12 11 9 -4 -6 -7 -2 -10
right_child=1 5 8 -5 10 7 -8 -9 13 -11 -12 -13 -14 -15
leaf_value=0.0055904177013941818 0.0069157526675883456 -0.0059133597771933583 0.0037631003220701133 -0.0021723565416765325 -1.596773178181645e-05 -0.0056613726035613012 -0.0038559315045479155 -0.006737002790988926 0.0025359940068508248 0.00084513597173623196 0.002112540221441213 -0.00017444015479269379 -0.00071821467995537781 -0.0098063462003933934
leaf_weight=1583.4633127301931 96.496925845742226 1823.5074343681335 2428.3571088165045 2624.9698614478111 3587.2026778608561 237.48415507376194 1038.9876376092434 379.72977013885975 61.744739726185799 1304.396127268672 2626.6943256855011 943.95266619324684 2208.4734504967928 81.492685198783875
leaf_count=6335 386 7295 9715 10500 14349 950 4156 1519 247 5218 10507 3776 8834 326
internal_value=-7.61902e-05 -0.00128864 0.00337908 -0.000420452 6.15752e-05 -0.00440835 -0.00146713 -0.00263717 0.00246965 0.00274592 0.000884755 -0.0012966 -0.000384343 -0.0045799
internal_weight=21027 15567.5 5459.45 12182.8 9557.86 3384.67 3343.96 1561.17 3875.99 3732.75 6213.9 1181.44 2304.97 143.237
internal_count=84113 62272 21841 48732 38232 13540 13376 6245 15506 14933 24856 4726 9220 573
is_linear=0
shrinkage=0.02


Tree=6
num_leaves=15
num_cat=0
split_feature=26 26 26 24 41 24 24 39 42 45 37 46 6 31
split_gain=197.284 84.1056 40.108 28.3914 20.5059 18.3165 17.673 17.6182 16.9311 16.2559 15.805 15.0177 14.6666 14.5133
threshold=-0.27578092349030608 0.70027527560664959 -0.79907251749617714 0.19772932515130681 0.58211145629415195 0.40615065694841107 0.84076143991995267 -0.20559308258797371 0.45647723723897238 1.1651060748783764 0.87258336007201487 -0.4124860612920454 0.00047864018633388984 0.15393620393867602
decision_type=2 2 2 2 2 2 2 2 2 2 2 2 2 2
left_child=2 3 5 12 7 -1 11 -3 -5 13 -10 -4 -2 -9
right_child=1 4 6 8 -6 -7 -8 9 10 -11 -12 -13 -14 -15
leaf_value=0.005753686528998137 0.0030705762027598456 -0.0053866800640405511 0.0037462638866900501 0.00072738833029539849 -0.0059024628095067965 0.001998245912141529 -0.0021537181204760126 -0.0022756854353179509 -0.0064541295890733633 -0.0023372807008458073 -0.001226000800055541 0.0011316439796030299 -0.00033169343916611394 0.0083067527194062435
leaf_weight=1931.1014905869961 1214.9630296975374 663.38991817831993 1348.6313169747591 1889.978227853775 1400.2606979757547 719.93292634189129 442.98444454371929 88.491154715418816 235.2452749311924 1130.1242966204882 6476.6761181354523 2524.5200781822205 865.47256565093994 114.48906402289867
leaf_count=7727 4860 2654 5395 7560 5602 2880 1772 354 941 4521 25907 10099 3462 458
internal_value=5.35547e-05 -0.00130854 0.00280502 -0.000436168 -0.00404738 0.00473952 0.00161271 -0.00273481 -0.000943282 -0.00139996 -0.00141391 0.00204571 0.00165781 0.00374944
internal_weight=21046.3 14079.1 6967.17 10682.3 3396.76 2651.03 4316.14 1996.49 8601.9 1333.1 6711.92 3873.15 2080.44 202.98
internal_count=84192 56319 27873 42730 13589 10607 17266 7987 34408 5333 26848 15494 8322 812
is_linear=0
shrinkage=0.02


Tree=7
num_leaves=15
num_cat=0
split_feature=26 26 22 6 33 25 10 12 0 33 42 1 26 43
split_gain=197.197 75.4306 35.4655 25.2837 20.0042 19.6516 18.4323 17.5508 17.9647 16.5594 16.2185 12.6147 12.473 15.2829
threshold=-0.26781493186022914 0.71161775622451018 0.17919526131494776 -0.00088719246500025041 34.469367717022429 -1.4999999999999998 0.02713098262371174 -0.00446177233919051 -0.003665831477635564 35.733022922023032 0.47718328157801876 -4.5144944419671407e-05 0.45116441990346073 -0.071545130200878604
decision_type=2 2 2 2 2 2 2 2 2 2 2 2 2 2
left_child=2 3 4 10 -1 9 -3 11 -9 -4 -2 -5 -12 -14
right_child=1 6 5 7 -6 -7 -8 8 -10 -11 12 -13 13 -15
leaf_value=0.0061794134721291994 0.0027923963898438446 -0.0043908774634738449 0.004431826245523021 0.0017268166933253649 0.0028917603199166619 8.2293915135073223e-05 0.0023756400914823473 0.0081827184838563043 -0.0020143997279000155 0.00071184932159259931 0.00068238468832310367 -0.0010587042050763228 0.0063641881736888938 -0.004852127402740782
leaf_weight=1318.4730532467365 1185.2265401184559 3131.608836248517 1145.6475645601749 1131.2277152389288 1720.2609615623951 2039.0654162913561 166.72953416407108 65.246644005179405 5011.4150771051645 823.41861303150654 1360.222058519721 1515.7178052067757 51.998665019869804 345.49218651652336
leaf_count=5276 4741 12529 4584 4525 6882 8157 667 261 20046 3294 5441 6063 208 1382
internal_value=-2.85799e-05 -0.00140483 0.00269783 -0.000586689 0.00432604 0.00145956 -0.00404575 -0.00118756 -0.00187542 0.00288196 0.000989609 0.000132758 -0.000230483 -0.00332401
internal_weight=21011.8 13964.9 7046.87 10666.5 3038.73 4008.13 3298.34 7723.61 5076.66 1969.07 2942.94 2646.95 1757.71 397.491
internal_count=84056 55863 28193 42667 12158 16035 13196 30895 20307 7878 11772 10588 7031 1590
is_linear=0
shrinkage=0.02


Tree=8
num_leaves=15
num_cat=0
split_feature=33 33 41 22 19 21 41 1 23 33 20 40 18 19
split_gain=205.678 67.1023 44.5647 29.952 24.4045 24.3845 17.1587 17.2759 25.7479 15.4084 15.2402 15.1884 14.7742 13.9639
threshold=56.275215018153965 34.213231642141153 0.58062878454503442 0.19915067078541324 -0.51407642437342915 0.19812131075666098 0.54809953621801544 7.9847903214290262e-05 0.54983308889198479 74.563660651420136 0.51995808549636424 1.4958893877830215 0.0014755078964761423 -0.30796661101638101
decision_type=2 2 2 2 2 2 2 2 2 2 2 2 2 2
left_child=1 4 5 6 -1 -2 7 12 -9 -4 -5 -6 -3 -7
right_child=2 3 9 10 11 13 -8 8 -10 -11 -12 -13 -14 -15
leaf_value=0.0058526129563464761 -0.0031791605027776948 0.0082127313380518183 -0.0040682432397044924 2.3344136685183949e-05 0.0037609033552427132 0.0028474729779722568 -0.00012856795956974401 -0.0044509496623452143 0.0021964629224259704 -0.0080152442904794924 -0.0034526812501637807 -0.00025247871856988067 0.0031369391392809315 -0.0010012125879645217
leaf_weight=1507.2306996881962 2277.6880083680153 267.71680417656898 1846.4325762987137 4895.2954294830561 1039.6867610067129 438.48720434308052 1298.4603245705366 275.7377986907959 1372.3717242479324 510.84106329083443 557.49289061129093 589.37973409891129 1563.5473381429911 2516.3456030339003
leaf_count=6032 9112 1071 7387 19582 4160 1754 5194 1103 5490 2044 2230 2358 6255 10066
internal_value=-2.93489e-05 0.00146352 -0.00265778 0.000678091 0.00402044 -0.00162646 0.00183331 0.00256459 0.00107422 -0.00493875 -0.000334882 0.00231257 0.00389932 -0.000426235
internal_weight=20956.7 13366.9 7589.79 10230.6 3136.3 5232.52 4777.83 3479.37 1648.11 2357.27 5452.79 1629.07 1831.26 2954.83
internal_count=83838 53475 30363 40925 12550 20932 19113 13919 6593 9431 21812 6518 7326 11820
is_linear=0
shrinkage=0.02


Tree=9
num_leaves=15
num_cat=0
split_feature=26 26 21 22 24 45 43 33 13 47 33 6 16 14
split_gain=168.994 67.5231 34.754 28.915 21.0492 18.5239 17.33 16.7024 16.6807 15.0844 13.8347 13.7415 15.1545 14.304
threshold=-0.26781493186022914 0.53571957694565964 0.31031222465310443 0.17919526131494776 0.31156396034570244 -0.79099045324122763 0.31189828800858238 34.213231642141153 0.0032435142938069413 0.84874750804349197 74.563660651420136 0.00076394492347392777 0.0019209488610840086 0.0011644668813316323
decision_type=2 2 2 2 2 2 2 2 2 2 2 2 2 2
left_child=3 4 8 7 9 6 -5 -1 10 11 -3 13 -13 -2
right_child=1 2 -4 5 -6 -7 -8 -9 -10 -11 -12 12 -14 -15
leaf_value=0.0056655876522549997 -0.00011159585170383481 -0.0043427302887228247 -0.00082353633772110665 0.0025439608679962626 -0.00099076242533524496 -0.00065348501422694122 -0.0066468238209709618 0.0026351389625002019 -0.0012914472981971029 -0.0019654405527248018 -0.007822931702239919 -0.0041779536297657143 0.0016113055862138179 0.0041774763741641114
leaf_weight=1281.1725447326899 440.73508697748184 2024.9309024959803 1530.1069341599941 2661.7688298076391 6444.1288467794657 1271.4019118249416 79.992254495620728 1715.1358192712069 543.37475703656673 524.73026786744595 602.96654756367207 266.99261051416397 534.98116667568684 1049.6950728297234
leaf_count=5128 1763 8102 6121 10650 25777 5086 320 6862 2174 2099 2413 1068 2140 4199
internal_value=-8.00817e-05 -0.00135203 -0.00330274 0.00245276 -0.000360532 0.00134019 0.0022642 0.00393819 -0.00449575 0.00108031 -0.0051546 0.00178024 -0.000329996 0.00291302
internal_weight=20972.1 13962.6 4701.38 7009.47 9261.26 4013.16 2741.76 2996.31 3171.27 2817.13 2627.9 2292.4 801.974 1490.43
internal_count=83902 55856 18810 28046 37046 16056 10970 11990 12689 11269 10515 9170 3208 5962
is_linear=0
shrinkage=0.02


Tree=10
num_leaves=15
num_cat=0
split_feature=26 26 24 21 12 43 24 20 21 47 11 26 29 6
split_gain=177.459 77.6331 31.1133 26.2319 22.9174 22.3665 19.4578 19.2534 16.9032 16.5099 17.3617 16.3789 17.7768 16.2545
threshold=-0.42004136529490921 0.71161775622451018 0.19772932515130681 0.28549645297761927 -0.00446177233919051 0.48795799099383147 0.40615065694841107 -0.41373386945828045 0.061576604489607674 0.99465189230620699 0.003447949075139465 -0.76850281007856569 3.3308655150287727 -0.00047866196019458461
decision_type=2 2 2 2 2 2 2 2 2 2 2 2 2 2
left_child=5 2 13 -3 7 6 11 -4 -8 -6 -11 12 -1 -2
right_child=1 3 4 -5 9 -7 8 -9 -10 10 -12 -13 -14 -15
leaf_value=0.0046731218179242766 0.0038539976327412635 -0.0050614597523564921 -0.003622696947258139 -0.001325398452499805 -0.0013678312462247191 -0.0088522315406958409 -0.001585934819901593 0.0009854558243262907 0.0027653026958749673 -0.001702043974273965 -0.013322916769487377 0.0025957304845348511 0.010879119567351119 0.00049673454810765549
leaf_weight=1812.8948046267033 877.16680078208447 2151.8763234466314 404.99113939702511 1160.8287891149521 5920.5690101832151 56.743778914213181 488.16866926848888 3140.9158310741186 1298.0493501275778 113.746961414814 91.496561780571938 1578.8071906268597 205.06121151149273 1671.9032509475946
leaf_count=7257 3509 8612 1620 4644 23683 227 1953 12564 5193 455 366 6317 821 6688
internal_value=4.57131e-05 -0.00104304 -0.000306334 -0.00375625 -0.000824455 0.00315283 0.00328748 0.000454782 0.00157501 -0.0015647 -0.00707621 0.00413455 0.0053291 0.00165729
internal_weight=20973.2 15533.5 12220.8 3312.71 9671.72 5439.73 5382.98 3545.91 1786.22 6125.81 205.244 3596.76 2017.96 2549.07
internal_count=83909 62141 48885 13256 38688 21768 21541 14184 7146 24504 821 14395 8078 10197
is_linear=0
shrinkage=0.02


Tree=11
num_leaves=15
num_cat=0
split_feature=33 26 21 43 1 22 47 1 22 40 26 49 44 2
split_gain=168.837 56.3962 44.1707 25.0307 23.9008 16.9398 16.3123 16.3872 16.1504 13.6367 12.4369 13.6011 12.7029 12.311
threshold=56.275215018153965 -0.79907251749617714 0.27224531161902615 -0.087481861296154831 0.00025472453018523025 0.20135474664260319 0.47114434510950071 -7.5714965912691994e-05 0.41381423031203396 0.22715157453404716 0.95117138554589031 0.81174490092936691 1.9779321249772297 -0.0023607067400202666
decision_type=2 2 2 2 2 2 2 2 2 2 2 2 2 2
left_child=1 8 3 -2 -5 9 10 -8 13 -3 12 -12 -4 -1
right_child=2 5 6 4 -6 -7 7 -9 -10 -11 11 -13 -14 -15
leaf_value=0.0019124162775352239 -0.00044710850051974478 -0.0077691145253503402 0.00098326934626480214 -0.0025337567199958787 -0.0058115472426674888 7.5801118587770546e-06 0.0013615129730107953 -0.0041306033294296104 0.00084660699901426429 0.0017201522108365656 -0.0037355433583285496 0.0050579039026665551 0.010465670104712823 0.0055688167451347541
leaf_weight=482.1638380587101 805.11363996565342 56.492867648601532 1550.1500956267118 1623.7389620542526 1999.6515780091286 5864.1359723508358 301.47824297845364 754.91866418719292 531.12396900355816 4820.573746457696 415.17863161861897 79.989156603813171 53.746935293078423 1657.4826190024614
leaf_count=1930 3221 226 6201 6497 8002 23458 1206 3020 2125 19285 1661 320 215 6636
internal_value=3.11647e-05 0.00137968 -0.00235297 -0.00364027 -0.0043482 0.000732116 -0.000543408 -0.00256421 0.00397777 0.00160239 0.00047728 -0.00227869 0.00133256 0.00475124
internal_weight=20995.9 13412 7583.97 4428.5 3623.39 10741.2 3155.46 1056.4 2670.77 4877.07 2099.06 495.168 1603.9 2139.65
internal_count=84003 53660 30343 17720 14499 42969 12623 4226 10691 19511 8397 1981 6416 8566
is_linear=0
shrinkage=0.02


Tree=12
num_leaves=15
num_cat=0
split_feature=26 24 26 41 24 22 45 3 13 8 11 26 35 32
split_gain=157.601 56.0312 54.5299 34.5009 22.9277 17.3183 16.5483 14.2558 14.5201 14.0722 13.631 17.0848 13.2599 13.1755
threshold=0.16860657871643694 0.2512749866756962 -0.79907251749617714 0.57620197031089682 0.41079317392225606 0.21775261966087031 1.0796466252198469 0.00054251900538819747 0.002234001760604567 0.0010444358255848045 -0.0048874209162697363 -0.21567514105649796 0.54213112044347911 -0.4026578892831697
decision_type=2 2 2 2 2 2 2 2 2 2 2 2 2 2
left_child=2 -2 4 6 -1 7 -3 10 -9 -5 -4 -12 -8 -7
right_child=1 3 5 9 -6 13 12 8 -10 -11 11 -13 -14 -15
leaf_value=0.0052278149091960473 0.0020435872439884383 -0.00043178796714728434 0.0031067782901916009 -0.0017196063443373855 0.0010153092493187341 -0.0087871277521827523 0.001053067634412452 0.0019831338946122946 0.0061731831543047656 -0.0051135534092664036 0.0018835688762567767 -0.0017034606904662178 -0.0034332515157036738 0.00020765639429752279
leaf_weight=1963.8795279860497 1221.6757111102343 2551.5549712777138 860.5733512789011 641.64993815124035 704.57383544743061 60.992045700550079 304.19890213012695 1001.0816371887922 495.15255397558212 2138.9788317382336 1079.4842240214348 1035.9486353397369 1872.3125381916761 5042.4238889068365
leaf_count=7864 4887 10207 3443 2567 2819 244 1217 4005 1981 8560 4319 4144 7492 20171
internal_value=0.00013017 -0.00192231 0.00159383 -0.0025685 0.00411953 0.000888207 -0.00152619 0.00179605 0.0033857 -0.00433487 0.000992494 0.00012709 -0.00280525 9.16623e-05
internal_weight=20974.5 8730.37 12244.1 7508.7 2668.45 9575.66 4728.07 4472.24 1496.23 2780.63 2976.01 2115.43 2176.51 5103.42
internal_count=83920 34930 48990 30043 10683 38307 18916 17892 5986 11127 11906 8463 8709 20415
is_linear=0
shrinkage=0.02


Tree=13
num_leaves=15
num_cat=0
split_feature=24 26 26 38 12 1 24 13 24 0 1 48 42 1
split_gain=152.123 72.1367 69.9869 23.0528 22.4811 20.494 18.5298 18.404 21.4974 16.8538 16.3584 13.1513 12.4348 12.1463
threshold=0.5155604435637362 0.68827834140253363 -0.60443825913477645 4.0225680973081444 -0.00446177233919051 0.00025472453018523025 0.19772932515130681 0.0018071997492965532 0.73427435266851282 -0.00082347596728060929 7.9847903214290262e-05 -0.8783796973249266 0.44877358009169083 0.00035060331299298218
decision_type=2 2 2 2 2 2 2 2 2 2 2 2 2 2
left_child=2 4 5 -4 12 11 -5 13 -9 -7 -6 -1 -2 -3
right_child=1 7 3 6 10 9 -8 8 -10 -11 -12 -13 -14 -15
leaf_value=0.0092994135176315083 0.0029161552756509996 -0.0036966869547758424 0.002394087384113246 0.0013150925741908703 -0.00065959861399898995 0.0025173079420944813 -0.0010654364384374765 0.0012412823815069125 -0.0043573997618946017 -0.006554803237278424 -0.0031322444302842095 0.0046427174906440482 -6.5816403312914147e-05 -0.0076047704916988096
leaf_weight=278.91965825855732 732.42627823352814 538.57333269715309 2244.9533638358116 2323.7185639292002 2958.2994661182165 665.98936186730862 2978.774055570364 378.64380134642124 973.20130597054958 88.457721337676048 1675.1175548136234 2011.6832396686077 2315.6045246869326 836.31893217563629
leaf_count=1117 2930 2156 8981 9296 11834 2666 11916 1515 3896 354 6701 8055 9263 3348
internal_value=4.45897e-05 -0.00167221 0.00173151 0.000697793 -0.000679041 0.00428835 -2.19578e-05 -0.0044637 -0.00279045 0.00141747 -0.00155595 0.00522877 0.000654339 -0.00609284
internal_weight=21000.7 10408.2 10592.5 7547.45 7681.45 3045.05 5302.49 2726.74 1351.85 754.447 4633.42 2290.6 3048.03 1374.89
internal_count=84028 41643 42385 30193 30728 12192 21212 10915 5411 3020 18535 9172 12193 5504
is_linear=0
shrinkage=0.02


Tree=14
num_leaves=15
num_cat=0
split_feature=26 26 43 21 6 20 1 20 25 13 17 6 43 21
split_gain=150.862 69.7877 24.7065 20.1172 20.9255 20.3837 26.9713 18.3313 16.9208 14.2258 13.9426 13.663 13.8821 14.5757
threshold=-0.42004136529490921 0.71161775622451018 0.48795799099383147 0.37339382081836331 -0.0010764195006713604 -0.73979829570062428 6.4003569068198072e-05 0.36255188089568552 -3.4999999999999996 0.0036503063630782214 0.87052314491050042 0.0022458319115003572 -0.012076113174093303 0.26965684441786286
decision_type=2 2 2 2 2 2 2 2 2 2 2 2 2 2
left_child=2 3 8 5 -5 -2 -7 9 -1 -3 11 12 13 -8
right_child=1 7 -4 4 -6 6 10 -9 -10 -11 -12 -13 -14 -15
leaf_value=0.0054702038275048891 0.0019520100286652678 -0.0025908618330202789 -0.0096022910537847568 0.0035366749928953767 -6.6996028754971706e-07 -0.00011013751149048586 -0.0026327439629960704 -0.004664254109498011 0.0024272733556088204 0.0032806947889082467 -0.00097194092142688609 -0.0090311964710906977 -0.0046024758773097266 0.0030863808402705364
leaf_weight=872.60637922585011 891.39748029410839 842.13001722097397 58.992000788450241 883.90623250603676 2703.0751438587904 4074.2994669675827 758.45413537323475 2266.180246964097 4539.9818103909492 200.46612849831581 1495.8921378701925 160.23330101370811 1062.1397271305323 227.98446805775166
leaf_count=3494 3566 3370 236 3536 10813 16298 3034 9073 18172 802 5984 641 4249 912
internal_value=-7.63648e-05 -0.00108053 0.00277876 -0.00038418 0.000874714 -0.000905195 -0.00123365 -0.00365567 0.00292244 -0.00145163 -0.00246743 -0.00347574 -0.00302028 -0.00130205
internal_weight=21037.7 15566.2 5471.58 12257.4 3586.98 8670.4 7779 3308.78 5412.59 1042.6 3704.7 2208.81 2048.58 986.439
internal_count=84180 62278 21902 49033 14349 34684 31118 13245 21666 4172 14820 8836 8195 3946
is_linear=0
shrinkage=0.02


Tree=15
num_leaves=15
num_cat=0
split_feature=45 33 21 24 19 12 40 35 43 23 13 33 46 45
split_gain=150.809 66.9997 30.7705 26.2583 23.9322 21.0205 14.4881 14.5531 13.1123 12.7127 12.565 13.1673 12.6197 11.6056
threshold=-0.7011551918877339 61.072538379144099 0.27224531161902615 0.57308130112937794 -0.76702920735415103 -0.0054585421236746567 0.97689551290928656 0.59995880488738618 0.31189828800858238 0.68522354378020223 0.0037076626264057836 74.563660651420136 -0.7518398074789775 -1.1292988330557499
decision_type=2 2 2 2 2 2 2 2 2 2 2 2 2 2
left_child=3 4 10 8 -2 6 7 -6 13 -5 11 -3 -12 -1
right_child=1 2 -4 9 5 -7 -8 -9 -10 -11 12 -13 -14 -15
leaf_value=0.0046282890022420163 0.0034912550597542141 -0.0037755406166166483 -0.00098028207276694532 0.0037317173920824141 0.0019866265201582941 -0.0010146490181866651 -0.0011446647256253798 -0.0072410650119676748 -0.0043917578215066332 -0.00036348094208164095 0.0046540458947772635 -0.0071373269946910459 -0.0032409652026962632 0.0023380043469963256
leaf_weight=2634.1671593338251 717.76482658088207 2147.0243792980909 2200.2802219241858 400.45529100298882 2468.5062249898911 5887.4930431395769 960.89812381565571 65.494020819664001 74.724350675940514 1199.5510962605476 119.93113136291504 604.66586485505104 225.36838202178478 1358.7701515555382
leaf_count=10549 2872 8594 8803 1602 9875 23552 3844 262 299 4799 480 2422 902 5438
internal_value=5.54051e-05 -0.000971342 -0.0027919 0.00284318 -1.55964e-05 -0.000285592 0.000942271 0.00173434 0.00369616 0.000669912 -0.00407533 -0.00452588 -0.000471541 0.00385282
internal_weight=21065.1 15397.4 5297.27 5667.67 10100.2 9382.39 3494.9 2534 4067.66 1600.01 3096.99 2751.69 345.3 3992.94
internal_count=84293 61606 21201 22687 40405 37533 13981 10137 16286 6401 12398 11016 1382 15987
is_linear=0
shrinkage=0.02


Tree=16
num_leaves=15
num_cat=0
split_feature=26 33 21 12 0 24 43 21 47 25 42 22 22 11
split_gain=143.822 60.4173 27.2963 22.918 19.8234 18.5648 19.9812 15.2884 14.0006 13.8821 13.6125 13.0666 16.5745 12.419
threshold=-0.42004136529490921 61.072538379144099 0.28549645297761927 -0.0054585421236746567 -0.0012630583377764564 0.40615065694841107 -0.061857118121001461 0.51276823349169598 0.47114434510950071 -1.4999999999999998 0.45768372477463254 0.51106053980404964 0.48492858677612105 0.02442636782802891
decision_type=2 2 2 2 2 2 2 2 2 2 2 2 2 2
left_child=5 3 13 7 -5 6 9 -2 -4 -1 -9 12 -6 -3
right_child=1 2 8 4 11 -7 -8 10 -10 -11 -12 -13 -14 -15
leaf_value=0.0055884318049251158 0.00058101258898327741 -0.0043519474899388431 0.00014509113934456472 0.0018279624212742232 -0.0010467667407695713 0.0010963963079029032 0.0012557946729514304 0.009744337332324363 -0.0033104165105422817 0.0024802757753381839 0.0023828581524321739 -0.0033122623821047531 0.0059503353590604794 -0.00027327321108764892
leaf_weight=1671.7570601403713 3126.2336546331644 2869.5632658600807 1417.7278920412064 944.63460321724415 4440.4116678982973 1862.4688772857189 1073.2445176690817 129.22715902328491 695.58202728629112 894.19077523052692 421.18712389469147 1042.6992073208094 134.74427519738674 334.00447990000248
leaf_count=6697 12506 11489 5672 3779 17763 7452 4297 517 2783 3580 1685 4171 539 1337
internal_value=-5.3484e-05 -0.00103648 -0.00276507 -0.000137967 -0.000846007 0.00272438 0.0035549 0.00112525 -0.000997396 0.00451222 0.00418336 -0.00129686 -0.000834422 -0.00392779
internal_weight=21057.7 15556 5316.88 10239.1 6562.49 5501.66 3639.19 3676.65 2113.31 2565.95 550.414 5617.86 4575.16 3203.57
internal_count=84267 62241 21281 40960 26252 22026 14574 14708 8455 10277 2202 22473 18302 12826
is_linear=0
shrinkage=0.02


Tree=17
num_leaves=15
num_cat=0
split_feature=33 33 41 22 21 43 37 14 43 3 14 20 29 11
split_gain=138.045 58.6227 37.5839 23.5261 22.3177 19.445 17.1727 15.5306 15.3798 14.4027 13.7144 13.4851 14.5794 13.4847
threshold=56.275215018153965 34.213231642141153 0.58211145629415195 0.19915067078541324 0.21605482165856046 0.31189828800858238 1.8754813431839084 0.0034545960303073594 0.037973971682555271 0.00015871425612667752 0.002407443608067853 -0.56785941721102218 3.4977673452735805 0.020637156854143312
decision_type=2 2 2 2 2 2 2 2 2 2 2 2 2 2
left_child=1 5 4 8 7 11 -6 -2 9 10 -3 12 -1 -4
right_child=2 3 13 -5 6 -7 -8 -9 -10 -11 -12 -13 -14 -15
leaf_value=0.004826925857171753 -0.0031877968869338264 0.00010996760339582823 -0.0047187295008132551 -0.00038094877130981142 -0.0018619035060820938 -0.0048374559189774324 0.001315093579424501 0.0014440457954786284 -0.0001564120507766547 0.0037297689770499232 0.0041883269066905022 0.0027859581803307593 0.012662306511634252 0.00051796313177558976
leaf_weight=1169.564932346344 2147.933207437396 1381.770749270916 2112.3406308442354 5451.4652878493071 1135.762411609292 100.72433273494244 1681.968422472477 331.60501569509506 1482.0827398747206 1513.1465944349766 428.3298671990633 1777.442481353879 101.25812239944935 215.80428324639797
leaf_count=4687 8597 5529 8457 21808 4544 403 6729 1327 5929 6055 1714 7116 406 864
internal_value=2.98827e-05 0.00125182 -0.00211775 0.000518285 -0.00118487 0.00363647 3.34895e-05 -0.00256669 0.00153777 0.00229243 0.00108392 0.00392394 0.00549842 -0.00423325
internal_weight=21031.2 13405.8 7625.41 10256.8 5297.27 3148.99 2817.73 2479.54 4805.33 3323.25 1810.1 3048.27 1270.82 2328.14
internal_count=84165 53647 30518 41035 21197 12612 11273 9924 19227 13298 7243 12209 5093 9321
is_linear=0
shrinkage=0.02


Tree=18
num_leaves=15
num_cat=0
split_feature=26 26 24 1 48 48 24 34 12 47 21 13 40 41
split_gain=140.336 51.7603 28.5351 23.4125 27.3401 20.2454 20.0502 18.7164 18.3486 23.8879 17.5649 16.8614 16.2436 17.5319
threshold=-0.26018187443662338 0.70027527560664959 0.42454584510446852 0.00012781173096695119 -0.60785761079279388 -0.8783796973249266 0.19772932515130681 45.044143313541092 -0.00446177233919051 0.99465189230620699 0.21605482165856046 0.002475817705222668 1.205947706521147 0.5976250844554466
decision_type=2 2 2 2 2 2 2 2 2 2 2 2 2 2
left_child=2 8 3 4 -1 -3 -7 -6 10 11 -2 -10 13 -12
right_child=1 5 -4 -5 7 6 -8 -9 9 -11 12 -13 -14 -15
leaf_value=0.0071247262352356969 -0.0008385679981141687 -0.0076352003813266577 0.00046630016051914236 0.0011199034190476629 0.0042055962435921081 0.0035213690872831407 -0.0032548028256974538 0.00027509297096498284 -0.0014566694764126353 -0.0075567409414905185 0.0035729221307293883 0.0011232842199505966 -0.0023737044263855427 -0.0022362238158266348
leaf_weight=869.24629807472229 1831.8429663181305 396.72241465747356 2512.1493554860353 1569.5427121669054 1490.4635368138552 182.22752875089645 2807.4697411805391 718.0068701505661 5308.6645479947329 222.710987880826 1364.3440484553576 1248.1058412343264 295.97017899155617 241.47990648448467
leaf_count=3482 7328 1589 10051 6283 5972 729 11243 2874 21237 891 5458 4993 1184 966
internal_value=-8.89994e-05 -0.00126065 0.00218498 0.00311253 0.00412525 -0.00340918 -0.00283659 0.00293124 -0.000567285 -0.00118703 0.000558129 -0.000965084 0.00190213 0.00269513
internal_weight=21058.9 13899.5 7159.41 4647.26 3077.72 3386.42 2989.7 2208.47 10513.1 6779.48 3733.64 6556.77 1901.79 1605.82
internal_count=84280 55618 28662 18611 12328 13561 11972 8846 42057 27121 14936 26230 7608 6424
is_linear=0
shrinkage=0.02


Tree=19
num_leaves=15
num_cat=0
split_feature=33 24 26 12 40 5 40 19 41 41 46 42 40 12
split_gain=143.207 43.7829 43.1601 22.5567 26.9828 22.2686 21.6225 18.7294 14.7699 14.7535 14.6843 12.4862 13.5978 12.2131
threshold=56.275215018153965 0.58314506410993894 -0.57209958043771747 -0.0054585421236746567 0.97689551290928656 -0.00056102045783832863 1.4156624164298648 -0.60823941280338134 0.58864066454180597 0.37887961732717695 0.72947329433276253 0.48424418823569287 2.9707152654312119 -0.0021929864585314169
decision_type=2 2 2 2 2 2 2 2 2 2 2 2 2 2
left_child=2 11 6 4 -4 -6 9 10 -3 -1 -5 -2 13 -13
right_child=1 8 3 7 5 -7 -8 -9 -10 -11 -12 12 -14 -15
leaf_value=0.0057735476599713896 0.0017708095240398759 -0.0026276201613875155 0.0028838339997214702 0.0043345609570242891 -0.003778484593831748 0.0018470328935893949 0.00076937811854604476 -0.0007824701190332602 -0.0049819334593250034 0.0027401674542343909 -0.002742307408291355 0.00081082832713665065 0.005010467054669919 -0.0025288796433749518
leaf_weight=1016.1282916814089 778.39200285077095 2902.62465518713 2348.0826949775219 520.84905472397804 542.16918316483498 575.1627551317215 1353.8402904421091 5118.7901327759027 1705.4856291264296 1778.9284850955009 147.20769549906254 616.39936424791813 129.47609171271324 1491.4344651848078
leaf_count=4072 3114 11619 9394 2084 2169 2301 5422 20477 6831 7125 589 2466 518 5967
internal_value=-9.07804e-05 -0.00227835 0.00115409 0.000393499 0.00166839 -0.000887341 0.00284775 -0.000370743 -0.00350342 0.00385128 0.00276637 -0.00040369 -0.00116249 -0.00155263
internal_weight=21025 7623.81 13401.2 9252.26 3465.41 1117.33 4148.9 5786.85 4608.11 2795.06 668.057 3015.7 2237.31 2107.83
internal_count=84148 30515 53633 37014 13864 4470 16619 23150 18450 11197 2673 12065 8951 8433
is_linear=0
shrinkage=0.02


Tree=20
num_leaves=15
num_cat=0
split_feature=45 24 45 25 21 17 47 15 24 43 43 19 24 49
split_gain=121.429 50.8023 33.2843 24.5728 17.0173 17.2098 16.8538 14.0735 14.0665 12.2808 11.9028 15.5733 14.046 11.756
threshold=-0.37969941873171303 0.19772932515130681 1.0313663932066253 -1.4999999999999998 0.21135415473229233 1.303208413107533 0.55557023301960218 0.0035734838172909434 0.4587897957184861 0.0038776045282593254 0.066153543256391903 -0.17423249913708269 0.69606028551337606 0.81174490092936691
decision_type=2 2 2 2 2 2 2 2 2 2 2 2 2 2
left_child=3 -2 7 10 -4 8 -7 -3 -6 -10 12 -12 -1 -11
right_child=1 2 4 -5 5 6 -8 -9 9 13 11 -13 -14 -15
leaf_value=0.0041065732510773409 0.0014507805364310815 -0.0011859748329889452 -0.0043835626330185704 0.0011254305943954504 0.00029919501260164112 0.0046422690417531175 -0.0045338836178321993 0.0016486513543900313 -0.00060379457394062013 -0.0063975534243866563 -0.0044495144260567002 0.0062575357743404857 -0.0031316949862656251 0.00075032546117293885
leaf_weight=2674.4845888316631 2512.916203469038 6153.3236585408449 2118.0655547082424 4526.9642933756113 433.13845433294773 272.88944783806801 107.93832470476627 786.12512767314911 306.86010454595089 632.37426044046879 156.56587921082973 76.9456837028265 108.21654380857944 106.41922426223755
leaf_count=10716 10054 24618 8485 18116 1733 1092 432 3145 1228 2532 627 308 433 426
internal_value=2.94118e-05 -0.00111099 -0.00170106 0.0020592 -0.00315863 -0.00175546 0.00201641 -0.000863903 -0.00273033 -0.0039807 0.0034565 -0.000864158 0.00381997 -0.00536982
internal_weight=20973.2 13430.1 10917.1 7543.18 3977.69 1859.62 380.828 6939.45 1478.79 1045.65 3016.21 233.512 2782.7 738.793
internal_count=83945 53745 43691 30200 15928 7443 1524 27763 5919 4186 12084 935 11149 2958
is_linear=0
shrinkage=0.02


Tree=21
num_leaves=15
num_cat=0
split_feature=26 26 22 12 47 48 44 45 22 13 6 10 4 37
split_gain=126.806 46.4368 19.2025 19.0583 23.297 16.4777 16.1879 15.5298 14.6903 16.2285 14.5484 13.7251 13.6809 13.334
threshold=-0.27578092349030608 0.70027527560664959 0.17919526131494776 -0.00446177233919051 0.99465189230620699 -0.60785761079279388 -0.35510141763667785 1.2720627298618215 0.24973105394223144 0.0030017218839161392 0.00067558565271762943 -0.0094090673814833433 0.0019616330003787512 11.043111575065739
decision_type=2 2 2 2 2 2 2 2 2 2 2 2 2 2
left_child=2 3 13 -2 8 7 -7 -3 10 -10 11 -5 -12 -1
right_child=1 5 -4 4 -6 6 -8 -9 9 -11 12 -13 -14 -15
leaf_value=0.0030280395561322775 0.00081497069719152233 -0.0010573925623490348 0.0014138981334777076 -0.0082593418506774399 -0.0072217713329955713 -0.0049939849497308625 -0.001206633461554772 -0.0068470689245568126 -0.0022429597503794475 0.002305358731183997 -0.0025358952559582076 0.0013208228366227131 0.0033821428808228967 0.0071027713343808979
leaf_weight=2647.5267085134983 3807.9864608347416 257.38741178810596 3974.5158197879791 56.494004145264626 223.93685528635979 594.71106040477753 1846.8531876206398 676.28204980492592 2769.8076062351465 349.71665352582932 1017.1228711009026 2276.4228059947491 179.9764454215765 365.3636167049408
leaf_count=10606 15234 1031 15910 226 896 2383 7397 2710 11081 1399 4069 9107 720 1464
internal_value=0.000128494 -0.000966064 0.00232955 -0.000319359 -0.000947926 -0.00300917 -0.00213747 -0.00526515 -0.000731374 -0.00173019 0.000152496 0.00107166 -0.00163579 0.00353312
internal_weight=21044.1 14056.7 6987.41 10681.5 6873.48 3375.23 2441.56 933.669 6649.54 3119.52 3530.02 2332.92 1197.1 3012.89
internal_count=84233 56253 27980 42732 27498 13521 9780 3741 26602 12480 14122 9333 4789 12070
is_linear=0
shrinkage=0.02


Tree=22
num_leaves=15
num_cat=0
split_feature=45 24 45 38 24 25 41 12 17 39 39 5 7 39
split_gain=112.021 56.4482 35.3321 26.3981 22.0133 21.487 14.943 14.8025 17.3904 14.2224 13.606 13.4179 12.869 17.805
threshold=-0.7011551918877339 0.63355772066797089 1.0313663932066253 3.9445386238108155 0.08002401193313563 -1.4999999999999998 0.60111144399811856 -0.0033692762651134373 1.9518959776425298 -0.73737614477199076 -0.97855141596292794 0.00038232915762767056 0.00036622600658981158 3.9632472461123642
decision_type=2 2 2 2 2 2 2 2 2 2 2 2 2 2
left_child=5 3 7 -2 11 6 12 -3 -9 -4 -6 -5 13 -1
right_child=1 2 9 4 10 -7 -8 8 -10 -11 -12 -13 -14 -15
leaf_value=0.0034405814876866153 0.0020983672105144352 0.00031829961792252242 -0.0084906255985755692 1.3903062997129532e-05 -0.0061150650237901385 0.0013252904721962717 -0.00585474248593455 -0.0022579944302728505 0.0091224490895562213 -0.0035246551360213299 -0.00079364917761407818 0.0043754381151290172 0.0060355303700497191 -0.0064428231978423131
leaf_weight=1507.8715568780899 2249.8306791335344 1779.9550642520189 254.6840563416481 595.06531667709351 195.47467404603958 3150.686843380332 58.194162636995316 2644.4245254695415 49.986224338412285 2357.2735413759947 4754.5912985056639 531.58047764003277 853.18937489390373 72.099301159381866
leaf_count=6044 9002 7121 1020 2381 782 12611 233 10581 200 9446 19023 2127 3420 289
internal_value=1.61814e-05 -0.000866494 -0.00217783 0.00025016 -0.000435279 0.0024261 0.00381279 -0.00109672 -0.00203036 -0.00402417 -0.00100975 0.00208203 0.00405554 0.00297067
internal_weight=21054.9 15412.9 7086.32 8326.54 6076.71 5642.04 2491.35 4474.37 2694.41 2611.96 4950.07 1126.65 2433.16 1579.97
internal_count=84280 61683 28368 33315 24313 22597 9986 17902 10781 10466 19805 4508 9753 6333
is_linear=0
shrinkage=0.02


Tree=23
num_leaves=15
num_cat=0
split_feature=26 26 24 41 22 41 6 42 10 43 21 37 16 44
split_gain=123.473 51.7869 25.6037 20.3985 24.0355 20.3949 19.8775 16.4716 14.5681 13.8024 13.1629 18.0734 14.9406 13.1489
threshold=-0.42004136529490921 0.67671360886674214 0.72586851435324284 0.5700825721777506 0.19915067078541324 0.37887961732717695 -0.00047866196019458461 0.55281448453104731 5.164736895091681e-05 0.31189828800858238 0.10587378390558477 1.6718362387871333 0.0016425961905008008 -0.4459794472826098
decision_type=2 2 2 2 2 2 2 2 2 2 2 2 2 2
left_child=5 3 7 4 6 -1 -2 13 -6 -7 -8 -12 -13 -3
right_child=1 2 -4 -5 8 9 10 -9 -10 -11 11 12 -14 -15
leaf_value=0.0044983842658891295 0.0032686844427557201 -0.0046742239307030128 -0.0044787645206394696 -0.0017967488817606995 0.0004946801562354284 0.0020526214991737303 0.0028500957882590544 -0.0049564611075744603 -0.0015927006578559271 -0.0041004211665709956 -0.0053018148208198558 -0.0026254878763045668 0.0015432220448892984 0.0010083423520561604
leaf_weight=1602.378744572401 1412.3611938208342 189.82882069051266 2027.4319432675838 2679.9554805606604 2375.5569636672735 3732.8462574034929 606.37014734745026 328.71311834454536 3049.7693123668432 147.21561199426651 266.46620170772076 489.42481860518456 1124.7721912711859 988.19379767775536
leaf_count=6423 5651 760 8129 10722 9503 14951 2426 1316 12201 589 1066 1958 4500 3955
internal_value=2.29431e-05 -0.000887582 -0.00301371 -0.000260658 0.000181546 0.0026021 0.00137832 -0.00103406 -0.000679097 0.00181419 0.00030039 -0.000527072 0.000275064 7.67575e-05
internal_weight=21021.3 15538.8 3534.17 12004.7 9324.72 5482.44 3899.39 1506.74 5425.33 3880.06 2487.03 1880.66 1614.2 1178.02
internal_count=84150 62187 14160 48027 37305 21963 15601 6031 21704 15540 9950 7524 6458 4715
is_linear=0
shrinkage=0.02


Tree=24
num_leaves=15
num_cat=0
split_feature=26 41 24 45 26 22 7 2 45 16 43 40 11 23
split_gain=116.507 44.2423 23.0674 20.7618 16.8651 16.0848 16.3184 15.7905 15.7399 15.42 13.2345 12.1219 11.4203 11.3875
threshold=-0.26781493186022914 0.5700825721777506 0.42454584510446852 1.1483710621908336 0.70027527560664959 0.21303559712768635 0.0059779092736181932 0.0031991980290101128 -1.1292988330557499 0.0012796823482285901 0.21451461387118348 3.7300825207928319 0.02442636782802891 0.64173382586199457
decision_type=2 2 2 2 2 2 2 2 2 2 2 2 2 2
left_child=2 3 8 5 12 -2 -7 9 10 -4 -1 -5 -3 -6
right_child=1 4 7 11 13 6 -8 -9 -10 -11 -12 -13 -14 -15
leaf_value=0.0044230612970187159 0.0012635139581456387 -0.0019719689433192302 -0.0029992496703312838 -0.0021615276905521627 -0.010550547293265352 -0.0007655181430502294 0.0093373680039723645 -0.0093828569492744561 0.0018068497114503053 0.0014850979703721063 -0.0043955975204833918 0.0054349215907155022 0.0062630626874564778 -0.0038999367370550556
leaf_weight=2189.4153583496809 3317.7090304344893 2475.4200772941113 355.36243939399719 2361.8561065793037 108.23832860589027 4053.1252049952745 59.993546828627586 57.23242761194706 2337.8937143683434 2063.189438700676 66.429997086524963 82.451973989605904 64.479489952325821 1467.7274211198092
leaf_count=8781 13274 9904 1422 9457 434 16215 240 229 9361 8256 266 330 258 5885
internal_value=3.30148e-05 -0.00102433 0.00212481 -0.000297783 -0.00276506 0.000228433 -0.000607 0.00056705 0.00296284 0.000821376 0.00415422 -0.00189471 -0.00175101 -0.00438863
internal_weight=21060.5 13991 7069.52 9875.14 4115.87 7430.83 4113.12 2475.78 4593.74 2418.55 2255.85 2444.31 2539.9 1575.97
internal_count=84312 55997 28315 39516 16481 29729 16455 9907 18408 9678 9047 9787 10162 6319
is_linear=0
shrinkage=0.02


Tree=25
num_leaves=15
num_cat=0
split_feature=33 26 21 12 40 25 0 43 8 33 1 20 43 17
split_gain=108.256 46.1676 24.4388 23.5088 25.7395 17.735 17.5379 17.0955 15.4827 15.091 14.3738 13.7413 14.4989 14.1291
threshold=56.594106400930876 -0.57209958043771747 0.27224531161902615 -0.0054585421236746567 0.9900088095033478 4.5000000000000009 -0.0012630583377764564 0.31189828800858238 0.0045003136898563749 74.563660651420136 -0.0016219576495263663 -0.53529730735968339 -0.065098334682103146 1.4781268227024669
decision_type=2 2 2 2 2 2 2 2 2 2 2 2 2 2
left_child=1 7 5 4 -3 9 -5 11 -6 -2 -9 12 -1 -13
right_child=2 3 -4 6 8 -7 -8 10 -10 -11 -12 13 -14 -15
leaf_value=0.0050143586574740327 -0.0020563623668479981 0.0027694063501136025 -0.00054507090091619097 0.0019481378884089132 -1.221887775227914e-05 -0.0080763539654144338 -0.00094512984879622423 0.0025964248086361497 -0.0071237607974151676 -0.0055240052900267893 -0.011251791018410211 0.0026595190204655411 0.00065697164865600804 -0.0017251015656068209
leaf_weight=1668.7726656645536 3530.7459741234779 2412.5521737337112 3087.4789440184832 1005.6029542833567 978.27584287524223 243.10012231767178 4906.7840908169746 54.485027343034744 134.98059488832951 583.76062367856503 57.738599732518196 1633.0534559339285 375.65233638882637 354.62909464538097
leaf_count=6695 14140 9653 12355 4024 3914 975 19630 218 540 2342 231 6542 1506 1420
internal_value=2.98386e-05 0.00109218 -0.00190769 0.000319013 0.00161039 -0.00287141 -0.000451801 0.00285047 -0.000902479 -0.00255445 -0.00470445 0.00306631 0.00421727 0.00187488
internal_weight=21027.6 13582.5 7445.09 9438.2 3525.81 4357.61 5912.39 4144.33 1113.26 4114.51 112.224 4032.11 2044.43 1987.68
internal_count=84185 54373 29812 37761 14107 17457 23654 16612 4454 16482 449 16163 8201 7962
is_linear=0
shrinkage=0.02


Tree=26
num_leaves=15
num_cat=0
split_feature=45 24 1 26 24 20 43 32 37 47 7 49 4 29
split_gain=91.4146 41.3769 28.2974 26.3476 19.0775 18.4719 17.0222 14.6537 13.7264 12.4033 11.8533 11.831 11.7339 11.6466
threshold=-0.39305757902860672 0.19772932515130681 7.9847903214290262e-05 0.70027527560664959 0.78658899101968605 -0.53529730735968339 0.066153543256391903 0.59311391621534248 0.87258336007201487 -0.63405362205439475 -0.0022487721061174152 1.0000000180025095e-35 -0.00054408748562833861 -0.6384014939726711
decision_type=2 2 2 2 2 2 2 2 2 2 2 2 2 2
left_child=2 9 5 8 -4 6 10 -5 -3 -2 -1 -7 -6 -11
right_child=1 3 4 7 12 11 -8 -9 -10 13 -12 -13 -14 -15
leaf_value=3.7586628340560994e-05 0.0037299161466817633 -0.0052237216514557485 0.00071237665697997013 -0.0032076898421042762 -0.0083115480118595691 0.0029011114626798212 -0.0051392597206618099 0.0059293503988653521 -0.0006840595296857821 0.0025758276556827292 0.0056034358040257031 0.00054538241316929854 -0.00030619497653374431 -0.00067628583499899019
leaf_weight=173.46260958909988 653.00209841132164 271.32882332801819 2195.6300289779902 3105.258210554719 157.23191283643246 1937.7719721794128 66.140217632055283 67.396181583404541 7562.710087582469 697.15830570459366 1299.9989159852266 1524.9160984605551 134.23541942238808 1177.928578004241
leaf_count=696 2613 1086 8791 12449 629 7758 265 270 30257 2790 5217 6105 537 4713
internal_value=4.26091e-05 -0.000938329 0.0018148 -0.00146823 7.08824e-05 0.00268092 0.00450186 -0.00300457 -0.000844521 0.00136708 0.00495054 0.00186597 -0.00469202 0.000536486
internal_weight=21024.2 13534.8 7489.39 11006.7 2487.1 5002.29 1539.6 3172.65 7834.04 2528.09 1473.46 3462.69 291.467 1875.09
internal_count=84176 54178 29998 44062 9957 20041 6178 12719 31343 10116 5913 13863 1166 7503
is_linear=0
shrinkage=0.02


Tree=27
num_leaves=15
num_cat=0
split_feature=33 33 12 20 40 33 22 30 11 22 0 5 23 29
split_gain=84.4029 39.086 22.8412 22.7316 19.6939 16.8956 16.4631 13.33 12.9357 12.5187 12.0935 11.5683 17.655 11.6791
threshold=56.594106400930876 34.213231642141153 -0.0021929864585314169 0.36255188089568552 0.99644520492075694 65.90921975316563 0.34459234364578378 0.51623817102658009 -0.0032919036720155496 0.51605671796458108 -0.002001346839843592 -0.0013742669282261757 0.91273030362301311 -4.8483034190462151
decision_type=2 2 2 2 2 2 2 2 2 2 2 2 2 2
left_child=1 8 4 6 -3 -5 -2 -4 -1 -10 -9 13 -13 -6
right_child=3 2 7 5 11 -7 -8 10 9 -11 -12 12 -14 -15
leaf_value=0.0019903488051205153 0.00055752573174915954 0.0021601190453985671 -0.00098077062034353907 -0.0014876648295668506 0.0014474468097531326 -0.0041491158176812128 -0.0021309004222165905 0.0056755450791830843 0.0058526791977715513 -0.00093897044785911591 0.00028465130892753196 -0.0026498296322414456 0.0029235068244382466 -0.0054031797308551769
leaf_weight=2302.3333715647459 1980.5285207480192 3201.2958206981421 4980.4300340414047 1833.4861583411694 141.96455202996731 2003.8952768146992 1679.8538949787617 222.51960012316704 737.82349613308907 125.6530746370554 622.32183384895325 386.13855586946011 538.25364646315575 314.65559393167496
leaf_count=9231 7924 12811 19929 7341 568 8037 6725 891 2961 503 2490 1545 2154 1259
internal_value=-0.000104034 0.000836685 0.000244282 -0.00180646 0.00129996 -0.00288108 -0.000677493 -0.000586542 0.00278075 0.00486464 0.00172958 -0.000694567 0.000593673 -0.00328069
internal_weight=21071.2 13573.4 10407.6 7497.76 4582.31 3837.38 3660.38 5825.27 3165.81 863.477 844.841 1381.01 924.392 456.62
internal_count=84369 54342 41647 30027 18337 15378 14649 23310 12695 3464 3381 5526 3699 1827
is_linear=0
shrinkage=0.02


Tree=28
num_leaves=15
num_cat=0
split_feature=33 26 21 29 20 46 20 13 21 40 26 28 16 41
split_gain=88.8231 38.3772 32.5056 16.8459 15.5989 15.0393 14.8295 14.5526 13.9819 13.5853 13.9697 13.113 13.0038 12.2232
threshold=56.594106400930876 -0.78385339992657055 0.28549645297761927 3.3308655150287727 -0.73979829570062428 -0.35206144883412549 -0.58823480052434018 0.0058744107500949697 0.4117134551099047 3.7300825207928319 1.0155443484029161 1.7975949603854662 0.0015626222758237723 0.60314916363069326
decision_type=2 2 2 2 2 2 2 2 2 2 2 2 2 2
left_child=1 3 4 -1 -2 8 -5 -6 -3 10 -4 -10 -7 -14
right_child=2 5 9 6 7 12 -8 -9 11 -11 -12 -13 13 -15
leaf_value=0.0025713254337521997 0.002155352933114192 0.00073204071203427539 0.00032331081312683002 0.011985256858568652 -0.00326455698465174 -0.0017130651236184605 0.0021194043129268854 0.0044262983328169966 0.0040597987078665101 0.0081990652426517218 -0.0033131547937229893 -0.005372110553539762 0.00069043105061477 -0.0024303765791803692
leaf_weight=2499.2729844003916 236.46865656971931 3098.7879768162966 2356.1937898844481 146.49888598918915 4179.7397762089968 1605.6360688060522 106.21707817912102 96.625889077782631 920.81976246833801 71.732159182429314 509.72590246796608 58.739737719297409 4557.2069885730743 559.15687507390976
leaf_count=10026 946 12400 9428 589 16751 6425 426 387 3685 287 2041 235 18237 2237
internal_value=9.27575e-06 0.00097355 -0.0017442 0.00307973 -0.0028091 0.000435708 0.00796019 -0.00308581 0.00139305 -0.000106311 -0.000328106 0.0034698 -0.000145733 0.000347325
internal_weight=21002.8 13552.3 7450.49 2751.99 4512.83 10800.3 252.716 4276.37 4078.35 2937.65 2865.92 979.56 6722 5116.36
internal_count=84100 54260 29840 11041 18084 43219 1015 17138 16320 11756 11469 3920 26899 20474
is_linear=0
shrinkage=0.02


Tree=29
num_leaves=15
num_cat=0
split_feature=24 26 26 45 48 29 47 17 16 47 40 21 21 21
split_gain=101.642 52.6067 29.941 22.1208 17.8113 16.6734 28.9435 14.5288 13.8413 12.5568 11.3637 11.1578 13.5212 10.9793
threshold=0.31965967391310696 0.68827834140253363 -0.78385339992657055 -0.59918600496024765 -0.60785761079279388 -0.05478297968240077 0.35206144883412571 1.5204996957917987 0.0028680803841215517 0.41248606129204557 0.86584383350541072 0.4551369488191182 0.62034092353314874 0.28549645297761927
decision_type=2 2 2 2 2 2 2 2 2 2 2 2 2 2
left_child=2 3 -1 7 -3 10 8 11 -7 13 -4 -2 -13 -6
right_child=1 4 5 -5 9 6 -8 -9 -10 -11 -12 12 -14 -15
leaf_value=0.0040995030566220005 0.00097483012614911621 -0.0058772666288754117 0.0033108628573650569 -0.0010545076756923531 -0.002560478285673024 0.00091680677094892876 -0.002178442259794243 -0.0024610467113729702 0.0054324277906781871 -0.0047434749496013508 0.00037435356301241589 0.006446907035481138 -0.0037902879935539859 0.0011174070318449875
leaf_weight=1725.7099837213755 2396.1818948835135 853.3103856742382 1597.2837251871824 7399.7889453619719 1090.0352304279804 1543.000107884407 1283.8565248697996 430.22060167789459 325.33448554575443 673.40636232495308 787.65198837220669 299.50309331715107 58.678813502192497 458.11387921869755
leaf_count=6931 9592 3424 6394 29607 4374 6175 5138 1722 1302 2701 3153 1199 235 1834
internal_value=-0.000108143 -0.00112453 0.00180284 -0.000454892 -0.0034251 0.00108401 0.000128607 0.000937861 0.00171552 -0.00247213 0.00234386 0.00147225 0.00474072 -0.00147206
internal_weight=20922.1 13659.2 7262.84 10584.4 3074.87 5537.13 3152.19 3184.58 1868.33 2221.56 2384.94 2754.36 358.182 1548.15
internal_count=83781 54688 29093 42355 12333 22162 12615 12748 7477 8909 9547 11026 1434 6208
is_linear=0
shrinkage=0.02


Tree=30
num_leaves=15
num_cat=0
split_feature=26 41 38 41 1 35 47 40 24 28 45 3 0 2
split_gain=83.1107 36.4412 24.6777 20.7535 19.9616 13.3241 12.946 12.9245 13.1423 12.7588 11.9972 13.3322 12.0479 15.0147
threshold=-0.26781493186022914 0.5700825721777506 4.5058631747822346 0.37887961732717695 9.6654027694494796e-05 0.52040680511968673 0.84874750804349197 3.7300825207928319 0.40179503861385074 0.92245747291838731 2.2101263078162243 0.0010141393647455099 -0.00061090110656039068 0.0010141393647455099
decision_type=2 2 2 2 2 2 2 2 2 2 2 2 2 2
left_child=3 2 -2 -1 10 -3 7 8 -6 -8 11 -4 -13 -14
right_child=1 5 4 -5 6 -7 9 -9 -10 -11 -12 12 13 -15
leaf_value=0.0035877945271697333 0.0012823007216411953 -0.0013663601132266018 -0.00036625050543220953 0.0011552695542951499 -3.5711796829068295e-05 -0.0036549580877432938 -0.00036868497658489263 0.0076563922149495986 -0.0026320512130878055 -0.0064205168957419817 -0.0067865921447450434 0.0061528325797804437 0.0031723114072348853 -0.0031050866483314254
leaf_weight=1934.5517881512642 3144.3169994205236 2224.9052963405848 1832.0409031957388 5102.7313384860754 1414.8868697136641 1885.5984115004539 208.66968555748463 58.462519511580467 1732.879209458828 418.34083092212677 85.06797157227993 262.42152866721153 463.26087209582329 221.31302134692669
leaf_count=7759 12582 8904 7331 20441 5661 7563 835 234 6940 1675 341 1050 1854 886
internal_value=5.47389e-05 -0.000839018 -0.00017807 0.00182604 -0.000864141 -0.00241937 -0.00180704 -0.00128891 -0.00146693 -0.00442531 0.000398757 0.000630498 0.00255059 0.00113512
internal_weight=20989.4 13952.2 9841.66 7037.28 6697.34 4110.5 3833.24 3206.23 3147.77 627.011 2864.1 2779.04 946.995 684.574
internal_count=84056 55856 39389 28200 26807 16467 15345 12835 12601 2510 11462 11121 3790 2740
is_linear=0
shrinkage=0.02


Tree=31
num_leaves=15
num_cat=0
split_feature=24 33 43 34 11 1 34 40 12 5 37 29 21 4
split_gain=89.5481 46.5636 30.7136 22.2706 15.0218 15.0807 14.4917 14.1223 13.5378 12.5704 19.7051 16.6517 13.3553 11.7519
threshold=0.36437789302971668 65.90921975316563 -0.071545130200878604 42.456306712922569 0.020637156854143312 0.00070933302966974109 46.351048707488836 0.39549585014442012 0.013693823826417631 -0.001877135235953741 7.9980427361196034 -0.68700050980622718 0.16095107808077333 0.00019276278561345585
decision_type=2 2 2 2 2 2 2 2 2 2 2 2 2 2
left_child=2 3 6 9 5 13 7 -1 -8 11 -11 -2 -12 -3
right_child=1 4 -4 -5 -6 -7 8 -9 -10 10 12 -13 -14 -15
leaf_value=0.010551376981806779 -0.0028852194181035453 -2.6240568087079625e-05 0.00029757906487857649 -0.00094751406814461245 -0.00020232660561525967 -0.0056379876822699416 0.002660391594242425 0.0035168508453376946 -0.00079385476226079103 0.00022926329267132612 0.0016586789321836207 0.0056931843109967106 0.0069572692560714725 -0.0040879244333630795
leaf_weight=117.61558304727077 470.9703530818224 487.74801766872406 3768.7967691123486 7810.3372157216072 502.71415928006172 1153.2292359620333 1456.4888508319855 2048.3422967493534 655.46830262243748 967.55703566968441 358.73461103439331 106.92962685227394 410.19482958316803 680.50336879491806
leaf_count=472 1885 1957 15088 31256 2015 4627 5830 8222 2624 3873 1436 428 1642 2730
internal_value=-4.15422e-05 -0.00107105 0.0016148 -0.000436959 -0.00333947 -0.00401692 0.00277355 0.00392226 0.00158899 0.00128434 0.00213318 -0.00126273 0.00451196 -0.0023995
internal_weight=20995.6 12948.9 8046.71 10124.7 2824.19 2321.48 4277.92 2165.96 2111.96 2314.39 1736.49 577.9 768.929 1168.25
internal_count=84085 51849 32236 40520 11329 9314 17148 8694 8454 9264 6951 2313 3078 4687
is_linear=0
shrinkage=0.02


Tree=32
num_leaves=15
num_cat=0
split_feature=24 45 34 41 7 24 11 6 36 11 38 22 29 6
split_gain=91.8951 43.2254 37.2364 17.1943 13.4804 13.4113 12.9479 11.9475 11.7164 11.7047 11.3396 13.529 17.4381 11.2737
threshold=0.42454584510446852 1.0313663932066253 44.44707579559347 0.57464075435484085 0.0059779092736181932 0.19772932515130681 -0.0021312215385253931 -0.0012428792928168601 0.030123293796446734 0.020637156854143312 9.7575619192384888 0.51106053980404964 5.2996646268884282 0.0031991980290101128
decision_type=2 2 2 2 2 2 2 2 2 2 2 2 2 2
left_child=2 3 6 4 7 -4 -1 -2 13 -3 -9 -12 -13 -5
right_child=1 9 5 8 -6 -7 -8 10 -10 -11 11 12 -14 -15
leaf_value=0.0026062279034184265 0.0015758962258934288 -0.0035225434204297491 0.0014568094068072386 -0.0017864426259659447 0.0083803944059679322 -0.0004666454406198542 0.0058097444682055814 1.1384753538797479e-05 -0.0078603065264605792 -9.4517038025335894e-05 -0.00063173858904351141 -0.010196627940394873 -0.00059130950484279651 0.0063860110504341842
leaf_weight=2662.0973284691572 1539.1523731350899 2922.1048064678907 3108.2392085492611 2085.1784724295139 73.732791140675545 2710.5646099150181 625.15083599090576 3795.5594996660948 118.95588971674442 461.5086308568716 537.77754618227482 164.43722152709961 137.68957276642323 64.957563787698746
leaf_count=10679 6159 11722 12443 8346 295 10847 2510 15188 476 1850 2152 658 551 260
internal_value=1.16745e-05 -0.00114521 0.00152345 -0.000384868 0.000156964 0.000561178 0.00322335 5.20642e-05 -0.00187396 -0.00305581 -0.000455059 -0.00255053 -0.00590005 -0.0015253
internal_weight=21007.1 11901.1 9106.05 8517.44 6248.35 5818.8 3287.25 6174.62 2269.09 3383.61 4635.46 839.904 302.127 2150.14
internal_count=84136 47657 36479 34085 25003 23290 13189 24708 9082 13572 18549 3361 1209 8606
is_linear=0
shrinkage=0.02


Tree=33
num_leaves=15
num_cat=0
split_feature=26 41 6 22 10 47 22 40 38 26 21 14 32 43
split_gain=80.0542 31.2588 31.9103 18.8966 16.562 15.917 15.3681 15.227 14.7438 14.6112 13.1605 15.581 12.4552 11.3512
threshold=-0.23783834324512751 0.5700825721777506 -0.0011456571909308831 0.17919526131494776 0.011312798264359483 0.84874750804349197 0.32176208753739022 2.9707152654312119 8.6891826539704144 1.0155443484029161 0.35061251529429854 0.001818646129934302 0.16014618409517625 0.17590618312744652
decision_type=2 2 2 2 2 2 2 2 2 2 2 2 2 2
left_child=3 2 4 -1 6 7 -2 9 -7 13 12 -12 -3 -4
right_child=1 10 5 -5 -6 8 -8 -9 -10 -11 11 -13 -14 -15
leaf_value=0.0030185462275929666 0.0042442337312027381 -0.0019636066722199426 -6.2338990412053434e-05 0.00097292949587319513 -0.0025253060546313868 -0.0015686869532694507 0.00049284873783374673 0.0056000249567276584 -0.0066561481152233046 -0.0036729431243370681 -0.0023749936697998772 0.0025210407695733291 -0.0047038643425337994 -0.008169700070139594
leaf_weight=3153.3979261368513 1094.3908313959837 1998.8465789407492 5449.047812640667 4236.7906003892422 269.49453185498714 1003.8832830488682 727.20703402161598 165.1209688782692 291.74440605938435 514.82528185844421 603.04937756061554 449.26169507205486 999.30071648955345 64.966795191168785
leaf_count=12649 4380 8007 21807 16970 1079 4018 2910 661 1168 2065 2414 1798 4012 260
internal_value=0.000171724 -0.000737013 -0.000113947 0.00184725 0.00206754 -0.000723991 0.00275208 -0.000301375 -0.00273545 -0.000467513 -0.00220882 -0.000282699 -0.00288326 -0.000165176
internal_weight=21021.3 13631.1 9580.68 7390.19 2091.09 7489.59 1821.6 6193.96 1295.63 6028.84 4050.46 1052.31 2998.15 5514.01
internal_count=84198 54579 38348 29619 8369 29979 7290 24793 5186 24132 16231 4212 12019 22067
is_linear=0
shrinkage=0.02


Tree=34
num_leaves=15
num_cat=0
split_feature=24 33 26 1 37 23 47 28 20 49 3 10 22 44
split_gain=71.8615 45.4989 27.6518 20.4043 13.9293 17.1992 13.3161 13.2905 13.4126 12.7283 14.61 11.7269 12.819 11.8803
threshold=0.31156396034570244 65.90921975316563 -0.90310260519605334 -0.00028929635450085822 1.3644023769118514 1.0703453049370601 0.91037613702198772 3.9856358114768855 0.35569089381258223 1.0000000180025095e-35 -0.00046194995556806865 -0.0025468355051721727 0.014437196261962036 0.66660603631229065
decision_type=2 2 2 2 2 2 2 2 2 2 2 2 2 2
left_child=2 3 -1 9 -4 6 -6 -3 -9 11 -11 13 -13 -2
right_child=1 7 4 -5 5 -7 -8 8 -10 10 -12 12 -14 -15
leaf_value=0.0042048343295604884 0.0041933516285543359 -0.0036566792188399257 -0.0024200561492871862 -0.0010773125531224888 0.0011894648675704425 0.0034124870269338376 -0.0019983595582897203 0.0044805907412269266 -0.0022397227679855913 0.001411153207178046 -0.0017842098097929418 0.0045565877739680224 -0.00013567124399072752 -0.00030673449510033613
leaf_weight=1381.763847604394 894.50988575816154 2382.1393964588642 422.38811112940311 5416.4671006053686 3491.3285683095455 1221.8751439899206 611.92032900452614 165.01878742873669 389.33840288221836 971.5784218609333 1378.4076689332724 265.35522751510143 1678.7291130721569 316.61067153513432
leaf_count=5556 3581 9560 1690 21679 13979 4894 2450 661 1563 3889 5517 1062 6718 1268
internal_value=3.83463e-05 -0.000801005 0.00166933 -0.000206287 0.00105664 0.00133442 0.000712209 -0.00300882 -0.000217078 0.000650901 -0.000462927 0.0014799 0.000514839 0.00302052
internal_weight=20987.4 13858.2 7129.28 10921.7 5747.51 5325.12 4103.25 2936.5 554.357 5505.19 2349.99 3155.2 1944.08 1211.12
internal_count=84067 55498 28569 43714 23013 21323 16429 11784 2224 22035 9406 12629 7780 4849
is_linear=0
shrinkage=0.02


Tree=35
num_leaves=15
num_cat=0
split_feature=33 41 33 46 18 41 33 24 38 36 5 42 14 5
split_gain=72.9358 27.4554 24.2254 14.0789 14.3942 13.9005 16.5616 13.5576 13.0076 13.3288 12.6178 11.9761 12.3378 11.6364
threshold=53.433591251058935 0.58864066454180597 35.951863015914093 -0.5277851165098012 0.0037587529683105365 0.37887961732717695 26.371419639839079 0.19772932515130681 7.7299348966429227 0.020915477857260337 0.0012606326049274315 0.46448783665437088 0.0012167209624444262 -0.003671594129633709
decision_type=2 2 2 2 2 2 2 2 2 2 2 2 2 2
left_child=2 7 5 13 -5 6 -1 -2 9 -6 -8 -9 -13 -4
right_child=1 -3 3 4 8 -7 10 11 -10 -11 -12 12 -14 -15
leaf_value=0.00094825362190142481 0.0011979711402407595 -0.0032476260125500083 -0.0029363708640874281 -0.00071632934520438453 0.0055000993906858756 0.0015252706889428763 0.007312674186300298 0.00064778650034358278 -0.0017548795997375567 0.00020432892956642591 -0.00075995432987232593 -0.0037715179363983779 -0.0011191729257150663 0.0019417621447878029
leaf_weight=383.1637649089098 1158.9296759217978 2427.0121994614601 208.41486889123917 4533.0565248131752 436.02305167913437 2689.1311509609222 556.44233836233616 1138.6966182142496 285.34385617077351 334.8365992307663 88.809657081961632 874.34406599402428 3511.862807109952 2412.8194596171379
leaf_count=1541 4637 9735 834 18142 1745 10785 2236 4559 1142 1340 357 3503 14065 9657
internal_value=-8.08195e-05 -0.00142779 0.000948184 0.000341186 -0.000226152 0.00228653 0.00426008 -0.000765038 0.00187107 0.00321593 0.00620429 -0.00117752 -0.00165158 0.00154905
internal_weight=21038.9 9110.85 11928 8210.49 5589.26 3717.55 1028.42 6683.83 1056.2 770.86 645.252 5524.9 4386.21 2621.23
internal_count=84278 36499 47779 32860 22369 14919 4134 26764 4227 3085 2593 22127 17568 10491
is_linear=0
shrinkage=0.02


Tree=36
num_leaves=15
num_cat=0
split_feature=45 41 1 22 19 8 22 0 41 12 16 47 8 10
split_gain=70.009 36.3336 22.7549 22.4283 18.5164 16.4876 16.4481 13.716 12.7943 12.7943 12.403 12.3412 15.2182 12.2618
threshold=-0.37969941873171303 0.58211145629415195 7.9847903214290262e-05 0.25484015286835604 0.38107404175171344 -0.0024297191583881866 0.32447670813040996 -0.003665831477635564 0.33530742062724606 0.0064409636475269904 0.0052142624322871426 -0.63405362205439475 0.0034977906222570217 -0.0038414005280630104
decision_type=2 2 2 2 2 2 2 2 2 2 2 2 2 2
left_child=2 3 6 7 -4 -3 8 -2 -1 -9 -7 12 -11 -10
right_child=1 5 4 -5 -6 10 -8 9 13 11 -12 -13 -14 -15
leaf_value=0.006239173914577718 0.0057167043408451043 0.0057790746400083063 0.00050667632659397296 -0.0012918099342730731 -0.005450406153077696 -0.0031433374123148411 0.0008043005969102764 0.0011895913817147254 0.0038518487158381992 0.0036524996625453207 0.0062420555078238557 -0.0018014251609969551 -0.0036672713602787866 0.0011307736660059709
leaf_weight=462.18584232032299 195.53115472197533 83.973976314067841 2329.3399380296469 4850.1725943088531 224.20609201490879 3092.7511138319969 1870.9053829014301 3120.5980046838522 1482.1868546754122 411.45650987327099 52.886402547359467 1480.3062553554773 151.7207762748003 1204.7725239992142
leaf_count=1859 783 336 9331 19416 897 12401 7492 12493 5948 1647 212 5926 608 4830
internal_value=-2.59266e-05 -0.00089245 0.0015113 -0.000307074 -2.59958e-05 -0.00273967 0.00229252 0.000584434 0.003174 0.000384766 -0.00297589 -0.000844185 0.00166562 0.00263615
internal_weight=21013 13439.4 7573.6 10209.8 2553.55 3229.61 5020.05 5359.61 3149.15 5164.08 3145.64 2043.48 563.177 2686.96
internal_count=84179 53822 30357 40873 10228 12949 20129 21457 12637 20674 12613 8181 2255 10778
is_linear=0
shrinkage=0.02


Tree=37
num_leaves=15
num_cat=0
split_feature=45 24 24 45 35 25 17 1 47 7 26 29 47 21
split_gain=71.0106 34.3697 20.0404 19.5804 17.1784 14.942 14.46 14.2431 13.381 12.9724 11.8891 11.4582 11.3708 12.7028
threshold=-0.36616873379815779 0.19772932515130681 0.70015964878618686 1.0313663932066253 0.82517128953401253 1.5000000000000002 1.2467240243328377 -0.00039852024765964634 -0.63405362205439475 0.0047208148274347885 -0.11056626979761787 -0.19803767727561547 0.95642797789208711 0.28549645297761927
decision_type=2 2 2 2 2 2 2 2 2 2 2 2 2 2
left_child=2 8 7 4 9 10 -5 -1 -2 -3 -4 -10 13 -8
right_child=1 3 5 6 -6 -7 12 -9 11 -11 -12 -13 -14 -15
leaf_value=0.002955689346626213 0.003598504793370115 -0.0010796930683912717 -0.00026239006793331906 -0.0032156073335337875 0.0065396060541882276 -0.0038525745946964784 -0.0014635160800074102 0.0009933597199344175 0.0022084370797360044 0.0044063417601851295 0.0048631085225628997 -0.0010063976085542823 -0.0080686559445826526 0.0036644634920882141
leaf_weight=3044.7437638044357 653.55865859985352 6576.8049508929253 1116.0211253911257 3084.512689948082 120.27680300176144 392.17500212788582 561.5660907626152 2888.2733579427004 732.37285622954369 172.20205686986446 210.97306051850319 1107.8215506225824 65.527527198195457 288.27105963230133
leaf_count=12220 2616 26319 4466 12376 482 1569 2254 11575 2932 689 844 4433 263 1154
internal_value=-8.42994e-05 -0.000963961 0.00145147 -0.00144972 -0.000800993 -0.000448906 -0.00256143 0.00200204 0.00115191 -0.000936558 0.000567687 0.000275581 -0.000351556 0.000287192
internal_weight=21015.1 13362.9 7652.19 10869.2 6869.28 1719.17 3999.88 5933.02 2493.75 6749.01 1326.99 1840.19 915.365 849.837
internal_count=84192 53518 30674 43537 27490 6879 16047 23795 9981 27008 5310 7365 3671 3408
is_linear=0
shrinkage=0.02


Tree=38
num_leaves=15
num_cat=0
split_feature=24 45 1 37 46 41 22 48 43 43 19 7 15 10
split_gain=76.8333 43.323 22.9424 19.978 17.6655 20.1806 17.8248 16.9473 31.0318 15.201 14.1165 12.2412 14.238 11.6545
threshold=0.6242934608341818 -0.91447581186960747 7.9847903214290262e-05 1.2937715762376831 -0.35206144883412549 0.63281100742184859 0.32176208753739022 -0.60785761079279388 0.35319248233222739 0.31189828800858238 0.045660296844326168 0.0016679432504378782 0.0036498364369439863 0.0023390642781821861
decision_type=2 2 2 2 2 2 2 2 2 2 2 2 2 2
left_child=1 9 -2 -3 -5 6 11 8 13 -1 -8 -6 -13 -4
right_child=2 3 7 4 5 -7 10 -9 -10 -11 -12 12 -14 -15
leaf_value=0.0031487537867499588 -0.00047035401628931671 -0.0025093405346808995 -0.0017046510491784805 0.0018763451106373896 0.0004520126389825998 -0.0053075432714602324 -0.0024374040266754928 -0.0017229492360574495 -0.013658385568035811 -0.0060490489907425284 0.0043121483005827159 0.0051638123449109629 -0.0027313874126916821 -0.0064140857200323366
leaf_weight=3398.9315409660339 4771.1768227368593 890.48498816788197 603.09770047664642 2930.6960616260767 2939.7257940620184 273.29571916162968 1190.7131629288197 2779.4949652850628 130.54828079044819 68.961654275655746 133.69439762830734 463.1325511187315 110.1497939825058 322.21247124671936
leaf_count=13649 19105 3565 2416 11731 11768 1094 4765 11143 525 276 535 1854 441 1294
internal_value=5.43387e-05 0.00106189 -0.00139705 0.000324694 0.000639892 -7.02832e-05 0.000230777 -0.00254775 -0.00470066 0.0029574 -0.0017424 0.000976087 0.00363634 -0.00337023
internal_weight=21006.3 12399.8 8606.53 8931.89 8041.41 5110.71 4837.42 3835.35 1055.86 3467.89 1324.41 3513.01 573.282 925.31
internal_count=84161 49678 34483 35753 32188 20457 19363 15378 4235 13925 5300 14063 2295 3710
is_linear=0
shrinkage=0.02


Tree=39
num_leaves=15
num_cat=0
split_feature=26 26 46 12 5 22 42 7 25 22 17 19 31 38
split_gain=62.0453 37.148 23.4606 20.0157 17.1106 16.4915 12.8072 19.9607 12.6909 12.4785 12.9433 12.8883 12.4054 12.2469
threshold=-0.63844597545470771 0.70027527560664959 -0.5277851165098012 0.010972075985015985 3.1617389325355008e-05 0.38304975531775237 0.45273662176837509 -4.5144944419671407e-05 -1.4999999999999998 0.41051211521768488 1.4362909080991924 0.2703791868429703 -0.059899498700222077 5.6186889594678009
decision_type=2 2 2 2 2 2 2 2 2 2 2 2 2 2
left_child=5 2 4 -4 6 8 7 -2 -1 11 -11 12 -3 -5
right_child=1 9 3 13 -6 -7 -8 -9 -10 10 -12 -13 -14 -15
leaf_value=0.0042199023272075824 0.0067223137347465212 -0.0072755851440270041 -5.3309591648488313e-05 0.0034491233085806434 0.0023797332792876349 5.2598395776965388e-06 -0.00088462460071885962 -0.0015993158860693329 0.0014165429256234681 -0.006616486096667225 0.00090258108112862244 -0.0025285492937494203 0.0019231011184488828 -0.0024360808411913936
leaf_weight=1664.0450228303671 242.87022197246552 61.433655560016632 6864.7825232297182 145.67723466455936 2216.4721769988537 897.15083859860897 1751.3342607021332 212.62506505846977 1065.4298510849476 450.03808197379112 113.25854897499084 2235.7188935279846 498.25081215798855 2483.6412693560123
leaf_count=6697 972 246 27474 583 8871 3594 7009 851 4275 1808 454 8983 1995 9940
internal_value=-1.81316e-05 -0.000517522 -6.16293e-05 -0.000622064 0.00114062 0.00235824 -0.000106467 0.00286259 0.00313022 -0.0024037 -0.00511003 -0.0018502 0.000857928 -0.00210408
internal_weight=20902.7 17276.1 13917.4 9494.1 4423.3 3626.63 2206.83 455.495 2729.47 3358.7 563.297 2795.4 559.684 2629.32
internal_count=83752 69186 55700 37997 17703 14566 8832 1823 10972 13486 2262 11224 2241 10523
is_linear=0
shrinkage=0.02


Tree=40
num_leaves=15
num_cat=0
split_feature=33 26 29 24 12 29 41 21 40 21 38 31 41 47
split_gain=67.0338 25.7922 23.1843 21.551 15.8984 17.5871 13.8254 13.555 11.0122 13.9212 13.1727 12.9908 10.9047 13.2694
threshold=56.430350959414788 -0.74039107644651381 1.8106440692602885 0.19772932515130681 -0.0040949097250940038 -0.39544546271309772 0.60717863376786652 0.21383229620160341 0.9900088095033478 0.16520029782655374 2.5382977248766241 0.38083780691005525 0.33836013698656742 0.63405362205439464
decision_type=2 2 2 2 2 2 2 2 2 2 2 2 2 2
left_child=1 2 12 -2 5 8 7 -5 9 11 -10 -3 13 -1
right_child=3 4 -4 6 -6 -7 -8 -9 10 -11 -12 -13 -14 -15
leaf_value=0.0023382032252155264 0.0013690230084531835 0.00050431816379603177 0.0063685130548357359 -0.0024042600504917909 -0.00023185801436447883 0.0045082827830763405 -0.0034796171786996917 -0.00031416565978254743 0.00053771137096557484 0.0029166676525571229 -0.0040435062702258804 -0.0077847747732689978 0.0010928858119936186 0.010106933489219417
leaf_weight=313.94476778805256 930.77700924873352 910.62487699091434 513.61606261134148 2458.1334813386202 6203.119492188096 601.376499786973 1619.1121188551188 2505.2981380969286 967.60136882960796 1398.7579392939806 333.59166358411312 77.439851313829422 2041.4336566329002 119.7180433422327
leaf_count=1264 3724 3645 2066 9859 24826 2407 6503 10032 3873 5600 1335 310 8199 482
internal_value=3.93931e-05 0.000882982 0.00252048 -0.00147385 0.000415573 0.00135104 -0.00187656 -0.00135066 0.000830803 0.00163653 -0.000647775 -0.000181267 0.00171074 0.00457361
internal_weight=20994.5 13481.2 2988.71 7513.32 10492.5 4289.39 6582.54 4963.43 3688.02 2386.82 1301.19 988.065 2475.1 433.663
internal_count=84125 54007 12011 30118 41996 17170 26394 19891 14763 9555 5208 3955 9945 1746
is_linear=0
shrinkage=0.02


Tree=41
num_leaves=15
num_cat=0
split_feature=24 8 45 43 40 42 24 1 20 49 42 42 15 23
split_gain=48.3095 32.9169 25.7694 19.323 12.5052 12.1747 11.5209 11.1547 14.2718 10.9272 14.0261 11.1919 14.9194 10.7097
threshold=0.6651692170783865 0.0020193938007034098 -0.7011551918877339 0.31189828800858238 2.9707152654312119 0.4494979071546274 0.19772932515130681 0.00025472453018523025 -0.96156998377934233 1.0000000180025095e-35 0.4339117882631312 0.46721332482757294 0.0016380924271282155 1.7826070161865089
decision_type=2 2 2 2 2 2 2 2 2 2 2 2 2 2
left_child=2 13 3 7 6 -3 -4 9 -9 10 -1 12 -12 -2
right_child=1 5 4 -5 -6 -7 -8 8 -10 -11 11 -13 -14 -15
leaf_value=0.0068907973690640594 5.1562832308961223e-06 0.0011954976148350527 0.0010654489166484922 -0.0067536696427025131 0.0049150839779350504 -0.0032863199712238307 -0.00048208192863135701 -0.0086011996360928992 0.0011582184885761714 0.0015893839608480287 -0.0045966273968059239 0.0044137544659229432 0.0028752418736055418 -0.0046256005298505806
leaf_weight=477.25717326998711 4785.2815768271685 264.6759254783392 2947.4024601578712 92.706733450293541 212.37411485612392 2613.4045321941376 5520.9205249398947 58.040451899170876 1222.5082237869501 1378.6276285797358 153.72119009494781 700.64916482567787 322.52450583875179 203.47507409751415
leaf_count=1919 19159 1061 11800 371 850 10493 22097 233 4901 5539 618 2814 1296 815
internal_value=6.66326e-05 -0.00117154 0.000811097 0.00205588 0.000178466 -0.0028728 5.68475e-05 0.00225283 0.000684143 0.00291296 0.00400797 0.00281471 0.000440794 -0.000188159
internal_weight=20953.6 7866.84 13086.7 4406.04 8680.7 2878.08 8468.32 4313.33 1280.55 3032.78 1654.15 1176.89 476.246 4988.76
internal_count=83966 31528 52438 17691 34747 11554 33897 17320 5134 12186 6647 4728 1914 19974
is_linear=0
shrinkage=0.02


Tree=42
num_leaves=15
num_cat=0
split_feature=33 33 43 48 12 23 8 33 17 22 19 43 34 19
split_gain=57.6837 27.5416 18.6065 16.6044 14.9607 14.5997 14.4276 13.74 14.398 16.4352 13.465 13.2143 14.1961 12.6535
threshold=56.430350959414788 35.48743497037794 0.31189828800858238 -0.60785761079279388 -0.010220193785692071 1.0485394617619079 0.0070282714739306707 74.563660651420136 1.4781268227024669 0.32176208753739022 -0.46658099324950936 0.037973971682555271 49.720209262252816 -0.31438792042777247
decision_type=2 2 2 2 2 2 2 2 2 2 2 2 2 2
left_child=1 2 10 7 6 -6 13 8 9 -2 -1 12 -7 -3
right_child=3 4 -4 -5 5 11 -8 -9 -10 -11 -12 -13 -14 -15
leaf_value=0.0037100628824757553 -0.0015342522408167147 -0.0004538075904318393 -0.0055964158056897497 -0.00091444591432256574 -0.00083423743662606217 0.00055644228163289201 -0.0073027979808977933 -0.0070438810272422337 0.0029730393901380697 -0.0058106279060354321 0.0012023381324333337 -0.0013115237042305983 0.0050057049875545257 0.0025488056440404611
leaf_weight=1720.5394252836704 1100.5203188210726 801.80270648002625 113.95911294221878 5414.6388972252607 5503.513878300786 668.6918163895607 69.23028764128685 287.23521254956722 178.90295135974884 532.91245785355568 1714.5572416633368 535.30720508098602 499.22886484861374 1856.9743714779615
leaf_count=6925 4412 3212 456 21705 22025 2679 277 1156 717 2136 6876 2142 1999 7431
internal_value=-9.77665e-05 0.00068472 0.00219569 -0.00150141 0.000144113 -0.000333504 0.00140416 -0.00300939 -0.00235235 -0.00294291 0.00246195 0.00128219 0.00247152 0.00164416
internal_weight=20998 13483.8 3549.06 7514.21 9934.75 7206.74 2728.01 2099.57 1812.34 1633.43 3435.1 1703.23 1167.92 2658.78
internal_count=84148 54022 14257 30126 39765 28845 10920 8421 7265 6548 13801 6820 4678 10643
is_linear=0
shrinkage=0.02


Tree=43
num_leaves=15
num_cat=0
split_feature=43 35 24 21 1 21 1 48 47 1 4 12 9 11
split_gain=51.8897 28.5895 19.2678 17.9149 14.2192 14.4626 13.5647 12.0026 11.9226 12.053 11.3603 11.2282 11.9497 11.2709
threshold=-0.10804614282572234 0.52040680511968673 0.32828922843249553 0.36361120080251169 0.00017529519889771165 0.58018136465702674 6.4003569068198072e-05 -0.60785761079279388 0.93540483100319638 0.00083878352056142172 -4.5144944419671407e-05 -0.011277459421684762 -0.013810579860948141 0.021446675185344911
decision_type=2 2 2 2 2 2 2 2 2 2 2 2 2 2
left_child=2 3 4 6 5 7 11 -1 -3 -10 -8 12 -2 -13
right_child=1 8 -4 -5 -6 -7 10 -9 9 -11 -12 13 -14 -15
leaf_value=0.0070777848079543338 -0.0055082682730081848 -0.0015516662348046162 0.0003448360338264049 0.001188006007723195 0.0011852923323425969 -0.0019017009084638418 -0.0025383725343227919 0.0033090079014802248 -0.0018206237202681302 -0.0082349479228713534 -0.00019316910377388974 -0.00066484156295489461 0.0024720045196673728 0.0056612806168468864
leaf_weight=480.32652106881142 76.133701220154762 3861.5459495931864 2421.3116347193718 3448.756977006793 1402.1451251804829 156.10881149768829 1861.0190110951662 1186.3814229220152 248.45154383778572 223.19401386380196 1484.2865398526192 2930.1893011033535 1050.1404936462641 112.17388641834259
leaf_count=1932 305 15496 9698 13809 5619 626 7451 4771 997 896 5943 11732 4205 449
internal_value=5.66847e-05 -0.000548211 0.0016944 -4.36985e-06 0.00270555 0.00386852 -0.000552074 0.00441305 -0.0019225 -0.00491058 -0.00149966 0.000209248 0.00191059 -0.000422687
internal_weight=20942.2 15295.9 5646.27 10962.7 3224.96 1822.82 7513.94 1666.71 4333.19 471.646 3345.31 4168.64 1126.27 3042.36
internal_count=83929 61283 22646 43894 12948 7329 30085 6703 17389 1893 13394 16691 4510 12181
is_linear=0
shrinkage=0.02


Tree=44
num_leaves=15
num_cat=0
split_feature=33 24 45 21 13 12 40 5 44 42 46 3 30 6
split_gain=52.5946 21.4127 16.8421 14.4474 15.3489 13.8733 16.6466 16.6013 14.9531 13.7872 13.4807 15.904 12.9111 12.7673
threshold=61.072538379144099 0.5155604435637362 -1.1686566193892711 0.31866807163600747 0.0032435142938069413 -0.0021929864585314169 0.97689551290928656 -0.0013742669282261757 0.089047445500855291 0.48472054228933004 -0.58216583101416131 6.4003569068198072e-05 0.1029897715830843 -0.0012179845972622348
decision_type=2 2 2 2 2 2 2 2 2 2 2 2 2 2
left_child=1 2 -1 4 -2 6 -3 -8 13 -5 -4 -12 -10 -7
right_child=3 5 10 9 -6 8 7 -9 12 -11 11 -13 -14 -15
leaf_value=0.0026754127718184614 -0.0030289040292628333 0.0019427216596828579 0.0021369112986043019 0.0029017029976678805 0.000696869543951002 0.00076035079887357929 -0.0039780793670583601 0.00068635222573179403 -0.00049531715147208965 -0.0012019659107359122 -0.0010407337622438412 0.0012971526420148471 0.0048903087005017542 -0.0025210759995957059
leaf_weight=2430.135768070817 2896.3934784978628 1851.1467274874449 1914.2593533843756 419.13534361124039 519.87363392114639 606.47464887797832 472.00321561098099 844.2366052120924 526.66244696080685 1432.5173648446798 2291.6637444794178 2354.9173223376274 263.38482984900475 2138.8608521670103
leaf_count=9776 11637 7408 7666 1678 2086 2427 1889 3379 2108 5737 9177 9430 1054 8560
internal_value=3.66472e-05 0.000617105 0.0012547 -0.00169155 -0.00246174 -0.000238449 0.000722262 -0.000995036 -0.00109897 -0.000267757 0.000726829 0.000144243 0.0013196 -0.00179611
internal_weight=20961.7 15693.7 8990.98 5267.92 3416.27 6702.77 3167.39 1316.24 3535.38 1851.65 6560.84 4646.58 790.047 2745.34
internal_count=84012 62874 36049 21138 13723 26825 12676 5268 14149 7415 26273 18607 3162 10987
is_linear=0
shrinkage=0.02


Tree=45
num_leaves=15
num_cat=0
split_feature=45 8 11 13 12 47 7 40 5 40 44 24 11 47
split_gain=53.1879 25.6896 19.5136 16.3576 15.875 29.5059 16.4316 16.056 14.0101 13.8691 13.5909 12.6824 12.5233 11.9763
threshold=-0.96629609931794025 0.0034211490188405286 0.020637156854143312 0.0022505191382962567 0.00070951146218744198 0.25881904510252102 -0.00056098176774280076 0.90896060397141432 -0.00056102045783832863 1.6079019769789891 -0.040545149037857046 0.84076143991995267 -0.0063477470499613475 0.99465189230620699
decision_type=2 2 2 2 2 2 2 2 2 2 2 2 2 2
left_child=9 3 -3 4 7 6 10 -2 -5 11 -6 -1 -13 -7
right_child=1 2 -4 8 5 13 -8 -9 -10 -11 -12 12 -14 -15
leaf_value=0.0031217934759473556 0.00099953357540169714 -0.0026879113224793716 0.0015589092695286167 -0.00052343058013789754 0.00091624532354580462 -0.0024627712038006047 -0.00084267360283749569 -0.0017437231256064952 0.0022666951427096679 0.00011823318174548568 0.0065031677903866171 0.0048802282984837303 -0.00429370841027054 -0.0078289064566896601
leaf_weight=2900.1809330284595 3869.934902921319 2754.272401407361 509.8858505487442 1141.5780233293772 708.00515834987164 2116.5891159027815 2275.5280195325613 1089.6409768611193 1936.3568672686815 1084.6157209128141 226.93740250170231 82.200842946767807 183.67688243091106 177.22866386175156
leaf_count=11654 15498 11051 2045 4570 2835 8476 9115 4363 7753 4354 909 329 735 710
internal_value=7.37143e-05 -0.000431926 -0.00202316 -4.77661e-05 -0.000424821 -0.00116381 7.46002e-05 0.000395679 0.00123269 0.00207103 0.00229973 0.00273877 -0.00141969 -0.0028935
internal_weight=21056.6 16806 3264.16 13541.8 10463.9 5504.29 3210.47 4959.58 3077.93 4250.67 934.943 3166.06 265.878 2293.82
internal_count=84397 67325 13096 54229 41906 22045 12859 19861 12323 17072 3744 12718 1064 9186
is_linear=0
shrinkage=0.02


Tree=46
num_leaves=15
num_cat=0
split_feature=45 26 40 19 12 47 42 2 40 28 25 38 5 3
split_gain=45.8795 22.978 15.3905 15.3824 15.4965 20.8738 13.9224 13.7283 13.5202 11.4311 11.3225 11.2424 11.2227 12.3328
threshold=-0.7011551918877339 0.70027527560664959 1.2258547585633826 -0.65081291406259922 -0.0040949097250940038 0.99465189230620699 0.38034902552477878 0.0047208148274347885 2.0087455553443925 3.769963484954618 -5.4999999999999991 0.20594767911520032 0.00051023871312144264 0.0025402324995615808
decision_type=2 2 2 2 2 2 2 2 2 2 2 2 2 2
left_child=6 3 7 12 -5 9 -1 -3 10 -6 -8 -10 -2 -14
right_child=1 2 -4 4 5 -7 8 -9 11 -11 -12 -13 13 -15
leaf_value=0.0058288589038061637 0.00014395909791498288 -0.0035218496644316018 -0.00048757858873835788 0.00050393571567511201 -0.0010110151411982372 -0.0070452633877418729 0.0077338965080231753 0.0062352912255253228 0.0070369995766904675 0.0035060198812503218 0.0014755395536412488 -0.0019509104979050205 0.0028185590470970086 0.011646022320533696
leaf_weight=272.92470140755177 635.64958797395229 1920.8522305041552 1389.8625959903002 4073.4789927601814 6281.2554242908955 220.25176477432251 114.01836904883385 55.044629961252213 55.572331309318542 227.57408976554871 4530.6157328337431 697.32900683581829 461.81679794192314 69.654482573270798
leaf_count=1097 2546 7725 5580 16303 25139 882 459 221 224 911 18185 2797 1850 279
internal_value=-7.58471e-05 -0.00064422 -0.00210287 -0.000233355 -0.000469279 -0.00105835 0.0014605 -0.00323498 0.00123442 -0.000850512 0.00163732 -0.00124546 0.00194298 0.00407324
internal_weight=21005.9 15335.4 3365.76 11969.7 10802.6 6729.08 5670.46 1975.9 5397.54 6508.83 4644.63 752.901 1167.12 531.471
internal_count=84198 61436 13526 47910 43235 26932 22762 7946 21665 26050 18644 3021 4675 2129
is_linear=0
shrinkage=0.02


Tree=47
num_leaves=15
num_cat=0
split_feature=24 1 21 41 43 34 24 10 34 49 17 12 5 7
split_gain=56.2794 31.6903 20.9272 19.6704 18.1821 13.2632 13.5799 12.3954 14.8636 12.6892 12.1676 13.8758 11.8394 11.9774
threshold=0.31156396034570244 7.9847903214290262e-05 0.28549645297761927 0.67875816977756653 -0.065098334682103146 45.161662028306047 0.20182885797805303 -0.013588447553863334 42.605236174130262 -0.22252093395631442 0.85791123032659355 -0.014779906669245757 3.1617389325355008e-05 0.00017529519889771165
decision_type=2 2 2 2 2 2 2 2 2 2 2 2 2 2
left_child=4 -2 10 7 5 -1 12 -4 -9 -10 -3 -12 13 -7
right_child=1 2 3 -5 -6 6 -8 8 9 -11 11 -13 -14 -15
leaf_value=0.0037612256105161064 0.00032186433956805818 -0.0034654744581318958 -0.0068491813413840757 -0.0077784769841005644 0.00047834291897024228 -0.0024810079549333116 -0.0011982419032660356 0.0059425882116904199 -0.0017557386899389083 0.0015754973930181607 0.0020666892720255466 -0.0021338450898624895 0.0038620071453032978 0.002798140304061504
leaf_weight=1838.9577969610691 7459.8418583273888 2186.7369166910648 85.443424791097641 119.48942346870899 3130.4625138640404 311.69412283599377 568.76290971040726 191.87009191513062 789.06167387962341 1073.8232008814812 390.19809751212597 1547.9908239096403 921.27414593100548 371.14371584355831
leaf_count=7404 29880 8773 342 479 12540 1249 2277 768 3160 4300 1563 6212 3691 1487
internal_value=0.000180534 -0.000563358 -0.0015971 -4.96162e-05 0.00162186 0.00251245 0.00144937 0.000399018 0.000716316 0.000163564 -0.00244375 -0.00128505 0.00238893 0.000387856
internal_weight=20986.8 13844.5 6384.61 2259.69 7142.3 4011.83 2172.87 2140.2 2054.75 1862.88 4124.93 1938.19 1604.11 682.838
internal_count=84125 55477 25597 9049 28648 16108 8704 8570 8228 7460 16548 7775 6427 2736
is_linear=0
shrinkage=0.02


Tree=48
num_leaves=15
num_cat=0
split_feature=33 21 25 1 13 22 48 26 21 48 42 47 13 8
split_gain=55.2701 23.1456 22.8146 18.1974 17.2615 17.4194 17.0095 21.6536 14.1946 13.8213 12.3209 14.467 15.582 12.2812
threshold=61.072538379144099 0.27224531161902615 -1.4999999999999998 -4.5144944419671407e-05 0.0012051266137822004 0.19029758728070947 -0.8783796973249266 -0.14544450552619059 0.59968026625040582 -0.60785761079279388 0.49360862995963745 0.41248606129204557 0.0036003592595254506 0.0021020657265821865
decision_type=2 2 2 2 2 2 2 2 2 2 2 2 2 2
left_child=2 3 6 -2 -4 -6 7 -1 -7 13 -3 12 -12 -5
right_child=1 10 4 9 5 8 -8 -9 -10 -11 11 -13 -14 -15
leaf_value=0.0065009492946976177 -0.00063152993962946574 0.0021076191673481712 -0.0011360988280089837 -0.0034483290392742123 0.0016398496934579513 -0.00049012750412054384 0.0012781364185662162 -0.0025310833349817714 0.0054571520919054007 -0.0029232118013258483 -0.00072135828765541659 -0.0037502578183391745 0.0065042279959340293 -0.0094048275130743705
leaf_weight=532.23116843402386 982.13927072286606 650.50026296079159 3181.5485550314188 274.10007706284523 3565.1287808269262 4073.8834932595491 4067.5477673262358 129.44545847177505 162.11268854141235 1520.7386241704226 853.16821272671223 549.69759368896484 133.68262901902199 294.7371244430542
leaf_count=2139 3944 2605 12737 1102 14280 16306 16329 518 649 6113 3418 2203 535 1188
internal_value=1.06748e-05 -0.00176311 0.000604732 -0.00288128 0.000104392 0.000610708 0.00176533 0.00472826 -0.000256358 -0.00393467 -0.000189657 -0.00116589 0.000285302 -0.00658968
internal_weight=20970.7 5258.76 15711.9 3071.72 10982.7 7801.12 4729.22 661.677 4236 2089.58 2187.05 1536.55 986.851 568.837
internal_count=84066 21108 62958 12347 43972 31235 18986 2657 16955 8403 8761 6156 3953 2290
is_linear=0
shrinkage=0.02


Tree=49
num_leaves=15
num_cat=0
split_feature=41 45 8 40 46 45 21 5 2 37 7 6 34 40
split_gain=50.6515 22.6523 15.418 13.3764 12.8131 12.8941 11.6844 10.9123 11.6937 12.266 10.7029 13.2304 12.76 12.3414
threshold=0.5700825721777506 -1.1292988330557499 -0.0024297191583881866 2.0087455553443925 -0.5277851165098012 2.6066894103683569 0.44308247697367337 -0.00019770846964680769 -0.0023038779496469619 6.9963338707538671 -0.00012238691108138169 -0.00079176614420313409 47.459952045493566 1.4798204417169398
decision_type=2 2 2 2 2 2 2 2 2 2 2 2 2 2
left_child=1 3 -2 -1 7 -6 -4 10 -9 -10 12 -12 13 -3
right_child=2 4 6 -5 5 -7 -8 8 9 -11 11 -13 -14 -15
leaf_value=0.0026776968807723286 0.0019661905710092846 0.0072532194621481305 -0.0026525309466451682 -0.00066021642461384998 -0.00018222609510903215 -0.0069742343977804112 5.5040289703760887e-05 0.0057136078072962792 0.00072901572550717014 0.0046315303738982952 0.0019979300174586077 -0.0028864466475629342 -0.00045826213614040773 -0.0017793904542975671
leaf_weight=2557.5419589728117 390.09003390371799 219.97370372712612 3547.0104211717844 588.84393522143364 8762.6709311008453 108.25505150854588 776.75833137333393 282.43052230775356 1831.1517388522625 386.68348714709282 312.42534130811691 736.27561955153942 445.26496158540249 80.437294900417328
leaf_count=10287 1562 881 14236 2365 35095 435 3110 1131 7335 1549 1251 2949 1783 322
internal_value=2.04529e-06 0.000529816 -0.00182289 0.00205295 0.000165166 -0.000268993 -0.00216662 0.00106123 0.00191395 0.00141831 -0.000128956 -0.00142873 0.00169636 0.00484513
internal_weight=21025.8 16312 4713.86 3146.39 13165.6 8870.93 4323.77 4294.64 2500.27 2217.84 1794.38 1048.7 745.676 300.411
internal_count=84291 65383 18908 12652 52731 35530 17346 17201 10015 8884 7186 4200 2986 1203
is_linear=0
shrinkage=0.02


Tree=50
num_leaves=15
num_cat=0
split_feature=43 28 24 40 47 15 6 8 24 9 12 20 32 9
split_gain=46.5422 30.1057 19.5996 19.101 18.1287 19.843 16.6959 16.3945 15.0185 13.1409 12.7676 13.5091 12.7672 11.2429
threshold=0.053299661014939471 0.94321893561576464 0.5155604435637362 2.5018859016384485 0.65934581510006873 0.0019075767759006077 -0.0024256938745123922 0.0029629201884952402 5.8825259607929982e-05 0.00033376584289090028 0.012662362127278464 -0.18633690030319641 -0.1223763506174891 0.014560603476971985
decision_type=2 2 2 2 2 2 2 2 2 2 2 2 2 2
left_child=1 2 8 4 5 10 -6 -2 9 12 -3 -12 -1 -9
right_child=7 3 -4 -5 6 -7 -8 13 -10 -11 11 -13 -14 -15
leaf_value=0.0006407544222196361 -0.00069807602083157925 -0.00056954106704044558 8.2523480942377594e-05 0.0051200952648442896 0.0050414079321826144 0.0013392620720906584 -0.0039766751976503993 -0.0033908897491690456 0.0021810579509302761 0.0043976419713534689 -0.00099982367842655403 -0.0075729900766810781 -0.0070173946212786211 0.0010625903284643087
leaf_weight=160.34677693247795 4418.3673706799746 991.57726116478443 3682.6390078812838 206.203693151474 85.150868371129036 1540.8021329194307 1005.3933999985456 1839.7462257891893 5943.2466512024403 106.86806844174862 238.72730913758278 261.76715831458569 183.58312870562077 256.17113761603832
leaf_count=646 17704 3973 14742 826 341 6171 4028 7392 23852 428 956 1049 737 1029
internal_value=1.16252e-05 0.000645946 0.00124506 -0.000748255 -0.00104756 -0.000250592 -0.00325274 -0.00139059 0.00191404 -0.00159163 -0.00189136 -0.0044786 -0.003489 -0.00284533
internal_weight=20920.6 14406.3 10076.7 4329.62 4123.42 3032.87 1090.54 6514.28 6394.04 450.798 1492.07 500.494 343.93 2095.92
internal_count=83874 57749 40405 17344 16518 12149 4369 26125 25663 1811 5978 2005 1383 8421
is_linear=0
shrinkage=0.02


Tree=51
num_leaves=15
num_cat=0
split_feature=41 45 8 25 12 40 2 40 46 14 12 23 14 45
split_gain=46.1181 23.3218 19.6348 15.4223 14.6403 15.0929 13.2712 12.2814 12.2264 13.608 11.1659 10.8912 12.3237 15.3179
threshold=0.57913864250411495 -0.7011551918877339 0.0011050134543534663 3.5000000000000004 0.0017412051548981343 0.89290666543389208 -0.0012428904746672974 1.4156624164298648 -0.5277851165098012 0.0040232590764042895 -0.0010913813887288846 0.98516480351591684 0.0037065177425354627 1.1483710621908336
decision_type=2 2 2 2 2 2 2 2 2 2 2 2 2 2
left_child=1 7 -2 4 5 -3 -4 8 9 10 -1 -6 13 -13
right_child=2 3 6 -5 11 -7 -8 -9 -10 -11 -12 12 -14 -15
leaf_value=0.0071604056423156008 -0.00043480778564871747 0.0015312682776221962 0.00079189540197800701 -0.0031405953491934046 -0.0012459137269959725 -0.00072780257407709483 -0.0037558284691155343 -5.8683545604835583e-05 0.0014390165243351074 -0.0027925996551416126 0.0025866723022060505 0.0013559445499752903 0.0053493183731339287 -0.0028115784577387691
leaf_weight=426.53762450814247 1896.1264167577028 3724.0627075433731 292.14663611352444 624.91494166851044 3811.6863099932671 1728.9900227040052 2019.5087501108646 1415.8981000036001 2709.1418683230877 100.62272967398167 440.20975747704506 1129.4338395446539 192.48731245100498 506.99812950193882
leaf_count=1714 7593 14912 1173 2508 15261 6923 8117 5686 10885 404 1768 4522 771 2035
internal_value=-7.40269e-05 0.000394785 -0.00194528 -9.64081e-05 7.64111e-05 0.000814978 -0.00318062 0.0015241 0.00213291 0.00405878 0.00486563 -0.000637688 0.000629869 6.01344e-05
internal_weight=21018.8 16811 4207.78 11718.6 11093.7 5453.05 2311.66 5092.41 3676.51 967.37 866.747 5640.61 1828.92 1636.43
internal_count=84272 67389 16883 46932 44424 21835 9290 20457 14771 3886 3482 22589 7328 6557
is_linear=0
shrinkage=0.02


Tree=52
num_leaves=15
num_cat=0
split_feature=33 33 21 21 6 40 11 40 5 3 34 47 20 30
split_gain=46.682 24.7484 20.0097 14.5337 19.6283 14.1395 13.998 13.7444 12.9242 15.0451 12.8338 12.8528 12.7262 11.4604
threshold=37.726612590604958 61.072538379144099 0.2669162482385789 0.16735733631503863 -0.0012179845972622348 2.0087455553443925 0.020637156854143312 2.7520025520843663 -0.0010331642225329051 0.0026812432503218716 58.755652479997757 0.35206144883412571 0.90332544771875056 0.12874391029881935
decision_type=2 2 2 2 2 2 2 2 2 2 2 2 2 2
left_child=5 3 6 8 -5 -1 -3 10 12 -10 13 -12 -2 -4
right_child=1 2 7 4 -6 -7 -8 -9 9 -11 11 -13 -14 -15
leaf_value=0.0023637520040510084 -0.0030617632670782396 -0.0031960909498355522 -0.0014576781216511163 0.002674659351578582 6.7449644949984204e-05 -0.00064144788748767109 0.00067863230487992781 0.0053917329322456424 -0.00048541260548961917 0.0047658165547224615 -0.00023417860597113282 -0.0041293735490552748 0.0045750981345915008 0.0041096222948421744
leaf_weight=3629.7750036418438 1168.0539721101522 2629.8486685156822 246.32278515398502 1513.1126628965139 4830.3993983417749 754.35920791327953 432.60389176011086 160.10300746560097 3504.9835727661848 227.71402157843113 966.63489878177643 517.27237331867218 89.922477394342422 357.64183230698109
leaf_count=14594 4676 10580 987 6057 19334 3028 1737 641 14032 912 3873 2074 360 1432
internal_value=1.16419e-05 -0.000472068 -0.00159804 5.59589e-05 0.000690962 0.00184652 -0.00264853 -0.00016424 -0.00075106 -0.000159113 -0.000602149 -0.0016013 -0.00249992 0.00184571
internal_weight=21028.7 16644.6 5310.43 11334.2 6343.51 4384.13 3062.45 2247.97 4990.67 3732.7 2087.87 1483.91 1257.98 603.965
internal_count=84317 66695 21324 45371 25391 17622 12317 9007 19980 14944 8366 5947 5036 2419
is_linear=0
shrinkage=0.02


Tree=53
num_leaves=15
num_cat=0
split_feature=45 45 1 6 24 7 42 22 7 47 1 24 34 5
split_gain=42.0244 18.6589 12.7249 11.987 11.5263 13.326 16.3417 13.1175 12.4197 11.4248 15.0582 11.4101 14.2105 11.2688
threshold=-0.59918600496024765 1.6941206868670196 7.9847903214290262e-05 -0.00039850825552809147 0.19772932515130681 -0.0015225055789505166 0.4494979071546274 0.27270956303176902 -0.0020968231640147591 0.63405362205439464 0.00074444725104852601 0.17490922231035733 42.747391717514894 -0.00098974887821038824
decision_type=2 2 2 2 2 2 2 2 2 2 2 2 2 2
left_child=2 4 -1 9 13 6 7 8 -6 -4 -11 12 -5 -2
right_child=1 -3 3 11 5 -7 -8 -9 -10 10 -12 -13 -14 -15
leaf_value=0.0019491265133631109 -0.0017407502776809658 -0.0024901168755442678 0.0002575541442834385 0.004284109753935012 0.010506118650019219 -0.00033542518650019683 -0.0031203786647551767 -0.0021311057402844118 -0.00098068730491868931 -0.0010845296879716691 0.0086963877889575623 -0.0033967863860466254 -0.0032556771823964549 0.001447268017655707
leaf_weight=4224.0537541955709 552.9330893009901 1879.7115461230278 756.4079110622406 224.35904188454151 90.910586476325989 8397.0355593115091 1464.3356883823872 155.16323921084404 60.678285673260689 98.767678573727608 163.90878377854824 566.86179409921169 172.54499171674252 2164.8322574496269
leaf_count=16972 2214 7561 3033 902 364 33636 5865 621 243 396 657 2271 692 8669
internal_value=-5.09007e-05 -0.00063134 0.0013293 7.31378e-06 -0.000359333 -0.000668548 -0.00224255 0.00193074 0.00602366 0.00151595 0.00506715 -0.00158751 0.00100663 0.000796656
internal_weight=20972.5 14765.6 6206.9 1982.85 12885.9 10168.1 1771.09 306.752 151.589 1019.08 262.676 963.766 396.904 2717.77
internal_count=84096 59173 24923 7951 51612 40729 7093 1228 607 4086 1053 3865 1594 10883
is_linear=0
shrinkage=0.02


Tree=54
num_leaves=15
num_cat=0
split_feature=25 45 10 21 25 6 16 32 23 37 2 45 48 11
split_gain=42.9569 23.6323 15.5104 14.6147 18.1632 13.5875 13.0618 14.0454 12.732 11.5339 11.3673 18.8377 16.109 14.9912
threshold=-1.4999999999999998 1.1483710621908336 0.02713098262371174 0.33612471689485607 3.5000000000000004 -0.0012672397713134498 0.0034141678427477857 -0.41744355993921117 0.5423171220102857 1.4330143076549249 0.0012607863764974539 -1.2091356684078403 -1.0000000180025095e-35 0.018713975984760715
decision_type=2 2 2 2 2 2 2 2 2 2 2 2 2 2
left_child=10 3 -3 4 6 -5 7 -2 -7 -10 12 -12 -1 -13
right_child=1 2 -4 5 -6 8 -8 -9 9 -11 11 13 -14 -15
leaf_value=0.0036271714104742976 -0.0063289185789726634 -0.0022158293365705244 0.0034471875959234538 0.0030230520489681963 -0.0058853315385135946 -0.0024280300571930457 0.0018574004216351842 -0.00054238798796978874 -0.0038975454382871662 0.0013083669191313596 0.0050136815036996556 -0.0020559029629625388 0.00098054681094096922 0.0060290512635321957
leaf_weight=1660.1728204786777 166.91261392831802 3536.1145161986351 200.27292042970657 932.17442406713963 243.54228110611439 565.13733857870102 908.93278680741787 7107.1355708241463 179.85101088881493 2171.7403674870729 232.69505454599857 904.94294565916061 2067.1073527187109 97.167551562190056
leaf_count=6670 669 14214 803 3733 977 2262 3640 28466 720 8695 938 3625 8304 389
internal_value=-1.26187e-05 -0.000516541 -0.00190809 -9.23784e-05 -0.00055871 0.000927975 -0.000396681 -0.000679424 0.00025437 0.000902791 0.00161234 -5.08577e-05 0.00216266 -0.00124592
internal_weight=20973.9 16011.8 3736.39 12275.4 8426.52 3848.9 8182.98 7274.05 2916.73 2351.59 4962.09 1234.81 3727.28 1002.11
internal_count=84105 64179 15017 49162 33752 15410 32775 29135 11677 9415 19926 4952 14974 4014
is_linear=0
shrinkage=0.02


Tree=55
num_leaves=15
num_cat=0
split_feature=27 41 46 37 22 3 40 4 4 8 44 47 29 37
split_gain=38.1291 22.4226 14.7886 17.8781 19.8049 16.1702 14.2855 11.9843 12.7408 11.9809 15.4894 11.5841 10.6764 12.7389
threshold=-0.87157701615262717 0.5700825721777506 -0.5277851165098012 1.8428421953709579 0.20380266933873295 0.0023557274107823727 0.5374260761759585 -0.0060131002008745726 -0.0047385571080584216 -0.0022344869841091062 -0.83684075300448735 0.58216583101416164 2.2634220110873575 8.9908242714756899
decision_type=2 2 2 2 2 2 2 2 2 2 2 2 2 2
left_child=6 2 -2 11 5 -5 -1 -8 -9 12 -11 -4 13 -10
right_child=1 -3 3 4 -6 -7 7 8 9 10 -12 -13 -14 -15
leaf_value=0.0047837946339761139 0.0010376453327898066 -0.0016625941578803853 -0.0011238540247094631 0.0006862932806312327 -0.0010181765505143272 0.0057475546121235057 -0.0036644842053050832 0.0082599526077017718 0.00070063987855760945 0.0085638937027736617 -0.00065837403695552402 -0.0049804386231341547 0.0062930288247676526 0.0040168403905869758
leaf_weight=513.86549307405949 3946.0653431415558 4196.861336350441 839.70945285260677 2850.297663345933 3752.8815354555845 272.29526081681252 184.19851262867451 103.4085292071104 1507.0975483357906 72.013385578989983 1342.4298515468836 494.14123257994652 222.10198909044266 665.86855767667294
leaf_count=2068 15807 16846 3366 11419 15027 1091 739 415 6060 289 5385 1981 895 2679
internal_value=4.98738e-05 -0.000403143 3.221e-05 -0.000451421 -3.96551e-05 0.00113613 0.00165513 0.00125738 0.00149346 0.00129919 -0.000160329 -0.00256584 0.00215968 0.00172372
internal_weight=20963.2 16352.3 12155.4 8209.33 6875.47 3122.59 4610.98 4097.12 3912.92 3809.51 1414.44 1333.85 2395.07 2172.97
internal_count=84067 65537 48691 32884 27537 12510 18530 16462 15723 15308 5674 5347 9634 8739
is_linear=0
shrinkage=0.02


Tree=56
num_leaves=15
num_cat=0
split_feature=24 33 1 23 12 40 6 8 32 8 13 44 20 31
split_gain=37.9887 20.7455 15.4107 13.8296 17.7621 12.6592 11.1991 17.0944 12.1363 10.6593 10.0792 9.56822 9.48204 9.28203
threshold=0.39219312829247693 65.90921975316563 -0.00098979999672822402 0.65530523235587801 0.010054503143236157 1.215336340178266 -0.00035126814207268349 0.0047378497982780233 -0.45312556745496352 0.00016023757696468228 0.0022205364471326468 -0.80559497022563387 0.96746773144602749 0.2906254011418638
decision_type=2 2 2 2 2 2 2 2 2 2 2 2 2 2
left_child=2 6 -1 4 9 -3 7 10 -8 11 -2 -4 -10 -5
right_child=1 5 3 13 -6 -7 8 -9 12 -11 -12 -13 -14 -15
leaf_value=0.0025564343492533365 0.00019515528972527467 -0.0032802697603093903 0.0014583023462470157 0.0017919197497005691 -0.004123006325394721 -0.00047556356722470002 -0.0094133844114673779 -0.003814913444522337 -0.0008952879632585127 0.0022117078990919218 0.0023894022896385168 -0.0034355986266825685 0.0044035813306980186 -3.4165661994630373e-05
leaf_weight=2018.0934810042381 2687.768775716424 1719.1905084848404 265.32934698462486 3006.8189703077078 500.29004614055157 1030.2878534346819 60.663636192679405 332.16573406755924 5242.4486955404282 607.55292563140392 1211.9615326523781 388.47197997570038 133.75866828858852 1766.1635403931141
leaf_count=8117 10763 6923 1063 12071 2003 4144 243 1331 20993 2432 4852 1557 536 7075
internal_value=5.53303e-06 -0.000700795 0.00103091 0.000558183 -0.000954417 -0.00223206 -0.000264426 0.000506753 -0.000864603 0.000313655 0.000879272 -0.00145353 -0.000759484 0.00111688
internal_weight=20971 12418.2 8552.72 6534.63 1761.64 2749.48 9668.77 4231.9 5436.87 1261.35 3899.73 653.801 5376.21 4772.98
internal_count=84103 49785 34318 26201 7055 11067 38718 16946 21772 5052 15615 2620 21529 19146
is_linear=0
shrinkage=0.02


Tree=57
num_leaves=15
num_cat=0
split_feature=1 19 48 21 19 21 45 2 43 28 5 46 4 18
split_gain=45.7587 28.1646 30.9813 22.2591 20.523 12.6567 12.9532 12.2114 11.9231 12.5502 12.2478 11.8962 17.3053 17.4848
threshold=7.9847903214290262e-05 -0.41217610331534743 -0.8783796973249266 0.33612471689485607 -0.47392471053167384 0.18254548127597148 -0.79099045324122763 -0.0020062940032426523 0.22100520912246341 1.8834045000788011 0.00065879885129687006 0.16280825711808991 -0.00010720529419635973 0.0016184167870270979
decision_type=2 2 2 2 2 2 2 2 2 2 2 2 2 2
left_child=1 2 -1 4 11 -3 -7 -6 9 -5 -10 12 13 -2
right_child=3 5 -4 8 7 6 -8 -9 10 -11 -12 -13 -14 -15
leaf_value=0.0082847854925105439 0.013235278635689685 -0.00061613275334633847 0.0018255801495353295 0.0015662217122343943 4.242625926383973e-05 0.0026069715567291476 0.00030613747031941986 -0.0027806578365739409 -0.0050728910593608257 -0.0016171484947230799 0.0015940151854195934 -0.0017156177901568382 -0.00094798191757920346 0.0025555830898432658
leaf_weight=339.03829747438431 66.333771765232086 3502.35280354321 2216.3952243179083 2168.0535941570997 719.90111765265465 1366.8406519591808 3421.3217423707247 4112.135676279664 291.38824185729027 637.23367618024349 172.40243925154209 859.95215047895908 595.40954345464706 469.47086243331432
leaf_count=1366 266 14034 8920 8681 2884 5486 13699 16510 1168 2552 691 3448 2387 1883
internal_value=-3.81981e-05 0.00086351 0.00269705 -0.00100719 -0.00165695 0.000297062 0.000964974 -0.00236045 0.000349452 0.000841514 -0.00260407 5.18831e-05 0.00139718 0.00398789
internal_weight=20938.2 10845.9 2555.43 10092.3 6823.2 8290.52 4788.16 4832.04 3269.08 2805.29 463.791 1991.17 1131.21 535.805
internal_count=83975 43505 10286 40470 27378 33219 19185 19394 13092 11233 1859 7984 4536 2149
is_linear=0
shrinkage=0.02


Tree=58
num_leaves=15
num_cat=0
split_feature=26 8 48 21 36 42 42 11 42 22 3 48 19 20
split_gain=37.8232 23.6162 17.4694 15.3148 16.237 15.9818 13.9869 14.3101 12.9107 12.8053 15.528 12.337 12.0685 11.2574
threshold=-0.57209958043771747 0.0034211490188405286 -0.60785761079279388 0.33612471689485607 0.0051327518133663557 0.41712950413060707 0.5670037727695848 -0.0018678972089793539 0.58241123837442144 0.22245347975590904 6.4003569068198072e-05 0.87837969732492682 0.26458547465131999 0.72168157804682054
decision_type=2 2 2 2 2 2 2 2 2 2 2 2 2 2
left_child=2 3 -1 9 5 -5 7 -3 -6 10 -2 -4 -9 -11
right_child=1 6 11 4 8 -7 -8 12 -10 13 -12 -13 -14 -15
leaf_value=0.0038165470067372327 -0.0008457581066364713 -0.0038148930173208845 0.00026668979329074415 0.0059798824288401706 0.0016227237988111151 -0.0029125227399335661 -0.0060458415118474209 0.0011279669847468132 -0.0047672480162232736 -0.0011033654694571878 0.0016497646133741719 0.0035115136133325926 -0.0019141841861144704 -0.0082337524608107684
leaf_weight=1104.5863686650991 2209.1973622143269 813.47431394457817 2470.7100262343884 87.418842867016792 3605.9267088472843 654.16245794296265 302.85054098069668 859.91201829910278 126.3256139755249 5004.8815520107746 1810.0297917276621 573.70338971912861 1310.9050772041082 85.315474361181259
leaf_count=4448 8854 3261 9940 350 14437 2619 1219 3446 506 20044 7255 2308 5277 342
internal_value=-4.20039e-05 -0.00046282 0.00166759 -9.44467e-05 0.000863239 -0.00183124 -0.00198257 -0.0015608 0.00140035 -0.000565002 0.000278736 0.000882915 -0.000709293 -0.00123084
internal_weight=21019.4 16870.4 4149 13583.3 4473.83 741.581 3287.14 2984.29 3732.25 9109.42 4019.23 3044.41 2170.82 5090.2
internal_count=84306 67610 16696 54407 17912 2969 13203 11984 14943 36495 16109 12248 8723 20386
is_linear=0
shrinkage=0.02


Tree=59
num_leaves=15
num_cat=0
split_feature=43 21 0 37 22 45 42 4 17 41 25 22 8 42
split_gain=43.0871 18.4741 14.7254 13.9513 12.1806 11.3036 11.2345 11.701 11.2024 10.5237 10.4451 10.6761 15.3447 10.0437
threshold=-0.026311042741846122 0.41536407246938517 -0.0046939085109199349 1.8428421953709579 0.12800074136674017 1.5085814281565759 0.46771785510746994 0.0026812432503218716 0.80321595613309693 0.72055072847577739 -2.4999999999999996 0.11158168691873521 -0.0059970738857892652 0.38034902552477878
decision_type=2 2 2 2 2 2 2 2 2 2 2 2 2 2
left_child=2 5 -1 4 -3 6 7 -2 -7 -5 11 12 -4 -12
right_child=1 3 10 9 -6 8 -8 -9 -10 -11 13 -13 -14 -15
leaf_value=0.0041582080586398543 1.9300586557973075e-05 -0.0053489091148215054 -0.0028470821199540149 0.0014155312164452524 0.00064409009528476613 -0.0051959319268630299 -0.0015015120117468199 0.008354805146302352 -0.0015994643893110735 -0.0070504860964059638 0.0038434869268755231 0.0011948003688012684 0.0067055166959578243 0.00027655638234719038
leaf_weight=525.71450854837894 1692.4772982299328 268.61573314666748 80.161094456911087 2207.5390626937151 267.14365640282631 552.81603065133095 5108.9235783666372 65.155877590179443 932.93114505708218 55.437721982598305 324.9304323643446 1130.2834050357342 346.78391648828983 7388.5612919479609
leaf_count=2118 6780 1076 324 8843 1070 2231 20476 261 3760 222 1304 4543 1398 29617
internal_value=-5.00287e-05 -0.000900027 0.000917469 0.00050559 -0.00238232 -0.00137105 -0.00102738 0.000351123 -0.00295058 0.00119305 0.000731554 0.00222302 0.00489977 0.000429206
internal_weight=20947.5 11151 9796.43 2798.74 535.759 8352.3 6866.56 1757.63 1485.75 2262.98 9270.72 1557.23 426.945 7713.49
internal_count=84023 44719 39304 11211 2146 33508 27517 7041 5991 9065 37186 6265 1722 30921
is_linear=0
shrinkage=0.02


Tree=60
num_leaves=15
num_cat=0
split_feature=24 33 42 6 29 47 34 40 4 37 24 29 42 39
split_gain=41.1065 17.7456 15.7906 14.5225 13.9775 12.1459 14.8692 13.9199 13.1085 13.972 13.02 12.83 11.4519 11.1586
threshold=0.6651692170783865 35.733022922023032 0.45019110602029716 -0.00033573591632004256 1.8106440692602885 0.65934581510006873 46.116916704135882 0.94545868578045489 0.0020520175618272819 1.6718362387871333 0.2099414457944126 4.9988994440491465 0.45526531926573816 -0.85241828262233688
decision_type=2 2 2 2 2 2 2 2 2 2 2 2 2 2
left_child=1 4 -2 -3 -1 7 -7 10 9 -8 12 -9 -5 -14
right_child=2 3 -4 5 -6 6 8 11 -10 -11 -12 -13 13 -15
leaf_value=0.0013768221497466671 0.00063464533749668043 0.0011931651171803875 -0.0016275092030196764 -0.0010411116400242553 0.0050529287256686727 0.0019979177291373088 -0.0082479982020969619 -0.0022365036701861773 0.0021310128720592194 -0.0024933188930724103 -4.1366158278846332e-05 0.0017851977497039624 -0.0022555891593936785 0.0047487645572307996
leaf_weight=2569.9057300388813 1529.3921640813351 3864.6605547070503 6341.7473081201315 241.47108916938305 489.97201339900494 326.72373986244202 201.62809155881405 1280.0507785975933 187.99801418185234 973.96631121635437 1688.9484020024538 417.17530901730061 100.88734777271748 727.14601595699787
leaf_count=10352 6126 15479 25454 968 1977 1309 808 5127 753 3900 6762 1671 404 2913
internal_value=-4.64222e-05 0.000641137 -0.00118784 0.000233331 0.00197275 -0.000370702 -0.00181152 0.000177309 -0.00272825 -0.00351106 0.00105349 -0.00124564 0.00277462 0.00388694
internal_weight=20941.7 13070.5 7871.14 10010.7 3059.88 6146 1690.32 4455.68 1363.59 1175.59 2758.45 1697.23 1069.5 828.033
internal_count=84003 52423 31580 40094 12329 24615 6770 17845 5461 4708 11047 6798 4285 3317
is_linear=0
shrinkage=0.02


Tree=61
num_leaves=15
num_cat=0
split_feature=33 21 22 1 48 23 37 45 22 42 5 43 1 33
split_gain=33.5023 14.8974 14.4395 14.2427 14.2302 13.6929 13.3709 15.1106 15.024 16.5228 13.5393 12.0823 11.9075 11.7257
threshold=56.275215018153965 0.27224531161902615 0.22710532128781954 0.00036623918024579878 -0.8783796973249266 0.54602981838835773 1.2937715762376831 0.90636623015770879 0.15076448947848217 0.49452342022222257 0.0038718586330441702 0.078348516807834834 -0.00015208265405102536 57.242297662676386
decision_type=2 2 2 2 2 2 2 2 2 2 2 2 2 2
left_child=2 3 4 -2 5 12 7 -3 -9 -10 11 13 -1 -8
right_child=1 6 -4 -5 -6 -7 10 8 9 -11 -12 -13 -14 -15
leaf_value=0.0036488342713193885 -0.00073365351649735901 -0.0076276607928685803 -0.00019561965943097192 -0.0030017105551800078 0.00073130178968879109 0.0044822404862735485 -0.0033576788807348464 -0.0041698880625133522 0.0091673884893638483 -0.0006649014858908335 -0.0056534006069324325 -0.0010208119952279666 -0.0055640498890562251 0.0026876213503854076
leaf_weight=103.00659883022308 2095.0584911257029 165.5790743380785 6599.308577850461 2354.6192529201508 5772.2007238417864 804.74584810435772 138.19296285510063 301.4109418541193 87.118952751159668 262.84942109882832 124.14876201748848 760.39618729054928 112.14479547739029 1290.1607955694199
leaf_count=413 8414 663 26438 9473 23167 3232 553 1209 349 1054 497 3049 449 5165
internal_value=-0.000130753 -0.00119287 0.000470628 -0.00193585 0.00111763 0.00328987 -0.00013518 -0.00232667 -0.000931325 0.00187734 0.000642241 0.00101141 -0.00117056 0.00209307
internal_weight=20970.9 7579.53 13391.4 4449.68 6792.1 1019.9 3129.86 816.958 651.379 349.968 2312.9 2188.75 215.151 1428.35
internal_count=84125 30426 53699 17887 27261 4094 12539 3275 2612 1403 9264 8767 862 5718
is_linear=0
shrinkage=0.02


Tree=62
num_leaves=15
num_cat=0
split_feature=41 26 6 8 12 21 47 48 9 13 17 47 41 21
split_gain=37.2368 23.6747 16.4423 15.8281 14.7207 14.6554 13.0608 12.6782 15.29 12.1397 11.9186 11.7121 18.9389 12.6956
threshold=0.5700825721777506 -0.57209958043771747 -0.0012672397713134498 0.0011050134543534663 0.011922540682352668 0.52782270800595799 0.81241147629689026 -0.60785761079279388 -0.00015545245542848384 0.0011302786717064231 1.1818126522551176 0.63405362205439464 0.36532607940283918 0.36665200331157094
decision_type=2 2 2 2 2 2 2 2 2 2 2 2 2 2
left_child=1 7 -3 -2 5 -5 -4 8 -1 -9 11 -11 -13 -14
right_child=3 2 6 4 -6 -7 -8 9 -10 10 -12 12 13 -15
leaf_value=0.0031293151041122584 -0.00028527967478134093 0.0014567649624957284 2.4195101277374197e-05 -0.0043205167560841336 -0.00048670171712283358 0.0016875150847691434 -0.0018074271744714303 -0.0022161736171685976 0.013942389358609109 0.0016670785099746678 -0.00015306814878799919 0.011584754343849936 -0.00013039821752977264 0.0096253633033297932
leaf_weight=970.60883150994778 2146.7810403257608 2574.6652056723833 7890.6171907633543 1527.0795071721077 868.36024780571461 179.01110403239727 1935.1045164912939 370.89321050047874 50.934273421764374 1145.4617248028517 925.19076003134251 135.48893612623215 200.84426854550838 67.596270263195038
leaf_count=3913 8599 10312 31608 6145 3495 717 7752 1494 205 4612 3721 547 808 272
internal_value=8.06939e-06 0.000461959 3.56622e-05 -0.00155468 -0.0026106 -0.00368704 -0.000337265 0.00182716 0.00373374 0.00113733 0.00164341 0.00271319 0.00562311 0.00245729
internal_weight=20988.6 16267.4 12400.4 4721.23 2574.45 1706.09 9825.72 3867.02 1021.54 2845.48 2474.58 1549.39 403.929 268.441
internal_count=84200 65244 49672 18956 10357 6862 39360 15572 4118 11454 9960 6239 1627 1080
is_linear=0
shrinkage=0.02


Tree=63
num_leaves=15
num_cat=0
split_feature=43 30 47 24 21 16 43 17 1 0 42 48 1 22
split_gain=26.7326 18.3793 16.6182 15.0604 13.9721 15.6533 12.5074 17.8696 12.4457 12.2693 12.1208 10.1871 11.7282 11.3009
threshold=-0.12192448560973664 0.2945175676258322 0.88144907265856365 0.087972720904381907 0.28549645297761927 0.0023163433183924346 0.053299661014939471 1.8697091436371338 -0.001877135235953741 0.00067101482005315716 0.56155411110225806 0.87837969732492682 -0.0021453012714273199 0.10555246520241858
decision_type=2 2 2 2 2 2 2 2 2 2 2 2 2 2
left_child=3 6 4 -1 11 10 7 -2 9 -8 -6 12 -3 -14
right_child=1 2 -4 -5 5 -7 8 -9 -10 -11 -12 -13 13 -15
leaf_value=0.0032823909357331356 0.00085068781620515526 0.0026406442439135419 -0.0038806512052093249 0.00069830830860302261 -0.00024972826343275847 0.0024830783504494738 -0.0029384536203935045 -0.0062359487926109819 -0.0012164095174509869 0.0035330835876076416 -0.0061730655023659988 0.0011480443848648943 -0.0005758883848832779 -0.0036617258989584023
leaf_weight=1161.5744554847479 6109.9100894480944 176.61696943640709 841.82155203819275 3999.3151147812605 949.376868724823 852.93404279649258 153.28795972466469 140.77009633183479 3395.453202277422 452.56318682432175 156.82036601006985 409.17648628354073 704.08310849964619 1465.7775939702988
leaf_count=4676 24487 708 3380 16055 3803 3416 615 564 13615 1812 629 1644 2834 5889
internal_value=3.34399e-05 -0.000374615 -0.00130035 0.00128253 -0.000836013 0.000454682 0.000127524 0.000686235 -0.00074504 0.00188505 -0.00111345 -0.00175279 -0.00226001 -0.00266405
internal_weight=20969.5 15808.6 5556.61 5160.89 4714.79 1959.13 10252 6250.68 4001.3 605.851 1106.2 2755.65 2346.48 2169.86
internal_count=84127 63396 22303 20731 18923 7848 41093 25051 16042 2427 4432 11075 9431 8723
is_linear=0
shrinkage=0.02


Tree=64
num_leaves=15
num_cat=0
split_feature=33 24 8 22 21 43 28 44 48 47 11 27 13 34
split_gain=38.232 18.1262 14.6867 14.1283 12.9055 13.6974 16.0827 13.5141 12.4164 14.322 15.8362 12.1462 11.8593 11.7797
threshold=56.757170543749815 0.19772932515130681 0.0076392013166780579 0.19915067078541324 0.33612471689485607 -0.007975548697576754 0.98518946579336208 0.29751869226041661 -0.60785761079279388 0.35206144883412571 -0.0041491295910241312 1.8508997537059599 0.002234001760604567 32.007000366493422
decision_type=2 2 2 2 2 2 2 2 2 2 2 2 2 2
left_child=2 -2 3 -1 5 6 -5 -8 11 10 -10 -3 -7 -14
right_child=1 8 -4 4 -6 12 7 -9 9 -11 -12 -13 13 -15
leaf_value=0.0012623569077839414 0.0013766906318556918 -0.0022442893758997853 -0.0072278999950921678 0.00077866899103127012 0.0014630141448110593 -0.0028972267522588014 -0.0045592057349065794 0.0036931725392787486 -0.004884194942888556 -0.0025460456775402837 0.00021820987175001069 -0.0064125427748425324 -0.0075321557313923629 0.0013941005570188639
leaf_weight=6262.8853711783886 897.29328921437263 1436.303713992238 92.425590753555298 3070.8696390539408 1748.6699949353933 1343.9236416071653 419.21535593271255 93.659870788455009 262.83965648710728 1726.6109130233526 2653.2320364564657 346.1222308576107 61.160093396902084 553.18147307634354
leaf_count=25142 3591 5769 370 12314 7006 5380 1678 375 1055 6935 10655 1398 245 2214
internal_value=-0.000114915 -0.00128026 0.000510647 0.000566064 -3.25252e-05 -0.000505306 0.000229988 -0.00303107 -0.0016521 -0.00110526 -0.000249268 -0.00306938 -0.0018481 0.000451823
internal_weight=20968.4 7322.4 13646 13553.6 7290.68 5542.01 3583.74 512.875 6425.11 4642.68 2916.07 1782.43 1958.27 614.342
internal_count=84127 29403 54724 54354 29212 22206 14367 2053 25812 18645 11710 7167 7839 2459
is_linear=0
shrinkage=0.02


Tree=65
num_leaves=15
num_cat=0
split_feature=41 34 40 47 22 46 6 2 31 31 18 14 43 11
split_gain=25.8454 17.6139 19.6572 15.9755 10.9914 14.5951 13.9281 11.7525 12.4923 10.9076 11.5404 14.7856 10.9772 10.8303
threshold=0.57913864250411495 44.920567235621526 1.3852108868350905 0.99465189230620699 0.23959646400032278 -0.88144907265856332 -0.00035126814207268349 -0.001835648104310253 -0.63083592585429493 -0.059899498700222077 0.0015828606299243618 0.0011994569215197164 -0.1353935900429574 0.013918756835268565
decision_type=2 2 2 2 2 2 2 2 2 2 2 2 2 2
left_child=1 2 -1 4 6 -6 -3 -7 -9 12 -11 -12 -8 -5
right_child=-2 3 -4 13 5 7 9 8 -10 10 11 -13 -14 -15
leaf_value=0.0020639871377732123 -0.0013983568989787561 0.0019745960070496034 -0.00054233533305365293 -0.0026012250253000715 0.0017308417842883223 0.001900753594783433 -0.0080471759152484813 -0.0096641201351946038 -0.0012721973382775963 0.0032023172119569005 -0.0042497581231321522 0.00048882315658671516 -0.0012225661051291851 -0.011851489310624939
leaf_weight=3862.7807841747999 4179.5043157190084 2047.3772348463535 1649.3378754556179 307.90070790052414 887.2712015658617 471.01103238761425 107.10869218409061 67.414814189076424 3906.9211168587208 500.35792988538742 298.42662154138088 1991.5118573457003 610.44133006036282 56.842887178063393
leaf_count=15529 16788 8206 6626 1234 3554 1886 429 270 15655 2006 1196 7983 2445 228
internal_value=7.77903e-06 0.000358646 0.00128434 -9.51757e-05 4.36439e-05 -0.000604652 0.000665946 -0.00107223 -0.00142651 -9.95797e-05 0.000466773 -0.000136626 -0.00228991 -0.00418359
internal_weight=20944.2 16764.7 5512.12 11252.6 10887.8 5332.62 5555.22 4445.35 3974.34 3507.85 2790.3 2289.94 717.55 364.744
internal_count=84035 67247 22155 45092 43630 21365 22265 17811 15925 14059 11185 9179 2874 1462
is_linear=0
shrinkage=0.02


Tree=66
num_leaves=15
num_cat=0
split_feature=1 43 21 43 17 45 22 35 0 46 25 12 18 2
split_gain=34.9513 19.8885 20.5778 17.2369 13.8002 13.025 15.5534 16.3017 14.5698 13.026 11.733 12.9132 11.7813 11.3999
threshold=7.9847903214290262e-05 -0.051195064470139766 0.36665200331157094 0.48795799099383147 0.64266794026702356 -0.67093106019261539 0.40005419931860781 -0.29875614654484745 -0.0041996384924954623 -0.81241147629688981 4.5000000000000009 0.00070951146218744198 0.002430515759653955 0.0013151773708268983
decision_type=2 2 2 2 2 2 2 2 2 2 2 2 2 2
left_child=3 4 10 5 -2 6 -1 9 -7 -8 11 -3 -13 -10
right_child=1 2 -4 -5 -6 8 7 -9 13 -11 -12 12 -14 -15
leaf_value=0.0025334281728102148 -0.0017704573691114578 -0.00089441621821682025 2.6864955860557778e-05 -0.0044248357133401788 0.0010101419943402657 0.0091572176765666955 0.0035444322155050792 0.0085882980647302102 0.00071058104043119274 -0.0020174320402842399 -0.006540900326578899 -0.0050400753193036068 -0.0020027433827310291 -0.0011507506786821952
leaf_weight=2837.245545104146 970.35231795907021 1882.3759168237448 2124.5141845047474 249.91546933352947 2659.5529108643532 68.471569836139679 205.79863823950291 72.68376861512661 4803.8326874673367 836.4024365991354 250.85062025487423 824.05777002871037 1362.955294713378 1807.2633376717567
leaf_count=11434 3889 7553 8510 1004 10664 275 825 291 19244 3353 1013 3314 5475 7243
internal_value=-6.98374e-05 -0.000918464 -0.00158495 0.000715918 0.000265415 0.000838783 0.00174811 -0.000252829 0.000299854 -0.000907477 -0.00237669 -0.00211229 -0.00315608 0.000201267
internal_weight=20956.3 10074.7 6444.75 10881.6 3629.91 10631.7 3952.13 1114.88 6679.57 1042.2 4320.24 4069.39 2187.01 6611.1
internal_count=84087 40418 25865 43669 14553 42665 15903 4469 26762 4178 17355 16342 8789 26487
is_linear=0
shrinkage=0.02


Tree=67
num_leaves=15
num_cat=0
split_feature=43 21 46 24 6 25 30 25 6 16 28 0 3 6
split_gain=30.6214 20.0773 12.5493 15.8347 15.8032 12.5477 11.6372 10.9827 11.4102 10.8341 11.9891 10.9406 10.5151 10.5662
threshold=-0.019891739892340356 0.41536407246938517 -0.38268343236508934 0.11746728555845368 -0.0012672397713134498 -2.4999999999999996 0.33678425270729834 3.5000000000000004 -0.00019770846964680769 0.0023163433183924346 2.6656417609873331 -0.00046345338527108707 0.0054757269259399907 -0.0012914869868804869
decision_type=2 2 2 2 2 2 2 2 2 2 2 2 2 2
left_child=2 7 -1 5 -5 -4 -3 12 -9 -8 11 -11 13 -2
right_child=1 6 3 4 -6 -7 9 8 -10 10 -12 -13 -14 -15
leaf_value=0.0017517726605656434 0.00058723646264002654 0.001778098880635789 0.0053577897238468279 0.0020331519916236612 -0.00084026315782557428 0.0010801542601271178 -0.0028370552146284268 -0.0065700054600821046 -0.0011521243461897906 0.0056631361639969948 0.0057440736809018979 -0.0037657369542855282 -0.0065063693883181811 -0.0012648432115154168
leaf_weight=3804.9975430965424 1566.2292762100697 1740.0303069353104 347.25417974591255 949.64855651557446 3862.5771385133266 1257.3972299993038 533.8621239811182 292.51287472248077 331.17425446212292 62.198336288332939 155.52860373258591 180.30889262259007 129.8502910733223 5727.9668900668621
leaf_count=15271 6279 6972 1403 3809 15492 5050 2139 1179 1337 249 623 722 521 22986
internal_value=5.95415e-05 -0.000687118 0.000842515 0.000302412 -0.000271699 0.00201962 0.000813945 -0.00118568 -0.00372518 -0.000986196 0.00150065 -0.00128187 -0.000969977 -0.00086703
internal_weight=20941.5 10719.7 10221.9 6416.88 4812.23 1604.65 2671.93 8047.73 623.687 931.898 398.036 242.507 7424.05 7294.2
internal_count=84032 43007 41025 25754 19301 6453 10705 32302 2516 3733 1594 971 29786 29265
is_linear=0
shrinkage=0.02


Tree=68
num_leaves=15
num_cat=0
split_feature=24 45 46 41 7 33 11 22 12 23 5 20 20 6
split_gain=34.9064 20.5732 15.5323 16.2688 15.8796 12.3106 13.9859 13.6465 28.9769 11.4939 11.2021 10.1989 11.0665 12.4968
threshold=0.5155604435637362 -0.9820929809967156 -0.097964660725097477 0.66544009674661109 0.0023557274107823727 65.90921975316563 0.020637156854143312 0.066698821487528773 -0.0078352598970939102 0.63176083145421535 -0.0006458330119433871 0.85476412774913357 0.81248170899711336 -0.0012428792928168601
decision_type=2 2 2 2 2 2 2 2 2 2 2 2 2 2
left_child=1 9 4 -4 10 7 -7 8 -2 -1 -3 12 13 -9
right_child=5 2 3 -5 -6 6 -8 11 -10 -11 -12 -13 -14 -15
leaf_value=-0.0010746476453923387 0.0054469266093490863 -8.5668348222982872e-05 -0.0003432643172758019 -0.0080686183050986265 -0.0020556929662021296 -0.0027197354982975881 0.0012289633236935622 0.00073016980621883011 -0.00055201392248135721 0.0027241677345455945 0.002585097836111981 -0.0060142685633479218 0.0048789480958812545 -0.0013517585243084341
leaf_weight=361.28789356350899 459.03395259380341 890.02142083644867 4034.6066295802593 107.08997020125389 493.73962922394276 2059.3947519510984 431.21137252449989 1536.2136817574501 1050.2881609797478 2548.8005677014589 2127.773535579443 143.18540349602699 134.00209978222847 4589.0426458567381
leaf_count=1453 1839 3565 16162 429 1978 8312 1734 6152 4209 10285 8525 574 537 18380
internal_value=1.20434e-05 0.000821681 0.000276883 -0.000552503 0.0012545 -0.000810121 -0.00203498 -0.000423494 0.00128442 0.00225151 0.00179858 -0.000826809 -0.000703436 -0.000829441
internal_weight=20965.7 10563.3 7653.23 4141.7 3511.53 10402.4 2490.61 7911.77 1509.32 2910.09 3017.79 6402.44 6259.26 6125.26
internal_count=84134 42397 30659 16591 14068 41737 10046 31691 6048 11738 12090 25643 25069 24532
is_linear=0
shrinkage=0.02


Tree=69
num_leaves=15
num_cat=0
split_feature=41 45 8 6 40 6 22 42 1 19 48 13 12 29
split_gain=37.8073 28.4803 17.7681 14.8073 13.5649 11.8415 15.8182 12.8624 11.7919 16.8756 24.1148 12.664 11.432 11.9683
threshold=0.5700825721777506 -1.1292988330557499 -0.0024297191583881866 -0.0013445663010771324 1.4156624164298648 0.00067558565271762943 0.52054760503141784 0.43095597900852994 0.00012781173096695119 -0.33482534586880791 -0.8783796973249266 0.0012466007937995715 -0.028603162046009951 -2.3619938455044216
decision_type=2 2 2 2 2 2 2 2 2 2 2 2 2 2
left_child=1 4 -2 -3 5 7 -7 -1 9 10 11 -5 -6 -14
right_child=2 3 -4 8 12 6 -8 -9 -10 -11 -12 -13 13 -15
leaf_value=0.004969711549751208 0.0025555668772465545 0.0014903026466709598 -0.0018941666321934906 0.011472258243465174 0.0038937472085966815 0.0072643486933352784 -0.0040173507217924499 0.0010952021187932716 -0.00090260276971568828 -0.00022391351081609383 0.0011646234982221548 0.001119474951721365 -0.0029393169771374083 0.0019007078154864101
leaf_weight=500.53950881958008 387.22383819520473 2485.029486015439 4309.1342072188854 151.32080879807472 276.84338609874249 416.23672385513783 53.145237520337105 1076.8660418391228 5208.3404556065798 4055.7984689623117 1166.7219521254301 69.418172687292099 451.21162937581539 365.60510297119617
leaf_count=2021 1551 9957 17315 608 1114 1681 213 4341 20876 16244 4682 279 1816 1471
internal_value=5.49399e-05 0.000511107 -0.00152495 0.000101763 0.00222053 0.0031795 0.00595811 0.00233647 -0.000222732 0.000428028 0.00232773 0.00831342 0.0004195 -0.000774551
internal_weight=20973.4 16277.1 4696.36 13136.6 3140.45 2046.79 469.382 1577.41 10651.6 5443.26 1387.46 220.739 1093.66 816.817
internal_count=84169 65303 18866 52646 12657 8256 1894 6362 42689 21813 5569 887 4401 3287
is_linear=0
shrinkage=0.02


Tree=70
num_leaves=15
num_cat=0
split_feature=8 34 8 22 14 24 21 26 35 47 38 37 10 41
split_gain=30.3018 20.0897 15.7709 13.9885 12.4477 16.7701 12.116 18.1974 12.4372 11.3972 17.9077 12.0369 11.3711 10.301
threshold=0.0034211490188405286 44.44707579559347 -0.0044464174808079545 0.32447670813040996 0.0017611414946450503 0.92164237593026943 0.16735733631503863 1.1200152670882177 -0.35422910268792346 0.35206144883412571 2.9125512387858605 1.4652895565194159 -0.0030751430522556653 0.67380887876872253
decision_type=2 2 2 2 2 2 2 2 2 2 2 2 2 2
left_child=1 3 -3 13 -2 -6 8 9 -4 -8 -11 -12 -10 -1
right_child=4 2 6 -5 5 -7 7 -9 12 10 11 -13 -14 -15
leaf_value=0.0022716614843697148 -0.0040836508757812204 0.0031487207306975431 -0.0036909251066026623 4.7997198819729019e-05 -0.00029282320347372252 -0.0044262919197114907 0.0011655538714425916 -0.0070613143992954014 0.0031703194506935012 0.0043609546778017143 -0.0048630943183709547 -0.00056697342969987564 -0.00089629184965840398 -0.0043623970610960931
leaf_weight=3535.4585045427084 697.87357354164124 566.99239183962345 597.05031813681126 2101.7500720918179 2078.0350507497787 479.31412716209888 3782.8093761056662 126.00578127801418 289.96325409412384 259.99247618019581 295.48178540170193 1993.8301380425692 4093.140395373106 91.692944139242172
leaf_count=14238 2814 2275 2394 8426 8341 1932 15152 508 1161 1041 1185 7986 16418 367
internal_value=4.71492e-05 0.000372838 -9.22704e-05 0.00134673 -0.00172503 -0.00107467 -0.000254231 0.000317322 -0.000994979 0.000469608 -0.000563337 -0.00113086 -0.00062396 0.00209818
internal_weight=20989.4 17734.2 12005.3 5728.9 3255.22 2557.35 11438.3 6458.12 4980.15 6332.11 2549.3 2289.31 4383.1 3627.15
internal_count=84238 71151 48120 23031 13087 10273 45845 25872 19973 25364 10212 9171 17579 14605
is_linear=0
shrinkage=0.02


Tree=71
num_leaves=15
num_cat=0
split_feature=24 43 1 24 46 48 10 10 32 23 23 25 28 11
split_gain=25.432 19.9479 19.2775 10.0045 14.164 11.7456 14.8906 11.0634 10.3178 14.7155 14.3675 10.8998 10.7062 10.9293
threshold=0.31156396034570244 -0.066718396959381879 9.6654027694494796e-05 0.70910082269349872 -0.58216583101416131 -0.60785761079279388 0.0044415885180805704 -0.010284603352207286 -0.18725296025277785 0.72826563115602749 0.80738419249957516 3.5000000000000004 -1.9342649699721239 -0.0010144490888917017
decision_type=2 2 2 2 2 2 2 2 2 2 2 2 2 2
left_child=1 -1 -2 4 7 6 -5 -4 9 -7 11 -10 -12 -14
right_child=2 -3 3 5 -6 8 -8 -9 10 -11 12 -13 13 -15
leaf_value=0.0018419234794964975 0.00011563435048955792 -0.00028359736803720657 -0.004856808057178039 -0.0027501942377241469 -0.00150102632512019 0.00066598510059915402 -0.0091181510372765825 0.0020155955626281431 -0.0017674808967869284 -0.0090535069521043513 0.0086340882808906769 -0.0075133468460838165 -0.0034158336163366051 0.0012416356604086683
leaf_weight=3976.6545664221048 7525.3784656524658 3171.9557095170021 99.38169139623642 666.28849151730537 2232.2280435860157 102.6354955136776 186.56295596063137 928.58782650530338 688.38240003585815 151.08312809467316 56.947458282113075 160.05016013979912 263.44087666273117 803.63695585727692
leaf_count=16001 30166 12717 398 2680 8947 411 756 3720 2763 605 228 645 1059 3243
internal_value=-6.9351e-05 0.000899256 -0.00056891 -0.00138099 -0.000607426 -0.00219776 -0.00418822 0.00133089 -0.00142754 -0.00518485 -0.000932347 -0.00288906 0.000550867 8.12283e-05
internal_weight=21013.2 7148.61 13864.6 6339.23 3260.2 3079.03 852.851 1027.97 2226.18 253.719 1972.46 848.433 1124.03 1067.08
internal_count=84339 28718 55621 25455 13065 12390 3436 4118 8954 1016 7938 3408 4530 4302
is_linear=0
shrinkage=0.02


Tree=72
num_leaves=15
num_cat=0
split_feature=8 41 12 47 40 17 21 10 32 17 19 37 44 37
split_gain=31.1696 21.8771 15.0665 15.5709 15.1933 16.0631 13.5579 13.2189 12.391 12.1426 11.868 11.5447 10.8526 12.3137
threshold=-0.0024297191583881866 0.5700825721777506 0.0046419393971515602 0.41248606129204557 0.9386161540831891 0.79970804531171402 0.27740522945207507 -0.020035235385550021 -0.36901229050297618 1.2833058209274288 -0.95695870595364096 4.7710019030078001 -0.26055846484240086 1.3306262292563729
decision_type=2 2 2 2 2 2 2 2 2 2 2 2 2 2
left_child=-1 2 4 10 6 -6 -2 -7 -3 -8 -4 12 -5 -14
right_child=1 8 3 11 5 7 9 -9 -10 -11 -12 -13 13 -15
leaf_value=0.0015608904382688816 0.00046495193695722254 -0.010666296474298318 0.0059990955844374692 -0.0042208524918878202 -0.0038957700296061489 -0.0064776384056670182 0.0029252829301833891 0.00065756045193455777 -0.0014215929447501299 -0.0049941318176358182 -0.00015683365101627514 0.0016778099420543646 -0.0042810709212327512 0.001628176546963166
leaf_weight=4446.2437507510185 2997.4201092720032 53.938755765557289 125.48806677758694 938.92475305497646 479.44017733633518 105.75800639390945 1880.8418677002192 1663.5668084323406 4251.8829921633005 76.34699422121048 3128.5656176507473 254.4883004873991 229.75067076086998 348.87820981442928
leaf_count=17882 12020 216 504 3763 1923 424 7536 6669 17090 306 12541 1020 923 1398
internal_value=7.52987e-05 -0.000324519 0.000107284 -0.000732692 0.000693473 -0.000668896 0.00131187 0.000214016 -0.00154964 0.00260442 8.94008e-05 -0.00223833 -0.0028984 -0.000734727
internal_weight=20981.5 16535.3 12229.5 5026.1 7203.37 2248.76 4954.61 1769.32 4305.82 1957.19 3254.05 1772.04 1517.55 578.629
internal_count=84215 66333 49027 20149 28878 9016 19862 7093 17306 7842 13045 7104 6084 2321
is_linear=0
shrinkage=0.02


Tree=73
num_leaves=15
num_cat=0
split_feature=41 22 12 47 3 34 47 46 11 8 12 12 43 47
split_gain=21.5777 17.9139 16.3407 16.7045 12.3194 14.9313 16.33 12.745 11.7447 13.8508 12.9148 12.0787 10.9284 15.2973
threshold=0.5700825721777506 0.38628448939854393 0.0075587231384112632 -0.4124860612920454 0.00089704855611859866 46.351048707488836 0.99465189230620699 0.35206144883412582 0.020637156854143312 0.0027854798810512536 -0.0056572707009199417 0.036829679981020304 -0.0094491491699854047 0.98611507088852057
decision_type=2 2 2 2 2 2 2 2 2 2 2 2 2 2
left_child=1 2 -1 -4 5 7 -7 -5 9 10 -2 -11 -3 -14
right_child=8 12 3 4 -6 6 -8 -9 -10 11 -12 -13 13 -15
leaf_value=0.00117866193729301 0.001053927260419994 -0.00015624554439865862 0.0013198127528503362 0.0049829095305515296 0.00058693682165724455 -0.0029031629247085293 -0.013196810871778797 -0.0026609032448277367 0.0026427821013857407 -0.0037523721066674699 -0.0017096651814115882 0.0039006393214278809 -0.0017053956651789757 -0.01034334140999558
leaf_weight=7609.0516326725483 986.35107190907001 3266.3411488384008 1381.3689740747213 173.50338715314865 800.16376413404942 1199.2567575722933 60.593461096286774 166.19575534760952 277.0125341117382 1262.3155097365379 2128.4961317628622 84.271887704730034 1451.5353280007839 82.263824507594109
leaf_count=30559 3953 13089 5544 699 3209 4806 243 670 1114 5093 8541 340 5818 330
internal_value=-0.000134401 0.000213097 0.000644913 -0.000429341 -0.00143687 -0.00244794 -0.00344845 0.00125887 -0.0013207 -0.00156948 -0.000834256 -0.00326077 -0.000811152 -0.00220079
internal_weight=20928.7 16190.3 11390.1 3781.08 2399.71 1599.55 1259.85 339.699 4738.45 4461.43 3114.85 1346.59 4800.14 1533.8
internal_count=84008 64967 45730 15171 9627 6418 5049 1369 19041 17927 12494 5433 19237 6148
is_linear=0
shrinkage=0.02


Tree=74
num_leaves=15
num_cat=0
split_feature=45 24 48 17 42 19 46 14 15 16 24 32 24 27
split_gain=21.4857 20.3797 12.8289 12.1448 11.3648 11.8014 11.0884 10.4481 10.3469 15.3038 14.8026 11.7009 10.7164 10.3318
threshold=0.99786540167007398 0.0028104722233775596 -0.60785761079279388 1.3121028705168045 0.4494979071546274 -0.60823941280338134 0.68322629814330826 0.0017223351395749915 0.0014682697790702355 0.0024092639071157536 0.80605044111705915 0.41450800908721996 0.75440336712843348 0.47384098774772715
decision_type=2 2 2 2 2 2 2 2 2 2 2 2 2 2
left_child=4 -2 -3 8 -1 6 -6 -8 -4 -10 11 12 13 -11
right_child=1 2 3 -5 5 -7 7 -9 9 10 -12 -13 -14 -15
leaf_value=0.0011841209438265856 0.0075295042388668467 -0.0032207230427377565 0.0014851209558295797 0.0014924766992558411 0.002081528190732972 -0.00031410531913386692 -0.0041410559098331821 0.0020271799808267675 -0.0036688155517305395 -0.0068609805644852728 -0.0032726856135989169 -0.0071527621855826734 0.0089182149075926944 0.0019840306519342855
leaf_weight=4147.0492372065783 98.436907097697258 1203.9627522677183 406.86157535016537 713.33341173827648 1657.5778074264526 10015.933269530535 248.86388453841209 189.50934620201588 1087.8372729867697 53.445841327309608 437.70180128514767 54.830196186900139 75.946223944425583 553.54010601341724
leaf_count=16656 394 4853 1638 2865 6671 40131 1001 763 4377 214 1766 220 306 2220
internal_value=-6.27993e-05 -0.00125526 -0.00145175 -0.000818467 0.000281152 -2.83806e-05 0.00133451 -0.00148173 -0.00143747 -0.00196496 -0.00037927 0.00134782 0.00207733 0.00115552
internal_weight=20944.8 4685.9 4587.46 3383.5 16258.9 12111.9 2095.95 438.373 2670.16 2263.3 1175.46 737.762 682.932 606.986
internal_count=84075 18853 18459 13606 65222 48566 8435 1764 10741 9103 4726 2960 2740 2434
is_linear=0
shrinkage=0.02


Tree=75
num_leaves=15
num_cat=0
split_feature=41 1 48 19 17 20 42 1 22 18 6 44 7 22
split_gain=24.776 20.9406 14.0726 19.2386 13.3492 12.504 12.0295 13.6343 11.9441 11.924 13.2238 12.7638 11.3359 15.3571
threshold=0.57313801764884531 0.00012781173096695119 -0.8783796973249266 -0.41217610331534743 0.59637645197339861 0.80445691423829768 0.52276821600305212 1.6402898834303685e-05 0.73580623491962938 0.0028108403512275989 0.0054757269259399907 0.53761647460160666 0.00059071066971913284 0.34158663327910649
decision_type=2 2 2 2 2 2 2 2 2 2 2 2 2 2
left_child=1 2 3 -1 12 -5 8 -8 -4 -6 -11 -12 -3 -14
right_child=-2 4 6 5 9 -7 7 -9 -10 10 11 -13 13 -15
leaf_value=0.0070069482941523134 -0.0013210198959578482 -0.0008657190382164641 0.0011798093324624562 0.00074926717001685722 -0.0010461704972144251 0.0089198368520598502 -0.0016980783178221304 0.007936054048483708 -0.0031534310582303385 0.0011045211454799525 -0.0084133997509760351 0.0033617101467869628 -0.0016217814431966763 -0.0084240066915328878
leaf_weight=335.76015162467957 4564.65244987607 1239.1024415493011 6259.6011446267366 872.54033836722374 2358.8156278431416 77.103349506855011 1111.5459732711315 57.107272282242775 260.50420165061951 3133.0829980820417 109.79212941229343 50.900656506419182 342.9655747115612 214.8690924346447
leaf_count=1357 18347 4968 25139 3498 9462 309 4458 229 1043 12563 440 204 1375 862
internal_value=-1.84179e-05 0.000343907 0.000994329 0.00292742 -0.000439772 0.00145589 0.000669463 -0.00119549 0.0010044 3.8047e-05 0.000814911 -0.00469465 -0.00193877 -0.00429345
internal_weight=20988.3 16423.7 8974.16 1285.4 7449.53 949.644 7688.76 1168.65 6520.11 5652.59 3293.78 160.693 1796.94 557.835
internal_count=84254 65907 36033 5164 29874 3807 30869 4687 26182 22669 13207 644 7205 2237
is_linear=0
shrinkage=0.02


Tree=76
num_leaves=15
num_cat=0
split_feature=26 46 42 11 38 40 11 46 28 22 41 3 41 6
split_gain=20.3336 15.28 12.604 12.0828 11.1663 12.5943 11.5313 10.5706 10.5138 10.5054 11.5416 12.5822 11.3388 14.7274
threshold=-0.78385339992657055 -0.35206144883412549 0.58962428629420127 0.0012894946797972317 3.6004549660446643 0.94545868578045489 0.026922544266936656 1.0000000180025095e-35 -3.0280288495104197 0.23698269417767273 0.45807014192233148 0.0017004952735600587 0.55334495139101547 -0.00035126814207268349
decision_type=2 2 2 2 2 2 2 2 2 2 2 2 2 2
left_child=-1 4 7 -4 5 8 9 -3 -2 12 11 -11 13 -6
right_child=1 2 3 -5 6 -7 -8 -9 -10 10 -12 -13 -14 -15
leaf_value=0.0016313396051788915 0.011564522176930814 -0.0018590338551039509 0.00029613578116558285 -0.0075700366967313077 0.0042591286624216696 0.00020369558277255818 0.0033939303001872334 -0.000264681267478539 0.0027018144646210949 -0.00068848747180072457 -0.0025578721110465284 0.0058176113376557353 -0.0012347233007442796 9.4002234723813898e-05
leaf_weight=2710.483552724123 52.046332269906998 2039.3277490884066 126.67188729345798 197.21893176436424 541.44813513755798 1176.9345205873251 354.09429471194744 8939.0048118978739 1071.1704365462065 617.09139344096184 1258.6874469071627 142.04885657131672 851.3651457130909 897.55938999354839
leaf_count=10946 209 8180 509 794 2171 4716 1420 35852 4294 2472 5050 569 3425 3598
internal_value=1.65291e-05 -0.00022349 -0.000677407 -0.00453589 0.000513316 0.00165199 -4.9617e-05 -0.000561559 0.00316192 -0.000336251 -0.00138676 0.000559022 0.000590258 0.00167051
internal_weight=20975.2 18264.7 11302.2 323.891 6962.45 2300.15 4662.29 10978.3 1123.22 4308.2 2017.83 759.14 2290.37 1439.01
internal_count=84205 73259 45335 1303 27924 9219 18705 44032 4503 17285 8091 3041 9194 5769
is_linear=0
shrinkage=0.02


Tree=77
num_leaves=15
num_cat=0
split_feature=24 1 2 21 1 7 46 48 19 7 2 29 28 48
split_gain=30.4788 17.734 14.7851 11.9045 10.8016 16.9355 12.717 11.0633 12.3127 10.7473 10.4205 8.9751 8.91391 22.044
threshold=0.31965967391310696 7.9847903214290262e-05 -0.0020062940032426523 0.39018661765036922 7.9847903214290262e-05 0.0059779092736181932 -0.5277851165098012 -0.60785761079279388 -0.34857160509797419 -0.0014894660266241064 0.0020072953647827874 -6.7519360925123983 1.1547939306246706 -0.8783796973249266
decision_type=2 2 2 2 2 2 2 2 2 2 2 2 2 2
left_child=4 10 -3 12 7 6 -6 8 11 -5 -2 -1 -4 -14
right_child=1 2 3 9 5 -7 -8 -9 -10 -11 -12 -13 13 -15
leaf_value=-0.0015912127745966907 0.00036561679488451133 0.00090245208547568294 -0.0014585252691291671 -0.0040945310151771202 0.0021280334656025449 -0.010166704690926499 -0.0003790570186749106 0.0010787194569496956 0.00062158955560388861 0.00097534485638427605 -0.0018346812943153378 0.0060201271538975242 -0.0089975557210017505 -0.0024667074163375611
leaf_weight=67.314426198601723 6325.3698453903198 959.97569634020329 2390.6722217351198 199.48336930572987 1185.9175966084003 56.390582829713821 2521.9273472875357 2509.8063018471003 366.96193692088127 913.50451450049877 991.49872028827667 575.17935487627983 233.49283272027969 1622.7342303395271
leaf_count=273 25356 3847 9592 799 4756 226 10110 10107 1473 3661 3977 2324 944 6543
internal_value=-4.61398e-05 -0.00060399 -0.00137959 -0.00178877 0.000998009 0.000252657 0.000424597 0.00179376 0.00355747 5.24113e-05 6.64082e-05 0.00521655 -0.00227078 -0.00331018
internal_weight=20920.2 13636.7 6319.86 5359.89 7283.5 3764.24 3707.84 3519.26 1009.46 1112.99 7316.87 642.494 4246.9 1856.23
internal_count=83988 54719 25386 21539 29269 15092 14866 14177 4070 4460 29333 2597 17079 7487
is_linear=0
shrinkage=0.02


Tree=78
num_leaves=15
num_cat=0
split_feature=41 25 6 39 16 8 48 11 19 39 19 14 21 22
split_gain=20.5417 15.2267 15.5629 17.2518 13.7593 18.7116 12.566 14.3088 11.5177 11.3736 13.8382 11.9136 10.9033 16.2199
threshold=0.60916668793983109 -1.4999999999999998 -0.0016219337864875262 1.9053807100394284 0.0042470761760322545 0.0010094335145077163 -1.0000000180025095e-35 0.02442636782802891 -0.46658099324950936 -0.66108316815212931 0.68861126547352181 0.0039643605984635549 0.42669660927847042 0.0096198888079524376
decision_type=2 2 2 2 2 2 2 2 2 2 2 2 2 2
left_child=1 6 -3 12 5 -2 8 -8 -1 10 -7 -11 13 -4
right_child=4 2 3 -5 -6 9 7 -9 -10 11 -12 -13 -14 -15
leaf_value=0.0041102982474896816 9.5931237762299026e-05 0.0014247241145366875 0.0014594509494363218 0.0032271192374173216 0.0058776922768758845 -0.010764099644271474 0.00011429518118114534 0.008039375786970138 0.001091709980695538 -0.0021080923876171422 0.00067978929220987477 -0.01063469832488877 0.00067429549648668509 -0.001225456203401075
leaf_weight=911.52375014126301 1176.5246025472879 2335.1865680664778 1025.3075051754713 503.16164481639862 91.802208572626114 146.99244518578053 2713.631614997983 89.30163386464119 1139.1018809229136 1269.7307019531727 57.758694469928741 64.598919183015823 2282.9489323496819 7146.37773001194
leaf_count=3684 4715 9362 4115 2021 369 591 10916 358 4571 5125 233 260 9145 28664
internal_value=4.78711e-05 0.00029429 -5.58915e-05 -0.000371927 -0.00154263 -0.00180381 0.00125244 0.000380655 0.00244024 -0.00325165 -0.00759662 -0.00255905 -0.000546603 -0.000887892
internal_weight=20953.9 18146.5 13293 10957.8 2807.41 2715.61 4853.56 2802.93 2050.63 1539.08 204.751 1334.33 10454.6 8171.69
internal_count=84129 72836 53307 43945 11293 10924 19529 11274 8255 6209 824 5385 41924 32779
is_linear=0
shrinkage=0.02


Tree=79
num_leaves=15
num_cat=0
split_feature=41 19 8 6 3 26 7 47 42 5 26 40 35 48
split_gain=22.5063 15.1473 13.4434 12.9028 10.8832 12.6695 10.8816 15.6534 12.3712 10.8135 9.58806 22.8363 10.6823 9.20432
threshold=0.57913864250411495 -1.1965088976809168 -0.0024297191583881866 -0.00047866196019458461 -0.0034009032323093881 -0.090121150156451668 -0.0015889201402828946 -0.93540483100319616 0.43095597900852994 0.0054757269259399907 -0.6153903144163122 0.5374260761759585 -0.74908470279871209 -0.8783796973249266
decision_type=2 2 2 2 2 2 2 2 2 2 2 2 2 2
left_child=1 -1 -2 4 5 -3 7 -6 -9 -8 11 13 -12 -5
right_child=2 3 -4 10 6 -7 9 8 -10 -11 12 -13 -14 -15
leaf_value=0.0030710782547755302 0.0024994025792599746 0.0017830046734091365 -0.0016820238537075406 0.011582626980960355 -0.0092844428137978524 0.009595736082843696 0.0011735579000842814 0.0047707465428307181 -0.0015223502923922684 -0.0062793028834426156 -0.0070481283638607816 7.4004838188735492e-05 -0.00048761066720726429 0.0036013287046435406
leaf_weight=738.44219478964806 329.53086642920971 297.6989610940218 3890.737621307373 88.348494321107864 83.735415667295456 111.88794669508934 4599.4851056933403 145.14540214836597 740.64881625771523 74.313963085412979 95.526539891958237 1389.0542072504759 8233.9708096832037 171.32846339046955
leaf_count=2986 1320 1196 15650 358 336 448 18456 583 2971 298 383 5599 33000 692
internal_value=-4.83793e-05 0.000280238 -0.00135295 0.000150766 0.00087889 0.00400722 0.000648493 -0.00127517 -0.000470179 0.00104847 -0.000291141 0.00110018 -0.000567033 0.00648427
internal_weight=20989.9 16769.6 4220.27 16031.1 6052.92 409.587 5643.33 969.53 885.794 4673.8 9978.23 1648.73 8329.5 259.677
internal_count=84276 67306 16970 64320 24288 1644 22644 3890 3554 18754 40032 6649 33383 1050
is_linear=0
shrinkage=0.02


Tree=80
num_leaves=15
num_cat=0
split_feature=24 41 25 1 46 21 42 46 17 9 11 42 40 10
split_gain=23.114 18.3407 16.2328 13.8316 13.4685 12.4861 15.2983 13.9469 12.4202 11.0422 10.7686 9.67322 9.87817 9.49598
threshold=0.72180462550881697 0.67380887876872253 2.5000000000000004 -0.00028929635450085822 -0.38268343236508934 0.40815611046268913 0.38034902552477878 -0.5277851165098012 0.87477270430957565 0.0050813730473049283 0.028343714795668846 0.46560741369246722 1.0788958187062476 -0.0037538244980032643
decision_type=2 2 2 2 2 2 2 2 2 2 2 2 2 2
left_child=1 3 -2 13 -3 6 -5 -8 -9 -7 -11 -10 -13 -1
right_child=2 4 -4 5 -6 9 7 8 11 10 -12 12 -14 -15
leaf_value=0.002535232577355682 -0.0003676513224386348 0.0018643706095134225 -0.002824205226437422 0.0059257737355204792 -0.006507467526389055 0.001886019359430047 0.00093451447417900282 -0.002151275329040127 0.0029919703343095896 -0.0023998481528056548 0.0062307601478144483 0.0012323861840147856 -0.0028561121283554652 0.00082277236775924844
leaf_weight=2040.9885602295399 5492.6737458705902 108.94677762687206 1333.722384750843 144.00635565817356 241.70628488063812 2193.3760520517826 1674.7978246510029 2308.9572784155607 372.00083318352699 461.13797397911549 61.173504084348679 472.00867137312889 464.33057229220867 3551.7693220376968
leaf_count=8230 22042 437 5383 579 970 8787 6718 9261 1494 1848 245 1893 1863 14255
internal_value=0.000105533 0.000568112 -0.000849322 0.000683912 -0.00391672 0.000158153 -0.000395106 -0.000572538 -0.00127063 0.00126432 -0.00133953 0.000285816 -0.000799501 0.00144941
internal_weight=20921.6 14095.2 6826.4 13744.5 350.653 8151.79 5436.1 5292.1 3617.3 2715.69 522.311 1308.34 936.339 5592.76
internal_count=84005 56580 27425 55173 1407 32688 21808 21229 14511 10880 2093 5250 3756 22485
is_linear=0
shrinkage=0.02


Tree=81
num_leaves=15
num_cat=0
split_feature=1 21 17 17 20 25 21 31 12 37 31 8 9 13
split_gain=26.2789 22.1745 22.4463 14.1619 13.6448 11.3389 10.7661 10.5038 12.7109 9.49869 10.7183 9.16777 11.6467 9.05453
threshold=7.9847903214290262e-05 0.40815611046268913 0.79609463427654503 0.78090599447956988 -0.69499382998925097 -3.4999999999999996 0.14603669322167931 -1.1351460854283679 -0.0040949097250940038 9.3912784836814662 0.28407119849930662 -0.0024297191583881866 -0.011489227171937117 0.0016681539035111033
decision_type=2 2 2 2 2 2 2 2 2 2 2 2 2 2
left_child=5 2 3 13 6 9 -4 -6 -9 10 11 12 -1 -2
right_child=1 -3 4 -5 7 -7 -8 8 -10 -11 -12 -13 -14 -15
leaf_value=-0.0044748714281208383 -0.0028275643827434518 0.00087643593681767525 0.00084605153749334801 -0.0090304463704573967 -0.0058281335298301356 0.00043425173082790511 0.0065686059516730433 0.0011373702830674137 -0.0015374911032836869 0.0064399246113014674 0.0051731159606338327 -0.0056875421560136745 0.0029052040520978818 -0.00043070655718844587
leaf_weight=105.97971902787685 2539.0039090961218 2455.812614902854 670.69124147295952 122.91716179251671 158.48980955779552 9842.4087913185358 159.19787594676018 1073.4786439836025 2080.6965935528278 206.07071948051453 236.73614370822906 85.977412268519402 370.714873239398 840.81223322451115
leaf_count=428 10202 9839 2694 494 635 39509 639 4307 8367 833 952 346 1498 3377
internal_value=-4.17693e-05 -0.000775647 -0.00130655 -0.00248388 -0.000309274 0.00064163 0.00197657 -0.000884041 -0.000626781 0.00265941 0.0016509 0.000136471 0.00123503 -0.0022328
internal_weight=20949 10101.1 7645.29 3502.73 4142.55 10847.9 829.889 3312.67 3154.18 1005.48 799.408 562.672 476.695 3379.82
internal_count=84120 40554 30715 14073 16642 43566 3333 13309 12674 4057 3224 2272 1926 13579
is_linear=0
shrinkage=0.02


Tree=82
num_leaves=15
num_cat=0
split_feature=33 10 33 29 22 21 14 6 18 24 48 17 10 21
split_gain=21.9059 13.9625 12.3975 17.4539 15.1337 14.1902 19.6545 14.3868 16.7709 11.1007 11.9648 12.6647 12.7535 12.1021
threshold=65.90921975316563 0.02713098262371174 35.733022922023032 2.2634220110873575 0.14636630650768315 0.42268009659722655 0.0010286900325869582 -0.00021274323764713235 0.0039860699640794466 0.12124006838682043 -1.0000000180025095e-35 1.2467240243328377 0.01038103465088378 4.6880127609473835e-05
decision_type=2 2 2 2 2 2 2 2 2 2 2 2 2 2
left_child=2 9 3 -1 -5 7 -7 -4 -9 -2 -11 12 13 -12
right_child=1 -3 5 4 -6 6 -8 8 -10 10 11 -13 -14 -15
leaf_value=0.00081625609416448362 0.0035837977633846768 0.0035334815306542313 0.00052881101022113461 0.0094195272893129404 0.0020760716097883215 -0.0022402777889797706 0.0019856809710398042 -0.0014723349793592359 0.0011180695119231165 -0.0035183759373733138 -0.0088852228840598877 0.0022182424555829273 -0.0046195869022705571 8.8170226110633287e-05
leaf_weight=3150.957391038537 143.41004225611687 207.31403438746929 4787.3989846408367 179.2084303945303 297.32402957975864 528.65452559292316 2523.7696542590857 4822.926188185811 1256.837473616004 1255.3215256035328 59.526811569929123 386.17221033573151 446.5170646905899 878.64527279138565
leaf_count=12707 574 832 19185 728 1199 2117 10108 19329 5036 5072 241 1554 1799 3543
internal_value=3.51523e-05 -0.00143876 0.000319133 0.00135964 0.00490684 4.75825e-05 0.00125131 -0.000290948 -0.000936356 -0.00176903 -0.00202819 -0.000964902 -0.00185743 -0.000525274
internal_weight=20924 3376.91 17547.1 3627.49 476.532 13919.6 3052.42 10867.2 6079.76 3169.59 3026.18 1770.86 1384.69 938.172
internal_count=84024 13615 70409 14634 1927 55775 12225 43550 24365 12783 12209 7137 5583 3784
is_linear=0
shrinkage=0.02


Tree=83
num_leaves=15
num_cat=0
split_feature=45 17 47 11 18 11 33 3 41 19 6 24 16 12
split_gain=23.9666 14.2793 14.0924 13.7021 15.5548 13.2543 14.1731 12.9038 12.6817 11.4382 10.3613 10.6504 10.294 9.92399
threshold=-0.7011551918877339 1.4637846359191722 0.93540483100319638 0.0039446094990773341 0.0025560178459962195 0.022373993931394252 74.563660651420136 -0.00019773735701444171 0.62250529008539612 -0.45837805939963067 -0.0020062940032426523 0.03743758545706851 0.0032101756438867395 -0.0033692762651134373
decision_type=2 2 2 2 2 2 2 2 2 2 2 2 2 2
left_child=1 10 5 8 -5 6 13 -8 -4 -3 11 -1 -12 -2
right_child=2 9 3 4 -6 -7 7 -9 -10 -11 12 -13 -14 -15
leaf_value=-0.0035789318464964819 0.00062092473630867182 0.001388409548356166 0.00028456299343602212 -0.0087745459208583235 -0.0022493063320077654 0.0023296788209187093 -0.0071340939107860562 -0.0013700208045510618 -0.005900586322658323 -0.003255616801680899 0.0015407368566992936 0.0044790599332628009 -0.0017687102697604537 -0.00056635976422782903
leaf_weight=68.706532463431358 4577.2816344946623 376.89199322462082 937.25169633328915 202.80197279155254 510.94070921838284 819.6263772547245 201.90530470013618 637.69559322297573 149.37417113780975 473.95263792574406 3576.779419824481 694.16835021972656 415.85203549265862 7301.0383398383856
leaf_count=278 18349 1522 3757 816 2052 3288 817 2579 601 1900 14403 2792 1675 29279
internal_value=6.00624e-05 0.0011785 -0.000349002 -0.00200881 -0.00415152 -0.000127603 -0.00028682 -0.00279018 -0.000588817 -0.0012024 0.0016053 0.00373476 0.00119426 -0.000108774
internal_weight=20944.3 5606.35 15337.9 1800.37 713.743 13537.5 12717.9 839.601 1086.63 850.845 4755.51 762.875 3992.63 11878.3
internal_count=84108 22570 61538 7226 2868 54312 51024 3396 4358 3422 19148 3070 16078 47628
is_linear=0
shrinkage=0.02


Tree=84
num_leaves=15
num_cat=0
split_feature=1 21 19 43 16 19 48 7 42 49 9 33 3 23
split_gain=20.3025 21.2265 15.1456 12.2614 11.3956 10.4998 17.3283 19.0017 14.8159 11.9559 10.654 12.064 10.4891 11.6938
threshold=7.9847903214290262e-05 0.33612471689485607 -0.47392471053167384 0.48795799099383147 0.00080577440165105192 -0.34857160509797419 -0.60785761079279388 0.00043076142709546408 0.4494979071546274 1.0000000180025095e-35 -0.0017010617418937682 47.202433741430561 -0.00082889742953827777 0.91690893029567
decision_type=2 2 2 2 2 2 2 2 2 2 2 2 2 2
left_child=3 2 4 5 -2 6 10 -8 9 -7 -1 -12 13 -11
right_child=1 -3 -4 -5 -6 8 7 -9 -10 12 11 -13 -14 -15
leaf_value=0.0017355735591105122 0.0076113794688147645 0.00063421348999441267 -0.001929558773119568 -0.0037684845370730873 -0.00016325708119728759 0.0031977667465860056 -0.00091422052624349657 0.0029821218922474468 -0.0001977027679537587 -0.0010330267716837458 0.0089057747571695961 0.0020143081781136235 -0.0019478360113298087 0.0076762413422592855
leaf_weight=402.19564326107502 73.474450558423996 3290.6441144645214 4805.4468375593424 250.57972989976406 1928.1682565361261 1076.934577062726 1204.4302250593901 849.76624038815498 5956.0990349054337 125.8385604172945 264.41541756689548 168.95374035835266 453.73357075452805 114.00049284100533
leaf_count=1633 295 13187 19325 1008 7739 4319 4859 3425 23878 505 1067 677 1819 457
internal_value=-3.85091e-05 -0.000683993 -0.00132123 0.000561323 0.000140381 0.000665246 0.00169264 0.00070092 0.000280152 0.00188372 0.00411208 0.00627268 -0.000164938 0.00317889
internal_weight=20964.7 10097.7 6807.09 10866.9 2001.64 10616.4 2889.76 2054.2 7726.61 1770.51 835.565 433.369 693.573 239.839
internal_count=84193 40546 27359 43647 8034 42639 11661 8284 30978 7100 3377 1744 2781 962
is_linear=0
shrinkage=0.02


Tree=85
num_leaves=15
num_cat=0
split_feature=1 21 20 43 37 22 7 1 7 42 41 2 21 29
split_gain=26.7864 13.0409 14.2706 11.1852 10.6987 11.9183 10.2764 13.2597 10.3391 10.1897 9.97536 9.47724 9.13927 9.08528
threshold=7.9847903214290262e-05 0.43089609930899209 -0.68152180059017919 -0.68247467124951755 1.8428421953709579 0.056698714631310744 -0.0012671741391389226 0.0030087974718073424 -0.00069922062266926084 0.52995142034475695 0.57913864250411495 0.00015871425612667752 0.02718749697079571 -4.2762480902041107
decision_type=2 2 2 2 2 2 2 2 2 2 2 2 2 2
left_child=10 2 3 -2 5 9 7 -6 -8 -3 -1 -12 13 -5
right_child=1 4 -4 12 6 -7 8 -9 -10 -11 11 -13 -14 -15
leaf_value=0.00097091076604253622 0.0082207846157395289 -0.0023780080234756104 -0.0015399801644278069 -0.0068785811113833382 -0.0032257119078134932 0.00010263618110834009 0.0064513259740909155 0.0057613531392923956 0.0014668675034206333 -0.013079500096437321 0.00074744925210135148 -0.0020297511064091725 0.0015680160459450602 -0.00050406609340323649
leaf_weight=8902.301576808095 68.492609292268753 95.574650853872299 6368.2151735424995 103.50024083256721 321.72861710190773 347.16087481379509 191.68286043405533 77.384196951985359 1121.3014260232449 54.572848781943321 1006.3602873235941 952.09788779914379 848.35404029488564 514.48226694762707
leaf_count=35764 276 383 25595 416 1289 1391 768 310 4492 219 4036 3826 3405 2064
internal_value=-2.84081e-06 -0.000743375 -0.00112298 0.000606599 0.000613937 -0.00195538 0.00136376 -0.00143348 0.00221626 -0.00656376 0.000686695 -0.000604408 0.000224212 -0.00161831
internal_weight=20973.2 10112.4 7903.04 1534.83 2209.41 497.308 1712.1 399.113 1312.98 150.147 10860.8 1958.46 1466.34 617.983
internal_count=84234 40608 31756 6161 8852 1993 6859 1599 5260 602 43626 7862 5885 2480
is_linear=0
shrinkage=0.02


Tree=86
num_leaves=15
num_cat=0
split_feature=1 24 21 41 17 43 41 43 47 34 25 6 6 26
split_gain=20.8566 15.9129 15.3724 14.701 13.8382 11.4946 11.1764 11.0402 10.8196 12.0037 10.765 9.0809 8.63667 11.2464
threshold=7.9847903214290262e-05 0.32384473751309395 0.37339382081836331 0.33836013698656742 0.87916016873490566 -0.073202882352173218 0.3195809285654882 0.32434000500341625 0.93540483100319638 62.313372405982683 4.5000000000000009 -0.0012672397713134498 0.0021949503082675822 0.22943423707458502
decision_type=2 2 2 2 2 2 2 2 2 2 2 2 2 2
left_child=1 3 4 -1 10 -6 -3 -5 11 -10 12 -4 -2 -14
right_child=2 6 8 7 5 -7 -8 -9 9 -11 -12 -13 13 -15
leaf_value=0.0042915752334602439 -0.0014502400554638752 -0.0037845934908314269 0.0032435401796389817 0.0012274413510138013 0.0012914066940960651 -0.0011217087008774048 0.00021734630167289802 -0.0076363667661432299 -0.0010266211562331815 -0.011124817783529188 -0.0067133511759840669 0.00036905885473005731 -0.0096633208938942984 -0.0014894374927489329
leaf_weight=693.72792139649391 3514.0523833632469 285.69315165281296 563.91346473991871 2802.2912431359291 1269.1549938619137 2071.4072913229465 7018.5255049020052 52.429128870368004 252.59492951631546 53.241202741861343 176.8345438092947 1941.5058854669333 117.32443678379059 154.67185793817043
leaf_count=2808 14119 1146 2260 11288 5095 8330 28142 210 1012 214 717 7779 470 623
internal_value=-1.64115e-05 0.000592416 -0.000669629 0.00169016 -0.00115315 -0.000204352 5.83348e-05 0.00105158 0.000586344 -0.00293523 -0.00195169 0.00102121 -0.00172073 -0.00512599
internal_weight=20967.4 10852.7 10114.7 3548.45 7303.45 3340.56 7304.22 2854.72 2811.26 305.836 3962.88 2505.42 3786.05 271.996
internal_count=84213 43594 40619 14306 29354 13425 29288 11498 11265 1226 15929 10039 15212 1093
is_linear=0
shrinkage=0.02


Tree=87
num_leaves=15
num_cat=0
split_feature=37 24 25 32 23 47 30 7 22 43 39 23 49 33
split_gain=20.4751 16.7716 19.0396 16.6721 12.3922 11.3369 16.4378 12.1062 10.2139 9.94385 9.79531 9.68993 10.2338 9.24393
threshold=1.809792781264415 0.63355772066797089 4.5000000000000009 0.47856621438903651 0.54983308889198479 0.58216583101416164 0.27403832849772741 -0.0038380102180611544 0.32447670813040996 -0.11025802073229922 -0.90771677976578646 1.0703453049370601 0.81174490092936691 76.87396520671048
decision_type=2 2 2 2 2 2 2 2 2 2 2 2 2 2
left_child=3 4 13 5 -2 7 -7 -1 -6 11 -10 12 -9 -3
right_child=1 2 -4 -5 8 6 -8 9 10 -11 -12 -13 -14 -15
leaf_value=0.0071283736952162079 -0.00070780470211958407 -0.00015808561328611428 -0.0067182141010916942 0.0045475133642607296 0.0015248430948627363 0.0047193470783557347 -0.0044074432167404733 -0.0026885840464304081 -0.0058802858614313879 -0.001890339139955064 0.00028379712905392962 0.0052937538012713748 0.0054697863707485203 -0.0055064576011658343
leaf_weight=67.288501664996147 1765.9874220490456 6369.9278594553471 183.30355477333069 176.44111450016499 6681.9379389584064 83.045301660895348 834.91522347927094 242.53553660213947 102.88112702965736 1747.4381309896708 2331.3534550517797 159.62419740855694 76.893782138824463 126.95104846358299
leaf_count=270 7077 25553 742 710 26876 334 3359 972 412 7029 9350 640 308 516
internal_value=6.52576e-05 0.000339964 -0.000448669 -0.00135706 0.000824062 -0.001688 -0.00356067 -0.000932452 0.00112104 -0.00119149 1.17572e-05 0.00135089 -0.00067065 -0.000266749
internal_weight=20950.5 17562.3 6680.18 3388.18 10882.2 3211.74 917.961 2293.78 9116.17 2226.49 2434.23 479.054 319.429 6496.88
internal_count=84148 70526 26811 13622 43715 12912 3693 9219 36638 8949 9762 1920 1280 26069
is_linear=0
shrinkage=0.02


Tree=88
num_leaves=15
num_cat=0
split_feature=1 38 11 42 17 7 20 27 41 25 41 49 1 6
split_gain=19.4578 17.0462 14.7388 14.6963 17.8452 13.9139 13.8112 16.9501 12.8487 12.1268 13.9819 11.3006 11.2016 10.3781
threshold=7.9847903214290262e-05 6.6658727475367838 0.016702266830755978 0.43198929350163467 0.36340720511262914 -0.00025732717300885037 -0.35631522549144962 -2.2660315523654675 0.36091282276563358 2.5000000000000004 0.46472172894039571 1.0000000180025095e-35 0.00087767567560647177 -0.00041235597361132214
decision_type=2 2 2 2 2 2 2 2 2 2 2 2 2 2
left_child=3 9 -3 4 5 -1 -5 -8 -9 13 -11 -6 -12 -2
right_child=1 2 -4 6 11 -7 7 8 -10 10 12 -13 -14 -15
leaf_value=0.002213096370805022 0.0017412927478154575 -0.0020704682889520058 0.00084762267875331118 0.0015715135726014635 0.0032353521598104664 0.01515445069750947 -0.0062795603726449531 -0.004043478560321832 0.0002447267472288057 0.0032372811911700133 2.2414884012252668e-05 -0.00023576642282117149 -0.0044165803962112572 -0.00016758576634917058
leaf_weight=63.297886699438095 1952.1501225531101 3423.0645259916782 864.58683975040913 2720.4640886634588 896.31441424787045 69.918683245778084 169.29435506463051 288.23305669426918 5958.710867613554 188.96649293601513 375.96986483037472 641.57281345129013 570.19222129881382 2724.2778691053391
leaf_count=255 7831 13761 3474 10961 3609 281 680 1155 23894 758 1513 2583 2296 10928
internal_value=0.000105135 -0.000525915 -0.00148175 0.000694782 0.0024164 0.00930787 0.000378749 -0.000127809 4.37941e-05 0.000179946 -0.00166992 0.00179121 -0.00266184 0.000630274
internal_weight=20907 10099.2 4287.65 10807.8 1671.1 133.217 9136.7 6416.24 6246.94 5811.56 1135.13 1537.89 946.162 4676.43
internal_count=83979 40561 17235 43418 6728 536 36690 25729 25049 23326 4567 6192 3809 18759
is_linear=0
shrinkage=0.02


Tree=89
num_leaves=15
num_cat=0
split_feature=24 42 25 7 4 4 2 10 48 33 17 8 41 15
split_gain=17.8747 17.8772 13.8966 12.5127 13.2982 11.6788 11.4858 10.7949 14.4203 12.2 10.3227 10.3058 10.0903 10.0853
threshold=0.19772932515130681 0.45019110602029716 -2.4999999999999996 -0.0015550620641087837 -0.0040227124310468791 -0.0047385571080584216 0.0015991000560039324 0.002135594426641033 -0.60785761079279388 54.211543314130829 1.2739595169978479 -0.005263496032875248 0.37887961732717695 0.0035319968341721787
decision_type=2 2 2 2 2 2 2 2 2 2 2 2 2 2
left_child=5 6 -3 11 13 -1 -2 -6 9 -9 -10 -4 -8 -5
right_child=1 2 3 4 7 -7 12 8 10 -11 -12 -13 -14 -15
leaf_value=0.0070194717438740216 0.00051550589725382081 0.0016510720827455105 0.0030445170762476328 -0.0067619974054589716 0.00014762568520411266 0.00079703251844411504 -0.0016160589170076708 0.0025495606897519042 -0.0010983270515776864 -0.0040031360994755407 0.0017377213992068156 -0.0027109761327774105 0.0066923220749000095 0.00033001023997011582
leaf_weight=118.8317736685276 2997.6829504072666 885.31237001717091 128.85465101897717 236.17575024068356 4950.9352470487356 4877.9116430133581 76.259387999773026 125.64749275147915 2708.9042139798403 945.42346495389938 628.42848351597786 1949.3868317902088 223.91689974069595 119.49853192269802
leaf_count=479 12029 3557 517 947 19853 19626 306 503 10894 3815 2524 7821 898 479
internal_value=-9.15665e-05 -0.000418109 -0.000759292 -0.00094086 -0.000638861 0.000951883 0.000892731 -0.00049336 -0.00121258 -0.00322616 -0.000562491 -0.00234767 0.00458969 -0.0044077
internal_weight=20973.2 15976.4 12678.6 11793.3 9715.01 4996.74 3297.86 9359.34 4408.4 1071.07 3337.33 2078.24 300.176 355.674
internal_count=84248 64143 50910 47353 39015 20105 13233 37589 17736 4318 13418 8338 1204 1426
is_linear=0
shrinkage=0.02


Tree=90
num_leaves=15
num_cat=0
split_feature=33 22 7 48 48 11 30 39 6 38 20 42 18 1
split_gain=20.4543 11.3779 16.5577 11.2191 10.1122 12.1231 10.8917 10.2345 10.1712 10.0701 9.74823 9.67134 10.2653 10.6197
threshold=61.072538379144099 0.22472006558324784 0.0059779092736181932 -1.0000000180025095e-35 -0.8783796973249266 0.010768878236945648 0.10889537522765076 -0.81689509228315493 0.0020953063217175917 1.5630700720317652 0.67905365538447127 0.43198929350163467 0.001404811645237455 0.00015871425612667752
decision_type=2 2 2 2 2 2 2 2 2 2 2 2 2 2
left_child=1 4 10 -2 8 9 -7 -8 11 -6 -3 12 -1 -14
right_child=3 2 -4 -5 5 6 7 -9 -10 -11 -12 -13 13 -15
leaf_value=0.0015171698808065411 -0.0021867401450733691 -0.00021412945297460484 0.0076243999649029193 -0.00031403381599000676 0.0020865037820029316 0.010169140701375 -0.0053730993034982457 0.0030789498029210093 -0.0056641596269686864 -7.8055657549586243e-05 -0.0054765721263277676 0.001925066446265507 0.013239768957441776 0.0022725384536828419
leaf_weight=112.30646535754204 2194.0057608932257 7453.3385589420795 101.58400654792786 3065.3982076644897 1030.8639176189899 73.152979388833046 59.653712019324303 525.98702515661716 53.082007616758347 5053.9063082635403 138.53046378493309 895.72219061851501 100.19270811975002 56.798570990562439
leaf_count=453 8847 29879 407 12336 4160 294 239 2109 213 20292 555 3598 405 228
internal_value=-1.80944e-05 0.000344463 -0.000203998 -0.00109658 0.000874243 0.000570299 0.00313688 0.00217982 0.00254771 0.00029007 -0.000313696 0.00294447 0.00623826 0.0094645
internal_weight=20914.5 15655.1 7693.45 5259.4 7961.67 6743.56 658.794 585.641 1218.1 6084.77 7591.87 1165.02 269.298 156.991
internal_count=84015 62832 30841 21183 31991 27094 2642 2348 4897 24452 30434 4684 1086 633
is_linear=0
shrinkage=0.02


Tree=91
num_leaves=15
num_cat=0
split_feature=33 1 48 26 7 41 9 1 26 38 47 23 38 3
split_gain=21.2084 12.8127 10.6351 13.467 10.7376 9.82388 13.1168 15.0341 9.63052 9.03357 11.4899 18.4877 12.5687 9.94204
threshold=74.563660651420136 -0.00098979999672822402 -0.60785761079279388 2.305555778858253 -0.00082878549785931905 0.60916668793983109 -0.00054164594203074832 0.0019211508660176185 0.89417471219129274 4.0225680973081444 0.99465189230620699 1.0089950288881855 5.7930038296586082 -0.0035360380131247795
decision_type=2 2 2 2 2 2 2 2 2 2 2 2 2 2
left_child=1 -1 -2 4 -4 9 7 -7 -6 -3 13 12 -12 -11
right_child=2 5 3 -5 8 6 -8 -9 -10 10 11 -13 -14 -15
leaf_value=0.00099162193488556006 -0.0058827734250044466 0.0007869837897011776 0.0021599162251296623 0.0046199977032914362 0.0028024111573916651 -0.0053296666536320958 -0.00044818482171041132 0.004829967665944488 -0.0044402921249733869 0.0036387974893774084 0.00041174688478456522 0.0045644319414662174 -0.010937112602297195 -0.00033946130785417498
leaf_weight=5454.1547531932592 285.97741141915321 4399.2446118444204 161.28562620282173 120.64239591360092 80.549268499016762 473.77649772167206 1407.725455224514 62.388549312949181 579.24565459787846 255.11609449982643 54.338568672537804 62.921572715044022 130.46538598835468 7399.4487880021334
leaf_count=21914 1163 17662 651 487 324 1898 5672 250 2340 1023 218 253 524 29691
internal_value=8.56719e-06 0.000167775 -0.00253638 -0.00149447 -0.0024154 -0.000147889 -0.00146719 -0.00411378 -0.00354166 6.10985e-05 -0.000343248 -0.00453909 -0.00767723 -0.000204583
internal_weight=20927.3 19699.6 1227.7 941.723 821.081 14245.4 1943.89 536.165 659.795 12301.5 7902.29 247.726 184.804 7654.56
internal_count=84070 79105 4965 3802 3315 57191 7820 2148 2664 49371 31709 995 742 30714
is_linear=0
shrinkage=0.02


Tree=92
num_leaves=15
num_cat=0
split_feature=1 21 19 47 20 20 34 12 23 26 23 2 48 47
split_gain=15.6209 16.8349 12.335 11.579 11.5413 11.5363 11.5166 16.1602 14.3312 14.6702 12.4367 12.3347 11.0727 11.0343
threshold=-0.00028929635450085822 0.33612471689485607 -0.8512149231052476 0.93540483100319638 -0.39914708474334343 -0.94729325915268747 38.011562219260938 -0.0091995045656737325 0.62825913267942701 -0.32277938214584051 0.79010602803623442 0.0021467107126950514 -1.0000000180025095e-35 0.41248606129204557
decision_type=2 2 2 2 2 2 2 2 2 2 2 2 2 2
left_child=4 2 5 6 -1 -2 13 10 9 -9 11 -8 -10 -3
right_child=1 3 -4 -5 -6 -7 7 8 12 -11 -12 -13 -14 -15
leaf_value=0.0018519317068808928 -0.0040693644825301276 -0.0054368208845477321 -0.0011969817538028994 -0.0024408066038909969 0.00023925868556056481 0.0021442054483341347 0.0077978133459213617 0.0074291439241163963 -0.00018153248521352909 -0.0028781838178176629 0.0010965246481034743 -0.0022163504666701385 0.0029769133194139136 0.0045089914079606786
leaf_weight=2453.755495429039 135.50429879128933 183.96523757278919 7372.9982092231512 417.35283386707306 6390.7530338317156 804.14869612455368 338.68817174434662 56.101207986474037 816.49073708057404 589.64689834415913 325.52317474782467 55.171700909733772 966.73520059883595 54.244154721498489
leaf_count=9909 546 739 29640 1674 25628 3238 1357 225 3274 2361 1305 221 3874 218
internal_value=4.86313e-05 -0.000417774 -0.000921908 0.000683667 0.00068746 0.00123137 0.00107175 0.0013938 0.000610553 -0.0019325 0.00401594 0.00638484 0.00153428 -0.00312586
internal_weight=20961.1 12116.6 8312.65 3803.92 8844.51 939.653 3386.57 3148.36 2428.97 645.748 719.383 393.86 1783.23 238.209
internal_count=84209 48672 33424 15248 35537 3784 13574 12617 9734 2586 2883 1578 7148 957
is_linear=0
shrinkage=0.02


Tree=93
num_leaves=15
num_cat=0
split_feature=1 21 17 45 40 41 45 30 17 11 23 39 21 4
split_gain=16.2186 12.8004 13.3457 11.8657 15.5908 11.4004 11.5789 11.4846 10.4566 10.1754 12.9223 9.93718 11.2379 9.25429
threshold=0.00012781173096695119 0.42669660927847042 0.79609463427654503 -0.67093106019261539 1.4156624164298648 0.4252729738327114 1.2167366665568495 1.167976334341853 0.78090599447956988 -0.0071546574377086385 0.57367378424689319 -0.27018850721527155 0.028993823763379594 0.00060790268271175248
decision_type=2 2 2 2 2 2 2 2 2 2 2 2 2 2
left_child=3 2 8 4 -1 6 -4 -8 9 10 -2 12 -12 -6
right_child=1 -3 5 -5 13 -7 7 -9 -10 -11 11 -13 -14 -15
leaf_value=0.0021503180560684108 -0.0042911384665125047 0.00074461017202487616 0.0023022625034185363 2.3507049568279982e-05 -0.0017051593588103065 -0.00086162066484684859 -0.0070803214994926292 0.0041464004792353057 -0.0075913577872720106 -0.0021369989142775727 -0.002526162655340248 -0.001844463970958536 0.0077032891095889303 0.0024599808010126725
leaf_weight=2915.2892258614302 127.88839049637318 2199.2235139757395 972.7439588457346 7055.6056353747845 823.8191714733839 3037.6388104110956 106.82641573250294 50.102026432752609 120.10247851908207 2860.1293365955353 53.327175676822662 110.26822513341904 179.18182939291 282.56270383298397
leaf_count=11761 513 8813 3906 28290 3318 12215 429 201 483 11502 214 443 719 1139
internal_value=-6.54516e-06 -0.000598268 -0.000986164 0.000517913 0.00138419 -0.000223825 0.00148742 -0.00347865 -0.00190511 -0.001689 0.00102722 0.00304463 0.00535332 -0.000635128
internal_weight=20894.7 9817.43 7618.21 11077.3 4021.67 4167.31 1129.67 156.928 3450.9 3330.79 470.666 342.777 232.509 1106.38
internal_count=83946 39438 30625 44508 16218 16751 4536 630 13874 13391 1889 1376 933 4457
is_linear=0
shrinkage=0.02


Tree=94
num_leaves=15
num_cat=0
split_feature=24 12 23 26 24 10 42 10 13 42 32 31 18 43
split_gain=15.5263 10.5737 13.3916 12.7697 10.9853 10.3154 10.1094 9.9073 10.7587 10.3542 9.11285 8.47746 8.45721 11.2309
threshold=0.42454584510446852 0.0081400188600306688 0.91690893029567 -0.7131467055361449 0.072497741036381874 -0.0091365591553491526 0.4494979071546274 0.001413874150513364 0.0017854355446734196 0.51227449419758186 -0.45312556745496352 1.0367634023426973 0.0025679730713752884 -0.065098334682103146
decision_type=2 2 2 2 2 2 2 2 2 2 2 2 2 2
left_child=1 11 3 4 -3 -5 12 8 -7 -9 -8 -1 -2 -14
right_child=6 2 -4 5 -6 7 10 9 -10 -11 -12 -13 13 -15
leaf_value=0.0009223096910474498 -0.00046309353577285239 0.010926751990754619 0.0011739350964681411 0.0058239520240928365 -0.00026406922597148888 -0.005958926924644491 -0.0074950749536778173 0.00086964233835403902 -0.00051022051098229221 -0.0038713945746903632 -0.00076099599321736002 0.0062557551088365474 -0.00035235727320760902 0.0037910259048944774
leaf_weight=6118.747277289629 1235.9656930863857 51.637466281652451 1183.1926967352629 57.562376737594604 91.61404937505722 460.9466038197279 76.144531220197678 480.17217636108398 211.86557726562023 292.59371936321259 9471.5502503365278 116.76866590976715 465.77281135320663 589.88300481438637
leaf_count=24614 4956 210 4759 231 371 1847 305 1923 849 1172 38053 468 1867 2364
internal_value=-5.54868e-05 0.000567243 -0.000446201 -0.00161055 0.00400233 -0.00215697 -0.000532335 -0.00249374 -0.00425957 -0.000938813 -0.000818596 0.00102712 0.000659514 0.00196985
internal_weight=20904.4 9065.1 2829.58 1646.39 143.252 1503.14 11839.3 1445.58 672.812 772.766 9547.69 6235.52 2291.62 1055.66
internal_count=83989 36444 11362 6603 581 6022 47545 5791 2696 3095 38358 25082 9187 4231
is_linear=0
shrinkage=0.02


Tree=95
num_leaves=15
num_cat=0
split_feature=8 22 47 45 11 47 3 42 27 38 47 29 46 27
split_gain=18.4435 12.3036 15.125 13.3307 11.4452 15.6365 11.0324 13.1634 10.9354 9.14182 13.1311 13.4492 12.039 12.9947
threshold=0.0034977906222570217 0.32176208753739022 -0.98611507088852035 1.6941206868670196 0.020637156854143312 -0.81241147629689003 0.0006433214048891904 0.50607678184000793 1.0000000180025095e-35 8.1868408096748286 0.58216583101416164 5.4526010664043527 0.35206144883412582 0.43772615775060958
decision_type=2 2 2 2 2 2 2 2 2 2 2 2 2 2
left_child=1 2 6 9 -2 -6 7 8 -1 -3 11 12 13 -11
right_child=4 3 -4 -5 5 -7 -8 -9 -10 10 -12 -13 -14 -15
leaf_value=0.0074447084962849554 -0.0018268934447268138 0.00026608238233058457 0.0005609078685360967 -0.0052188298687862499 -0.007427436487490318 0.0027765450098869411 0.0080419559470492879 -0.0026223243624169984 -0.00048443362063682952 -0.0014867213906918047 -0.0046937790822852215 0.0023784529180074961 0.00053520125280656443 -0.0090408697716609608
leaf_weight=183.88824686408043 2678.8440985232592 4480.2249590009451 10894.06013803184 213.70175053179264 64.425955221056938 446.18824309110641 169.70063875615597 153.07893761992455 109.22158445417881 229.09050893783569 384.38916277885437 423.23236437141895 362.75306962430477 148.94648276269436
leaf_count=741 10793 17959 43788 863 259 1794 682 615 438 918 1542 1697 1455 598
internal_value=9.49324e-05 0.000346592 0.000734233 -0.000368176 -0.00130414 0.00142953 0.00377086 0.0020753 0.0045315 -0.000192049 -0.00151421 -0.000448653 -0.00206897 -0.00454222
internal_weight=20941.7 17752.3 11509.9 6242.34 3189.46 510.614 615.889 446.189 293.11 6028.64 1548.41 1164.02 740.79 378.037
internal_count=84142 71296 46264 25032 12846 2053 2476 1794 1179 24169 6210 4668 2971 1516
is_linear=0
shrinkage=0.02


Tree=96
num_leaves=15
num_cat=0
split_feature=41 22 2 37 40 23 43 40 37 6 6 6 40 42
split_gain=17.1764 13.7244 14.827 14.3828 12.2147 11.6084 10.2185 10.0913 9.73371 9.67822 10.426 9.28485 9.6395 9.83944
threshold=0.57913864250411495 0.38628448939854393 -0.0019610672744130165 3.271055890476624 2.7520025520843663 1.2634829808621724 -0.13283440216119971 0.2462739490502929 1.4652895565194159 0.0030981434136639128 0.0022458319115003572 0.00072854079221508288 0.49722426353222221 0.49080501814455563
decision_type=2 2 2 2 2 2 2 2 2 2 2 2 2 2
left_child=1 3 5 4 11 -3 -7 -4 -6 10 -2 -1 -13 -14
right_child=9 2 7 -5 8 6 -8 -9 -10 -11 -12 12 13 -15
leaf_value=0.00010777501371419035 -0.0012110753140991812 0.0033773425167755752 -0.0094042779501021887 0.0010691893303775633 -2.0809490640000355e-05 0.0019459876514980195 -0.0074785839461922509 -0.0010082426414610214 0.0083901062955144979 0.0027489990438390637 -0.0059792983856286923 -0.0069312399676963775 0.00083125669226875257 -0.0028058320280703402
leaf_weight=2164.3393713831902 3790.9728290736675 552.07084159553051 53.153058260679245 7970.969138905406 111.12643872201443 95.699628621339798 80.8719751983881 4150.5562290996313 103.99179719388485 228.55943666398525 188.24663463234901 136.91916465759277 478.41510409116745 773.86599101126194
leaf_count=8684 15258 2212 213 32060 446 384 324 16646 417 920 758 549 1919 3105
internal_value=-7.20954e-05 0.000216163 -0.000668682 0.000588052 -0.000429653 0.00195624 -0.00245766 -0.00112545 0.00414339 -0.00121313 -0.00144387 -0.000711921 -0.00198479 -0.00141856
internal_weight=20879.8 16672 4932.35 11739.6 3768.66 728.642 176.572 4203.71 215.118 4207.78 3979.22 3553.54 1389.2 1252.28
internal_count=83895 66959 19779 47180 15120 2920 708 16859 863 16936 16016 14257 5573 5024
is_linear=0
shrinkage=0.02


Tree=97
num_leaves=15
num_cat=0
split_feature=41 33 29 46 36 12 40 29 15 5 39 24 6 42
split_gain=17.6467 10.3592 14.0034 12.7627 10.961 10.3864 19.3405 10.5472 9.98938 8.88046 8.73177 8.20029 8.93346 8.14779
threshold=0.58691205439302563 34.213231642141153 -2.5808084701123888 -0.5277851165098012 0.0058698479722071326 -0.022186933685480199 1.4156624164298648 -3.0335459080213032 0.0017631671202065298 4.8827476379633202e-05 1.3945385176003058 0.41515796561290969 0.00047864018633388984 0.56155411110225806
decision_type=2 2 2 2 2 2 2 2 2 2 2 2 2 2
left_child=1 2 4 -3 9 8 7 -7 -6 -1 -10 -4 -13 -5
right_child=-2 3 11 13 5 6 -8 -9 10 -11 -12 12 -14 -15
leaf_value=0.0094544786604844316 -0.0012595594386142492 0.00088184076265220945 0.0038204042307965276 -0.00025250809324986581 0.0086709397772642277 0.0024885626499378459 -0.0054572227227856233 -0.0066817966732744139 -0.0011329739234819144 -0.001046429971648086 0.0038608077386183214 0.0022761542233344471 -0.0039703203755136656 -0.0028296405660794633
leaf_weight=79.145261377096176 3777.2801669985056 4677.1673804521561 951.60701391100883 9057.9601599723101 60.652175292372704 312.27562507987022 356.07195253670216 54.681393012404442 432.35881562530994 50.715448766946793 201.13096375763416 320.09650892019272 122.56616133451462 513.93126483261585
leaf_count=321 15207 18760 3865 36329 245 1264 1435 221 1745 206 812 1285 492 2064
internal_value=-2.27279e-05 0.000249331 0.00132888 2.61025e-05 1.75e-05 -0.000499298 -0.00216979 0.00105061 0.00124378 0.00546673 0.000470353 0.00277868 0.000521579 -0.000392284
internal_weight=20967.6 17190.4 2941.3 14249.1 1547.03 1417.17 723.029 366.957 694.142 129.861 633.49 1394.27 442.663 9571.89
internal_count=84251 69044 11891 57153 6249 5722 2920 1485 2802 527 2557 5642 1777 38393
is_linear=0
shrinkage=0.02


Tree=98
num_leaves=15
num_cat=0
split_feature=45 42 11 6 45 26 1 46 3 15 48 28 45 19
split_gain=17.4758 13.6124 13.2706 10.5433 11.6986 10.1957 10.0589 14.0614 13.7611 10.2904 9.93876 9.67635 9.57087 9.19548
threshold=1.6141741409573627 0.45019110602029716 -0.0038209754081899301 -0.0023038779496469619 0.72482897683619696 0.70027527560664959 -0.0010332692462301861 -0.84874750804349175 0.00067571735117744199 0.00061951576434858557 -0.8783796973249266 1.4582240506302628 0.26938806469830073 -0.47392471053167384
decision_type=2 2 2 2 2 2 2 2 2 2 2 2 2 2
left_child=1 3 -2 -1 6 -6 11 12 9 -9 -4 -5 -8 -3
right_child=2 13 10 4 5 -7 7 8 -10 -11 -12 -13 -14 -15
leaf_value=0.0039648326853893431 -0.0077417189960659293 0.00086391075949750098 -0.0052961389086222579 0.0025742592540546512 0.0063418446564299947 -0.00080468568472605762 0.0053060050490324395 0.0049861705092103812 0.0024431642910706613 -0.0019109449394656688 -0.00079238192371886603 -0.0045588450843481575 -0.0039098919114578497 -0.00036270037663434657
leaf_weight=476.19265168905258 131.69563065469265 3116.2699715346098 215.71773132681847 1032.4676012098789 258.34172344207764 113.11915776133537 256.39496833086014 86.476785853505135 420.65220223367214 1686.4247644543648 1777.947628557682 77.571691736578941 50.659922569990158 11273.397722944617
leaf_count=1916 531 12545 876 4162 1035 456 1031 348 1689 6777 7181 311 203 45219
internal_value=8.39725e-06 0.000202416 -0.00170862 0.00116737 0.000828289 0.00418376 0.000477772 -0.000226222 -0.000789684 -0.00156145 -0.00129173 0.00205758 0.00374722 -9.68539e-05
internal_weight=20973.3 18848 2125.36 4458.3 3982.11 371.461 3610.65 2500.61 2193.55 1772.9 1993.67 1110.04 307.055 14389.7
internal_count=84280 75692 8588 17928 16012 1491 14521 10048 8814 7125 8057 4473 1234 57764
is_linear=0
shrinkage=0.02


Tree=99
num_leaves=15
num_cat=0
split_feature=45 32 12 39 40 5 47 13 45 42 38 47 13 21
split_gain=14.7103 12.7647 11.2098 20.3147 20.1098 16.0364 12.5497 15.6636 13.4356 11.5459 10.967 15.6713 13.115 11.5413
threshold=1.6941206868670196 0.59311391621534248 -0.00029581001713691637 -0.87899237425585452 0.97042116730799188 -0.0009081637984973066 1.0000000180025095e-35 0.0027487202201563169 -1.1482699294428496 0.5366839378744005 2.5754903330497636 -0.63405362205439475 0.00069013654175610107 0.00012070007611258308
decision_type=2 2 2 2 2 2 2 2 2 2 2 2 2 2
left_child=2 -2 4 9 10 -6 -5 8 -8 -4 11 -1 -12 -14
right_child=1 -3 3 6 5 -7 7 -9 -10 -11 12 -13 13 -15
leaf_value=-0.0012494472336804898 -0.0020567635985068366 0.0058604953581421863 -0.0023812199675422269 0.00067339783056791507 -0.0021804898654235096 0.00056352505238785897 0.0016559163262880249 0.0019394987930665475 -0.0018187141906615331 -0.0093285039646485834 0.004074641825782834 0.0037268648435516936 -0.0025463709969242372 0.00084946779271609775
leaf_weight=311.30861559510231 1810.1597285866737 80.536278769373894 703.54149231314659 4610.225023150444 1426.6945856958628 2099.8762118071318 513.24125270545483 688.96214689314365 3188.2909391522408 107.1766836643219 437.92406105995178 1301.9765178710222 451.62379996478558 3247.6837006360292
leaf_count=1252 7319 324 2821 18513 5733 8441 2074 2765 12795 430 1758 5233 1814 13034
internal_value=-2.46023e-05 -0.00170495 0.000142237 -0.000328972 0.000640496 -0.000548097 -5.50426e-05 -0.000819835 -0.00133535 -0.0033512 0.00136926 0.00276571 0.000822038 0.000432015
internal_weight=20979.2 1890.7 19088.5 9811.44 9277.09 3526.57 9000.72 4390.49 3701.53 810.718 5750.52 1613.29 4137.23 3699.31
internal_count=84306 7643 76663 39398 37265 14174 36147 17634 14869 3251 23091 6485 16606 14848
is_linear=0
shrinkage=0.02


Tree=100
num_leaves=15
num_cat=0
split_feature=34 39 43 23 37 9 18 5 39 3 32 45 7 21
split_gain=13.2839 18.4965 10.7345 10.0999 17.5377 12.7603 14.6742 9.77288 10.384 9.68751 11.6026 9.16442 9.10031 10.1365
threshold=42.890061892576838 -0.39304488411163768 -0.06822946107234644 1.3410493721827843 7.6432114823757074 -0.0025515920660417022 0.0022283621629842917 -0.00098974887821038824 -0.3392567848853027 -0.0032787534499466417 -0.19349027754335479 -0.74561608750805097 -0.0031726543190438452 0.15891622693264076
decision_type=2 2 2 2 2 2 2 2 2 2 2 2 2 2
left_child=1 2 -1 7 5 6 -5 8 -3 10 -10 -11 13 -9
right_child=-2 3 -4 4 -6 -7 -8 12 9 11 -12 -13 -14 -15
leaf_value=0.0053214852568807406 -0.00027622084383748002 0.0060966058104223956 0.0015638575593745103 -0.0080447499715227549 0.0041674066873847102 0.0057035788726142412 -0.0001311731406643051 -0.0096658015131712658 -0.0019095517192246304 -0.0023373830173572031 0.0088981217956165988 -0.0075086568598730155 0.0010868564212890893 7.5884141950640933e-05
leaf_weight=475.00619372725487 16059.721821025014 53.18616458773613 847.72994063794613 113.16173219680786 575.48801600933075 103.91775242984295 454.09973895549774 65.20329537987709 119.64611603319645 567.51923303306103 53.551565989851952 179.46652927994728 1222.2111877650023 108.95920351147652
leaf_count=1920 64489 214 3405 458 2327 419 1834 262 481 2285 215 719 4921 438
internal_value=2.77738e-06 0.000909307 0.00292821 0.00016785 0.00162148 -0.000576152 -0.00176633 -0.000598673 -0.00213168 -0.00263765 0.00158802 -0.00362147 0.000473734 -0.00373919
internal_weight=20998.9 4939.15 1322.74 3616.41 1246.67 671.179 567.261 2369.74 973.37 920.183 173.198 746.986 1396.37 174.162
internal_count=84387 19898 5325 14573 5038 2711 2292 9535 3914 3700 696 3004 5621 700
is_linear=0
shrinkage=0.02


Tree=101
num_leaves=15
num_cat=0
split_feature=45 47 12 11 8 25 12 23 11 7 34 42 1 28
split_gain=16.1132 11.6564 15.9199 12.7649 14.1024 11.435 11.0624 13.3914 11.0756 10.5203 12.5711 10.083 9.99856 18.3798
threshold=-1.1292988330557499 0.99465189230620699 0.0018863638178324915 0.020637156854143312 0.0063050323406935102 5.5000000000000009 0.0043158389478923148 0.99006910805278336 -0.016296040126215997 -0.0024256938745123922 42.319354922423742 0.38034902552477878 0.002299256824492747 1.2224589738997291
decision_type=2 2 2 2 2 2 2 2 2 2 2 2 2 2
left_child=11 3 -3 4 5 6 -2 8 -8 -9 -11 -1 -10 -14
right_child=1 2 -4 -5 -6 -7 7 9 12 10 -12 -13 13 -15
leaf_value=0.0057668304233719813 0.00034396269292843426 0.00011606400929749622 -0.0066061595735395617 0.0019196823367990451 -0.0026567036090232271 -0.0067461177550770524 0.0065769919698878332 -0.0051857045933847304 -0.0018665251987837039 0.0086043646594748616 0.00058680698202389834 0.00098087974322010269 0.0077826754236680496 -0.0023499604870250369
leaf_weight=181.41426813602448 8818.4348067492247 296.19534555077553 263.52153892815113 1100.3456246256828 952.00227622687817 99.443927019834518 62.872211873531342 114.32855911552906 3606.0787174105644 76.89167083799839 1777.4753339588642 3284.2326939404011 120.25861598551273 163.23575513064861
leaf_count=736 35384 1189 1060 4417 3839 403 252 459 14463 309 7149 13262 482 656
internal_value=-5.27094e-06 -0.000252728 -0.00307931 -0.000158182 -0.000303533 -0.00015172 -0.000104957 -0.000773266 -0.00144393 0.000573438 0.0009415 0.00123935 -0.00158186 0.0020087
internal_weight=20916.7 17451.1 559.717 16891.4 15791 14839 14739.6 5921.14 3952.45 1968.7 1854.37 3465.65 3889.57 283.494
internal_count=84060 70062 2249 67813 63396 59557 59154 23770 15853 7917 7458 13998 15601 1138
is_linear=0
shrinkage=0.02


Tree=102
num_leaves=15
num_cat=0
split_feature=1 46 24 42 41 48 20 4 18 2 27 3 14 20
split_gain=15.0119 12.5272 13.8359 10.8228 8.4644 8.25856 19.8907 17.0139 10.3443 12.0544 15.5037 12.7283 9.73964 10.2814
threshold=7.9847903214290262e-05 -0.58216583101416131 0.78658899101968605 0.56895908916287163 0.60916668793983109 -0.60785761079279388 -0.58823480052434018 -0.0010122840298889865 0.0029837332057910475 0.00025472453018523025 1.0000000180025095e-35 0.00035060331299298218 0.0011728395607024653 -0.68819959274598819
decision_type=2 2 2 2 2 2 2 2 2 2 2 2 2 2
left_child=3 2 -2 5 -4 6 8 -8 9 11 -11 -1 13 -7
right_child=1 -3 4 -5 -6 12 7 -9 -10 10 -12 -13 -14 -15
leaf_value=0.012439101311733059 0.0012739600282810535 -0.00099430152937614617 -0.00057271802349685816 -0.0024987114516191898 -0.0054084737207815174 -0.0073249745256295882 0.0042992452201679647 -1.8330441179999328e-05 -0.0015037620581460618 0.005827758097257176 -0.0055682710721852921 0.0033430424098177909 0.00058555454526665795 -0.00082496448026200733
leaf_weight=156.87200574576855 2379.0569421648979 6986.0784175693989 558.18363159894943 442.83012522757053 191.18655025959015 106.53108957409859 441.82639046013355 1995.2030277699232 83.54758557677269 156.00685523450375 63.356228917837143 107.0464208573103 6544.6648992449045 779.98266384005547
leaf_count=639 9545 28078 2247 1780 774 431 1774 8009 339 633 254 434 26298 3131
internal_value=3.10029e-05 -0.00052351 0.000527722 0.000546606 -0.00183413 0.000676975 0.00156106 0.000771633 0.00491868 0.006033 0.00248563 0.00888046 0.000318798 -0.00164276
internal_weight=20992.4 10114.5 3128.43 10877.9 749.37 10435 3003.86 2437.03 566.829 483.282 219.363 263.918 7431.18 886.514
internal_count=84366 40644 12566 43722 3021 41942 12082 9783 2299 1960 887 1073 29860 3562
is_linear=0
shrinkage=0.02


Tree=103
num_leaves=15
num_cat=0
split_feature=1 21 17 31 15 32 24 32 19 7 0 34 3 42
split_gain=12.3864 14.8183 13.1656 10.4716 10.0555 9.05401 8.96756 9.03335 9.20687 8.40003 10.4636 11.4095 13.3731 9.63294
threshold=0.00012781173096695119 0.33612471689485607 0.82596353302619552 0.25635182720767463 0.003687089583638766 0.21014567796621622 0.19381339280631915 -0.29146781441523556 0.34774162046007751 -0.001877135235953741 -0.003665831477635564 49.720209262252816 0.0015109609887329586 0.43294358091416441
decision_type=2 2 2 2 2 2 2 2 2 2 2 2 2 2
left_child=9 2 3 4 -2 -5 -4 8 -8 -1 11 12 -11 -12
right_child=1 -3 6 5 -6 -7 7 -9 -10 10 13 -13 -14 -15
leaf_value=-0.00095326957633464014 -0.0015514754320160274 0.00054574222584779478 0.0015360097034603361 -0.002630945619466711 0.0035598717177766194 -0.0070396392235562832 -0.0017648870841038993 -0.00051764445571689461 -0.011610461189903233 0.0043431259967005196 0.0019773326411883906 0.01171641318257558 -0.0050170583728874662 0.00020416470236264689
leaf_weight=1559.8045473098755 1804.6224724799395 3212.0634544044733 844.95142108201981 1007.6132958233356 163.55656063556671 227.99661852419376 109.95633621513844 2427.3784214705229 54.931919082999229 273.61345462501049 1453.7068376541138 56.576394096016884 73.684508949518204 7675.9246070384979
leaf_count=6268 7254 12877 3396 4055 657 925 441 9770 220 1113 5855 228 299 30826
internal_value=-5.30233e-05 -0.000568924 -0.00110806 -0.00202939 -0.00111878 -0.00346954 -0.000247601 -0.000830808 -0.00529008 0.00040525 0.000627904 0.00375847 0.0023142 0.000487433
internal_weight=20946.4 9853.07 6641.01 3203.79 1968.18 1235.61 3437.22 2592.27 164.888 11093.3 9533.51 403.874 347.298 9129.63
internal_count=84184 39595 26718 12891 7911 4980 13827 10431 661 44589 38321 1640 1412 36681
is_linear=0
shrinkage=0.02


Tree=104
num_leaves=15
num_cat=0
split_feature=45 34 37 19 23 21 42 43 48 42 45 20 37 6
split_gain=12.9915 10.0305 9.28466 11.6643 8.90035 14.9787 11.0056 10.31 13.9261 13.2823 11.8745 11.5694 12.4529 10.4511
threshold=1.6941206868670196 70.256041180588781 1.809792781264415 1.1451305455773853 0.55365749972948175 0.33875953857802105 0.58241123837442144 -0.0094491491699854047 -0.60785761079279388 0.49498748495901862 0.80769542062407373 -0.4280428995935 9.5686196218153583 -0.00052821109339846854
decision_type=2 2 2 2 2 2 2 2 2 2 2 2 2 2
left_child=1 2 3 -1 -4 7 -7 8 9 -6 -11 12 -9 -10
right_child=-2 -3 4 -5 5 6 -8 11 13 10 -12 -13 -14 -15
leaf_value=-0.0012958326504679202 -0.0014788677891242267 0.0055293512111148227 -0.00066118709932615942 0.0057341099406913402 0.0011471888538962499 0.0017911219830135116 -0.0046609799678776149 -0.0046009784452797327 0.001300353913368635 0.0065029705428938846 -0.0021955413407114808 -0.00016136623819162354 0.0026891078725391712 -0.00074402729751099281
leaf_weight=2140.1524197608232 1881.4368333667517 138.4811535179615 2725.1954907923937 93.863531023263931 1236.2699969857931 3907.8235339671373 104.01702891290188 473.39937835931778 1677.2151355147362 386.31857426464558 72.217037156224251 3516.5044157356024 113.03168012201786 2462.2199554890394
leaf_count=8592 7609 556 10925 379 4984 15686 417 1900 6751 1554 290 14116 454 9903
internal_value=0.000104368 0.000261108 0.000221072 -0.00098832 0.000383355 0.000587589 0.00161824 0.000170889 0.000710874 0.00223506 0.00512409 -0.000596883 -0.003185 8.4884e-05
internal_weight=20928.1 19046.7 18908.2 2234.02 16674.2 13949 4011.84 9937.18 5834.24 1694.81 458.536 4102.94 586.431 4139.44
internal_count=84116 76507 75951 8971 66980 56055 16103 39952 23482 6828 1844 16470 2354 16654
is_linear=0
shrinkage=0.02


Tree=105
num_leaves=15
num_cat=0
split_feature=41 1 17 37 28 22 48 32 6 15 44 4 16 6
split_gain=18.231 13.4302 13.4396 11.6976 12.9799 10.5821 10.6546 15.0981 15.6395 9.8862 9.87652 9.75387 10.2433 9.3404
threshold=0.57913864250411495 7.9847903214290262e-05 0.64628465113670697 11.871847234679246 -2.7200878787246534 0.56774489429687636 -0.8783796973249266 0.19748828548806804 0.0018051326263999418 0.0030211090786070182 1.5653055882273075 -0.0010122840298889865 0.0027428020802218538 0.0042483795497534156
decision_type=2 2 2 2 2 2 2 2 2 2 2 2 2 2
left_child=1 5 -3 4 10 6 7 8 11 -8 -4 -1 -13 -6
right_child=-2 2 3 -5 13 -7 9 -9 -10 -11 -12 12 -14 -15
leaf_value=0.0090397429778301761 -0.0010942161451166733 -0.0014889830328491654 -0.005138556044797766 0.0053665805498812674 0.00061491881422372371 -0.00084762191363309107 0.00048391308189789508 -0.0040696520473631603 -0.0055602519202775612 0.0024007747004792883 0.0034087990165668006 0.0043812793952060823 -0.0023201990501064934 -0.0032549537138068462
leaf_weight=150.58809374272823 4213.8990328758955 2355.3763565272093 284.14490775763988 172.50333333015442 4699.0783641934395 1187.1823245882988 5284.7153775691986 104.88396152853966 62.959001272916794 1347.7788255214691 62.817068114876747 671.37161254882812 102.25971813499928 258.5124903768301
leaf_count=608 16969 9454 1142 693 18861 4756 21256 421 253 5418 253 2706 412 1037
internal_value=8.08478e-05 0.000376807 -0.00022733 0.0003161 0.00014696 0.000907606 0.00117774 0.00300432 0.00377262 0.000874951 -0.00356463 0.00443489 0.00348626 0.000410049
internal_weight=20958.1 16744.2 7832.43 5477.06 5304.55 8911.74 7724.56 1092.06 987.178 6632.49 346.962 924.219 773.631 4957.59
internal_count=84239 67270 31440 21986 21293 35830 31074 4400 3979 26674 1395 3726 3118 19898
is_linear=0
shrinkage=0.02


Tree=106
num_leaves=15
num_cat=0
split_feature=37 41 33 11 47 21 39 30 38 20 31 7 42 31
split_gain=14.9967 13.0876 13.4327 12.3929 11.0776 12.6834 10.7608 12.5678 11.345 9.69502 9.2119 9.67404 9.0525 8.97999
threshold=1.8428421953709579 0.57913864250411495 74.563660651420136 0.028343714795668846 0.63405362205439464 0.10587378390558477 -0.70522589941436087 -0.019539777673122854 3.0996743288255186 0.67905365538447127 0.36617302118397893 0.0026812432503218716 0.51784662337926901 1.1833757432307161
decision_type=2 2 2 2 2 2 2 2 2 2 2 2 2 2
left_child=3 13 6 4 -1 -6 8 -8 -3 -5 -7 12 -12 -2
right_child=1 2 -4 9 5 10 7 -9 -10 -11 11 -13 -14 -15
leaf_value=-0.00098367254595120124 0.00038882262505618144 0.0027312724004078699 -0.0066251988028075501 0.003481504617513685 0.0001068482917722514 0.00075073750478002802 -0.0012985204952445323 0.0015444475980396274 -0.004459277068579944 -0.0040166450491682555 -0.0050638946195585626 0.0011045165070383482 -0.01138467291255693 0.004663439494044983
leaf_weight=2279.6808335930109 14025.428160786629 104.28002889454365 154.00239206850529 333.86273322999477 238.13919344544411 81.184555262327194 1475.1619184017181 1067.7817117571831 466.26120625436306 82.143957003951073 248.98472912609577 57.211231231689453 153.91559493541718 194.43098625540733
leaf_count=9173 56356 418 629 1339 962 327 5920 4299 1873 331 1001 230 621 780
internal_value=-5.19771e-05 0.000186584 -0.000953892 -0.00125099 -0.00169163 -0.00374277 -0.000663199 -0.00010407 -0.00313272 0.00197081 -0.00542186 -0.00650734 -0.00758851 0.000448889
internal_weight=20962.5 17487.3 3267.49 3475.12 3059.12 779.435 3113.48 2542.94 570.541 416.007 541.296 460.112 402.9 14219.9
internal_count=84259 70275 13139 13984 12314 3141 12510 10219 2291 1670 2179 1852 1622 57136
is_linear=0
shrinkage=0.02


Tree=107
num_leaves=15
num_cat=0
split_feature=3 42 6 4 43 48 22 16 28 31 6 36 26 43
split_gain=12.9626 11.9318 16.3249 11.4535 10.7405 9.4421 10.6959 14.7905 8.85479 11.1298 8.32348 10.4668 8.17818 8.83585
threshold=-0.0027061152621967927 0.44350610838373528 -0.0023038779496469619 -0.0067575984286087024 0.37038269036813859 -1.0000000180025095e-35 0.52054760503141784 0.0011061144599222264 -0.79832375791279364 -0.20554435535296675 0.0035705385352573942 0.014046989961454887 0.35804910556482122 -0.013488014390257147
decision_type=2 2 2 2 2 2 2 2 2 2 2 2 2 2
left_child=3 2 -2 -1 10 6 8 -8 -4 -10 11 -5 -7 -14
right_child=1 -3 5 4 -6 12 7 -9 9 -11 -12 -13 13 -15
leaf_value=-0.0062180202329393053 0.0052649348188562196 -0.00036661947381160556 0.0040908779915156011 0.00056984776652036309 -0.004715494274312451 -0.0012502349709228111 -0.0099491677818601063 0.0007428738432003958 -0.0056040359196190418 0.0016931526664877552 -0.0017391760261144665 0.0041553488038014799 0.0070130917762828131 -0.0012096742737524801
leaf_weight=66.01030658185482 311.01353055238724 15741.426963597536 582.19037967920303 508.83636769652367 85.85271555185318 1284.8550986051559 66.623191550374031 184.33747723698616 89.505022823810577 725.16325430572033 172.37913224101067 908.59138134121895 102.49814794957638 99.300761058926582
leaf_count=265 1252 63265 2353 2044 345 5168 267 739 359 2914 692 3651 411 399
internal_value=1.68843e-05 -0.000133244 0.000931969 0.0016664 0.00199457 0.000494337 0.00153487 -0.00223447 0.00221762 0.000862139 0.00237057 0.00287473 -0.000660272 0.00303543
internal_weight=20928.6 19186.9 3445.49 1741.67 1675.66 3134.47 1647.82 250.961 1396.86 814.668 1589.81 1417.43 1486.65 201.799
internal_count=84124 77127 13862 6997 6732 12610 6632 1006 5626 3273 6387 5695 5978 810
is_linear=0
shrinkage=0.02


Tree=108
num_leaves=15
num_cat=0
split_feature=46 17 6 44 2 5 17 44 30 44 38 45 22 47
split_gain=10.3915 11.9459 15.1284 13.1837 14.3257 11.9736 13.0619 15.8014 12.1645 10.8811 12.2321 10.7125 9.82521 9.55383
threshold=-0.35206144883412549 0.64628465113670697 -0.0020062940032426523 -0.67038873047464709 -0.00073555423169303794 -0.0017623617391308622 1.0858903726599616 -0.26807647425530629 -0.13737223916621302 0.17332095998445951 3.6004549660446643 1.5363958689782622 0.083056541089447822 0.41248606129204557
decision_type=2 2 2 2 2 2 2 2 2 2 2 2 2 2
left_child=1 2 -1 4 -4 6 8 -8 -3 10 -5 12 -2 -10
right_child=11 5 3 9 -6 -7 7 -9 13 -11 -12 -13 -14 -15
leaf_value=0.0072727671521582863 0.00073065682112958359 0.0046730630392698312 0.0024228035500599809 0.0057193880031108394 -0.0060846177108031755 0.0013035137827234599 0.0044305156153430624 -0.0032117103135070051 0.0017251654646981667 -0.0048725233513064979 -0.00055013551405758664 -0.0021020221132638586 -0.00057240834920347413 -0.0062268635336345905
leaf_weight=75.180994734168053 3197.1565274000168 269.60026106238365 96.984911754727364 157.00452801585197 376.16490934789181 5229.9587542414665 120.68421715497971 795.51228842139244 148.43931712210178 155.47045354545116 534.30939911305904 1332.863431841135 8346.9650139659643 95.144004315137863
leaf_count=302 12857 1084 389 631 1510 21025 484 3196 596 626 2148 5395 33513 382
internal_value=-5.54197e-05 0.000507849 -0.00117207 -0.00167871 -0.00433369 0.000860404 -0.000759783 -0.00218647 0.00178383 -0.000178475 0.000904583 -0.0004078 -0.000211363 -0.00144368
internal_weight=20931.4 8054.45 1395.12 1319.93 473.15 6659.34 1429.38 916.197 513.184 846.784 691.314 12877 11544.1 243.583
internal_count=84138 32373 5606 5304 1899 26767 5742 3680 2062 3405 2779 51765 46370 978
is_linear=0
shrinkage=0.02


Tree=109
num_leaves=15
num_cat=0
split_feature=33 10 12 39 6 22 38 20 40 45 20 13 12 6
split_gain=14.5755 12.0421 11.6325 12.4448 11.3546 11.1593 17.0622 11.9748 10.2645 15.3731 9.95691 15.2911 9.76829 9.42994
threshold=34.213231642141153 1.0000000180025095e-35 -0.0054585421236746567 -0.29412589296786812 0.0014524621337343379 0.10754802357275416 2.9886119524753778 0.5264687173230792 0.9900088095033478 1.182795413932618 -0.45517339123101225 0.003952493661821441 -0.017610282807083138 -0.00049567242877392908
decision_type=2 2 2 2 2 2 2 2 2 2 2 2 2 2
left_child=1 -1 3 5 13 -2 7 -7 9 -6 12 -12 -8 -5
right_child=2 -3 -4 4 8 6 10 -9 -10 -11 11 -13 -14 -15
leaf_value=0.0010531222399784575 0.0029954584407606028 0.0084174823513080074 -0.00055886852031457952 -6.5073444591568982e-05 0.0089909810546932832 0.0039507832669378375 -0.0079908167801713819 -0.0027104279462327567 -0.00021820913518043585 -0.002850486708128503 -0.00042706126258370761 0.010071689705655562 -0.00078352363947692654 -0.0030263524747751809
leaf_weight=3003.1688512861729 1069.9554514884949 86.676521450281143 12255.858835160732 964.99372686445713 140.1170320212841 664.10814882814884 129.69907964766026 125.04349564015865 335.58498062193394 59.99738310277462 1122.2953207492828 53.364323765039444 173.12020523846149 771.39550068974495
leaf_count=12147 4297 352 49227 3873 562 2662 520 501 1346 242 4503 214 694 3097
internal_value=5.78852e-06 0.00127297 -0.000213666 0.000540349 -0.000600598 0.00131679 0.000519888 0.00288487 0.00193296 0.00545778 -0.000747913 9.01218e-05 -0.0039501 -0.00138554
internal_weight=20955.4 3089.85 17865.5 5609.67 2272.09 3337.59 2267.63 789.152 535.699 200.114 1478.48 1175.66 302.819 1736.39
internal_count=84237 12499 71738 22511 9120 13391 9094 3163 2150 804 5931 4717 1214 6970
is_linear=0
shrinkage=0.02


Tree=110
num_leaves=15
num_cat=0
split_feature=8 32 18 46 33 7 4 40 26 46 37 18 38 32
split_gain=14.6199 13.7153 9.00242 8.37996 15.3196 12.8861 14.2003 10.5712 12.1343 11.6385 10.5939 9.03091 8.85169 10.3844
threshold=0.0034211490188405286 0.59311391621534248 0.0035305001920956989 -0.5277851165098012 65.20943353808677 -0.0013194439996411585 -0.001835648104310253 1.5141016444522128 -0.21567514105649796 -0.84874750804349175 2.3144162678421769 0.0023032175479393772 2.5014155566585501 -0.033441010854669682
decision_type=2 2 2 2 2 2 2 2 2 2 2 2 2 2
left_child=2 -2 3 4 7 6 -5 8 10 -9 -1 -11 13 -10
right_child=1 -3 -4 5 -6 -7 -8 9 12 11 -12 -13 -14 -15
leaf_value=-0.0039606918773949758 -0.001387435924091585 0.0073646810607511165 0.00098355692258429847 0.0039813806201004134 -0.0031855000971801684 -9.6420713267130924e-06 -0.0027303501272548346 -0.0056679622607993798 -0.0024865710182993286 0.0067126995335585853 0.0042579824852446678 -0.0014338577155119431 8.4481845716243082e-05 0.007295261732848223
leaf_weight=63.826194226741791 3211.8702432662249 68.348900318145752 4933.7455929368734 135.43418349325657 326.17305800318718 8197.8529324531555 1276.8898594230413 162.17671506106853 57.918588310480118 74.914377674460411 855.0058968514204 166.6984531134367 1236.3273629546165 146.53425478935242
leaf_count=256 12946 275 19817 544 1317 32944 5129 652 232 301 3447 670 4954 587
internal_value=3.08569e-05 -0.00119414 0.000259007 -2.27506e-05 0.000882492 -0.000314085 -0.00207496 0.00136754 0.00187904 -0.00160792 0.00366873 0.00117695 0.000728949 0.004531
internal_weight=20913.7 3280.22 17633.5 12699.8 3089.57 9610.18 1412.32 2763.4 2359.61 403.79 918.832 241.613 1440.78 204.453
internal_count=84071 13221 70850 51033 12416 38617 5673 11099 9476 1623 3703 971 5773 819
is_linear=0
shrinkage=0.02


Tree=111
num_leaves=15
num_cat=0
split_feature=46 42 1 49 10 17 3 17 2 5 46 5 13 1
split_gain=10.5781 12.7875 11.6829 10.2124 13.9366 12.7996 10.6404 9.88299 10.6535 12.4346 9.69148 9.52527 10.1887 9.83049
threshold=-0.35206144883412549 0.58962428629420127 6.4003569068198072e-05 1.0000000180025095e-35 -0.0037538244980032643 0.70258384804360163 0.0014525120881154435 0.64628465113670697 -0.0015226691534275538 -0.00015208265405102536 -0.25881904510252046 -0.0016219337864875262 0.00146629513592785 0.0019616330003787512
decision_type=2 2 2 2 2 2 2 2 2 2 2 2 2 2
left_child=7 2 3 4 -2 6 10 8 9 -1 -6 12 -9 -14
right_child=1 -3 -4 -5 5 -7 -8 11 -10 -11 -12 -13 13 -15
leaf_value=-0.0026339018850268453 0.0030744563017028534 -0.0041470596732711522 -0.00088148041693509758 -0.00055981976001965575 -0.0067699579243729645 -0.0014312448715416769 0.0055416124538392618 0.0057658705352789984 -0.0015470179635698436 0.0091674014560127956 0.0011126132340751099 0.0013087020165907408 -0.0018537587384276182 0.0018926303966926425
leaf_weight=58.913780406117439 977.23993140459061 339.82740892469883 5984.4354165494442 2849.255381911993 60.315892964601517 1050.9534116834402 209.33889327943325 93.058203712105751 1247.2276931703091 79.180005371570587 1411.6449056714773 5136.3625113666058 1086.5999272465706 372.40686829388142
leaf_count=237 3942 1371 24054 11454 242 4221 840 374 5013 318 5669 20651 4367 1495
internal_value=8.2829e-06 -0.000347389 -0.000242835 0.000340115 0.00103118 0.00029608 0.00137685 0.000575681 -0.000959382 0.0042166 0.000767787 0.000894106 -0.000477745 -0.000894307
internal_weight=20956.8 12883 12543.2 6558.75 3709.49 2732.25 1681.3 8073.75 1385.32 138.094 1471.96 6688.43 1552.06 1459.01
internal_count=84248 51793 50422 26368 14914 10972 6751 32455 5568 555 5911 26887 6236 5862
is_linear=0
shrinkage=0.02


Tree=112
num_leaves=15
num_cat=0
split_feature=1 38 39 28 44 21 43 43 17 28 11 16 38 4
split_gain=13.9357 12.9683 16.6789 11.9969 11.3979 11.2595 10.7412 10.2401 10.1877 9.71892 14.3004 9.63652 9.50307 9.80307
threshold=7.9847903214290262e-05 3.2530232884786057 -0.38265257560032367 -2.6683677719215244 -0.6756390978969542 0.35999742540927898 -0.058869216647214624 0.48795799099383147 0.47847515494367771 -0.2153618179898219 -0.016296040126215997 0.0015626222758237723 7.2532885282710939 -0.0012915445475257254
decision_type=2 2 2 2 2 2 2 2 2 2 2 2 2 2
left_child=7 2 -2 -4 -3 6 -6 -1 -7 10 -8 -5 13 -11
right_child=1 4 3 11 5 8 9 -9 -10 12 -12 -13 -14 -15
leaf_value=0.00068041712988463072 0.00289561608456454 -0.0021536093914421915 -0.003255340196284014 -0.0024072439834098027 0.00040472208465894472 0.0048715142124443533 0.0049814331049583774 -0.0033781467015140043 0.00034555241231666632 -0.0036430546558119388 -0.0061175106152827809 0.0018122872694831371 -0.0024105857786012401 0.0014265611480239976
leaf_weight=10634.815640836954 942.65268598496914 1991.1608546227217 438.39632429182529 294.0333615988493 1395.6591103971004 224.16936078667641 49.780026346445084 249.72682078182697 1515.4542305618525 189.95985217392445 341.72182981669903 780.94279158115387 1176.7282653152943 697.16109229624271
leaf_count=42756 3781 7996 1762 1180 5605 899 200 1006 6077 766 1372 3134 4759 2818
internal_value=9.02384e-05 -0.000447141 0.000814758 -0.000486638 -0.000856185 -0.000392582 -0.000995471 0.000585792 0.000941062 -0.00179057 -0.00466124 0.000652336 -0.00123606 0.000326667
internal_weight=20922.4 10037.8 2456.03 1513.37 7581.79 5590.63 3851.01 10884.5 1739.62 2455.35 391.502 1074.98 2063.85 887.121
internal_count=84111 40349 9857 6076 30492 22496 15520 43762 6976 9915 1572 4314 8343 3584
is_linear=0
shrinkage=0.02


Tree=113
num_leaves=15
num_cat=0
split_feature=1 3 39 24 2 3 8 12 5 15 41 43 25 47
split_gain=14.1651 13.1589 10.9828 10.6603 17.3888 10.6427 9.67259 8.85278 17.5148 11.532 13.8932 11.2735 10.7562 10.7268
threshold=7.9847903214290262e-05 -0.003671594129633709 0.20944477395638558 0.59213177697317598 -0.00079176614420313409 -0.0022487721061174152 0.00335165221692506 -0.0021929864585314169 -0.0011456571909308831 0.00244685673776447 0.39234546002131981 -1.1526746559383065 1.5000000000000002 0.91037613702198772
decision_type=2 2 2 2 2 2 2 2 2 2 2 2 2 2
left_child=6 2 -2 5 -5 -3 7 8 -1 10 13 -10 -12 -9
right_child=1 3 -4 4 -6 -7 -8 9 11 -11 12 -13 -14 -15
leaf_value=-0.00083018722979749963 0.004838424849066319 -0.0033360804924027353 -0.0010474175797166863 0.00033023550442808964 -0.0024997018925741517 5.4399142062027823e-05 -0.0014942424339734253 0.0024720730558109344 -0.0061728404816055668 0.0016833560531502765 -0.0012522670107676637 0.0022362637591884565 0.0055039126743796317 -0.0038265666562142682
leaf_weight=1113.3259451538324 315.33855134248734 392.9357468187809 207.39325845241547 1313.163155451417 2553.824667647481 5336.4966850727797 904.52417622506618 851.77707275748253 60.379486247897148 1417.9373388290405 3069.1882903575897 3202.1807546168566 92.366556480526924 119.24241259694099
leaf_count=4480 1265 1577 833 5278 10321 21404 3639 3436 245 5694 12321 12881 371 481
internal_value=-2.22068e-05 -0.000560096 0.00251542 -0.000728847 -0.00153952 -0.000180833 0.000480361 0.000660954 0.00133309 0.000130338 -0.000403912 0.00207143 -0.0010465 0.00168295
internal_weight=20950.1 10119.2 522.732 9596.42 3866.99 5729.43 10830.9 9926.4 4375.89 5550.51 4132.57 3262.56 3161.55 971.019
internal_count=84226 40678 2098 38580 15599 22981 43548 39909 17606 22303 16609 13126 12692 3917
is_linear=0
shrinkage=0.02


Tree=114
num_leaves=15
num_cat=0
split_feature=1 24 48 39 23 3 16 15 6 2 44 33 40 2
split_gain=18.0944 13.3268 12.4922 13.9668 11.6363 14.3426 11.9585 13.5951 11.4592 10.1337 10.1238 10.0681 12.042 9.86293
threshold=0.00012781173096695119 0.72586851435324284 -0.60785761079279388 0.83581414345308802 1.0766400852715003 -0.00024291900918743943 0.0021473790403041099 0.0033773268549776385 -0.0012672397713134498 -0.0016897072132222685 -0.65973070734411354 34.738488559236025 0.5374260761759585 -0.00044601805523404521
decision_type=2 2 2 2 2 2 2 2 2 2 2 2 2 2
left_child=11 8 3 -3 5 -4 -6 9 -2 -8 -10 12 -1 -7
right_child=1 2 4 -5 6 13 7 -9 10 -11 -12 -13 -14 -15
leaf_value=0.0054496439588157678 0.0012962317762257821 -0.0029650378219765426 9.74165501592412e-06 -0.011213918005950922 0.0041589456709248494 -0.0015081906707483917 -0.010011669005663946 0.0050545808913354555 -0.00211321951732415 -0.0012276678129016247 -0.00013649165816045848 0.00017028344856585611 0.0011068318957911684 -0.0062045631449589257
leaf_weight=284.53742146492004 1562.7845402657986 696.44440492987633 700.26643441617489 89.466979965567589 292.20837539434433 342.58442528545856 65.857853919267654 97.351748317480087 1390.5257233679295 210.08149665594101 4029.7185983508825 8616.6651841104031 2211.4405179917812 379.14464543759823
leaf_count=1158 6271 2816 2816 366 1184 1378 265 393 5574 852 16173 34572 8951 1535
internal_value=-5.85631e-05 -0.000682207 -0.0018274 -0.00396903 -0.00101355 -0.0020328 0.00116326 -0.00120571 -0.000210009 -0.003465 -0.000645088 0.00049464 0.00161181 -0.00400104
internal_weight=20969.1 9856.44 2873.41 785.911 2087.49 1422 665.499 373.291 6983.03 275.939 5420.24 11112.6 2495.98 721.729
internal_count=84304 39623 11605 3182 8423 5729 2694 1510 28018 1117 21747 44681 10109 2913
is_linear=0
shrinkage=0.02


Tree=115
num_leaves=15
num_cat=0
split_feature=41 6 20 22 22 3 5 31 7 10 48 20 1 21
split_gain=16.3651 10.6351 13.9091 11.4949 12.2418 20.6148 10.3721 10.6628 10.3687 9.97705 10.4105 13.5739 14.3376 13.1726
threshold=0.5700825721777506 -0.00051242051389509345 0.67905365538447127 5.3125083317461976e-05 0.20135474664260319 -0.00032012482580824945 0.00036623918024579878 -0.28614173442912966 0.0019211188424781596 0.02713098262371174 -0.60785761079279388 -0.48256740566043149 0.00011221919654514469 0.38350810797959983
decision_type=2 2 2 2 2 2 2 2 2 2 2 2 2 2
left_child=1 2 3 6 -5 -6 7 -1 -2 10 11 12 -3 -12
right_child=8 9 -4 4 5 -7 -8 -9 -10 -11 13 -13 -14 -15
leaf_value=-2.238202197905625e-05 -0.0015148007417934944 0.0047965034553632 0.0041077160033356 0.0020333380749477372 0.0019015145733918886 -0.0013029518098419735 0.0010504075400545056 -0.010356130938665524 0.0013007709882369301 0.0051372115130089747 -0.0012263140585011428 -0.00027898201557377181 0.0001530419028834432 0.00074638079998397256
leaf_weight=63.896478399634361 4106.58377212286 535.78229995071888 477.14641001820564 1952.148253723979 1374.2339502871037 1917.1336421966553 125.71964576840401 101.62975308299065 595.56901381909847 132.66401138901711 5165.5668442249298 2015.9046150892973 524.09900788962841 1830.5084249079227
leaf_count=258 16540 2172 1915 7866 5517 7694 506 409 2399 532 20758 8095 2103 7343
internal_value=-0.000118994 0.000182305 0.000849231 0.000564866 0.000780741 3.58534e-05 -0.00326926 -0.00648471 -0.00115718 -0.000210832 -0.00028379 0.000685229 0.00251187 -0.000709998
internal_weight=20918.6 16216.4 6011.91 5534.76 5243.52 3291.37 291.246 165.526 4702.15 10204.5 10071.9 3075.79 1059.88 6996.08
internal_count=84107 65168 24165 22250 21077 13211 1173 667 18939 41003 40471 12370 4275 28101
is_linear=0
shrinkage=0.02


Tree=116
num_leaves=15
num_cat=0
split_feature=1 24 44 29 48 10 24 43 30 2 30 22 28 35
split_gain=18.0315 9.0687 9.92662 9.84683 8.85378 9.25451 8.71714 13.4214 8.57462 13.7538 10.7751 10.0826 8.50394 11.1536
threshold=7.9847903214290262e-05 0.65207501478658492 -1.0837905240419872 0.64328921870627498 -0.60785761079279388 0.0041487344202593502 0.10989896019412453 -0.069854424369340834 -0.16496514418595862 -0.0009693267150919189 1.0000000180025095e-35 0.67247176958810206 3.3390083623244453 1.3542784515902968
decision_type=2 2 2 2 2 2 2 2 2 2 2 2 2 2
left_child=6 2 3 -2 5 8 7 -1 11 -10 -11 -3 13 -6
right_child=1 4 -4 -5 12 -7 -8 -9 9 10 -12 -13 -14 -15
leaf_value=0.0033264040308636444 -0.00038667072314681086 -0.0061653983353211388 -0.00011205972418957264 -0.0087113792018248953 -0.0011112717306408291 -0.0066091327226416221 0.00023773434798290798 -0.00056995393655685431 0.0068971013660231988 0.0043995995028515379 -0.0037231301991622195 0.0030824634528775325 0.0019627390926353501 -0.0096605075678261616
leaf_weight=943.54024268686771 120.01965847611427 259.41518141329288 6254.0515853464603 103.79940603673458 2186.501117169857 228.81385895609856 9369.7637593746185 561.75788600742817 82.258859530091286 79.583298921585083 287.33761692047119 54.163749784231186 354.26409438252449 57.922103509306908
leaf_count=3830 481 1042 25090 416 8808 935 37638 2262 331 321 1166 217 1435 236
internal_value=-9.94021e-05 -0.000709134 -0.000261847 -0.00435337 -0.00151468 -0.00311829 0.000465154 0.00187526 -0.00203488 -0.000251982 -0.00192589 -0.00454473 -0.000897985 -0.00135289
internal_weight=20943.2 10068.1 6477.87 223.819 3590.26 991.573 10875.1 1505.3 762.759 449.18 366.921 313.579 2598.69 2244.42
internal_count=84208 40478 25987 897 14491 4012 43730 6092 3077 1818 1487 1259 10479 9044
is_linear=0
shrinkage=0.02


Tree=117
num_leaves=15
num_cat=0
split_feature=1 17 38 23 14 32 32 22 14 4 29 36 31 40
split_gain=12.4109 13.4663 10.2255 19.3424 12.939 12.4951 10.8327 9.65299 10.7646 9.41026 10.8351 9.96114 11.1074 9.22736
threshold=7.9847903214290262e-05 0.62900516175676546 6.6658727475367838 1.0703453049370601 0.004225453375003874 -0.2064644942939117 0.36738905516699055 0.20849712426844 0.0011815470651014726 -0.00018278494892749956 3.3846667116208833 0.012289159714080912 0.9920990360532328 0.9386161540831891
decision_type=2 2 2 2 2 2 2 2 2 2 2 2 2 2
left_child=-1 -2 6 7 5 -5 13 -4 -9 10 -7 -12 -13 -3
right_child=1 2 3 4 -6 9 -8 8 -10 -11 11 12 -14 -15
leaf_value=0.00031591065046876281 -0.0018241367494778926 0.001486887029062411 -0.0043449650086833207 0.0085923727273540737 0.0091450987055942193 -0.0025433285730363871 -0.0041362598709556503 -0.0066468390277876254 -0.00023837051138096544 -0.0018432055309740342 0.0088805802596141521 -0.0058199084146702777 0.0066774927561381063 -0.00033957690908934066
leaf_weight=10811.275913342834 2844.2502346932888 2203.5230282843113 702.94429045915604 62.634481579065323 65.927925765514374 115.1926560997963 199.52935169637203 117.65653143823147 724.93082931637764 582.293850466609 114.00027066469193 52.469060882925987 51.34734995663166 2214.0920278280973
leaf_count=43476 11437 8850 2823 252 265 465 805 474 2914 2352 461 212 207 8894
internal_value=-0.00015437 -0.00066014 -0.000199791 -0.00120455 0.000896375 0.000296594 0.000364395 -0.00262185 -0.00116716 -0.000314686 0.00234578 0.00493045 0.000384081 0.000572121
internal_weight=20862.1 10050.8 7206.54 2589.4 1043.87 977.938 4617.14 1545.53 842.587 915.303 333.009 217.817 103.816 4417.62
internal_count=83887 40411 28974 10425 4214 3949 18549 6211 3388 3697 1345 880 419 17744
is_linear=0
shrinkage=0.02


Tree=118
num_leaves=15
num_cat=0
split_feature=43 20 42 36 20 21 21 37 34 16 36 32 37 41
split_gain=13.0241 10.744 9.53819 10.3307 10.508 10.0105 9.42596 11.4898 13.5788 10.9923 9.99902 9.18637 10.8904 9.5982
threshold=-0.10804614282572234 -0.59506882273336992 0.46771785510746994 0.005070801839257703 0.96746773144602749 0.61325094657123935 0.42268009659722655 1.7037277678464158 64.194450263384482 0.0021625709678180795 0.0043192848956592226 -0.093191617870015356 8.6364676923542252 0.34630460833216942
decision_type=2 2 2 2 2 2 2 2 2 2 2 2 2 2
left_child=1 -1 3 -2 5 -5 -4 8 -8 -10 -9 12 -3 -13
right_child=2 11 6 4 -6 -7 7 10 9 -11 -12 13 -14 -15
leaf_value=0.0019972807181031743 -0.0015313766439606249 -0.0018812808828606489 -0.00080503889691011898 0.00060971527406159854 0.0092800190506822106 0.0044332751057693234 -0.0056454894511743263 -0.0032695745141760415 -0.0033629235872901751 0.0043997745509936747 0.0015992303323393458 -0.0010696563711844061 0.0026795356595771609 0.0019966449129636583
leaf_weight=2293.8282419890165 710.65363463759422 1118.6158048659563 8538.5088784843683 2990.4266723394394 56.972343668341637 296.84025764465332 232.53416483104229 179.64730089902878 130.85675938427448 152.88289074599743 1992.1277375519276 574.5438249707222 252.77990055084229 1384.5975916534662
leaf_count=9277 2853 4500 34347 12005 229 1193 932 720 526 613 7988 2305 1020 5555
internal_value=0.000123173 0.000945563 -0.000179719 0.000651167 0.00111655 0.000961191 -0.000479981 0.000552135 -0.0021164 0.000823487 0.0011899 0.000219309 -0.00103394 0.00109698
internal_weight=20905.8 5624.37 15281.5 4054.89 3344.24 3287.27 11226.6 2688.05 516.274 283.74 2171.78 3330.54 1371.4 1959.14
internal_count=84063 22657 61406 16280 13427 13198 45126 10779 2071 1139 8708 13380 5520 7860
is_linear=0
shrinkage=0.02


Tree=119
num_leaves=15
num_cat=0
split_feature=34 17 47 12 47 28 17 28 12 36 11 34 12 3
split_gain=9.6912 16.5037 14.3249 12.7723 11.2858 12.6727 11.5224 9.28486 14.356 15.6304 14.3054 15.7321 12.281 11.1367
threshold=42.605236174130262 1.3747564859952985 0.35206144883412571 0.032823838397654743 0.99465189230620699 -0.13123167038108027 0.52341638180793126 -0.23649990961140718 -0.0021929864585314169 0.022312326225521022 -0.0032919036720155496 47.998432993975946 -0.038907561824639329 -0.0029635880827833549
decision_type=2 2 2 2 2 2 2 2 2 2 2 2 2 2
left_child=1 2 3 -1 7 -6 -7 8 9 -2 -10 -12 -11 -9
right_child=4 -3 -4 -5 5 6 -8 13 10 12 11 -13 -14 -15
leaf_value=0.00032100356933940222 0.00041431473549800944 -0.0013951209216294944 0.0031747668940262964 0.0096134887035121581 0.0013723116977127508 -0.011999231657065073 -0.0032434375991554523 0.0030699084844403334 -0.00049459522344552393 0.00056643690794029903 -0.003230632396866166 -0.011298459243856614 -0.0074390435382341363 4.5119994097682569e-05
leaf_weight=2399.8716735392809 2496.6549025028944 1048.1995576024055 1255.9893274009228 55.675599217414856 170.50381891429424 74.020574972033501 280.04201850295067 504.39551362395287 639.74228055775166 125.64423370361328 561.95942743122578 113.97437055408955 188.9376675337553 11021.091743990779
leaf_count=9681 10016 4220 5070 225 684 298 1128 2024 2565 504 2256 457 758 44305
internal_value=2.34811e-05 0.000816264 0.00144183 0.000550803 -0.000209959 -0.00308149 -0.00521553 -0.00011277 -0.000926202 -0.000117972 -0.00264618 -0.00466398 -0.00428281 0.000178769
internal_weight=20936.7 4759.74 3711.54 2455.55 16177 524.566 354.063 15652.4 4126.91 2811.24 1315.68 675.934 314.582 11525.5
internal_count=84191 19196 14976 9906 64995 2110 1426 62885 16556 11278 5278 2713 1262 46329
is_linear=0
shrinkage=0.02


Tree=120
num_leaves=15
num_cat=0
split_feature=8 6 32 26 13 13 17 16 44 23 33 25 6 8
split_gain=9.54324 14.7294 13.369 13.1846 11.9928 11.9654 10.5774 10.5391 10.3775 9.187 8.81115 9.16626 9.64325 9.35825
threshold=0.0034211490188405286 -0.00049567242877392908 0.59311391621534248 1.0641968128205679 0.0023468878794266818 0.0029140977457839399 0.89244487974133135 0.0017757174878364978 3.4756672357056426 0.99006910805278336 72.701557136878549 -2.4999999999999996 -0.00030476551994411259 -0.0028742924860874872
decision_type=2 2 2 2 2 2 2 2 2 2 2 2 2 2
left_child=1 4 8 10 -1 6 -6 -7 -2 -8 11 12 13 -3
right_child=2 3 -4 -5 5 7 9 -9 -10 -11 -12 -13 -14 -15
leaf_value=0.00034324681024251437 -0.0014883288590188868 -0.0098877587055282105 0.0074129375384329212 -0.0046774085434229768 0.0080969485040521625 0.009015810337840921 0.0001792300495026928 0.00052973214103283828 0.0039274642888449448 0.0057516369404887668 0.0038377477598569992 -0.00051427577440539595 0.0016700748043537695 0.0015008969443783837
leaf_weight=4598.6026835441589 3074.6555716842413 54.498730406165123 68.101618275046349 265.30388408899307 205.51214268803596 56.972639054059982 266.34412921965122 1074.5346004217863 143.62905314564705 208.45673543214798 206.40434037148952 9340.5451664328575 1330.0236677676439 53.823929786682129
leaf_count=18484 12398 221 274 1079 826 229 1069 4321 581 840 833 37494 5371 217
internal_value=-6.18495e-05 0.000122382 -0.00105059 -0.000313588 0.00088718 0.002263 0.00434964 0.0009948 -0.00124091 0.00266018 -0.000206118 -0.000285298 0.0011983 -0.00441236
internal_weight=20947.4 17661 3286.39 11250.6 6410.42 1811.82 680.313 1131.51 3218.28 474.801 10985.3 10778.9 1438.35 108.323
internal_count=84237 70984 13253 45215 25769 7285 2735 4550 12979 1909 44136 43303 5809 438
is_linear=0
shrinkage=0.02


Tree=121
num_leaves=15
num_cat=0
split_feature=42 3 44 1 21 0 43 16 14 26 1 42 1 49
split_gain=9.82322 9.7819 9.80774 8.94468 12.8522 11.8456 11.2048 13.1774 16.3291 10.7615 9.60531 8.43274 9.27096 8.41326
threshold=0.37578875643136755 -0.0035360380131247795 0.57904784172807855 7.9847903214290262e-05 0.41536407246938517 0.0077670450390019434 -0.041260297170065657 0.00080577440165105192 0.0014125659236144132 0.77505346262094332 0.00030121828468899001 0.49080501814455563 0.002299256824492747 1.0000000180025095e-35
decision_type=2 2 2 2 2 2 2 2 2 2 2 2 2 2
left_child=-1 2 11 -3 5 6 7 -5 9 -9 13 -2 -13 -10
right_child=1 3 -4 4 -6 -7 -8 8 10 -11 -12 12 -14 -15
leaf_value=0.0030490686014013704 0.0053441154613099277 0.00024215570765335765 -0.00052324027738720501 0.0067105855999113244 0.00072220155180349787 0.0068902943898790361 -0.0017768828768739129 -0.0019879250620910721 3.6705624498579119e-05 -0.010110128584621023 0.0010305759524115326 -0.0016171239753526201 0.0066727940932000311 -0.0092250489603069689
leaf_weight=407.42226350307465 363.02523140609264 10106.910632312298 429.71353448927402 102.49916036427021 2194.3159753382206 69.917515054345131 4153.0661730468273 835.3560533374548 87.639371275901794 66.360967949032784 1781.5170312076807 194.14429600536823 69.073403254151344 65.969127669930458
leaf_count=1643 1459 40641 1729 412 8797 283 16745 3352 352 269 7153 779 277 265
internal_value=-7.01992e-06 -6.84277e-05 0.00180172 -0.000170325 -0.000615773 -0.00102591 -0.00110874 -0.000163297 -0.00042303 -0.00263813 0.000613284 0.00338856 0.000642148 -0.0041063
internal_weight=20926.9 20519.5 1055.96 19463.6 9356.64 7162.33 7092.41 2939.34 2836.84 901.717 1935.13 626.243 263.218 153.608
internal_count=84156 82513 4244 78269 37628 28831 28548 11803 11391 3621 7770 2515 1056 617
is_linear=0
shrinkage=0.02


Tree=122
num_leaves=15
num_cat=0
split_feature=17 3 1 46 22 45 17 1 45 17 6 32 23 5
split_gain=9.86522 17.1887 17.3939 11.241 10.9237 12.4495 11.2723 11.6142 10.8366 10.8974 12.0426 10.2592 9.77181 9.52477
threshold=0.63238906449526933 0.0024742018540149552 0.00059083823359076641 -0.35206144883412549 0.51106053980404964 1.0151023252305842 0.44989671003294884 0.00012781173096695119 -1.5472363405262202 1.3634128952513895 0.0011446501597221612 -0.29146781441523556 0.7551177886621655 -0.0012672397713134498
decision_type=2 2 2 2 2 2 2 2 2 2 2 2 2 2
left_child=1 4 -3 13 6 -6 7 11 9 10 -5 -1 -13 -2
right_child=3 2 -4 8 5 -7 -8 -9 -10 -11 -12 12 -14 -15
leaf_value=-0.0046193005103596866 -0.00044103889752034205 0.0089941939212310733 -0.0026178019019718226 0.0019286381600768904 -0.0018664380251681245 -0.0078217769644822483 -0.0013185471094671489 -0.0011093965692881029 -0.00059103425808142249 -0.002233639010255333 0.0097510929048405231 0.00081733759480709627 0.0049278825980018284 0.0012361547629256263
leaf_weight=79.469562634825706 1869.1323072165251 134.41841585934162 78.984129160642624 559.70873036980629 871.00891575217247 163.82240200042725 3109.2643048763275 819.64489969611168 7114.487222224474 200.99320858716965 87.495187535881996 515.02358815073967 418.59590503573418 4892.7696333825588
leaf_count=322 7512 540 318 2269 3492 663 12505 3296 28592 812 355 2067 1687 19679
internal_value=-0.00010848 -0.000778065 0.00473485 0.000173183 -0.000978696 -0.0028423 -0.000585989 0.000657014 -0.000335973 0.00179435 0.0030528 0.00208457 0.00267677 0.00077256
internal_weight=20914.8 6190.23 213.403 14724.6 5976.83 1034.83 4942 1832.73 7962.68 848.197 647.204 1013.09 933.619 6761.9
internal_count=84109 24890 858 59219 24032 4155 19877 7372 32028 3436 2624 4076 3754 27191
is_linear=0
shrinkage=0.02


Tree=123
num_leaves=15
num_cat=0
split_feature=43 30 48 30 17 6 10 44 8 46 39 1 30 13
split_gain=11.5125 12.3677 14.1594 12.0178 10.6373 10.3584 15.683 12.2316 13.8113 10.2643 12.9272 9.97756 9.33511 9.19124
threshold=-0.095443191257493898 0.2945175676258322 1.0000000180025095e-35 -1.5087535662183027 1.1818126522551176 -0.0016896799199915861 -0.0016954969035860321 0.57904784172807855 -0.0084118466891152429 0.68322629814330826 -0.69478983773723535 0.0030087974718073424 0.17350081153883246 0.0035072388311211543
decision_type=2 2 2 2 2 2 2 2 2 2 2 2 2 2
left_child=9 3 -3 4 -2 6 -5 8 -7 -1 -11 -4 -9 -8
right_child=1 2 11 5 -6 7 13 12 -10 10 -12 -13 -14 -15
leaf_value=0.0013170481225518091 0.0015665450484022656 -0.00187256278450257 0.00072333011241658765 0.0031152343146465295 -0.0097411082162861904 0.010043600559721691 0.00034074416623421132 -0.0028264211861697623 0.00020687642395424683 0.0043219803684241527 -0.0012030811715074365 -0.0035418768134338804 0.0037735039212933009 -0.0057775775290243971
leaf_weight=4533.5840400606394 51.021687611937523 3010.5126161128283 1938.5655584335327 1122.3312401175499 84.482946947216988 52.590061366558075 530.854437276721 831.96734608709812 6689.2412312030792 187.43669520318508 1412.7893135249615 242.31821675598621 91.166002988815308 115.3769306987524
leaf_count=18264 205 12129 7799 4506 339 212 2131 3341 26854 753 5691 976 367 463
internal_value=0.000103464 -0.000199196 -0.000984695 0.000227245 -0.00557919 0.000313561 0.00169095 -5.14307e-06 0.000290995 0.000831354 -0.000544477 0.000242405 -0.00215781 -0.000787581
internal_weight=20894.2 14760.4 5191.4 9569.03 135.505 9433.53 1768.56 7664.96 6741.83 6133.81 1600.23 2180.88 923.133 646.231
internal_count=84030 59322 20904 38418 544 37874 7100 30774 27066 24708 6444 8775 3708 2594
is_linear=0
shrinkage=0.02


Tree=124
num_leaves=15
num_cat=0
split_feature=24 37 47 30 23 22 31 4 37 24 39 7 13 10
split_gain=9.66703 7.73637 14.5544 9.34556 9.66224 10.4354 8.03081 14.4516 12.0589 10.5994 13.1033 12.0359 11.0968 10.3747
threshold=0.64275895688163009 1.7739390692575332 0.58216583101416164 0.90401836966387716 1.1194104920024113 0.046733038128045475 0.79757901034380807 0.0021951597094849126 4.8836964741571309 0.0077011611747880701 -0.15512444608091003 -0.00013685719128763744 0.0018956691930689768 0.016136604592467293
decision_type=2 2 2 2 2 2 2 2 2 2 2 2 2 2
left_child=1 2 3 -1 5 -5 13 8 9 -8 12 -12 -11 -3
right_child=-2 6 -4 4 -6 -7 7 -9 -10 10 11 -13 -14 -15
leaf_value=-0.001339253368001837 -0.00046756983865136481 0.00052380488277730915 -0.0037572118424412139 -0.0067604574319306979 0.0059751944118320447 0.0019014480109106335 0.008244909485966196 0.0089859998584987649 0.0090590797058513525 -0.00054924158450475038 0.0092248656129441959 -0.00069795532637595176 -0.0094578185232346238 -0.0064300404377166751
leaf_weight=614.40235057473183 8210.1846239864826 10265.962246417999 484.32313115894794 62.64550444483757 179.45558261871338 308.60699282586575 53.284744843840599 115.89253856241703 65.790809631347656 142.44296172261238 70.000687599182129 138.66240546107292 87.800568878650665 81.565150827169418
leaf_count=2463 33032 41299 1945 251 720 1237 214 465 264 571 281 557 352 327
internal_value=6.68598e-05 0.000413196 -0.000862456 0.000351774 0.00223346 0.000369414 0.000604411 0.00271202 0.00134068 0.000228244 -0.000826911 0.00276885 -0.00407524 0.000465912
internal_weight=20881 12670.8 1649.43 1165.11 550.708 371.252 11021.4 673.875 557.982 492.191 438.907 208.663 230.244 10347.5
internal_count=83978 50946 6616 4671 2208 1488 44330 2704 2239 1975 1761 838 923 41626
is_linear=0
shrinkage=0.02


end of trees

feature_importances:
close_pos=90
upper_wick_frac=79
ema8_dist=75
ret_lag2=74
lower_wick_frac=62
taker_ratio=62
rsi7=59
tod_cos=59
taker_delta_z=58
ret_lag7=56
vwap_dist=56
taker_ratio_8=55
ret_96=51
vol_rel_4=50
vol_ratio_8_96=45
dow_sin=44
dist_high_96=37
ret_32=36
ret_4=35
body_frac=35
tod_sin=35
ret_lag8=32
range_atr=32
ret_lag4=31
body=30
vol_8=29
up_streak=29
ret_lag6=28
ret_16=27
dist_low_96=26
ema200_dist=24
rsi14=24
ret_lag3=23
macd_hist=23
trades_z=22
vol_96=21
vol_z=21
ret_lag5=20
ema50_dist=20
macd=17
vol_16=16
ema8_20=16
ret_1=14
atr14_pct=14
vol_48=12
dow_cos=11
bb_width=10
ret_8=9
bb_pos=9
ema20_dist=7

parameters:
[boosting: gbdt]
[objective: binary]
[metric: binary_logloss]
[tree_learner: serial]
[device_type: cpu]
[data_sample_strategy: bagging]
[data: ]
[valid: ]
[num_iterations: 125]
[learning_rate: 0.02]
[num_leaves: 15]
[num_threads: 0]
[seed: 42]
[deterministic: 0]
[force_col_wise: 0]
[force_row_wise: 0]
[histogram_pool_size: -1]
[max_depth: -1]
[min_data_in_leaf: 200]
[min_sum_hessian_in_leaf: 0.001]
[bagging_fraction: 0.8]
[pos_bagging_fraction: 1]
[neg_bagging_fraction: 1]
[bagging_freq: 1]
[bagging_seed: 400]
[bagging_by_query: 0]
[feature_fraction: 0.7]
[feature_fraction_bynode: 1]
[feature_fraction_seed: 30056]
[extra_trees: 0]
[extra_seed: 12879]
[early_stopping_round: 0]
[early_stopping_min_delta: 0]
[first_metric_only: 0]
[max_delta_step: 0]
[lambda_l1: 0]
[lambda_l2: 5]
[linear_lambda: 0]
[min_gain_to_split: 0]
[drop_rate: 0.1]
[max_drop: 50]
[skip_drop: 0.5]
[xgboost_dart_mode: 0]
[uniform_drop: 0]
[drop_seed: 17869]
[top_rate: 0.2]
[other_rate: 0.1]
[min_data_per_group: 100]
[max_cat_threshold: 32]
[cat_l2: 10]
[cat_smooth: 10]
[max_cat_to_onehot: 4]
[top_k: 20]
[monotone_constraints: ]
[monotone_constraints_method: basic]
[monotone_penalty: 0]
[feature_contri: ]
[forcedsplits_filename: ]
[refit_decay_rate: 0.9]
[cegb_tradeoff: 1]
[cegb_penalty_split: 0]
[cegb_penalty_feature_lazy: ]
[cegb_penalty_feature_coupled: ]
[path_smooth: 0]
[interaction_constraints: ]
[verbosity: -1]
[saved_feature_importance_type: 0]
[use_quantized_grad: 0]
[num_grad_quant_bins: 4]
[quant_train_renew_leaf: 0]
[stochastic_rounding: 1]
[linear_tree: 0]
[max_bin: 255]
[max_bin_by_feature: ]
[min_data_in_bin: 3]
[bin_construct_sample_cnt: 200000]
[data_random_seed: 175]
[is_enable_sparse: 1]
[enable_bundle: 1]
[use_missing: 1]
[zero_as_missing: 0]
[feature_pre_filter: 1]
[pre_partition: 0]
[two_round: 0]
[header: 0]
[label_column: ]
[weight_column: ]
[group_column: ]
[ignore_column: ]
[categorical_feature: ]
[forcedbins_filename: ]
[precise_float_parser: 0]
[parser_config_file: ]
[objective_seed: 16083]
[num_class: 1]
[is_unbalance: 0]
[scale_pos_weight: 1]
[sigmoid: 1]
[boost_from_average: 1]
[reg_sqrt: 0]
[alpha: 0.9]
[fair_c: 1]
[poisson_max_delta_step: 0.7]
[tweedie_variance_power: 1.5]
[lambdarank_truncation_level: 30]
[lambdarank_norm: 1]
[label_gain: ]
[lambdarank_position_bias_regularization: 0]
[eval_at: ]
[multi_error_top_k: 1]
[auc_mu_weights: ]
[num_machines: 1]
[local_listen_port: 12400]
[time_out: 120]
[machine_list_filename: ]
[machines: ]
[gpu_platform_id: -1]
[gpu_device_id: -1]
[gpu_device_id_list: ]
[gpu_use_dp: 0]
[num_gpu: 1]

end of parameters

pandas_categorical:[]
