tree
version=v4
num_class=1
num_tree_per_iteration=1
label_index=0
max_feature_idx=77
objective=binary sigmoid:1
feature_names=ret_1 ret_lag2 ret_lag3 ret_lag4 ret_lag5 ret_lag6 ret_lag7 ret_lag8 ret_4 ret_8 ret_16 ret_32 ret_96 vol_8 vol_16 vol_48 vol_96 vol_ratio_8_96 atr14_pct body body_frac upper_wick_frac lower_wick_frac range_atr close_pos up_streak ema8_dist ema20_dist ema50_dist ema200_dist ema8_20 macd macd_hist rsi7 rsi14 bb_pos bb_width dist_high_96 dist_low_96 vol_z vol_rel_4 taker_ratio taker_ratio_8 taker_delta_z trades_z vwap_dist tod_sin tod_cos dow_sin dow_cos h1_ema8 h1_ema20 h1_ema50 h1_rsi14 h1_ret4 h1_ret12 h1_vol_ratio h1_atr_pct h1_range_pos h1_body h1_streak h1_bb h1_vol_z h1_dist h4_ema8 h4_ema20 h4_ema50 h4_rsi14 h4_ret4 h4_ret12 h4_vol_ratio h4_atr_pct h4_range_pos h4_body h4_streak h4_bb h4_vol_z h4_dist
feature_infos=[-0.045888061084904667:0.053934205405202447] [-0.045888061084904667:0.053934205405202447] [-0.045888061084904667:0.053934205405202447] [-0.045888061084904667:0.053934205405202447] [-0.045888061084904667:0.053934205405202447] [-0.045888061084904667:0.053934205405202447] [-0.045888061084904667:0.053934205405202447] [-0.045888061084904667:0.053934205405202447] [-0.076715936326498452:0.071785322777419849] [-0.082859737483614707:0.087582553035699201] [-0.090700463546002058:0.10043580697543601] [-0.16266048544580042:0.11889712469450331] [-0.20379443934768335:0.15377224418517885] [8.3329473857900145e-05:0.023781970407554923] [0.00012792929180966274:0.016511030582028338] [0.00027925010500432645:0.012957279996928073] [0.00033069000566015737:0.011426553815658021] [0.08132655658769343:3.4882683878153196] [0.00022853159921821788:0.02163055484406555] [-6.0428796195592751:8.3512457211179321] [-1:1] [0:1] [0:1] [0.00014748801259109186:9.4185185884844262] [0:1] [-16:11] [-5.4435803416029946:6.989193772654585] [-7.3450660540799317:8.3963855545633592] [-9.0379793453487878:9.8256651164420159] [-15.242441582492408:16.592092497599346] [-2.8767337528869423:2.7793333115901699] [-2.910452059514637:2.4864840628776181] [-1.0271532203357743:0.96837313977083028] [1.2169061556917597:98.903649905028473] [6.9041864030724156:96.697224200866756] [-2.02504220112188:2.0927350592918881] [0.0006929669935431805:0.1562429242045596] [0:59.445795538491389] [0:45.150412088014022] [-1.9112738270397451:9.4573194264147169] [0.071343706217042224:11.576259809110674] [0.077219324885705612:0.94288004520801205] [0.22823834564842876:0.74268856146543416] [-14.848157217170431:8.9250325309054404] [-2.2623706423938823:9.3168706031396482] [-5.0926682269349683:6.8926893835089427] [-1:1] [-1:1] [-0.97492791218182362:0.97492791218182362] [-0.90096886790241903:1] [-5.0802915449475545:5.6852096164113339] [-6.3111678723844378:7.1014720321783757] [-7.2496890714027007:8.6097337916602701] [10.804431751144847:92.021348278450205] [-6.9866483164650814:8.1268854178611178] [-9.0190303185424607:10.288300623487304] [0.046437465426070711:2.8328467133134434] [0.00096950615863999835:0.029359184102853583] [0:1] [-5.8734374722951577:6.168706516634372] [-13:14] [-2.0015728886291586:2.0496350111895469] [-1.8007699180026591:6.6634638840591078] [-8.0817555922386468:10.701721914828831] [-3.1669337811451719:4.4913833870538307] [-4.8091735163257292:5.6207298367877847] [-6.7109035640662027:7.952547242724977] [10.880524757999382:94.263521292573301] [-4.7044443069375745:6.2089940622524722] [-7.1082673478726361:9.943127262886259] [0.069191749366640104:2.6782283097817725] [0.0044354429300327803:0.04281401896229544] [3.3500775170768518e-05:1] [-3.3418448974815185:5.6271544792354797] [-11:10] [-1.9628998771573385:1.9865670134147204] [-1.6588615519987815:6.3415340349065383] [-4.9816086397002186:10.779683556721697]
tree_sizes=1782 1806 1810 1810 1802 1800 1814 1807 1802 1819 1826 1825 1811 1799 1800 1815 1818 1809 1817 1796 1802 1809 1797 1814 1806 1808 1801 1809 1812 1808 1819 1818 1818 1803 1819 1811 1814 1807 1815 1823 1813 1811 1817 1802 1817 1815 1805 1807 1814 1813 1810 1808 1820 1815 1821 1822 1823 1810 1806 1820 1807 1807 1813 1822 1813 1812 1820 1818 1814 1810 1807 1806 1801 1817 1812 1819 1812 1810 1805 1820 1808 1812 1813 1823 1811 1808 1800 1812 1807 1805 1819 1809 1803 1820 1813 1806 1812 1822 1821 1810 1831 1818 1810 1804 1806 1803 1816 1814 1803 1823 1818 1811 1806 1807 1810 1814 1816 1805 1810 1810 1811 1798 1790 1812 1801 1812 1808 1799 1809 1815 1797 1823 1792 1804 1817 1816 1815 1808 1815 1799 1808 1810 1819 1814 1815 1809 1809 1822

Tree=0
num_leaves=15
num_cat=0
split_feature=26 26 26 24 24 21 11 17 47 1 24 40 59 56
split_gain=274.888 91.486 54.6386 31.309 31.1206 20.2276 19.5855 20.266 18.2471 17.9657 17.8135 17.0481 15.8593 15.824
threshold=0.18221079355662737 -0.57130590686204497 0.6899086278241936 0.41085355156456554 0.49169324769601608 0.33277586588757518 -0.0077645424035638682 1.2395693736352535 0.88144907265856365 -0.00027223716837777043 0.25018030828781795 1.8498575659357277 0.31006909575498753 1.0772500628504735
decision_type=2 2 2 2 2 2 2 2 2 2 2 2 2 2
left_child=1 3 5 9 12 8 7 -3 -2 11 -8 -1 -4 -6
right_child=2 6 4 -5 13 -7 10 -9 -10 -11 -12 -13 -14 -15
leaf_value=0.012959116511617793 0.0037225565469410434 0.0092058044570441106 0.01024450785137157 0.0070731916998777204 -0.0012399669719965678 0.0057037608743144104 0.0070271735325932744 0.0041297025986485906 -0.0002486223363901861 0.008822885899866113 0.004846858120713767 0.0077797347820441828 0.0029655123771953821 0.0019843628618214228
leaf_weight=1497.7392872571945 2854.9795794487 1303.9906730651855 148.74893605709076 1272.2409001588821 1888.9864888191223 1779.987268447876 2274.7337297201157 411.49705672264099 549.49606966972351 1120.4919855594635 4371.7187308073044 313.24775946140289 537.24615728855133 924.49338746070862
leaf_count=5991 11420 5216 595 5089 7556 7120 9099 1646 2198 4482 17487 1253 2149 3698
internal_value=0.0054065 0.00729724 0.00267105 0.00970229 0.000741622 0.00397658 0.00608629 0.00798821 0.00307434 0.0108384 0.00559377 0.0120724 0.00456794 -0.000188303
internal_weight=21249.6 12565.7 8683.94 4203.72 3499.47 5184.46 8361.94 1715.49 3404.48 2931.48 6646.45 1810.99 685.995 2813.48
internal_count=84999 50263 34736 16815 13998 20738 33448 6862 13618 11726 26586 7244 2744 11254
is_linear=0
shrinkage=1


Tree=1
num_leaves=15
num_cat=0
split_feature=26 26 19 12 21 59 21 42 21 1 62 21 52 37
split_gain=251.06 96.2664 48.2139 34.9206 31.7026 22.063 21.0212 20.1257 16.876 16.552 22.2437 16.0456 15.769 17.0057
threshold=-0.27619400765420493 0.67841258268150095 -0.53934532630600474 -0.0051819135174541999 0.20253813380311772 -0.91414192041621301 0.33575416462537216 0.54822807763022319 0.25457607038589597 0.00033222082698272035 -0.54955406958564668 0.023840810276054714 5.2657871917930779 1.4940004436523997
decision_type=2 2 2 2 2 2 2 2 2 2 2 2 2 2
left_child=2 3 5 8 -3 -1 -4 -6 -2 10 -7 -11 13 -5
right_child=1 4 6 12 7 9 -8 -9 -10 11 -12 -13 -14 -15
leaf_value=0.0097493922988050735 -0.00014091623141785405 -0.0060720363610725437 0.00065775111208383097 -0.0037133810724524971 -0.0010486032291984017 0.0087392976893222573 0.003513937184700484 -0.0060683049049826193 0.0025920075093884567 -0.0017024286846812669 0.0038373131253734288 0.0042128891716377752 0.0056016118099791465 -0.001000549261436926
leaf_weight=373.49135540425777 1976.2358550131321 1866.4983204305172 2488.71580940485 1096.2436505407095 1291.9959643185139 596.48288731276989 1757.9675018638372 420.74875465035439 1659.7342690378428 279.49548362195492 1004.9720145761967 516.49145863950253 124.99920336902142 5801.7090531885624
leaf_count=1494 7905 7466 9955 4385 5168 2386 7032 1683 6639 1118 4020 2066 500 23207
internal_value=9.06553e-05 -0.00143526 0.00318543 -0.00048155 -0.00427075 0.00523602 0.00184285 -0.00229581 0.00110845 0.00451406 0.00568464 0.00213818 -0.00130494 -0.00143406
internal_weight=21255.8 14238.2 7017.62 10658.9 3579.24 2770.93 4246.68 1712.74 3635.97 2397.44 1601.45 795.987 7022.95 6897.95
internal_count=85024 56953 28071 42636 14317 11084 16987 6851 14544 9590 6406 3184 28092 27592
is_linear=0
shrinkage=0.02


Tree=2
num_leaves=15
num_cat=0
split_feature=26 26 24 26 24 24 6 59 63 41 66 16 28 48
split_gain=242.824 91.2169 58.9175 29.5179 28.5761 24.3037 21.7439 19.0417 17.086 22.22 14.9754 14.7238 15.4658 14.1413
threshold=0.18221079355662737 -0.57130590686204497 0.74647765495109974 0.67841258268150095 0.40618842004265776 0.23803673839421494 -0.00049415568833211985 0.036570406960980718 -1.0000000180025095e-35 0.37160327566092172 -1.509045066566562 0.0023027450766986654 0.86352693238521694 -0.60785761079279388
decision_type=2 2 2 2 2 2 2 2 2 2 2 2 2 2
left_child=1 4 5 -4 8 -2 -3 -6 9 -1 -10 12 -7 -5
right_child=2 6 3 13 7 11 -8 -9 10 -11 -12 -13 -14 -15
leaf_value=0.0070570969232413303 0.0015278688567983692 0.0018377029205375451 -0.0026777772782297059 -0.0088337407275204029 0.0024663164508619199 -0.00068867825951359905 -0.00025416542404676823 -0.0056911017332568151 0.0024912692021835828 0.0027655243598646907 0.009215055658416892 -0.00029494747951540166 -0.0042400234139068245 -0.0050113209514428703
leaf_weight=751.20128080248833 1111.993829831481 3225.206568390131 2087.995891019702 550.99411717057228 1176.7236312329769 782.99427956342697 5164.1820759624243 121.99718207120895 173.98882128298283 1367.6672420501709 619.70988197624683 1437.7411390095949 1318.2447231262922 1418.7376252412796
leaf_count=3005 4448 12901 8352 2204 4707 3132 20657 488 696 5471 2479 5751 5273 5675
internal_value=-1.75284e-05 0.0017571 -0.00258479 -0.00434459 0.004157 -0.00104644 0.000550646 0.00168115 0.00525622 0.00430005 0.00776594 -0.00185633 -0.00292145 -0.00610023
internal_weight=21309.4 12600.7 8708.7 4057.73 4211.29 4650.97 8389.39 1298.72 2912.57 2118.87 793.699 3538.98 2101.24 1969.73
internal_count=85239 50404 34835 16231 16846 18604 33558 5195 11651 8476 3175 14156 8405 7879
is_linear=0
shrinkage=0.02


Tree=3
num_leaves=15
num_cat=0
split_feature=26 26 26 24 40 22 24 67 47 64 21 74 43 24
split_gain=234.512 91.4875 49.9165 31.5766 26.563 22.5626 18.2446 17.4875 15.7853 17.2071 14.8906 14.1157 13.6253 13.3645
threshold=0.19525339257933921 -0.76898923524177221 0.6899086278241936 0.75042705794655562 2.0098400985219222 0.24945632416021365 0.12441741705436231 65.352999222061342 0.84874750804349197 -0.11629069354673076 0.17141758101221358 -3.4999999999999996 -0.085757693746075447 0.20555665174496635
decision_type=2 2 2 2 2 2 2 2 2 2 2 2 2 2
left_child=1 4 8 6 7 12 -4 -1 11 -10 -7 -2 -3 -13
right_child=2 5 3 -5 -6 10 -8 -9 9 -11 -12 13 -14 -15
leaf_value=0.0052001730430243313 0.0048552913353030495 0.0031602766608367677 0.0048780872635861526 -0.0061365376486226253 0.0012345234733451354 -0.0013111749448887103 -0.0029506504877045516 0.010678636895898421 -0.00058964858431730907 -0.0061412290294380872 0.00091929510438621841 0.0017950673733563719 0.00096647074539054387 -0.0014998916892060448
leaf_weight=1941.3051610887051 165.49893434345722 1710.4318062961102 124.99934947490692 1924.9281156510115 635.20617212355137 2409.4628063738346 1476.4886683523655 267.22223582863808 400.74750119447708 502.74749912321568 2369.956633657217 571.49445191025734 3353.4211838245392 3392.9894021600485
leaf_count=7766 662 6842 500 7700 2541 9638 5906 1069 1603 2011 9480 2286 13414 13572
internal_value=-3.14645e-05 0.00169422 -0.00258867 -0.00441191 0.00485073 0.000780295 -0.00232632 0.00588567 -0.00130821 -0.00369561 -0.000205353 -0.000782095 0.00170987 -0.00102325
internal_weight=21246.9 12687 8559.89 3526.42 2843.73 9843.27 1601.49 2208.53 5033.48 903.495 4779.42 4129.98 5063.85 3964.48
internal_count=84990 50750 34240 14106 11376 39374 6406 8835 20134 3614 19118 16520 20256 15858
is_linear=0
shrinkage=0.02


Tree=4
num_leaves=15
num_cat=0
split_feature=33 24 45 24 24 12 8 43 35 1 37 21 46 75
split_gain=202.878 98.0166 67.6295 42.5626 33.1803 21.8713 19.9046 18.725 17.7406 17.4162 15.1288 14.678 14.5614 15.5339
threshold=38.635752198897116 0.31946767342937815 0.98306375658401957 0.40618842004265776 0.81800524098496619 -0.0046103934820255167 0.00272317230710077 -0.18587524159838614 0.81446870875080568 0.00014347185821507734 1.3224695651810727 0.021864377583321586 -0.4124860612920454 0.532858860577755
decision_type=2 2 2 2 2 2 2 2 2 2 2 2 2 2
left_child=3 10 5 9 7 6 -3 -4 -7 -1 -2 -5 -12 -14
right_child=1 2 4 11 -6 8 -8 -9 -10 -11 12 -13 13 -15
leaf_value=0.0061786599515224038 -0.0022187366523173427 0.001437799103479547 0.0037968149604453026 -0.0026720460570939862 -0.0061944508974811829 -0.0018262160826945392 -0.0027789347938677127 -0.0030207253090908381 0.0079051361467603158 0.0028307402227811759 0.0033479284632450352 0.0020827435922180508 0.0017802517720426085 -0.0015406401687832097
leaf_weight=2061.1621943712234 417.99631963670254 2133.7192312479019 170.74750405550003 310.23658628761768 1726.3811087757349 4912.6992517411709 561.49118991196156 2035.7092967480421 71.247417032718658 908.40431863069534 1492.699463814497 1480.188411295414 2168.9317171573639 756.2248989790678
leaf_count=8246 1672 8535 683 1241 6906 19651 2246 8143 285 3634 5971 5921 8676 3025
internal_value=6.01703e-05 -0.000992307 -0.00198841 0.00369416 -0.00411954 -0.000894988 0.000555811 -0.00248576 -0.00167932 0.005161 0.00139914 0.00125371 0.00174357 0.000920556
internal_weight=21207.8 16447.8 11612 4759.99 3932.84 7679.16 2695.21 2206.46 4983.95 2969.57 4835.85 1790.42 4417.86 2925.16
internal_count=84835 65793 46449 19042 15732 30717 10781 8826 19936 11880 19344 7162 17672 11701
is_linear=0
shrinkage=0.02


Tree=5
num_leaves=15
num_cat=0
split_feature=26 26 22 41 22 41 43 33 17 58 76 1 40 71
split_gain=213.93 74.5664 36.4624 26.6178 32.9202 22.5468 20.012 19.9184 19.4538 16.9984 18.8207 16.7978 16.465 14.652
threshold=-0.25347937589228881 0.67841258268150095 0.19232696640932317 0.60907443209557954 0.26220433104886348 0.58539096318562278 0.31234000373835807 38.419506123049302 1.438391209293066 0.87643301258048767 0.2438109166167868 0.00050861483231138334 4.0332143831412273 0.01019703705376585
decision_type=2 2 2 2 2 2 2 2 2 2 2 2 2 2
left_child=2 3 11 4 9 12 7 8 -4 13 -11 -1 -3 -2
right_child=1 5 6 -5 -6 -7 -8 -9 -10 10 -12 -13 -14 -15
leaf_value=0.0051547332391909803 -0.00088857786489448523 -0.0029545712405939341 0.0035424086763899271 -0.0030931706692327067 -0.0014433316600542662 -0.005868616007783 -0.0071198804484185006 -0.00020292699312571922 -0.0012425020113319835 -0.0056825129681488439 0.0020533381493444951 0.0018024937800005065 0.0063566778584929189 0.0020142172393778522
leaf_weight=2492.8257945924997 877.23412778973579 2090.599839836359 2134.2399490624666 1440.9845708608627 4246.7114889323711 1426.6044207215309 99.993975237011909 1376.2074857652187 401.46001099050045 295.24639704823494 212.99704730510712 795.66643154621124 74.246720314025879 3308.1833587139845
leaf_count=9973 3509 8363 8538 5764 16987 5707 400 5505 1606 1181 852 3183 297 13233
internal_value=1.39267e-05 -0.00143568 0.00278753 -0.000575592 -0.000168313 -0.00391758 0.00150494 0.00173421 0.00278389 0.000985601 -0.00245212 0.00434761 -0.00262132 0.00140548
internal_weight=21273.2 13972.8 7300.39 10381.4 8940.37 3591.45 4011.9 3911.91 2535.7 4693.66 508.243 3288.49 2164.85 4185.42
internal_count=85098 55893 29205 41526 35762 14367 16049 15649 10144 18775 2033 13156 8660 16742
is_linear=0
shrinkage=0.02


Tree=6
num_leaves=15
num_cat=0
split_feature=33 33 24 24 24 1 24 77 5 72 4 1 63 41
split_gain=213.217 99.9416 41.0101 31.6397 28.1138 19.3638 17.6659 16.3369 16.1696 21.1948 18.2375 15.9591 18.0782 15.9384
threshold=38.635752198897116 62.854943935886247 0.25860173264988162 0.8020524454174085 0.40618842004265776 6.4003569068198072e-05 0.12441741705436231 1.0000000180025095e-35 0.00069056218278926889 0.46864082597069695 -0.00057526405960314959 0.00083606701690107854 0.97337330727746918 0.57477130337970739
decision_type=2 2 2 2 2 2 2 2 2 2 2 2 2 2
left_child=4 2 8 6 5 7 -3 -1 -2 -10 -11 -8 -13 -4
right_child=1 3 13 -5 -6 -7 11 -9 9 10 -12 12 -14 -15
leaf_value=0.0064512578811583149 0.00073238936008735084 0.0027480865102802853 -0.00029037577797044316 -0.0055658707908896312 0.0018112843388095627 0.0026345965458917137 -0.00093781878862360564 -0.0027920136999669489 0.0066031721217906479 -0.0026007973726276308 0.003761820961737028 -0.0049312335733773206 0.0025480538038035565 -0.0022836399049679201
leaf_weight=1932.3736368864775 2229.6135012507439 260.99541878700256 6219.4113535135984 1818.190793633461 1824.619395762682 973.58257234096527 1146.4536369293928 76.979295015335083 528.46449023485184 283.23125226795673 477.47072476148605 1215.9530929028988 141.4927272349596 2158.4532257914543
leaf_count=7732 8919 1044 24878 7274 7299 3895 4586 308 2114 1133 1910 4864 566 8634
internal_value=7.01767e-05 -0.00101109 -4.39825e-05 -0.00351869 0.00377383 0.00496924 -0.00216485 0.00609109 0.00176643 0.00354506 0.00139132 -0.00268141 -0.00414514 -0.000804971
internal_weight=21287.3 16479.7 11896.6 4583.09 4807.55 2982.94 2764.89 2009.35 3518.78 1289.17 760.702 2503.9 1357.45 8377.86
internal_count=85156 65922 47588 18334 19234 11935 11060 8040 14076 5157 3043 10016 5430 33512
is_linear=0
shrinkage=0.02


Tree=7
num_leaves=15
num_cat=0
split_feature=26 26 22 24 26 22 43 48 61 57 9 45 21 25
split_gain=209.904 82.6527 40.7517 32.0632 28.1747 26.3977 23.5923 21.0304 20.9185 21.0533 18.252 15.8839 15.7637 22.5297
threshold=-0.27619400765420493 0.6899086278241936 0.29653938531247048 0.60049370217856668 -0.83207979483886907 0.24945632416021365 0.05528211580815634 -0.60785761079279388 -0.42982476085225813 0.007611810148788283 0.00044852387859991785 -0.8503427467375454 0.37291592879987995 3.5000000000000004
decision_type=2 2 2 2 2 2 2 2 2 2 2 2 2 2
left_child=2 5 4 -3 -1 6 -2 10 -9 -10 -6 -4 13 -7
right_child=1 3 11 -5 7 12 -8 8 9 -11 -12 -13 -14 -15
leaf_value=0.0059943860027833777 0.0012846492208932595 -0.0011054233911183366 0.0019416850342494614 -0.0053492964929435904 0.0043491322826298348 -0.0019136196647040605 -0.001422262974862043 0.0043938152946374903 -0.001812294963814962 0.00371584107214388 0.01446351778164469 -0.0012553062779433646 0.00057152365898881805 -0.0096266002937780825
leaf_weight=1645.5760920345783 3631.8746622800827 995.95310553908348 1739.751258045435 2520.9496453255415 695.88084347546101 3929.2026254832745 1989.2092357575893 657.13665679097176 838.86354830861092 404.18308134377003 76.238531872630119 961.45983256399632 1011.9891646206379 152.99681958556175
leaf_count=6585 14528 3984 6960 10086 2784 15717 7957 2629 3356 1617 305 3846 4048 612
internal_value=-9.68477e-05 -0.00149264 0.00273237 -0.00415075 0.00393669 -0.000618687 0.000326305 0.00266076 0.00152239 -7.10739e-06 0.00543445 0.000803542 -0.00166072 -0.00221412
internal_weight=21251.3 14232.2 7019.09 3516.9 4317.88 10715.3 5621.08 2672.3 1900.18 1243.05 772.119 2701.21 5094.19 4082.2
internal_count=85014 56932 28082 14070 17276 42862 22485 10691 7602 4973 3089 10806 20377 16329
is_linear=0
shrinkage=0.02


Tree=8
num_leaves=15
num_cat=0
split_feature=26 26 33 24 41 22 37 24 46 22 76 29 9 42
split_gain=186.778 76.8647 33.7595 32.6 24.2628 27.9848 33.1907 22.0908 21.984 22.5642 16.931 15.3699 15.0198 14.4091
threshold=-0.25347937589228881 0.67841258268150095 34.218636040904329 0.75042705794655562 0.60907443209557954 0.24192859287556365 1.6656118117056249 0.40618842004265776 -0.47114434510950071 0.12806415687014572 0.2438109166167868 -2.6623840740160118 0.00011489817458750966 0.567140659369196
decision_type=2 2 2 2 2 2 2 2 2 2 2 2 2 2
left_child=2 4 7 13 5 6 10 11 -4 -10 -2 -1 -12 -3
right_child=1 3 8 -5 -6 -7 -8 -9 9 -11 12 -13 -14 -15
leaf_value=0.0036559387747302496 -0.0058938682258729107 -0.00096629861426724144 0.0034947522566141998 -0.0055698767205355415 -0.0028592287223110253 -0.0011556023664286094 0.0018017189914998305 0.0018659856101169228 0.0027986561804499324 -0.00096395244183995808 0.0092493394014779677 0.0071317482094654461 -0.0018522646752440989 -0.0064186856565251671
leaf_weight=1042.2633795291185 366.49295254051685 1394.6465654224157 1380.0426268428564 1963.8108628094196 1425.7181030362844 4525.4358739107847 3746.8625137358904 1085.8648812174797 996.28551942110062 1750.3248755633831 58.248679608106613 1031.4528893232346 207.99506664276123 220.72543843090534
leaf_count=4171 1466 5579 5521 7858 5703 18102 14988 4344 3986 7002 233 4128 832 883
internal_value=4.1216e-05 -0.00131749 0.0026342 -0.00384115 -0.000441707 -5.32687e-05 0.00108579 0.00418886 0.00144024 0.000403474 -0.00313459 0.00539778 0.000702266 -0.00172882
internal_weight=21196.2 13909.9 7286.23 3579.18 10330.8 8905.04 4379.6 3159.58 4126.65 2746.61 632.737 2073.72 266.244 1615.37
internal_count=84796 55644 29152 14320 41324 35621 17519 12643 16509 10988 2531 8299 1065 6462
is_linear=0
shrinkage=0.02


Tree=9
num_leaves=15
num_cat=0
split_feature=26 26 24 12 24 24 9 1 41 63 22 63 22 41
split_gain=181.165 86.8704 31.8593 31.0875 28.5582 28.5525 19.2127 16.9265 16.8849 16.2288 15.2164 14.9369 14.3347 14.9086
threshold=-0.57130590686204497 0.6899086278241936 0.39631037567079752 -0.0021712179609378371 0.59087367289203196 0.75042705794655562 -0.0064920583724806134 0.007841174218456327 0.36565813085276633 -1.0000000180025095e-35 4.703337149448478e-05 -0.69589450671497011 0.073970127589037288 0.57038721032696071
decision_type=2 2 2 2 2 2 2 2 2 2 2 2 2 2
left_child=2 3 8 12 6 7 -5 -3 10 -10 -1 -4 -2 -14
right_child=1 5 11 4 -6 -7 -8 -9 9 -11 -12 -13 13 -15
leaf_value=-0.00045305875423005265 0.0026722635218421704 -0.0022823553365274437 -0.0040596862937277997 0.008472343490436008 -0.0024595938538335576 -0.0054454726154590195 -0.00023575514464234011 0.0071410801267721685 0.0025680143731554336 0.0066388001343068706 0.0079032518294595393 0.0019362157766544947 0.00086613483294720509 -0.0021352848215451577
leaf_weight=96.687521770596504 1326.3887864649296 1507.6001444905996 189.72473286092281 98.741167590022087 3424.1509344130754 1921.6019598990679 4383.0280222445726 75.496005401015282 1384.79958948493 548.67011041939259 833.71776802837849 1136.5834662616253 3481.0811835676432 812.22399850189686
leaf_count=387 5306 6031 759 395 13697 7690 17533 302 5542 2196 3337 4547 13925 3249
internal_value=-8.85392e-05 -0.00100535 0.00363443 -0.000277715 -0.00108583 -0.00380908 -3.46729e-05 -0.00181189 0.00481975 0.00373735 0.00703709 0.00106649 0.00085911 0.000296491
internal_weight=21220.5 17030.3 4190.18 13525.6 7905.92 3504.7 4481.77 1583.1 2863.87 1933.47 930.405 1326.31 5619.69 4293.31
internal_count=84896 68128 16768 54105 31625 14023 17928 6333 11462 7738 3724 5306 22480 17174
is_linear=0
shrinkage=0.02


Tree=10
num_leaves=15
num_cat=0
split_feature=26 26 12 24 26 20 47 63 6 63 22 20 10 3
split_gain=181.793 89.7841 28.5727 27.3739 20.7499 19.958 18.7172 18.5049 17.5399 16.7329 16.1803 19.8821 14.4651 14.4249
threshold=-0.47197768201570195 0.6899086278241936 -0.0051819135174541999 0.49169324769601608 -0.83207979483886907 -0.41900848991063322 0.47114434510950071 -0.49927113644306087 0.00047663941553096836 -0.67076078786702631 0.073970127589037288 0.66118022149710154 0.0038776710620229225 0.00079916616685259589
decision_type=2 2 2 2 2 2 2 2 2 2 2 2 2 2
left_child=4 2 10 -3 5 -1 -4 -6 -8 -7 -2 -12 -13 -10
right_child=1 3 6 -5 7 9 8 -9 13 -11 11 12 -14 -15
leaf_value=0.0059228986015480581 0.0033308380018753276 -0.00022532572966283578 -0.00016901644310590919 -0.0046862930569630847 -0.002336089722643756 -0.003409938516979565 -0.00093266339234775327 0.0027522438322594277 -0.005511524453568205 0.0035518989940784107 0.00093117580529153616 -0.0023240025433931082 -0.013695350161191023 -0.00061123010351574777
leaf_weight=1676.7250953316689 1004.6540560573339 684.70949387550354 5310.0456476509571 2807.2283215373755 325.16544149816036 169.95453529059887 1855.1648883074522 2174.3725572228432 813.96354052424431 660.99474973976612 3089.6099633723497 257.49205361306667 49.997749000787735 341.9839423596859
leaf_count=6712 4019 2739 21241 11234 1301 680 7421 8700 3256 2645 12359 1030 200 1368
internal_value=5.39168e-05 -0.000974856 -0.000194666 -0.00381315 0.00338304 0.00466819 -0.000883849 0.00208696 -0.00214207 0.00211611 0.0011077 0.000446307 -0.00436253 -0.00407066
internal_weight=21222.1 16214.8 12722.9 3491.94 5007.21 2507.67 8321.16 2499.54 3011.11 830.949 4401.75 3397.1 307.49 1155.95
internal_count=84905 64867 50894 13973 20038 10037 33286 10001 12045 3325 17608 13589 1230 4624
is_linear=0
shrinkage=0.02


Tree=11
num_leaves=15
num_cat=0
split_feature=26 26 12 20 19 40 62 59 1 76 5 33 23 59
split_gain=171.588 78.0475 34.5637 24.4691 22.3228 21.006 19.3985 24.0577 17.0261 19.228 16.9407 16.6942 16.1359 14.8814
threshold=-0.48117566084035868 0.53742192312543657 -0.0038710141379156458 0.19801852429244363 -0.47349096853629741 0.97139806080677527 -0.5543053190286541 -0.43437818592474936 9.6684585758854234e-05 -0.34523631900016144 -0.00090342372724587798 54.873144659868338 1.1768426900971878 -0.21450888138517291
decision_type=2 2 2 2 2 2 2 2 2 2 2 2 2 2
left_child=6 2 5 -3 -4 11 -1 -8 9 -6 -7 -2 -10 -5
right_child=1 3 4 13 8 10 7 -9 12 -11 -12 -13 -14 -15
leaf_value=0.0052268417672076744 0.003057715516850178 -0.00077886105938378776 0.0015036737656265141 -0.00031889148479770466 -0.0020637280759714244 -0.0038782374126753155 0.0038460018356905423 0.00053974034067909261 -0.0031811531212835391 0.00091038101658931882 0.00093515863440332767 -0.00013121868639433845 0.002860715113979645 -0.0045135540678618944
leaf_weight=1348.1861378103495 2174.5809438675642 1220.359008833766 1162.6724547147751 379.60726264119148 1759.9390030950308 484.96978963911533 2019.3992944806814 1560.9904556125402 2407.1635182648897 1709.6909953057766 721.95101077854633 939.21028669178486 186.99383114278316 3165.3525350093842
leaf_count=5396 8699 4882 4651 1519 7040 1940 8082 6247 9629 6839 2888 3757 748 12667
internal_value=-8.52934e-05 -0.00107346 -0.000184339 -0.00322548 -0.00103019 0.00122991 0.00318308 0.00240729 -0.00151687 -0.000599008 -0.001007 0.00209717 -0.00274097 -0.00406546
internal_weight=21241.1 16312.5 11547.2 4765.32 7226.46 4320.71 4928.58 3580.39 6063.79 3469.63 1206.92 3113.79 2594.16 3544.96
internal_count=84984 65259 46191 19068 28907 17284 19725 14329 24256 13879 4828 12456 10377 14186
is_linear=0
shrinkage=0.02


Tree=12
num_leaves=15
num_cat=0
split_feature=26 26 24 24 41 22 1 38 42 41 73 56 8 40
split_gain=176.988 79.899 52.8101 35.9105 22.7477 19.9631 17.3656 16.5954 15.9961 15.1693 15.0253 17.7394 14.4616 13.3251
threshold=-0.57130590686204497 0.53742192312543657 0.49169324769601608 0.40618842004265776 0.60907443209557954 0.26470848530269869 7.9803482366883139e-05 4.0014987930789472 0.38009488642579276 0.58539096318562278 -0.13028628442319704 0.74722778836474968 -0.0024231332032876537 0.39612546751041955
decision_type=2 2 2 2 2 2 2 2 2 2 2 2 2 2
left_child=3 4 7 6 5 -2 13 -3 -5 -4 -7 -12 -6 -1
right_child=1 2 9 8 12 10 -8 -9 -10 -11 11 -13 -14 -15
leaf_value=0.011988082598947325 0.00098293114529337568 0.0079011476174027477 -0.0031866446088852098 0.010208093893146118 0.0048671049130412812 0.0006514789645132987 0.002425839335746987 -9.4452177745465125e-05 0.00027222072577676539 -0.0057872868046092985 -0.0030782719030775364 -0.00010329867779725035 -0.0030942253862790226 0.0053820227671671954
leaf_weight=129.86631259322166 5742.7031792700291 111.99452285468578 2132.5770294368267 63.482455566525459 93.743872940540314 1951.6745580136776 862.44336904585361 922.19330340623856 1215.9712567478418 1582.0237589031458 1579.4537054598331 1623.6998550146818 1294.9317367374897 1916.3387739658356
leaf_count=520 22973 448 8534 254 375 7807 3452 3689 4865 6332 6318 6495 5180 7673
internal_value=-8.14589e-05 -0.000987232 -0.00318892 0.00359953 -0.000135298 0.000172318 0.00482617 0.000805259 0.000803025 -0.00430053 -0.000730817 -0.00157275 -0.00254125 0.00582949
internal_weight=21223.1 17035 4748.79 4188.1 12286.2 10897.5 2908.65 1034.19 1279.45 3714.6 5154.83 3203.15 1388.68 2046.21
internal_count=84915 68151 19003 16764 49148 43593 11645 4137 5119 14866 20620 12813 5555 8193
is_linear=0
shrinkage=0.02


Tree=13
num_leaves=15
num_cat=0
split_feature=26 26 24 40 33 42 12 24 36 24 65 38 55 21
split_gain=144.382 51.5002 41.1829 28.0468 24.8322 19.4163 18.5152 20.4394 16.8251 17.9937 16.5034 15.4942 14.1086 14.017
threshold=0.18221079355662737 -0.81599234082124639 0.3105201728290965 2.0098400985219222 65.74449812146554 0.46506525210653232 -0.013725478920065591 0.55372136935415961 0.03652786539731618 0.48684892682585884 -1.4853867553426154 2.6959043031760905 0.81727108757399247 0.56786624296261179
decision_type=2 2 2 2 2 2 2 2 2 2 2 2 2 2
left_child=1 3 5 -1 -4 -2 10 -8 9 -6 -3 -12 -5 -13
right_child=2 6 4 12 8 -7 7 -9 -10 -11 11 13 -14 -15
leaf_value=0.0050232058444132427 0.0067909854862819793 0.00016083347657130776 -0.0016303648423192502 0.0011602294926305863 -0.00028201225447195436 0.00012831515163049068 0.0010061907433023297 -0.0011270562143839893 0.00096225653559220176 -0.0050651067272873638 0.0056195689253094429 0.00015646681157570577 -0.0086345505896174447 0.0092570120134581844
leaf_weight=1961.6737248003483 198.23981013894081 882.58914594352245 4220.5981349349022 556.40077155828476 361.96790441870689 1258.685970813036 4880.5424758195877 2836.6178093701601 248.88846749067307 2430.5839473903179 737.3467011898756 537.6668976098299 60.710353150963783 72.480706393718719
leaf_count=7855 793 3531 16885 2227 1448 5035 19526 11347 996 9729 2950 2151 243 290
internal_value=-3.52902e-05 0.00134009 -0.00201085 0.00385596 -0.00262623 0.00105501 0.000686247 0.000221845 -0.00400325 -0.00444674 0.00228921 0.00367751 0.000134983 0.00130399
internal_weight=21245 12526 8718.96 2578.78 7262.04 1456.93 9947.24 7717.16 3041.44 2792.55 2230.08 1347.49 617.111 610.148
internal_count=85006 50120 34886 10325 29058 5828 39795 30873 12173 11177 8922 5391 2470 2441
is_linear=0
shrinkage=0.02


Tree=14
num_leaves=15
num_cat=0
split_feature=26 33 26 48 22 21 40 17 47 22 71 46 41 22
split_gain=149.414 55.676 38.8228 24.0146 22.2851 22.2757 21.743 19.2274 19.2265 17.0218 16.8848 16.4753 15.229 13.62
threshold=0.18221079355662737 34.486762169840972 0.89811805741137873 -0.60785761079279388 0.24945632416021365 0.33277586588757518 1.4173405895414217 1.4260847529113712 0.98611507088852057 0.39687654813108147 0.0097326711833150992 0.0327015646150716 0.57619800657660225 0.23961797961984269
decision_type=2 2 2 2 2 2 2 2 2 2 2 2 2 2
left_child=1 6 5 -4 10 8 9 -5 12 -1 11 -3 13 -2
right_child=2 4 3 7 -6 -7 -8 -9 -10 -11 -12 -13 -14 -15
leaf_value=0.0060135995952317056 0.0008320586604021931 0.0018754446677425258 -0.0075081463201034128 -0.004110826762099333 -0.00036859116482413815 0.00050624017486182861 0.0015706846715169982 0.00094764422319209272 -0.0077371675311306192 0.0017957121918237787 0.0021495337581449174 -0.00345329985106742 -0.0034624890471100663 -0.0020089656141328285
leaf_weight=1534.8144467920065 1148.0457480400801 449.63401921093464 628.21378694474697 1255.5132548362017 4375.2172589302063 2153.3349847942591 1210.1124681085348 392.52012035250664 215.94347566366196 516.58003234863281 4019.5552694648504 469.63444451987743 1290.2855523377657 1625.4636966735125
leaf_count=6147 4593 1799 2515 5026 17502 8614 4844 1571 864 2067 16082 1879 5163 6503
internal_value=6.47155e-05 0.001459 -0.0019482 -0.00419039 0.000670669 -0.00115219 0.00370579 -0.0029068 -0.00198624 0.0049584 0.00159077 -0.00085085 -0.00167152 -0.000833592
internal_weight=21284.9 12575.5 8709.32 2276.25 9314.04 6433.07 3261.51 1648.03 4279.74 2051.39 4938.82 919.268 4063.79 2773.51
internal_count=85169 50320 34849 9112 37262 25737 13058 6597 17123 8214 19760 3678 16259 11096
is_linear=0
shrinkage=0.02


Tree=15
num_leaves=15
num_cat=0
split_feature=26 26 24 33 24 77 12 40 42 47 36 24 6 9
split_gain=157.167 54.1616 51.1411 24.9883 23.3455 20.9019 20.4299 17.9861 16.6325 16.419 21.4781 15.6713 15.2071 14.9447
threshold=0.19525339257933921 -0.57130590686204497 0.62448747952424266 65.74449812146554 0.40618842004265776 0.61672847038787038 -0.0021712179609378371 0.99101011892690849 0.45591223376630891 0.032701564615071219 0.014580918055068526 0.24217592682831063 -0.0022960418006662073 -0.00041732930812360034
decision_type=2 2 2 2 2 2 2 2 2 2 2 2 2 2
left_child=1 4 11 8 -1 -5 7 12 -4 -8 -11 -2 -3 -10
right_child=2 6 3 5 -6 -7 9 -9 13 10 -12 -13 -14 -15
leaf_value=0.0042043271531073938 0.0017397114241882862 0.0070533416883212553 0.00090752580955964833 -0.0062170688452493836 0.00097341347320536857 -0.0018542922080754332 0.00082246357641955526 -0.00058826398100937335 -0.0067518904149625782 -0.0025489471809867904 0.0016168732416280735 -0.001171034141948241 0.0019623724543735323 -0.0022572332105883467
leaf_weight=2913.0052137970924 1083.9297207146883 257.70238815248013 559.13711999356747 1592.6467701047659 1295.343760073185 613.41363163292408 2323.845588311553 1078.6257938742638 343.70571449398994 1938.1163193285465 660.45243594050407 2303.4601858258247 2305.923382088542 2044.6745318025351
leaf_count=11667 4336 1031 2237 6377 5183 2456 9296 4315 1375 7753 2642 9215 9225 8181
internal_value=-4.8524e-05 0.00135567 -0.00214807 -0.0034018 0.00321218 -0.0050109 0.000442118 0.00157663 -0.00219103 -0.000398091 -0.00148909 -0.000238434 0.00248686 -0.0029168
internal_weight=21314 12773 8540.97 5153.58 4208.35 2206.06 8564.67 3642.25 2947.52 4922.41 2598.57 3387.39 2563.63 2388.38
internal_count=85289 51112 34177 20626 16850 8833 34262 14571 11793 19691 10395 13551 10256 9556
is_linear=0
shrinkage=0.02


Tree=16
num_leaves=15
num_cat=0
split_feature=26 26 24 24 26 1 46 62 3 11 11 48 47 28
split_gain=152.723 50.7496 37.7046 25.3758 25.33 20.6426 18.7823 18.3189 17.0137 19.2853 16.6558 16.4998 16.1635 15.4632
threshold=0.18221079355662737 -0.57130590686204497 0.33275660639029753 0.38720667434274564 0.67841258268150095 -0.00027223716837777043 -0.5277851165098012 -0.57893512237332467 0.00085565797138015948 -0.0070262321782290325 0.006479902728080739 -0.60785761079279388 0.58216583101416164 3.356544616458597
decision_type=2 2 2 2 2 2 2 2 2 2 2 2 2 2
left_child=1 3 10 5 -4 7 -3 -1 9 -8 -2 -6 -12 -13
right_child=2 6 4 -5 11 -7 8 -9 -10 -11 12 13 -14 -15
leaf_value=0.00908203999855621 0.0025962926562345559 0.0019746053993277106 -0.0014922194538323713 0.0010432830124605759 -0.006213085674221859 0.0021735457506960095 0.0021383879170667314 0.0044302334279583697 0.0018123124129376916 -0.0013277093155635922 0.00043854287270162358 -0.0039770967539483641 -0.0064062047468151162 -0.00029075826373507817
leaf_weight=467.36735306680202 909.17934519052505 2651.4398394525051 3914.0539111196995 1382.4891230612993 885.94986322522163 1090.2527957856655 781.38112381100655 1289.5142809599638 1445.5947920531034 3500.7034612596035 470.22312006354332 1704.6367951482534 189.98911778628826 621.44853895902634
leaf_count=1873 3637 10607 15658 5532 3548 4366 3126 5166 5783 14004 1881 6825 760 2488
internal_value=8.08166e-05 0.00148684 -0.00195764 0.00327141 -0.00257537 0.0043496 0.000584603 0.00568997 -6.00132e-05 -0.000693471 0.000846513 -0.00389088 -0.00156451 -0.00299497
internal_weight=21304.2 12608.7 8695.48 4229.62 7126.09 2847.13 8379.12 1756.88 5727.68 4282.08 1569.39 3212.04 660.212 2326.09
internal_count=85254 50457 34797 16937 28519 11405 33520 7039 22913 17130 6278 12861 2641 9313
is_linear=0
shrinkage=0.02


Tree=17
num_leaves=15
num_cat=0
split_feature=33 19 24 1 21 1 40 26 71 24 33 72 63 4
split_gain=130.331 52.5569 45.2544 25.2063 20.9997 25.6678 19.9925 20.8295 15.8 15.7461 15.4193 14.857 13.9815 15.7058
threshold=54.243806359023488 -0.56855236575660539 0.75042705794655562 0.0003645777408568412 0.37613465211853331 7.9803482366883139e-05 2.7535988654125005 1.1222512741192907 0.013216872299016958 0.077831405192063635 74.651585090547769 0.22859654919562714 0.23023718945073809 0.00077911716556331573
decision_type=2 2 2 2 2 2 2 2 2 2 2 2 2 2
left_child=1 3 6 -1 5 9 7 11 -6 -3 -4 12 -2 -14
right_child=2 4 10 -5 8 -7 -8 -9 -10 -11 -12 -13 13 -15
leaf_value=0.0049704927902762394 0.00059087628447759594 0.0064902744615481581 -0.0029426681647294335 0.0012298238398989062 0.00056190038100457451 -0.001793089759743575 0.0048241897415113311 -0.0050237103084534197 0.0034586541679585505 0.00058837170003382244 -0.0063597130251600133 -0.00099501731478288309 0.012001688296186435 -0.00079741774790809659
leaf_weight=1937.4711581021547 508.1794743090868 184.60332304239273 3050.0082514882088 1152.075838342309 1577.835133060813 2248.9382901191711 249.94975471496582 444.49052679538727 1440.1409258246422 3948.854007139802 641.52911038696766 3727.4472693949938 99.231082171201706 59.737241834402084
leaf_count=7761 2033 739 12209 4611 6314 8997 1000 1779 5763 15799 2570 14912 397 239
internal_value=6.57937e-06 0.00131902 -0.00185999 0.00357986 0.000574463 -7.58682e-05 -0.000635936 -0.000922653 0.00194763 0.000859478 -0.00354429 -0.000502614 0.00223545 0.00731438
internal_weight=21270.5 12489.9 8780.57 3089.55 9400.37 6382.4 5089.04 4839.09 3017.98 4133.46 3691.54 4394.6 667.148 158.968
internal_count=85123 49984 35139 12372 37612 25535 20360 19360 12077 16538 14779 17581 2669 636
is_linear=0
shrinkage=0.02


Tree=18
num_leaves=15
num_cat=0
split_feature=24 27 34 58 37 3 11 43 25 77 9 23 43 16
split_gain=125.531 52.7269 45.4354 26.7165 19.7759 18.3935 16.7077 16.3867 15.7331 15.4434 18.4124 14.9691 14.7202 12.9091
threshold=0.51547926700968461 0.43326668493854364 44.477906407745614 0.84720537631200199 1.4940004436523997 -0.0022399289296464639 -0.002408192392757177 -0.054152325508976723 2.5000000000000004 0.15013149311640886 -0.0077117667029271515 0.97554524473571258 -0.14695401188430951 0.0021097193016020193
decision_type=2 2 2 2 2 2 2 2 2 2 2 2 2 2
left_child=2 3 6 8 7 -3 -1 -4 -2 10 -6 -12 -7 -9
right_child=1 5 4 -5 9 12 -8 13 -10 -11 11 -13 -14 -15
leaf_value=0.0026010894388700224 0.00036522381722330321 0.0013475656495273137 0.00077969802489992425 -0.008909409452380097 0.0088261224514557812 0.00068665965480629865 0.0058806204572978736 -0.0079778168796982435 -0.0032121598579565721 0.0026063492064152876 -0.0006136557911857474 0.0020101108946654336 -0.0036865927711657617 -0.0016041703303535718
leaf_weight=3007.4865621328354 4932.0986038893461 352.78670266270638 423.9697125852108 132.74223530292511 95.155515983700752 330.07815279066563 785.83032120764256 230.4660352319479 541.14644457399845 1688.0260380357504 2987.3360596895218 1221.212354362011 4292.4722909927368 283.22202697396278
leaf_count=12044 19731 1412 1696 531 381 1321 3148 922 2165 6753 11952 4887 17185 1133
internal_value=4.50113e-06 -0.00154059 0.00152923 -0.00021001 0.000565121 -0.00303811 0.00328733 -0.00212845 8.91459e-06 0.000988065 0.000351044 0.000149176 -0.00337391 -0.00451304
internal_weight=21304 10581.3 10722.7 5605.99 6929.39 4975.34 3793.32 937.658 5473.25 5991.73 4303.7 4208.55 4622.55 513.688
internal_count=85261 42345 42916 22427 27724 19918 15192 3751 21896 23973 17220 16839 18506 2055
is_linear=0
shrinkage=0.02


Tree=19
num_leaves=15
num_cat=0
split_feature=33 24 33 41 41 38 47 24 54 51 76 47 56 68
split_gain=140.418 58.6171 43.875 23.6334 18.1614 18.0664 17.9479 20.2892 17.7162 17.9772 17.3704 16.8742 14.5038 14.4765
threshold=38.635752198897116 0.50140883686541049 57.099273292751612 0.45613420491603845 0.58539096318562278 4.0394642481649132 0.84874750804349197 0.12033061906183025 -1.3682061061085398 -1.9657920170406766 -0.644674013883899 0.47114434510950071 0.88077386082727316 -0.8764520339788614
decision_type=2 2 2 2 2 2 2 2 2 2 2 2 2 2
left_child=3 5 -3 -1 12 8 7 -7 9 -2 13 -12 -4 -5
right_child=1 2 4 10 -6 6 -8 -9 -10 -11 11 -13 -14 -15
leaf_value=0.0041566581052547317 0.0052262865209037525 -0.00053088292702917889 -0.003589514389466985 0.0078323194785114812 -0.0048340438609286527 0.0024240547030215422 -0.002735812173188642 -0.00056155342567747635 0.0027305750070594154 -0.0075442622250573065 0.0010850138611297607 0.0058049241928347971 -0.00084882176561856164 -0.0029641096876170067
leaf_weight=2748.0888871252537 60.237536013126373 4439.1705633997917 1674.983038187027 50.703889265656471 1854.3315383046865 1311.1645571738482 904.36252059042454 2949.3787330687046 1726.8121766299009 134.72087739408016 1104.8328261375427 414.17013572156429 1437.0078312158585 466.82387316226959
leaf_count=11009 241 17758 6705 203 7427 5246 3618 11799 6909 539 4423 1658 5752 1869
internal_value=-6.68951e-05 -0.00094213 -0.0019767 0.0029478 -0.00326722 0.000431389 -0.000185 0.00035902 0.00208416 -0.00356645 0.00131038 0.00238676 -0.00232735 -0.00184152
internal_weight=21276.8 16492.2 9405.49 4784.62 4966.32 7086.68 5164.91 4260.54 1921.77 194.958 2036.53 1519 3111.99 517.528
internal_count=85156 65994 37642 19162 19884 28352 20663 17045 7689 780 8153 6081 12457 2072
is_linear=0
shrinkage=0.02


Tree=20
num_leaves=15
num_cat=0
split_feature=24 27 27 48 43 37 41 11 76 72 47 62 77 19
split_gain=123.699 67.967 41.7304 22.4223 18.6072 15.9261 15.9197 15.0263 14.8751 13.6428 18.2494 15.8897 15.5479 14.3813
threshold=0.31946767342937815 0.42191418801159802 -0.79735244146314344 -0.8783796973249266 -0.02772503423412492 1.4940004436523997 0.58539096318562278 -0.0030815398106647874 -0.078309562703045968 0.19564807842318258 0.29012925520284133 -0.18788875892877829 -0.235945092471747 -0.47349096853629741
decision_type=2 2 2 2 2 2 2 2 2 2 2 2 2 2
left_child=2 -2 4 -3 7 8 -5 -1 -4 11 -11 -7 -12 -14
right_child=1 3 5 6 -6 9 -8 -9 -10 10 12 -13 13 -15
leaf_value=0.0039344175346739726 9.3128706221023237e-05 -0.0057922862240138359 -0.0058025522352045823 -0.0014956432491408423 0.0010117651479085805 0.0071498455749694568 -0.0038489874404899274 0.007853269976075692 0.0007305177502205791 0.0021625463028413726 0.0044211947145008342 2.6214669048026877e-05 0.001062424665132008 -0.0030361425734384924
leaf_weight=1344.6813508123159 7722.1478546708822 822.72232677042484 247.23069378733635 3624.3685978055 580.96519313752651 319.13067446649075 1687.748503908515 563.17795057594776 309.47793005406857 2167.0096737444401 206.61037501692772 204.18611371517181 569.26952612400055 846.8467962294817
leaf_count=5389 30896 3294 989 14506 2327 1277 6760 2258 1238 8671 827 817 2278 3388
internal_value=-4.27755e-05 -0.00115556 0.00205208 -0.00272613 0.00415632 0.000973494 -0.00224626 0.00510872 -0.0021966 0.00138474 0.000963554 0.00439692 -0.000639321 -0.0013906
internal_weight=21215.6 13857 7358.59 6134.84 2488.82 4869.76 5312.12 1907.86 556.709 4313.05 3789.74 523.317 1622.73 1416.12
internal_count=84915 55456 29459 24560 9974 19485 21266 7647 2227 17258 15164 2094 6493 5666
is_linear=0
shrinkage=0.02


Tree=21
num_leaves=15
num_cat=0
split_feature=33 19 24 48 33 3 27 12 40 9 5 21 1 6
split_gain=114.834 52.5559 36.14 20.8457 20.353 20.3451 19.5925 18.4712 28.5887 24.6982 21.2164 18.5021 19.7522 18.1171
threshold=55.374970664321403 -0.47349096853629741 0.8062432562828169 -0.8783796973249266 65.993230580744964 -0.0028606115058671358 -0.84583715544668359 -0.0021712179609378371 0.84500466249550377 -0.002658303477905515 -0.00098562964753865314 0.3797921637584058 1.6435758531519027e-05 -0.003267645410552376
decision_type=2 2 2 2 2 2 2 2 2 2 2 2 2 2
left_child=1 3 5 -1 -4 -2 -5 8 -3 11 -10 12 -9 -11
right_child=2 7 4 6 -6 -7 -8 9 10 13 -12 -13 -14 -15
leaf_value=0.006813315071117273 0.005611076933058191 0.0029032153466088109 -0.0020238518201859098 0.0039584179645490089 -0.0053704797249986584 -0.0010775722756343189 0.00089174899606103805 0.001940387912556412 -0.0025910044439068627 0.007870972153399932 0.0013532634977847207 0.0045902178827570321 -0.0038430539940890562 -0.0017621659849586635
leaf_weight=528.99321357905865 183.69865263998508 2201.8162802308798 1548.4282379150391 1808.2235349416733 1381.8216397762299 5108.7933480143547 1548.8483393192291 700.22452855110168 937.11620442569256 75.242337048053741 1290.9691480100155 523.84365127980709 350.17866857349873 3094.7887773066759
leaf_count=2119 735 8810 6198 7248 5539 20443 6199 2802 3750 301 5166 2097 1401 12381
internal_value=2.24413e-05 0.00118798 -0.00182839 0.00313575 -0.00360849 -0.000840337 0.00254698 0.000361668 0.00128968 -0.0005053 -0.000307753 0.00153931 3.25785e-06 -0.00152148
internal_weight=21283 13060.2 8222.74 3886.07 2930.25 5292.49 3357.07 9174.18 4429.9 4744.28 2228.09 1574.25 1050.4 3170.03
internal_count=85189 52274 32915 15566 11737 21178 13447 36708 17726 18982 8916 6300 4203 12682
is_linear=0
shrinkage=0.02


Tree=22
num_leaves=15
num_cat=0
split_feature=45 24 33 33 40 30 21 75 71 41 75 40 63 43
split_gain=124.728 54.7198 35.0638 31.0912 19.3321 16.7246 16.1215 14.7799 15.6327 14.7308 14.0517 18.3485 20.4332 22.6109
threshold=-0.37987278479381958 0.3105201728290965 65.74449812146554 34.486762169840972 0.54482279999647243 -0.00612495357454139 0.20253813380311772 -0.12240336883697588 0.0080656801864553013 0.49671642461662774 -0.28577692388309439 0.95265805295740003 0.266752545086753 -0.17374507224656441
decision_type=2 2 2 2 2 2 2 2 2 2 2 2 2 2
left_child=3 10 -3 4 -1 -6 7 -4 -9 -8 11 12 13 -2
right_child=1 2 6 -5 5 -7 9 8 -10 -11 -12 -13 -14 -15
leaf_value=0.0078551260591042636 0.011472138615502631 -0.0010970348679703696 -0.0076073317587176453 0.00097782903184255371 0.0026231971283628233 0.0092975525004161848 0.0011627660437466929 0.0045010283547517061 -0.0043190576442981013 -0.0033603335696111053 0.00010429998792004912 -0.0012729773537189764 0.015625099877794223 0.002019101684515918
leaf_weight=368.59453763067722 113.93466186523438 6912.1829995512962 577.97001373767853 4376.218367561698 2715.6748721003532 155.07782350480556 393.54772387444973 83.800714910030365 943.72435626387596 1047.932971611619 2517.0456031560898 330.16539862751961 54.23726561665535 704.25111548602581
leaf_count=1478 456 27656 2317 17513 10881 622 1575 336 3783 4196 10070 1321 217 2818
internal_value=2.84728e-05 -0.00111354 -0.00188635 0.0020791 0.00356307 0.00299928 -0.00367222 -0.00504984 -0.00358141 -0.0021257 0.000955386 0.00272892 0.00424205 0.00339715
internal_weight=21294.4 13678.8 9959.16 7615.57 3239.35 2870.75 3046.98 1605.5 1027.53 1441.48 3719.63 1202.59 872.423 818.186
internal_count=85239 54745 39863 30494 12981 11503 12207 6436 4119 5771 14882 4812 3491 3274
is_linear=0
shrinkage=0.02


Tree=23
num_leaves=15
num_cat=0
split_feature=33 19 24 1 24 48 1 8 45 63 48 19 63 35
split_gain=125.304 46.8527 35.2068 17.204 18.0208 16.7029 20.8294 19.2095 15.3261 14.526 13.8271 13.5932 13.4998 14.3841
threshold=56.796709350652513 -0.47349096853629741 0.71684383514072325 -0.00024235850216076181 0.82161418042121115 -0.60785761079279388 0.00014347185821507734 -0.0044397393352066479 -0.35397585227235223 -1.2072813192190992 -0.8783796973249266 -0.36948671895513047 -0.31903517447211743 0.42298632870636171
decision_type=2 2 2 2 2 2 2 2 2 2 2 2 2 2
left_child=1 5 12 8 11 6 10 9 -3 -7 -1 -5 -2 -14
right_child=2 3 -4 4 -6 7 -8 -9 -10 -11 -12 -13 13 -15
leaf_value=0.010324870697777853 0.0043626917747552982 0.0019857565980197465 -0.003613605472940875 -0.0029201336238012135 -0.0030991675781616157 -0.0014507155344296487 0.0017540817215025801 0.00085357329598035291 -0.00016664614052101697 0.0053919769328288659 0.0044581634147774427 0.00055927508149124293 0.0015881089605483539 -0.0016905669278146191
leaf_weight=303.51711508631706 183.47799549996853 3071.4853383749723 3546.3561536818743 523.79736079275608 923.37151861190796 144.41892518103123 495.29499758780003 1867.6343630105257 2320.7186858952045 803.07087954878807 364.4872553050518 2976.1070950478315 642.88623175024986 3092.8567310124636
leaf_count=1217 734 12294 14208 2096 3694 579 1983 7479 9284 3220 1461 11907 2572 12376
internal_value=-8.47747e-05 0.00104475 -0.00217107 0.000302175 -0.00062193 0.00287415 0.00488761 0.00203493 0.0010601 0.00434686 0.00718069 3.51222e-05 -0.000862833 -0.00112497
internal_weight=21259.5 13793.9 7465.58 9815.48 4423.28 3978.42 1163.3 2815.12 5392.2 947.49 668.004 3499.9 3919.22 3735.74
internal_count=85104 55214 29890 39275 17697 15939 4661 11278 21578 3799 2678 14003 15682 14948
is_linear=0
shrinkage=0.02


Tree=24
num_leaves=15
num_cat=0
split_feature=33 33 21 1 20 17 22 43 41 41 17 43 1 39
split_gain=120.018 47.182 32.8136 20.4797 17.6036 17.1018 16.8706 14.688 13.9891 13.6717 12.9414 12.6426 12.0254 12.2101
threshold=56.796709350652513 34.759044940277008 0.2805874991839436 0.0003645777408568412 -0.57331167732621136 1.1679588234079683 0.24945632416021365 -0.02898161114615299 0.44382826014500271 0.55745639097783439 0.65673712212593438 -0.091455359331993016 -0.00038109688933194233 1.3289534390814721
decision_type=2 2 2 2 2 2 2 2 2 2 2 2 2 2
left_child=1 4 3 -2 7 -5 9 -1 -4 -3 -9 -7 13 -6
right_child=2 6 8 5 12 11 -8 10 -10 -11 -12 -13 -14 -15
leaf_value=0.0057239453536109394 -0.0016437729300468405 0.0017617230020389816 0.0023679820324899424 -0.0053609162669797051 0.0040553804389573947 0.0033055844697007838 -0.0004055854486585331 -0.0086202624863250549 -0.0010677826692361387 -0.00051290776619590539 0.0032739067288170536 -0.003162318180820604 -0.00035267107972858413 -0.00027116441195835389
leaf_weight=1182.3492256850004 2081.4725623875856 4306.1641063094139 585.64861507713795 1769.5664002895355 1076.0727088302374 159.1743820309639 4782.8089171797037 50.866023972630501 2397.4571088552475 1397.7279764562845 101.26179860532284 457.19277837872505 604.13360531628132 343.12590473890305
leaf_count=4745 8337 17234 2343 7089 4311 637 19134 204 9594 5592 406 1832 2419 1374
internal_value=3.01764e-05 0.00113154 -0.00201576 -0.00309943 0.00319304 -0.00436324 0.000470252 0.00497406 -0.000390434 0.00120437 -0.000850827 -0.00147885 0.00200901 0.00301205
internal_weight=21295 13844.5 7450.51 4467.41 3357.81 2385.93 10486.7 1334.48 2983.11 5703.89 152.128 616.367 2023.33 1419.2
internal_count=85251 55419 29832 17895 13459 9558 41960 5355 11937 22826 610 2469 8104 5685
is_linear=0
shrinkage=0.02


Tree=25
num_leaves=15
num_cat=0
split_feature=24 26 26 37 46 63 32 25 16 37 62 22 15 7
split_gain=114.025 56.4467 49.3841 21.1402 19.74 17.6244 16.5965 16.0677 16.4254 14.4755 18.4331 20.0861 14.2638 13.8386
threshold=0.51547926700968461 0.53742192312543657 -0.81599234082124639 1.4940004436523997 -0.35206144883412549 0.3257833597504512 0.59453572646330588 -2.4999999999999996 0.001530663331347358 4.3335832952216782 -0.54492174124867054 0.0136375959256791 0.0016869211349801905 0.0021394576677925725
decision_type=2 2 2 2 2 2 2 2 2 2 2 2 2 2
left_child=2 9 -1 -4 13 7 -3 -6 12 10 11 -2 -9 -5
right_child=1 6 3 4 5 -7 -8 8 -10 -11 -12 -13 -14 -15
leaf_value=0.004147760603579991 0.003230997426220909 -0.0036755671396913638 -0.002093154644529254 0.0030480767095048826 0.0029423621931792781 0.0055640194109321355 0.0072372716734825475 -0.0021420590011147662 0.0002621991357072973 0.00030172824482010421 -0.00035094023843748221 -0.004982291784616827 -0.012461638963096265 -0.00090754282702259635
leaf_weight=2138.4941721409559 135.72044824063778 3588.2850512117147 926.06222006678581 2339.5633392632008 659.93801549077034 240.19928584992886 52.155596077442169 819.69664990901947 3135.163686171174 4201.8356801271439 1750.1356411874294 817.80191215872765 52.727515280246735 414.30187201499939
leaf_count=8580 543 14381 3705 9363 2642 961 209 3280 12546 16811 7002 3272 211 1658
internal_value=-1.97014e-05 -0.00149609 0.0014319 0.000753576 0.0010988 0.000337532 -0.00350951 6.29014e-05 -0.000414341 -0.000432878 -0.001573 -0.00380249 -0.00283321 0.00245241
internal_weight=21272.1 10545.9 10726.1 8587.65 7661.59 4907.73 3640.44 4667.53 4007.59 6905.49 2703.66 953.522 872.424 2753.87
internal_count=85164 42218 42946 34366 30661 19640 14590 18679 16037 27628 10817 3815 3491 11021
is_linear=0
shrinkage=0.02


Tree=26
num_leaves=15
num_cat=0
split_feature=26 26 24 12 41 22 52 22 41 51 63 29 59 61
split_gain=103.826 49.0908 26.5614 23.5622 21.6295 21.0518 20.3958 17.9624 28.2669 17.6106 17.0606 16.5036 16.0206 14.8991
threshold=-0.57130590686204497 0.6899086278241936 0.12441741705436231 0.0057185347040114558 0.53085503326613537 0.24428834273227998 5.2657871917930779 0.19232696640932317 0.58700360449703637 -1.5431086341324272 0.97337330727746918 3.3008986694053308 0.27087099575759493 0.53877403699850601
decision_type=2 2 2 2 2 2 2 2 2 2 2 2 2 2
left_child=7 3 -3 4 5 -2 -5 11 9 -9 -4 13 -11 -1
right_child=1 2 10 6 -6 -7 -8 8 -10 12 -12 -13 -14 -15
leaf_value=0.0040186079282599138 0.0025525783829604448 0.0060610438811044302 -0.0035992250130079148 -0.0013595223526779482 -0.00085944757317886261 8.8865514580512163e-05 0.006458248513858034 -0.00112686037689351 -0.0083144809835648779 0.0037274040641534791 0.00089187774076023149 0.0087783809215939475 -0.003618155603339464 -0.0032051132581521584
leaf_weight=1578.517321407795 2694.6804217994213 127.24174278974533 2988.1924669295549 5049.800216242671 2835.0312622338533 2854.5358366221189 132.22094197571278 501.80159497261047 103.91702049970627 1493.8698562085629 379.46534733474255 274.93306162953377 125.06804274022579 119.44827093183994
leaf_count=6333 10783 509 11978 20204 11343 11420 529 2010 416 5986 1521 1103 501 479
internal_value=5.41471e-05 -0.000639292 -0.00275115 -9.44278e-05 0.000560766 0.00128646 -0.00115402 0.00287007 0.00163236 0.00213817 -0.0030926 0.00425807 0.00315054 0.00350252
internal_weight=21258.7 17061.2 3494.9 13566.3 8384.25 5549.22 5182.02 4197.56 2224.66 2120.74 3367.66 1972.9 1618.94 1697.97
internal_count=85115 68287 14008 54279 33546 22203 20733 16828 8913 8497 13499 7915 6487 6812
is_linear=0
shrinkage=0.02


Tree=27
num_leaves=15
num_cat=0
split_feature=33 41 45 22 46 55 41 48 76 37 22 31 21 1
split_gain=90.7702 45.3865 27.8443 23.4185 18.9815 20.6547 18.1441 15.2399 15.1299 14.6962 16.6024 14.6842 14.339 28.0612
threshold=38.635752198897116 0.4935541267159072 1.4883507709132624 0.39315490019860216 -0.5277851165098012 4.1307901230632682 0.45613420491603845 -1.0000000180025095e-35 -0.67739912125940249 1.6330780004094863 0.23701125253076336 0.69422311643946388 0.37291592879987995 7.9803482366883139e-05
decision_type=2 2 2 2 2 2 2 2 2 2 2 2 2 2
left_child=3 4 12 6 5 -2 -1 -4 -5 -6 11 -11 13 -3
right_child=1 2 7 8 9 -7 -8 -9 -10 10 -12 -13 -14 -15
leaf_value=0.0044856590662466804 0.0014398467929923947 -0.00021376994336045219 -0.0060145755164383334 -0.0034327603928607947 -0.0031431001836103607 0.0095956990513628437 0.0015121829083424069 -0.002317708719899639 0.0014272946557617424 0.00065258419015587119 -0.0010442485971355541 0.0050415574958423059 0.00032092576588727044 -0.0032388904950191766
leaf_weight=2077.9102918952703 2340.4382164627314 2545.721771851182 759.4740152657032 338.02197352051735 614.137755215168 126.44534109532833 1366.6812184154987 1097.3960053622723 1007.6567867547274 1930.7858442366123 2344.3769812881947 357.59295785427094 2043.2734886109829 2363.2925455719233
leaf_count=8339 9366 10188 3046 1353 2458 506 5476 4399 4033 7727 9380 1431 8175 9461
internal_value=1.42627e-05 -0.000688607 -0.00166909 0.00243684 0.000431459 0.00187646 0.0033098 -0.00384185 0.000198306 -0.000249062 0.000137559 0.00134792 -0.00108642 -0.00167193
internal_weight=21313.2 16522.9 8809.16 4790.27 7713.78 2466.88 3444.59 1856.87 1345.68 5246.89 4632.76 2288.38 6952.29 4909.01
internal_count=85338 66137 35269 19201 30868 9872 13815 7445 5386 20996 18538 9158 27824 19649
is_linear=0
shrinkage=0.02


Tree=28
num_leaves=15
num_cat=0
split_feature=33 33 21 22 22 38 26 11 1 33 39 30 64 40
split_gain=117.435 40.7368 31.7053 25.4691 22.4517 16.7863 16.3685 15.4788 14.0697 13.6972 13.647 13.1663 15.0106 18.7155
threshold=56.796709350652513 35.974455133339205 0.25196815574494108 0.24945632416021365 0.41117443496299116 5.0129933387086343 0.5756146062754427 -0.0029836252325835832 0.00093249115299993772 66.231929077417377 -0.99129511168887374 0.51661161827835123 0.28429015719967349 0.81499415513525497
decision_type=2 2 2 2 2 2 2 2 2 2 2 2 2 2
left_child=1 4 6 11 7 -5 -2 8 -1 -4 -7 12 13 -3
right_child=2 3 9 5 -6 10 -8 -9 -10 -11 -12 -13 -14 -15
leaf_value=0.0034869868713935026 -0.0015834121245807157 0.0028466370085343802 0.00058833850028893169 0.00050349388714636119 0.00021460646881868087 -0.0088066518193446758 -0.0041856796083017487 0.0060500088568785594 -0.001189798808208234 -0.0020058674684024723 -0.0015655941025366268 0.0040146960987206756 -0.00075211707784514597 -0.00020653602611502676
leaf_weight=1679.3869666904211 1555.5542775243521 2106.0633826255798 1804.2639463245869 2300.3982826024294 970.8592766225338 104.73854164779186 2589.7162512987852 821.66936109960079 301.14767467975616 1475.9303256124258 2166.9325871616602 636.39583089947701 1433.3697435408831 1295.1292694509029
leaf_count=6738 6225 8429 7219 9203 3886 419 10387 3299 1207 5909 8669 2547 5736 5183
internal_value=-2.30495e-05 0.00106707 -0.00205071 0.00040088 0.00283742 -0.000700457 -0.00321224 0.00374413 0.00277466 -0.000580206 -0.00191806 0.00132106 0.000962708 0.00168543
internal_weight=21241.6 13816.1 7425.46 10043 3773.06 4572.07 4145.27 2802.2 1980.53 3280.19 2271.67 5470.96 4834.56 3401.19
internal_count=85056 55316 29740 40186 15130 18291 16612 11244 7945 13128 9088 21895 19348 13612
is_linear=0
shrinkage=0.02


Tree=29
num_leaves=15
num_cat=0
split_feature=24 26 33 46 29 42 37 13 41 6 22 60 25 13
split_gain=106.081 39.0223 35.9742 23.8656 19.9221 17.5034 16.9239 15.6378 14.7826 14.6493 13.5484 13.2471 15.0336 12.3487
threshold=0.50140883686541049 -0.83207979483886907 65.74449812146554 -0.35206144883412549 3.3008986694053308 0.57942756551722951 1.4272519982844383 0.0032038782384191393 0.66545027853575289 0.0059603871353336247 0.26470848530269869 -3.4999999999999996 1.5000000000000002 0.0013420693635395934
decision_type=2 2 2 2 2 2 2 2 2 2 2 2 2 2
left_child=1 4 11 6 -1 8 -3 -4 9 10 -5 12 -2 -7
right_child=2 3 7 5 -6 13 -8 -9 -10 -11 -12 -13 -14 -15
leaf_value=0.0033557237831703026 0.004974169222603581 -0.0014344611411886662 -0.004035229149876942 0.0013150092520443919 0.010196061340799938 -0.00042618601324810276 0.0028628322379335579 0.00016560975444903752 -0.0069925295326642191 -0.0089467247784652381 -0.00096970088714229158 -0.0008636511504083699 -0.0022507426528821099 -0.009954719035215321
leaf_weight=1850.6673245728016 327.3747271001339 420.1446487903595 2184.1424375027418 3376.3834190219641 184.58933524787426 103.96101470291615 2732.6839617788792 422.47867497801781 102.97149556875229 59.974409610033035 1493.9785524755716 7620.6574397534132 172.68277102708817 110.21250736713409
leaf_count=7431 1310 1681 8762 13515 742 416 10938 1694 412 240 5978 30496 691 441
internal_value=8.29442e-05 0.00151823 -0.00131336 0.000915019 0.00399958 8.82139e-05 0.00228881 -0.00335535 0.000328818 0.000488656 0.000613901 -0.000656255 0.00248164 -0.00544475
internal_weight=21162.9 10435.6 10727.3 8400.31 2035.26 5247.48 3152.83 2606.62 5033.31 4930.34 4870.36 8120.71 500.057 214.174
internal_count=84747 41794 42953 33621 8173 21002 12619 10456 20145 19733 19493 32497 2001 857
is_linear=0
shrinkage=0.02


Tree=30
num_leaves=15
num_cat=0
split_feature=45 24 43 58 24 24 51 63 63 2 18 1 1 43
split_gain=89.2975 53.5184 25.1422 19.8459 19.8288 17.9979 14.928 14.24 15.6413 14.1508 14.9618 13.557 13.1828 12.8051
threshold=1.1832270783463805 0.31946767342937815 -0.10588934370495151 0.85351514365375225 0.81380321579360126 0.60049370217856668 -0.32245240526624003 0.015915100415973965 0.15344369944890149 -0.0018689801168052208 0.0026497119408128555 -0.00028867915854489322 0.00014347185821507734 0.20911360240219948
decision_type=2 2 2 2 2 2 2 2 2 2 2 2 2 2
left_child=1 2 7 4 9 -2 13 -1 -9 10 -3 -11 -6 -4
right_child=5 3 6 -5 12 -7 -8 8 -10 11 -12 -13 -14 -15
leaf_value=0.0037282391193781679 -0.00096973060445429199 -0.0022124670483770425 0.0031204049368932646 -0.0031141606333268393 -0.00033348207933573716 -0.0038155432418198209 -8.3118913637946615e-05 -0.0070679045288251363 0.003254910955888945 0.0012463529271950669 0.003781003792669272 -0.00077851354052027632 -0.0029379960088911613 -0.0044282893197961637
leaf_weight=2819.7180674821138 1409.3007179647684 200.37443749606609 1226.3450579494238 898.93344230949879 2218.3802873641253 2422.6484845429659 2333.3225113153458 102.43085698783398 124.94270780682564 2574.5113238245249 906.45689721405506 2709.5615644603968 1192.9312169849873 92.641313180327415
leaf_count=11309 5640 802 4913 3598 8877 9720 9341 410 500 10304 3628 10842 4776 371
internal_value=-9.71597e-06 0.000599116 0.00200024 -0.000278576 -1.7077e-05 -0.00277155 0.000879213 0.00334029 -0.00144749 0.000640018 0.00269091 0.00020829 -0.00124724 0.00257549
internal_weight=21232.5 17400.5 6699.4 10701.1 9802.22 3831.95 3652.31 3047.09 227.374 6390.9 1106.83 5284.07 3411.31 1318.99
internal_count=85031 69671 26844 42827 39229 15360 14625 12219 910 25576 4430 21146 13653 5284
is_linear=0
shrinkage=0.02


Tree=31
num_leaves=15
num_cat=0
split_feature=45 24 41 1 71 45 23 24 41 2 48 31 1 37
split_gain=90.0776 52.01 33.0866 25.3157 17.1355 16.9535 16.3354 15.5029 15.0264 14.9946 14.1338 13.4354 13.3843 13.0292
threshold=-0.35397585227235223 0.22149227892188594 0.58081012273122556 7.9803482366883139e-05 0.0079771294712831283 1.1493670591379404 1.4021251510822963 0.81015464430138329 0.34943781291312553 -0.00052664570353490195 -0.60785761079279388 -0.87796079261383186 -1.6090443811135466e-05 3.2295215164068147
decision_type=2 2 2 2 2 2 2 2 2 2 2 2 2 2
left_child=3 6 5 8 -4 -3 13 -5 11 -6 -7 -1 -11 -2
right_child=1 2 4 7 9 10 -8 -9 -10 12 -12 -13 -14 -15
leaf_value=-0.0022741329848565608 -0.0008196833797487847 -0.00039804173582666302 0.0021657407872389136 0.00056166709056964441 -0.0016835037909092635 -0.0053638681224554346 0.0062933263265207698 -0.0043780909359794843 0.0019728751182449497 -0.0028676046164971261 -0.0015832524590874435 0.005871883941998386 -0.0062282431039101136 0.0021222673737703009
leaf_weight=88.699661314487457 1025.9817232340574 5442.2707535773516 199.52068820595741 2361.576844483614 889.85572452843189 514.57490114867687 242.62418369948864 279.70570006966591 4367.3058499991894 832.91531147062778 1690.1628141403198 708.87523412704468 1142.6093157678843 1445.4008252173662
leaf_count=356 4105 21776 800 9458 3565 2063 971 1119 17499 3337 6772 2846 4582 5785
internal_value=-8.35367e-05 -0.00107674 -0.0017032 0.00162428 -0.00345743 -0.000998306 0.00139442 3.12744e-05 0.00243811 -0.00385207 -0.00247577 0.00495743 -0.00482216 0.000901743
internal_weight=21232.1 13425.9 10711.9 7806.16 3064.9 7647.01 2714.01 2641.28 5164.88 2865.38 2204.74 797.575 1975.52 2471.38
internal_count=85034 53756 42895 31278 12284 30611 10861 10577 20701 11484 8835 3202 7919 9890
is_linear=0
shrinkage=0.02


Tree=32
num_leaves=15
num_cat=0
split_feature=26 33 21 24 63 12 47 43 21 33 19 16 43 58
split_gain=83.4468 32.2252 23.2598 22.4015 18.9422 17.0442 16.1293 14.6752 14.0919 14.6735 14.5366 13.6082 13.8321 13.5644
threshold=-0.26813923398015144 65.74449812146554 0.20253813380311772 0.13240290962268084 -0.31903517447211743 -0.0051819135174541999 0.93540483100319638 0.49034782752718648 0.25457607038589597 56.641175369561424 0.40510639172192547 0.0023027450766986654 -0.022561873547497491 0.82835023566507493
decision_type=2 2 2 2 2 2 2 2 2 2 2 2 2 2
left_child=3 4 -3 -1 -2 8 11 13 9 10 -6 12 -4 -5
right_child=1 2 6 7 5 -7 -8 -9 -10 -11 -12 -13 -14 -15
leaf_value=0.0035628819238209129 0.0034366936088080107 -0.0042019836632994668 0.0017413593217431229 0.0014943055735414578 -0.0009264192935616117 -0.001088154114586549 -0.0065598919271938538 -0.0081270193399254655 0.0020427823996325392 -0.0029138216895238469 0.0033423805490586322 0.0018053631310470085 -0.0034080349312585259 -0.0027144891901963904
leaf_weight=2072.8727261126041 513.85232219099998 1673.4190250486135 296.29334926605225 4641.7337576448917 824.5550774782896 6538.7902283519506 179.47769095003605 63.213692188262939 1571.9647971391678 660.03384450078011 513.91955749690533 694.65868246555328 680.4572080373764 323.39217919111252
leaf_count=8318 2056 6720 1186 18596 3299 26166 719 253 6290 2643 2056 2782 2727 1295
internal_value=4.71429e-05 -0.000840782 -0.00249656 0.00181546 -0.00029055 -0.000481611 -0.000947481 0.00109229 0.000629152 -0.000485089 0.000718965 -0.000327047 -0.00184507 0.00121772
internal_weight=21248.6 14147.4 3524.31 7101.21 10623.1 10109.3 1850.89 5028.34 3570.47 1998.51 1338.47 1671.41 976.751 4965.13
internal_count=85106 56644 14134 28462 42510 40454 7414 20144 14288 7998 5355 6695 3913 19891
is_linear=0
shrinkage=0.02


Tree=33
num_leaves=15
num_cat=0
split_feature=33 26 41 62 12 40 5 60 40 26 41 20 38 55
split_gain=79.145 34.9288 26.3097 20.99 16.9645 27.0114 16.6271 13.6906 15.2005 12.7036 12.1084 12.0252 11.1822 16.1021
threshold=56.796709350652513 -0.83207979483886907 0.58700360449703637 -0.5738377424266522 -0.0028169352445787305 0.86695871640516387 -0.00088311021485495587 1.5000000000000002 2.7535988654125005 0.99655843075534623 0.33571399886808612 0.41265255614172697 2.5850211008209012 -0.23299848231639256
decision_type=2 2 2 2 2 2 2 2 2 2 2 2 2 2
left_child=1 3 7 -1 5 12 -7 -2 9 -9 -5 -10 -3 -14
right_child=2 4 -4 10 -6 6 -8 8 11 -11 -12 -13 13 -15
leaf_value=0.006704093766114614 0.00019499730794880985 0.0043659705106797132 -0.0034283384976825817 0.0058218108358738868 -0.00017403631067620243 -0.0024591448750993388 0.0011717746958701727 -0.0015371544117608127 0.0067269149634565642 -0.0051599777928836689 0.0015054743150781156 -0.0042343177932830387 -9.2582994848630666e-06 0.0037133194565495569
leaf_weight=512.97092834115028 2666.6611128300428 987.35564301908016 2169.92571182549 303.68156005442142 6390.7537034600973 865.51860916614532 1195.0248403251171 1948.5634749382734 133.41866984963417 480.88618761301041 1694.4216923266649 52.375046238303185 995.66388174891472 866.67674787342548
leaf_count=2063 10679 3953 8705 1221 25576 3464 4783 7801 534 1929 6800 210 3985 3469
internal_value=8.38411e-05 0.000979986 -0.00157672 0.00311121 0.000505261 0.00138866 -0.000355632 -0.000813508 -0.00184025 -0.00226338 0.00217439 0.00360697 0.00264832 0.00172842
internal_weight=21263.9 13812.1 7451.83 2511.07 11301 4910.24 2060.54 5281.9 2615.24 2429.45 1998.1 185.794 2849.7 1862.34
internal_count=85172 55314 29858 10084 45230 19654 8247 21153 10474 9730 8021 744 11407 7454
is_linear=0
shrinkage=0.02


Tree=34
num_leaves=15
num_cat=0
split_feature=45 26 24 21 32 48 17 5 24 67 26 1 36 8
split_gain=69.0312 36.8151 30.5658 17.5478 16.0261 14.5829 17.7052 13.4055 13.258 15.0086 12.6196 12.4263 12.3861 13.0026
threshold=1.0151903333726777 -0.81599234082124639 0.60530588888784864 0.33575416462537216 -0.41683007033298419 -0.60785761079279388 0.82626325918355858 0.0013648680343761102 0.41085355156456554 60.139066553472766 1.4423198971074909 0.00020800290242212134 0.0053703044565918618 0.0079911503545610305
decision_type=2 2 2 2 2 2 2 2 2 2 2 2 2 2
left_child=1 8 -2 4 -3 10 11 -6 9 -1 -4 -7 -5 -14
right_child=2 3 5 12 7 6 -8 -9 -10 -11 -12 -13 13 -15
leaf_value=0.0028314374022393079 -3.475780360324549e-05 -0.0094594564335673276 -0.0043649842692420147 -0.00099178911148856304 -0.00047662101997745897 -0.0016797707442903151 -0.00078707580561901153 0.0014592732181247503 0.00046396268188141901 0.0072211421376166289 -0.010851259085278443 -0.0063993492730295351 0.0019408971818291358 -0.0074405417218910775
leaf_weight=1528.4135742485523 1842.6925565749407 68.958775579929352 604.61757396161556 764.13555516302586 7604.2852790951729 379.02348682284355 1138.9011056274176 1757.1746761053801 664.98972803354263 391.71910677850246 150.41806499660015 554.20630396902561 3729.5955046713352 55.233971431851387
leaf_count=6144 7375 276 2428 3058 30437 1520 4570 7033 2663 1576 605 2225 14927 221
internal_value=0.000106611 0.000712151 -0.00203977 0.000306242 -0.000185987 -0.00334423 -0.00246685 -0.000112663 0.00290233 0.00374339 -0.00572006 -0.0045017 0.00132576 0.00179435
internal_weight=21234.4 16564.5 4669.86 13979.4 9430.42 2827.17 2072.13 9361.46 2585.12 1920.13 755.036 933.23 4548.97 3784.83
internal_count=85058 66335 18723 55952 37746 11348 8315 37470 10383 7720 3033 3745 18206 15148
is_linear=0
shrinkage=0.02


Tree=35
num_leaves=15
num_cat=0
split_feature=33 19 48 21 41 1 13 1 34 43 1 66 1 59
split_gain=76.8022 28.9925 23.3493 23.2131 16.4386 16.515 16.4383 16.8699 16.2717 15.7159 14.2368 15.535 14.126 13.8584
threshold=56.796709350652513 -0.47349096853629741 -0.60785761079279388 0.2805874991839436 0.61328140529250175 -0.0022960418006662073 0.0033590244006788069 0.0003645777408568412 42.770232598690221 0.090382506778908314 0.0012135166900019464 1.5159067372605197 0.00014347185821507734 -0.055745659740367187
decision_type=2 2 2 2 2 2 2 2 2 2 2 2 2 2
left_child=1 2 12 6 -3 -6 7 -2 9 10 11 -4 -1 -9
right_child=3 4 8 -5 5 -7 -8 13 -10 -11 -12 -13 -14 -15
leaf_value=0.0064815675811570866 -0.0017256331876008171 0.00047673029782771596 0.0029328513959284703 -0.00036961872774779074 0.0050171269814062846 -0.0029833482597412461 0.00038013836952278555 -0.00097664709246439159 -0.00026375570830983202 -0.0069546664988227929 -0.0011807230039471896 0.0088051539851141686 0.0020067595575801334 -0.0051770642142410384
leaf_weight=667.09890572726727 1817.7156892418861 8756.0184569507837 872.75898812711239 2961.8344276994467 110.95252378284931 964.17446510493755 615.8705787062645 390.77431926131248 1443.3717968314886 59.086298450827599 239.8664273172617 225.74636298418045 497.15933021903038 1655.7607576400042
leaf_count=2680 7288 35046 3507 11856 444 3858 2469 1567 5782 237 962 908 1992 6643
internal_value=-0.000106661 0.000774514 0.00220774 -0.00174438 0.000189811 -0.0021383 -0.00265182 -0.00313491 0.0012261 0.00276035 0.00321354 0.00417406 0.0045875 -0.00437935
internal_weight=21278.2 13836.2 4005.09 7441.96 9831.15 1075.13 4480.12 3864.25 2840.83 1397.46 1338.37 1098.51 1164.26 2046.54
internal_count=85239 55416 16068 29823 39348 4302 17967 15498 11396 5614 5377 4415 4672 8210
is_linear=0
shrinkage=0.02


Tree=36
num_leaves=15
num_cat=0
split_feature=26 21 33 40 6 6 59 37 47 77 24 48 58 3
split_gain=72.7971 26.5264 25.857 24.0085 15.5973 14.8341 14.2514 13.5102 17.534 13.2793 12.0997 18.4639 15.9083 14.6848
threshold=0.18221079355662737 0.24955218043865748 34.486762169840972 0.55191495009102598 -0.0016462952849364747 -0.00022721582060343561 -0.055745659740367187 1.9723727923555203 0.58216583101416164 -1.0919573575460311 0.52548679865075865 -0.8783796973249266 0.84720537631200199 0.0015940204962392728
decision_type=2 2 2 2 2 2 2 2 2 2 2 2 2 2
left_child=2 -2 3 5 -4 -1 9 8 -3 -5 11 -6 -12 -13
right_child=1 7 4 6 10 -7 -8 -9 -10 -11 12 13 -14 -15
leaf_value=0.0029519659406542459 -0.0023955469547666942 -0.00031634451737375785 0.0022358789784559224 -0.0014080768388506197 0.003396772520598335 0.010867007692404181 -0.001476705792627349 0.00073499454560512834 -0.005323810066230345 0.0030083261074460078 -0.00055114842252317823 -0.00044711408299954487 -0.0062885599576003627 0.0027732942515608576
leaf_weight=185.54468753933907 4912.8748952001333 976.80235955119133 1563.0416605174541 309.34067144989967 818.10239350795746 199.9199294000864 433.8270269036293 2407.5213289558887 387.33535046875477 2121.5905182212591 2767.3270235061646 3295.973273396492 202.95805481076241 678.6888484954834
leaf_count=746 19699 3911 6256 1241 3276 804 1742 9636 1551 8517 11071 13195 812 2717
internal_value=-1.99684e-05 -0.00142782 0.000952402 0.00248714 0.000416487 0.00714366 0.00184923 -0.000165786 -0.00175242 0.00244459 4.89608e-05 0.000670323 -0.000953092 0.000105576
internal_weight=21260.8 8684.53 12576.3 3250.22 9326.09 385.465 2864.76 3771.66 1364.14 2430.93 7763.05 4792.76 2970.29 3974.66
internal_count=85174 34797 50377 13050 37327 1550 11500 15098 5462 9758 31071 19188 11883 15912
is_linear=0
shrinkage=0.02


Tree=37
num_leaves=15
num_cat=0
split_feature=26 26 41 53 22 73 36 40 21 47 6 21 1 44
split_gain=75.2417 30.8003 24.5382 26.4077 16.976 19.754 16.7308 15.0996 14.7339 14.4066 14.1066 16.6749 13.3422 13.1686
threshold=0.18221079355662737 -0.6048187499905241 0.58539096318562278 31.267592594727699 0.47570357322536222 0.71445007603406852 0.023582540266027189 1.4173405895414217 0.39370535078054075 0.84874750804349197 -0.0016828453674345098 0.14424754447192586 0.00081693366444691138 -0.34040777575732756
decision_type=2 2 2 2 2 2 2 2 2 2 2 2 2 2
left_child=1 7 3 -2 9 -6 -7 -1 12 -5 11 -3 -4 -13
right_child=2 10 8 4 5 6 -8 -9 -10 -11 -12 13 -14 -15
leaf_value=0.003346025651971671 0.0077031588522501158 -0.00074477908724138381 -0.0024721577735696424 9.6679320839650583e-05 -0.0041450647648455354 -0.0031133563182403072 0.0093398205881126042 0.00071861901392570693 0.00016424237630097949 -0.002874369317139486 -3.4777239133456e-05 0.0060059353078131417 -0.0057208931340193159 0.0013052864470366227
leaf_weight=2613.3335503786802 140.41729600727558 527.79276825487614 1321.9359803795815 3961.6107798963785 996.42561738193035 81.109719276428223 82.861247345805168 1318.9517711251974 472.10045406222343 776.56994698941708 7172.4108050465584 477.73357951641083 829.34871710836887 477.97581465542316
leaf_count=10498 562 2112 5304 15865 3992 325 332 5291 1890 3110 28701 1912 3330 1913
internal_value=1.31318e-05 0.0010002 -0.00142103 -0.000718286 -0.000925115 -0.00308775 0.0032699 0.00246678 -0.00303428 -0.000392781 0.000332905 0.00210472 -0.00373495 0.00367404
internal_weight=21250.6 12588.2 8662.38 6038.99 5898.58 1160.4 163.971 3932.29 2623.39 4738.18 8655.91 1483.5 2151.28 955.709
internal_count=85137 50427 34710 24186 23624 4649 657 15789 10524 18975 34638 5937 8634 3825
is_linear=0
shrinkage=0.02


Tree=38
num_leaves=15
num_cat=0
split_feature=26 41 6 22 3 21 21 4 41 59 45 61 39 63
split_gain=73.9196 36.4465 31.3919 18.4774 17.9326 19.3249 17.3034 16.4736 16.4378 15.6251 14.9318 15.0266 14.8273 14.2371
threshold=-0.27619400765420493 0.59769445155486711 -0.0011889448616374428 0.11138641450075094 0.0010108992051932949 0.2777521592771835 0.2371239763210721 -0.0059834163159136764 0.49027316745550281 -0.17512957991260467 -0.96741037436834931 -1.1569857202048313 1.7313592494086307 -0.19662676079508587
decision_type=2 2 2 2 2 2 2 2 2 2 2 2 2 2
left_child=3 2 6 -1 5 -4 -2 -5 13 -10 11 -9 -7 -6
right_child=1 -3 4 7 8 12 -8 10 9 -11 -12 -13 -14 -15
leaf_value=0.0031788162641869741 3.9463732241717427e-05 -0.0028209465279483703 -0.0024303464529284446 -0.0055536464350550256 0.0056794149220946279 -0.00049277688844066869 0.0034427579205217398 -0.001806011997580643 0.0055808392213276912 -0.0019334977254576939 -0.00013792123812536399 0.0026855616983391785 0.006737748393353872 0.00087246754610689498
leaf_weight=2160.102397158742 1230.2531423568726 2997.0747191458941 3585.0949557870626 145.76617553830147 313.37301735579967 2468.7411344647408 1157.2036936283112 336.73681896924973 117.93415986001492 1119.0379704236984 2023.7549266219139 2389.5277997255325 113.89928245544434 1102.3969634771347
leaf_count=8672 4926 12018 14357 584 1254 9879 4631 1350 472 4483 8102 9587 456 4413
internal_value=-3.27241e-05 -0.000863809 -0.000339433 0.00163985 -0.000890147 -0.0014812 0.00169279 0.000958287 0.00048428 -0.00119749 0.00116375 0.00212849 -0.000161494 0.0019527
internal_weight=21260.9 14205 11207.9 7055.89 8820.48 6167.74 2387.46 4895.79 2652.74 1236.97 4750.02 2726.26 2582.64 1415.77
internal_count=85184 56889 44871 28295 35314 24692 9557 19623 10622 4955 19039 10937 10335 5667
is_linear=0
shrinkage=0.02


Tree=39
num_leaves=15
num_cat=0
split_feature=26 25 38 24 1 43 3 32 1 46 6 6 24 28
split_gain=54.4315 23.3668 21.3057 18.5998 16.4327 15.7376 14.9522 15.6645 13.8488 13.8309 13.9826 12.8961 12.0583 11.8678
threshold=-0.26813923398015144 2.5000000000000004 3.6174145268891493 0.13240290962268084 -0.00027223716837777043 -0.073323843634930358 0.00089414746174578872 -0.13268389529659044 0.0024021989096268217 0.097964660725097366 -0.0017183281546236048 0.00067326447843662292 0.45327621961827691 0.6555827006430931
decision_type=2 2 2 2 2 2 2 2 2 2 2 2 2 2
left_child=3 2 -2 5 -5 13 8 -8 11 -6 -11 -4 -3 -1
right_child=1 12 6 4 9 -7 7 -9 -10 10 -12 -13 -14 -15
leaf_value=0.0033507315405894452 0.0011181827414295396 0.0011698205124029194 -0.0010986215855967518 0.0014879066506757403 0.0007283870921949633 0.00044754764545871845 0.0047331786948527953 -0.00023683594067956578 0.0012784090193719527 0.0028430424698871887 -0.0041534438981422192 -0.0031620705852436325 -0.0031838595889867776 0.0085343061167081399
leaf_weight=1175.3111857026815 2675.1021828949451 288.13743294775486 3383.8902662992477 3344.3711811453104 912.82565855979919 685.25346024334431 273.15300109982491 2877.4156170189381 634.79949161410332 135.55288413167 631.04915431141853 1890.2821844816208 2034.8691572099924 207.21646338701248
leaf_count=4726 10706 1153 13549 13406 3657 2749 1093 11525 2542 543 2528 7569 8164 831
internal_value=-9.14413e-05 -0.000812024 -0.000448691 0.00133654 0.000678072 0.00293082 -0.000911719 0.000200879 -0.00150461 -0.000934243 -0.0029059 -0.00184046 -0.00264249 0.00415561
internal_weight=21149.2 14057.6 11734.6 7091.58 5023.8 2067.78 9059.54 3150.57 5908.97 1679.43 766.602 5274.17 2323.01 1382.53
internal_count=84741 56301 46984 28440 20134 8306 36278 12618 23660 6728 3071 21118 9317 5557
is_linear=0
shrinkage=0.02


Tree=40
num_leaves=15
num_cat=0
split_feature=26 45 42 24 71 6 61 42 50 32 42 63 55 9
split_gain=70.6244 25.9687 20.121 15.9121 15.5182 14.2674 15.9805 14.1503 13.5253 15.6084 13.5127 14.9754 12.9106 12.1687
threshold=0.18221079355662737 -0.96741037436834931 0.46175068173317318 0.81800524098496619 0.010485676461608359 -0.0016828453674345098 0.3922979305839846 0.43211002247790681 0.73476132914704728 -0.093208383067845388 0.56165900724431583 1.0416792419251646 3.3645996081686342 0.0056649572088357204
decision_type=2 2 2 2 2 2 2 2 2 2 2 2 2 2
left_child=1 7 -2 10 -5 6 -3 -1 9 -9 11 -4 -8 -7
right_child=2 5 3 4 -6 13 12 8 -10 -11 -12 -13 -14 -15
leaf_value=0.0041885367708338365 0.00087402585468002972 0.003613852542908681 -0.00088656262634295897 -0.00042545763438764822 -0.003907408263043935 -0.00016184598287830832 -0.0034841260073327847 0.0011629102473550924 -0.0082742139071033914 0.0052840623176125404 -0.0037931889966929728 0.0054099211160377461 0.0056806769718758324 0.0048966530657550949
leaf_weight=1115.0774327963591 1359.9199108034372 938.56729862093925 3908.2649946510792 692.74388290941715 1971.5919425487518 6820.1559198200703 266.11596404016018 2654.7542706727982 50.072029009461403 422.75507810711861 625.22191622853279 152.21719960868359 74.714802294969559 190.67537941038609
leaf_count=4479 5447 3757 15649 2782 7914 27298 1065 10653 201 1698 2505 610 299 763
internal_value=2.46714e-05 0.000985878 -0.00135819 -0.00177152 -0.00300457 0.000334129 0.00227199 0.00225751 0.00156346 0.00173668 -0.00106794 -0.00064416 -0.00142199 -2.0877e-05
internal_weight=21242.8 12532.9 8709.96 7350.04 2664.34 8290.23 1279.4 4242.66 3127.58 3077.51 4685.7 4060.48 340.831 7010.83
internal_count=85120 50213 34907 29460 10696 33182 5121 17031 12552 12351 18764 16259 1364 28061
is_linear=0
shrinkage=0.02


Tree=41
num_leaves=15
num_cat=0
split_feature=41 26 38 47 6 21 31 41 39 72 37 35 8 39
split_gain=63.8532 39.7658 18.6453 22.2737 20.1288 19.7054 15.6091 15.2444 14.9313 14.2622 14.0519 13.7361 13.5374 14.5256
threshold=0.58539096318562278 -0.57130590686204497 4.3228679629296414 0.41248606129204557 -0.0015170117046976526 0.16933084238928758 0.20050204386184092 0.33571399886808612 -0.40097398488531483 0.20714493609228188 11.660958213749842 -0.19378789078309558 -0.0024231332032876537 0.50791296637074612
decision_type=2 2 2 2 2 2 2 2 2 2 2 2 2 2
left_child=1 7 6 5 -5 -4 8 -1 9 11 -10 -3 13 -2
right_child=12 2 3 4 -6 -7 -8 -9 10 -11 -12 -13 -14 -15
leaf_value=0.0048617094506829871 0.0043002710505345579 0.0090345115346314696 -0.0012557849977985779 0.0016928925094698739 -0.0026358189102870604 0.001125515843272787 0.005094075494284687 0.001633640028375793 -0.0010014448547687705 0.00082159080820409238 0.0047968035394324957 0.0023666223122048593 -0.0026981815627501282 -0.0061075446317610171
leaf_weight=711.53295190632343 217.51058857142925 182.08222807943821 2344.5247134715319 509.10541734099388 2649.572841823101 3398.7422368526459 338.54137361049652 3258.4290822297335 1948.646085113287 1395.8279048651457 177.87784643471241 380.20562040805817 3619.7584577202797 65.934907600283623
leaf_count=2864 871 729 9392 2038 10608 13604 1355 13084 7800 5587 712 1522 14516 264
internal_value=-5.96346e-05 0.000461974 -6.17139e-05 -0.000588999 -0.00193656 0.000153171 0.000998949 0.00221759 0.000653725 0.00191162 -0.000506323 0.00458644 -0.00236851 0.00181531
internal_weight=21198.3 17295.1 13325.1 8901.95 3158.68 5743.27 4423.18 3969.96 4084.64 1958.12 2126.52 562.288 3903.2 283.445
internal_count=84946 69295 53347 35642 12646 22996 17705 15948 16350 7838 8512 2251 15651 1135
is_linear=0
shrinkage=0.02


Tree=42
num_leaves=15
num_cat=0
split_feature=24 27 8 43 24 2 8 46 1 72 63 63 14 59
split_gain=63.1014 35.9081 25.0627 18.8023 17.9129 20.0353 17.0629 16.3742 15.3895 15.8259 14.7517 13.7475 13.2588 12.2029
threshold=0.8020524454174085 -0.82794904362067745 0.0020135659102432086 0.22213599450209123 0.22149227892188594 -0.0019519258688028729 0.0035693446105147602 -0.81241147629688981 -0.00027223716837777043 0.15275491941969835 -0.023409905437553561 0.3973061439764643 0.0045670009099687981 -0.56237889984140066
decision_type=2 2 2 2 2 2 2 2 2 2 2 2 2 2
left_child=1 3 -2 6 13 -6 10 12 11 -10 -1 -9 -7 -3
right_child=2 4 -4 -5 5 7 -8 8 9 -11 -12 -13 -14 -15
leaf_value=0.001640053495865918 -0.00088671203096177818 0.0057691409511328295 -0.0037046772086089066 -0.003498868497617681 0.0024206879110994979 0.00049554621457336128 -0.0076397262821708946 -0.00038469761631280361 0.0023418177923022051 -0.0025483335295434367 0.0041551292615774598 0.0070894138495388292 0.0078238876167351836 0.00084269727176296619
leaf_weight=2459.0106261372566 3332.0159946382046 208.78174944221973 2031.9592246413231 221.20721690356731 807.03785026073456 1267.4990651607513 61.456855550408363 2077.5852234065533 283.7509228438139 3322.28415389359 1509.9892919957638 98.322138294577599 102.18667569756508 3467.4985684603453
leaf_count=9881 13344 837 8163 886 3230 5074 246 8315 1136 13303 6060 394 409 13883
internal_value=-8.21127e-05 0.000551228 -0.00195666 0.002123 -2.37981e-05 -0.000557107 0.0024355 -0.000894597 -0.00136022 -0.00216083 0.00260093 -3.14879e-05 0.00106875 0.00112993
internal_weight=21250.6 15886.6 5363.98 4251.66 11634.9 7958.67 4030.46 7151.63 5781.94 3606.04 3969 2175.91 1369.69 3676.28
internal_count=85161 63654 21507 17073 46581 31861 16187 28631 23148 14439 15941 8709 5483 14720
is_linear=0
shrinkage=0.02


Tree=43
num_leaves=15
num_cat=0
split_feature=41 33 22 40 31 8 39 16 37 50 59 58 54 8
split_gain=58.3684 33.5205 22.4502 15.3046 14.0543 13.8656 13.6203 13.5556 13.29 17.219 13.0551 12.5785 13.3317 12.354
threshold=0.58539096318562278 34.486762169840972 0.24945632416021365 0.54482279999647243 0.22071044042453591 0.0009731243388419866 0.83510946931352359 0.0050303455337650281 1.2514731288712324 1.7382304627481238 -0.070617647438744227 0.15028242211417128 3.1719697411036978 -0.0024231332032876537
decision_type=2 2 2 2 2 2 2 2 2 2 2 2 2 2
left_child=1 3 8 -1 10 6 13 -7 -3 -10 -5 -4 -13 -2
right_child=5 2 11 4 -6 7 -8 -9 9 -11 -12 12 -14 -15
leaf_value=0.0062898330577889584 0.0038959573454327547 -0.0017031988730261108 0.0025775466188987461 0.0021286055618863109 0.0076093834535186766 -0.0035195577138219538 -0.0068300289030101373 0.0062194516565130253 0.00098344922579569807 0.0089952943148121078 -0.0017559387954068362 -0.0011054193396091503 0.0054091542712468663 -0.0010656990829366847
leaf_weight=350.79998034238815 232.23087728023529 739.30488623678684 420.30598518252373 2128.6411857903004 155.63441836833954 2157.7384433448315 134.61738695204258 54.312143534421921 6606.1002694666386 104.17119933664799 409.12404295802116 6264.7780509591103 123.33995477855206 1300.4536821991205
leaf_count=1413 930 2963 1682 8552 627 8664 539 218 26457 417 1644 25081 494 5207
internal_value=-1.47771e-05 0.000482486 7.54212e-05 0.00238579 0.0018666 -0.00223038 -0.00084947 -0.00326695 0.000833851 0.00111443 0.00150014 -0.000754434 -0.000975506 -0.00030369
internal_weight=21181.6 17302.2 14258 3044.2 2693.4 3879.35 1667.3 2212.05 7449.58 6710.27 2537.77 6808.42 6388.12 1532.68
internal_count=84888 69330 57094 12236 10823 15558 6676 8882 29837 26874 10196 27257 25575 6137
is_linear=0
shrinkage=0.02


Tree=44
num_leaves=15
num_cat=0
split_feature=45 43 28 48 1 20 48 58 22 45 31 22 62 8
split_gain=63.5218 33.2804 21.8835 16.8499 15.2967 25.0488 15.0175 15.0127 13.8959 13.5766 12.4393 12.3361 12.2493 11.646
threshold=-0.93300847750969818 -0.060286719462360784 1.1363865485019746 -0.60785761079279388 6.4003569068198072e-05 0.47431462451363399 -0.8783796973249266 0.85351514365375225 0.24945632416021365 1.1153650517089535 0.10042487720542097 0.35111026582537946 -0.46314424538640925 -0.0069906878948386006
decision_type=2 2 2 2 2 2 2 2 2 2 2 2 2 2
left_child=4 13 8 7 6 -6 -1 9 -3 -4 -5 12 -8 -2
right_child=1 2 3 10 5 -7 11 -9 -10 -11 -12 -13 -14 -15
leaf_value=0.0065982449412257515 0.0073770489681013983 0.00026246938954866658 -0.00058895446919159827 -0.0075870672256160921 0.00091946153904381587 -0.01094744140923193 0.0057584260348653993 -0.0077549970775813801 -0.0015348798579505509 -0.0055653096232415921 -0.0013122776685016418 0.00038786439455490998 0.0021766171296943547 0.0005446100700019856
leaf_weight=366.9449904859066 96.786539658904076 3872.6957766860723 478.37817829847336 127.00769066810608 1236.0221754312515 70.479179874062538 541.50741718709469 356.23934337496758 3089.4817500859499 402.01377230882645 3137.4459452331066 905.8912333548069 1309.1353875547647 5210.8416282087564
leaf_count=1476 388 15509 1916 510 4959 282 2180 1430 12367 1617 12580 3630 5263 20864
internal_value=-7.01371e-05 -0.00063287 -0.00123894 -0.00232498 0.00205855 0.000240006 0.00281762 -0.00430986 -0.000535637 -0.00287991 -0.00156764 0.00230332 0.00323736 0.000676028
internal_weight=21200.9 16770.9 11463.3 4501.08 4429.98 1306.5 3123.48 1236.63 6962.18 880.392 3264.45 2756.53 1850.64 5307.63
internal_count=84971 67181 45929 18053 17790 5241 12549 4963 27876 3533 13090 11073 7443 21252
is_linear=0
shrinkage=0.02


Tree=45
num_leaves=15
num_cat=0
split_feature=26 24 6 25 22 24 73 59 24 13 18 8 71 3
split_gain=57.5946 28.5701 21.0667 15.7569 15.0788 14.8413 16.2802 14.5719 14.327 13.6181 15.7375 13.4877 13.419 12.5849
threshold=-0.57130590686204497 0.81380321579360126 -0.0012615531141625524 -1.4999999999999998 0.178856986315759 0.085554756346381503 -0.15323421105430376 0.25912279685509637 0.17399667585419212 0.0032741493163317274 0.006028739702778633 0.0034071473173680647 0.0081742725271525523 -0.00098566013529451883
decision_type=2 2 2 2 2 2 2 2 2 2 2 2 2 2
left_child=3 2 13 -1 -5 -4 8 -3 -7 10 -8 -10 -9 -2
right_child=1 7 5 4 -6 6 9 12 11 -11 -12 -13 -14 -15
leaf_value=0.0031250213907941249 0.0040781621411915894 -0.0010246664001946257 0.0014575919964255918 0.0027120681588257266 -0.0010047194419035522 -0.0036641964131310361 -0.0015496195380185962 0.0025618469680628864 0.0018026128447044005 0.001588013038074278 -0.011602223079145817 -0.0021057157052341443 -0.0038621069237727251 0.00080394683662006125
leaf_weight=2441.1265456974506 623.77006161212921 3205.6216797828674 1418.8857532739639 778.3234286159277 982.17026950418949 281.51451876759529 5077.3285520076752 138.62424002587795 1891.3958316147327 564.31232239305973 58.208003476262093 429.60442814230919 1539.5157777369022 1868.9487058520317
leaf_count=9822 2497 12845 5680 3127 3937 1127 20328 557 7570 2259 233 1721 6186 7482
internal_value=-1.01116e-05 -0.000525777 -8.6144e-06 0.00208642 0.000641519 -0.000429358 -0.000752523 -0.00181783 0.000557415 -0.0013506 -0.00167473 0.00107623 -0.00332542 0.0016298
internal_weight=21299.4 17097.7 12214 4201.62 1760.49 9721.25 8302.36 4883.76 2602.51 5699.85 5135.54 2321 1678.14 2492.72
internal_count=85371 68485 48897 16886 7064 38918 33238 19588 10418 22820 20561 9291 6743 9979
is_linear=0
shrinkage=0.02


Tree=46
num_leaves=15
num_cat=0
split_feature=26 25 41 21 47 21 25 26 42 36 37 29 51 43
split_gain=64.6466 22.7931 20.9403 20.5233 16.5368 15.9707 14.5567 13.1569 13.3017 13.4592 13.2509 13.5861 12.9625 12.7918
threshold=0.18221079355662737 -1.4999999999999998 0.58377800958841408 0.31039698510257846 0.93540483100319638 0.3833401682074869 4.5000000000000009 -0.49112751600699195 0.49360671293781994 0.024994553060334098 13.597525401953574 1.9973070191626576 1.0181473361675437 -0.17755319469525171
decision_type=2 2 2 2 2 2 2 2 2 2 2 2 2 2
left_child=1 2 7 4 6 -3 -2 10 -9 -10 11 12 -1 -5
right_child=3 5 -4 13 -6 -7 -8 8 9 -11 -12 -13 -14 -15
leaf_value=0.0021970089722495793 -0.0015189882343253189 -0.00038802342924358245 -0.0046597900347509222 0.0041935044779880058 -0.0051870993445770419 0.0016763196294685093 -0.0063543954348610045 -0.00063221051402867305 0.0017744610542309728 0.0094531737415699743 0.009101525092984921 0.0053718939638490127 -0.0072240090325668997 -0.0005102381057114989
leaf_weight=1863.6833256930113 4775.3699802458286 5904.0972172468901 182.48900735378265 247.41429232060909 637.19490647315979 2003.6684929728508 258.46718502044678 1034.8555836677551 703.1177371442318 100.68744857609272 134.10879996418953 591.95248255133629 55.521629631519318 2755.1177221536636
leaf_count=7497 19157 23641 731 990 2557 8023 1040 4142 2814 403 540 2381 223 11030
internal_value=-0.000125933 0.000790196 0.00189786 -0.00145375 -0.00216113 0.000135768 -0.00177333 0.00216964 0.000866863 0.00278882 0.00307183 0.00273237 0.0019064 -0.000116314
internal_weight=21247.7 12574.2 4666.42 8673.56 5671.03 7907.77 5033.84 4483.93 1838.66 803.805 2645.27 2511.16 1919.2 3002.53
internal_count=85169 50395 18731 34774 22754 31664 20197 18000 7359 3217 10641 10101 7720 12020
is_linear=0
shrinkage=0.02


Tree=47
num_leaves=15
num_cat=0
split_feature=24 33 43 11 58 21 24 5 71 13 67 0 45 58
split_gain=54.6327 26.053 15.4737 14.2594 13.3976 12.4538 12.39 12.874 12.0903 13.348 13.3667 20.2057 11.6633 13.1946
threshold=0.31946767342937815 59.141035659936868 -0.15962108137147971 0.02075413691606939 0.84720537631200199 0.51755588490962789 0.82541416287270131 -0.0044588406496778284 0.012187441393145775 0.0017216111301902449 49.763103610163483 0.00054129211463849062 -0.8503427467375454 0.52491205779506567
decision_type=2 2 2 2 2 2 2 2 2 2 2 2 2 2
left_child=2 4 5 -3 6 -1 7 -2 -9 10 11 -10 -12 -14
right_child=1 3 -4 -5 -6 -7 -8 8 9 -11 12 -13 13 -15
leaf_value=0.0031076026475108888 -0.0037769767562672893 -0.0023319305882289012 0.0006932858684734136 0.00078638996289669583 -0.0033407060352123631 -0.0018161129833592646 -0.0010760332449821733 -0.00031015827222301805 -0.0044906850309619877 0.0027244109534243378 0.0059585666188752889 0.0038745321907962499 0.0044600457105814706 -0.0020046381076420433
leaf_weight=2185.7346058636904 253.04089191555977 4475.7233630716801 4939.8947690874338 672.44583393633366 485.97176279127598 223.51049728691578 2616.5052440613508 2275.7532899528742 417.1015091240406 1796.0972113609314 196.05889382958412 154.66759876906872 191.69264310598373 347.90194748342037
leaf_count=8785 1013 17969 19797 2698 1945 896 10472 9111 1670 7191 786 619 767 1392
internal_value=-5.83878e-05 -0.000796456 0.00133546 -0.00192425 -0.000131027 0.002648 5.99778e-05 0.000588201 0.000796855 0.0016078 6.93013e-05 -0.00221386 0.0018468 0.000311824
internal_weight=21232.1 13883 7349.14 5148.17 8734.79 2409.25 8248.82 5632.31 5379.27 3103.52 1307.42 571.769 735.653 539.595
internal_count=85111 55633 29478 20667 34966 9681 33021 22549 21536 12425 5234 2289 2945 2159
is_linear=0
shrinkage=0.02


Tree=48
num_leaves=15
num_cat=0
split_feature=26 26 21 40 51 22 14 17 62 59 0 1 74 43
split_gain=52.8159 28.3889 19.7669 15.726 13.661 13.5827 14.4675 13.3713 13.2827 18.6134 13.1974 13.0483 18.9704 17.8672
threshold=0.6899086278241936 -0.57130590686204497 0.37291592879987995 4.0332143831412273 0.17070538627543855 0.41117443496299116 0.0028918750565597464 1.2481844955330852 -0.54955406958564668 -0.30494053104679991 0.00064118965466373773 7.9803482366883139e-05 -1.4999999999999998 -0.033142409978053795
decision_type=2 2 2 2 2 2 2 2 2 2 2 2 2 2
left_child=1 8 11 5 7 10 -7 -4 -1 -10 -2 -3 -13 -14
right_child=3 2 4 -5 -6 6 -8 -9 9 -11 -12 12 13 -15
leaf_value=0.0038464872177328417 0.00085912851291161706 0.00030607111564032402 0.0030848423636625766 0.0053631939393353877 7.0555897992514202e-05 -0.0068593842690096371 0.00085009604136385218 -0.0015916967844803503 0.0023233431300581781 -0.0010403440969870917 -0.0025139952935619241 0.0011527725525252075 -0.00042152227986658793 -0.0032572854323785318
leaf_weight=1103.3670927286148 581.58618366718292 4965.0948748290539 1728.2446764558554 103.27136056125164 1923.0358016490936 446.33189924061298 122.84066757559776 281.55953894555569 2133.6713135242462 947.02889621257782 2248.1095578074455 1076.7148174643517 1738.9218987524509 1816.445159599185
leaf_count=4443 2330 19873 6918 414 7695 1795 493 1127 8574 3805 9043 4310 6960 7273
internal_value=8.4901e-05 0.000528727 8.32515e-05 -0.00215756 0.00127651 -0.00239361 -0.00520259 0.00242737 0.00196744 0.00128931 -0.00182043 -0.000406147 -0.00116908 -0.00187286
internal_weight=21216.2 17714.1 13530 3502.14 3932.84 3398.87 569.173 2009.8 4184.07 3080.7 2829.7 9597.18 4632.08 3555.37
internal_count=85053 70978 54156 14075 15740 13661 2288 8045 16822 12379 11373 38416 18543 14233
is_linear=0
shrinkage=0.02


Tree=49
num_leaves=15
num_cat=0
split_feature=41 24 59 22 1 1 62 75 2 1 67 58 41 29
split_gain=57.0777 35.9481 23.3143 18.6069 18.0838 16.955 16.2178 14.3391 14.0703 13.8624 12.5716 13.1027 12.2801 12.1524
threshold=0.57775236280449971 0.23413470791058244 -0.128315344547207 4.703337149448478e-05 7.9803482366883139e-05 -0.0011145781796393372 -0.46314424538640925 -0.7568863564764049 -0.00052664570353490195 -0.00028867915854489322 69.925065317805078 0.81530589022780553 0.40052639382735028 -2.6623840740160118
decision_type=2 2 2 2 2 2 2 2 2 2 2 2 2 2
left_child=1 3 9 -1 6 -2 12 -8 -7 10 11 -3 -5 -9
right_child=5 2 -4 4 -6 8 7 13 -10 -11 -12 -13 -14 -15
leaf_value=-0.0013880117846944292 0.0006453869812448128 0.0019027055804945331 -0.00088415621492014959 0.0077629572259633626 0.0010711220491693386 -0.00091844321700736283 0.0065695784721567143 -0.0023831689254667334 -0.0035606124765788861 -0.00023792341466634203 0.006668861257314326 -0.0041012551272805089 0.0030942829968956861 0.0023799112408118411
leaf_weight=626.28824086487293 755.16285780072212 2234.2992332279682 6785.9752852320671 487.33727072179317 2457.3832684010267 1236.3325669616461 239.0067480802536 278.72100673615932 2336.212738648057 2168.9202851951122 201.44087617099285 150.85283073782921 435.4851992726326 875.71982996165752
leaf_count=2513 3026 8955 27185 1963 9846 4957 961 1122 9380 8685 807 604 1749 3517
internal_value=-2.53706e-05 0.000498389 -0.000131923 0.00184445 0.00226955 -0.00207391 0.00353594 0.00216161 -0.00264881 0.000941292 0.00192864 0.00151519 0.00558833 0.00122462
internal_weight=21269.1 16941.4 11541.5 5399.94 4773.65 4327.71 2316.27 1393.45 3572.55 4755.51 2586.59 2385.15 922.822 1154.44
internal_count=85270 67907 46236 21671 19158 17363 9312 5600 14337 19051 10366 9559 3712 4639
is_linear=0
shrinkage=0.02


Tree=50
num_leaves=15
num_cat=0
split_feature=24 43 28 43 25 24 13 43 1 21 20 63 8 46
split_gain=57.5085 26.8042 20.2581 16.8316 16.6716 15.3617 14.8974 13.2659 11.2554 14.9147 12.3646 10.9462 12.038 9.49765
threshold=0.8020524454174085 -0.11486979577095596 0.94678948452084921 0.22872914056832358 2.5000000000000004 0.13240290962268084 0.0025657385885877958 0.24362622963112845 0.00050861483231138334 0.63546258905092556 -0.85740187164877957 -0.063940634352877876 -0.0045484612410461632 -0.35206144883412549
decision_type=2 2 2 2 2 2 2 2 2 2 2 2 2 2
left_child=1 5 3 11 -2 8 -4 -5 9 -1 -10 -3 -13 -7
right_child=4 2 6 7 -6 13 -8 -9 10 -11 -12 12 -14 -15
leaf_value=0.0052737054146995491 -0.0012173459602805891 -9.480938594791247e-05 -0.0018198757080475152 -0.01181022223034822 -0.0040114445388953427 0.0023227529446535724 0.0011254426080003525 -0.0015508104564408598 -0.0023741069555887487 -0.0041721384699280727 0.0035139628630422837 0.0054701148675058353 0.001303846196949458 0.00014462741887059404
leaf_weight=989.20640234649181 4264.4981176555157 2380.3513375520706 2871.5679194778204 50.939573511481285 1065.995699942112 1367.9810414612293 898.65503320097923 538.06445977091789 232.04266454279423 68.07255345582962 354.54549656808376 294.70295256376266 3862.619944781065 1923.1395581662655
leaf_count=3984 17097 9542 11504 204 4289 5486 3599 2155 931 273 1421 1183 15466 7713
internal_value=1.64599e-05 0.000621467 6.74382e-05 0.000694533 -0.00177935 0.00184351 -0.00111728 -0.00253003 0.00341989 0.00464876 0.00118438 0.000986758 0.0016054 0.00105213
internal_weight=21162.4 15831.9 10896.9 7126.68 5330.49 4934.99 3770.22 589.004 1643.87 1057.28 586.588 6537.67 4157.32 3291.12
internal_count=84847 63461 43653 28550 21386 19808 15103 2359 6609 4257 2352 26191 16649 13199
is_linear=0
shrinkage=0.02


Tree=51
num_leaves=15
num_cat=0
split_feature=24 1 41 33 61 1 51 45 21 45 11 40 43 66
split_gain=49.8229 36.8178 19.7995 18.338 17.1896 16.5126 15.6869 14.7189 15.9981 13.8621 14.1089 13.2225 15.4438 14.8824
threshold=0.8020524454174085 7.9803482366883139e-05 0.60907443209557954 65.993230580744964 -0.46116065136483891 0.0050522477409153093 2.3393413372391794 1.4414012753102561 0.3593495538014792 1.3331758584187359 0.020039011778592467 0.8993857181171071 -0.44390883880771898 -2.8125849419441118
decision_type=2 2 2 2 2 2 2 2 2 2 2 2 2 2
left_child=1 2 -1 -2 11 6 7 8 -6 10 -10 13 -13 -3
right_child=3 4 -4 -5 5 -7 -8 -9 9 -11 -12 12 -14 -15
leaf_value=0.0018441900583272739 -0.00093474647211276487 -0.0043206887313611275 -0.0019103194168071515 -0.0036081080084490579 -0.0018433715286315412 0.0037189794399104283 0.0028466943425814583 -0.0038394223973214946 0.00060465298297041373 0.0088494632742580608 -0.0086581178308968477 0.0069463127158878321 -0.0010263577583038612 0.0040765517917273611
leaf_weight=7386.0478804111481 3956.3590163588524 90.87865836918354 604.06593935191631 1383.6477234512568 2895.5267150551081 291.9395427852869 368.77396848797798 827.14142453670502 1534.7133186459541 72.916078418493271 63.71490341424942 103.33780218660831 939.50717374682426 753.8676323145628
leaf_count=29631 15847 364 2420 5579 11599 1169 1477 3318 6143 292 255 415 3764 3020
internal_value=4.08124e-05 0.000601204 0.00155933 -0.00163017 -0.000363059 -0.000882514 -0.00111864 -0.00139213 -0.000945167 0.000611787 0.000209583 0.0013011 -0.000206952 0.00315306
internal_weight=21272.4 15932.4 7990.11 5340.01 7942.32 6054.73 5762.79 5394.01 4566.87 1671.34 1598.43 1887.59 1042.84 844.746
internal_count=85293 63867 32051 21426 31816 24253 23084 21607 18289 6690 6398 7563 4179 3384
is_linear=0
shrinkage=0.02


Tree=52
num_leaves=15
num_cat=0
split_feature=33 26 22 41 17 41 40 0 40 3 1 32 53 77
split_gain=52.1801 27.9075 20.6715 17.0522 15.6315 15.1834 13.5404 13.3799 13.1296 13.031 19.1802 11.1207 11.0677 10.6285
threshold=38.635752198897116 0.99655843075534623 0.24945632416021365 0.65429134560970381 1.2481844955330852 0.53824088256471991 1.4173405895414217 -0.004214351034093647 0.36846702901939749 0.0029105295845398209 -0.0021348822547213341 0.16262368657401916 77.736049427575608 0.0059047955417519541
decision_type=2 2 2 2 2 2 2 2 2 2 2 2 2 2
left_child=3 2 5 6 11 -2 -1 -8 13 10 -7 -3 -10 -4
right_child=1 4 8 -5 -6 9 7 -9 12 -11 -12 -13 -14 -15
leaf_value=0.0027711221664855224 0.0011758462229106174 -0.00097854753131781502 -0.0066129507566150426 -0.0064333836521534276 -0.00031670443230418904 0.0049822306985587575 0.0043056460714468196 -0.00051018507387239705 -0.00085647964189455611 -0.0057186632260320296 -0.00077962961979623961 -0.0053433309747990621 0.0054539284753210406 -0.0012893639936684975
leaf_weight=3239.6966958492994 4926.2381190359592 322.59164717793465 283.10683503746986 91.901899710297585 653.51279148459435 248.02361775934696 282.61412665247917 1163.5885079056025 5931.2555156946182 182.69856381416321 2662.9407164603472 865.61248514056206 108.36659111082554 319.31943486630917
leaf_count=13029 19726 1300 1133 368 2626 993 1138 4669 23750 732 10671 3486 434 1279
internal_value=4.44105e-05 -0.000488523 -0.000196618 0.00188388 -0.00280557 0.000486686 0.00205368 0.000442508 -0.00102141 -0.000610834 -0.000280999 -0.00416738 -0.000738837 -0.00382499
internal_weight=21281.5 16503.7 14661.9 4777.8 1841.72 8019.9 4685.9 1446.2 6642.05 3093.66 2910.96 1188.2 6039.62 602.426
internal_count=85334 66130 58718 19204 7412 32122 18836 5807 26596 12396 11664 4786 24184 2412
is_linear=0
shrinkage=0.02


Tree=53
num_leaves=15
num_cat=0
split_feature=41 26 63 26 38 47 45 66 15 77 19 62 4 6
split_gain=47.2216 26.702 16.7278 15.9016 15.6674 17.2599 15.1178 14.8345 13.6492 13.276 12.8696 12.9221 12.5102 14.347
threshold=0.58539096318562278 -0.57130590686204497 -0.015666097877182438 0.24416941164178393 7.2674498231334779 0.16280825711809024 1.4414012753102561 -2.998133072992974 0.0020416765880474966 -0.034219477141529168 -0.1738373997224005 1.4535637035325351 0.0050508034060357471 0.00047663941553096836
decision_type=2 2 2 2 2 2 2 2 2 2 2 2 2 2
left_child=1 2 -1 10 6 8 9 -4 -6 -3 -2 -12 13 -7
right_child=3 4 7 -5 5 12 -8 -9 -10 -11 11 -13 -14 -15
leaf_value=0.00091563292569695344 -0.0044136218352395862 -0.00026927405834824774 -0.0045516580235581338 -0.0030232262360162404 -0.0010536838133332308 -0.0011678340233659545 -0.0020185281097241567 0.0042478485256926051 0.0016574479380176057 0.0014677120872379794 0.0011667851468484612 -0.0063359799239043604 0.0063886090543065349 -0.0046213123127557629
leaf_weight=2698.6823408305645 252.47923450171947 2913.7623136937618 77.855605214834213 2486.8598739206791 1873.5613285750151 1146.1160018593073 858.37245810031891 1196.6972685307264 1223.5693518966436 4435.1792775541544 1067.4104089736938 95.450508445501328 58.904987901449203 830.34586027264595
leaf_count=10860 1011 11664 313 9998 7506 4590 3445 4814 4901 17756 4272 382 236 3326
internal_value=-7.55561e-05 0.000372544 0.00181062 -0.00206159 -5.63025e-05 -0.000922543 0.000485639 0.00369465 1.83358e-05 0.000779304 -0.000367233 0.00052645 -0.00235077 -0.0026267
internal_weight=21215.2 17313 3973.24 3902.2 13339.8 5132.5 8207.31 1274.55 3097.13 7348.94 1415.34 1162.86 2035.37 1976.46
internal_count=85074 69411 15987 15663 53424 20559 32865 5127 12407 29420 5665 4654 8152 7916
is_linear=0
shrinkage=0.02


Tree=54
num_leaves=15
num_cat=0
split_feature=24 59 43 8 26 40 55 70 63 11 21 5 12 46
split_gain=54.3794 35.3195 16.8098 14.6743 13.9383 13.3889 12.498 11.8922 11.4319 11.4204 11.317 11.4101 12.2167 10.7418
threshold=0.31946767342937815 -0.050602482425160002 0.4339543236148386 0.0030155144214705078 -0.83207979483886907 0.30928271898827314 2.3087005039675668 0.49374424333379424 -0.8635958052336371 -0.0029836252325835832 0.45062526854105367 -0.0014534230634295749 -0.0047893643387534714 0.88144907265856365
decision_type=2 2 2 2 2 2 2 2 2 2 2 2 2 2
left_child=4 2 10 5 9 -3 -5 -4 -7 -1 11 -2 13 -13
right_child=1 3 7 6 -6 8 -8 -9 -10 -11 -12 12 -14 -15
leaf_value=0.0018022798053835244 -0.0013898512695818188 -0.0054338722086599159 -0.011647453074069511 -0.0036392113859770253 0.0009142419763905667 -0.0081529325388737788 -0.00037009765537624568 -0.0019371142326118857 -0.0006569172494619405 0.005375957641859057 0.0029148207262302806 0.0029778635029456121 -6.276456445861407e-05 -0.0016845866537801124
leaf_weight=1060.7407898753881 1267.7643318474293 256.83201621472836 65.544785141944885 2000.6932724416256 5738.7204776257277 77.865125045180321 611.64843112230301 186.69695861637592 4712.8999040424824 541.51545751094818 726.30055405199528 1230.5395644307137 2504.1234459877014 231.92081689834595
leaf_count=4280 5078 1029 263 8039 22990 312 2458 749 18887 2189 2909 4929 10031 929
internal_value=-1.52086e-05 -0.000751751 0.000368665 -0.00166016 0.00137626 -0.0010287 -0.00287596 -0.00463768 -0.000787124 0.00302304 0.000584233 0.000258375 0.000786253 0.00223526
internal_weight=21213.8 13872.8 6212.89 7659.94 7340.98 5047.6 2612.34 252.242 4790.77 1602.26 5960.65 5234.35 3966.58 1462.46
internal_count=85072 55613 24888 30725 29459 20228 10497 1012 19199 6469 23876 20967 15889 5858
is_linear=0
shrinkage=0.02


Tree=55
num_leaves=15
num_cat=0
split_feature=33 19 33 48 26 12 40 8 48 3 0 10 64 63
split_gain=38.6359 21.7777 15.8553 15.5977 14.1896 13.7485 30.1378 13.3478 13.286 13.1441 12.4825 12.4114 12.3936 13.4577
threshold=61.10152166798234 -0.45773486011170722 35.262505982638913 -0.60785761079279388 0.99655843075534623 -0.0036902890434456436 0.97789247043795557 -0.0035899182554573303 -0.60785761079279388 0.0017649444717745136 0.00047679198009041281 -0.016076630732759618 1.4957249537136039 -0.47688448861890465
decision_type=2 2 2 2 2 2 2 2 2 2 2 2 2 2
left_child=1 2 -1 4 -2 6 -3 -7 -4 10 -8 -12 13 -10
right_child=3 5 8 -5 -6 7 9 -9 12 -11 11 -13 -14 -15
leaf_value=0.0032651331587640968 -0.0016711818213755653 0.0021859161507028924 0.0029348721237184741 -0.00070540199924062018 -0.0058503176752421095 0.0021796112962252042 -0.0022238236574115633 -0.00075709887848003686 -0.0044856011112106497 -0.0047517364260981684 -0.0033123867509927273 0.0025682065463432761 0.0063707165634732154 0.00024132002057191711
leaf_weight=1766.1007578969002 930.82664370536804 3019.041016638279 808.34832425415516 3892.2607415765524 499.53329591453075 686.70055814087391 717.06514953076839 5902.4229886084795 285.17698237299919 311.66761428117752 177.04802948236465 679.89801339805126 104.79680746793747 1416.7510168105364
leaf_count=7127 3736 12090 3241 15628 2015 2753 2874 23631 1144 1248 709 2722 420 5676
internal_value=0.000110226 0.000604649 0.0018036 -0.0013636 -0.00314598 0.000147051 0.000948278 -0.000449622 0.000812205 -0.00103377 -0.000284861 0.00134109 -0.000142978 -0.000561548
internal_weight=21197.6 15875 4381.17 5322.62 1430.36 11493.8 4904.72 6589.12 2615.07 1885.68 1574.01 856.946 1806.72 1701.93
internal_count=85014 63635 17608 21379 5751 46027 19643 26384 10481 7553 6305 3431 7240 6820
is_linear=0
shrinkage=0.02


Tree=56
num_leaves=15
num_cat=0
split_feature=24 42 1 59 14 60 9 45 71 44 69 5 63 1
split_gain=34.6811 22.485 16.4231 14.8359 12.4855 12.5937 14.6231 12.6938 12.2209 12.0624 11.1125 11.7708 10.6998 17.0857
threshold=0.3105201728290965 0.44955099324311215 7.9803482366883139e-05 -0.036149250702889137 0.0019581096633031867 3.5000000000000004 -0.0011197213659767434 -0.60046698192223336 0.0086201651107856801 -1.031259770725407 1.9738097327594324 -0.00022721582060343561 -0.07109898430619499 9.6684585758854234e-05
decision_type=2 2 2 2 2 2 2 2 2 2 2 2 2 2
left_child=2 12 -1 -3 5 6 10 -8 -7 -4 11 -5 -2 -14
right_child=1 3 9 4 -6 8 7 -9 -10 -11 -12 -13 13 -15
leaf_value=0.0020886137484990241 -0.0010741741911180196 -0.00013679022012560367 -0.0048795370919329211 1.3618902833627023e-05 -0.00066063066589247684 0.0026375650771464942 0.006507956002187152 -0.0017845395731344617 -0.0074946384925054519 0.00043033788293745593 -0.013780720465825196 -0.0087278412595775904 0.0033472690168443822 -0.00033473922915631938
leaf_weight=3462.1927002966404 728.00247600674629 4625.0695599019527 174.82497562468052 129.64684221148491 3020.2060272395611 53.730085149407387 70.955970928072929 2897.0934808254242 302.74553386867046 3536.0753754675388 57.453245311975479 112.39784680306911 1151.5985119342804 892.09191980957985
leaf_count=13922 2918 18528 700 519 12114 216 284 11630 1216 14169 230 450 4613 3574
internal_value=-3.20303e-05 -0.000609973 0.0010989 -0.00100684 -0.00161193 -0.00240273 -0.00200701 -0.00157568 -0.00595209 0.000173954 -0.00618542 -0.00414013 0.00100255 0.00174314
internal_weight=21214.1 14041 7173.09 11269.3 6644.23 3624.02 3267.55 2968.05 356.476 3710.9 299.498 242.045 2771.69 2043.69
internal_count=85083 56292 28791 45187 26659 14545 13113 11914 1432 14869 1199 969 11105 8187
is_linear=0
shrinkage=0.02


Tree=57
num_leaves=15
num_cat=0
split_feature=33 48 27 17 47 22 1 48 4 42 0 3 39 22
split_gain=41.5669 15.1716 18.9562 19.9211 14.9097 14.85 16.9192 17.4656 17.3712 14.6548 12.4456 14.3333 13.2642 12.0776
threshold=54.243806359023488 -0.60785761079279388 1.6777859946973466 1.507614224454944 0.41248606129204557 0.55624420794394314 7.9803482366883139e-05 -0.8783796973249266 0.00074216688909115893 0.43211002247790681 -0.0038281146342761291 0.00062284354811798003 2.2163466706278032 0.044317412965953915
decision_type=2 2 2 2 2 2 2 2 2 2 2 2 2 2
left_child=5 2 3 -2 -3 6 7 9 -8 -1 11 -9 -12 -4
right_child=1 4 13 -5 -6 -7 8 10 -10 -11 12 -13 -14 -15
leaf_value=0.0080824833560454654 -0.0021305087526657133 9.4166243183580768e-05 -0.0015433056455685385 0.0059970572645872142 -0.001937553876388685 -0.0011819629064185762 -0.00083064133963157267 0.0069983861119696268 0.0021193436819543455 0.0025009591707928834 0.0010142920066666286 -0.00030772711405561444 -0.0046696205796472167 -0.008225943336683493
leaf_weight=255.58294627070427 1849.8608973920345 4029.6088063567877 165.60815791785717 124.24258036911488 2246.9476857930422 1556.6771651357412 3159.5408012717962 282.33417108654976 1062.9059392660856 706.64431634545326 5075.9003062993288 170.87334789335728 164.82685476541519 322.43754096329212
leaf_count=1028 7419 16163 668 498 9012 6231 12660 1140 4258 2836 20363 689 662 1299
internal_value=-0.000100328 -0.00115704 -0.00248607 -0.00160513 -0.000634134 0.00064243 0.000903915 0.00153174 -8.64207e-05 0.00401762 0.0011085 0.00427045 0.000831246 -0.00599698
internal_weight=21174 8738.71 2462.15 1974.1 6276.56 12435.3 10878.6 6656.16 4222.45 962.227 5693.93 453.208 5240.73 488.046
internal_count=84926 35059 9884 7917 25175 49867 43636 26718 16918 3864 22854 1829 21025 1967
is_linear=0
shrinkage=0.02


Tree=58
num_leaves=15
num_cat=0
split_feature=26 37 24 21 76 73 48 71 8 77 1 71 41 46
split_gain=41.9202 23.4153 20.9311 14.5239 13.7351 13.1093 14.238 11.9246 11.5334 14.2073 11.5194 11.389 12.2438 10.9047
threshold=0.6899086278241936 1.4940004436523997 0.3105201728290965 0.30246663861721068 1.0927056183202908 -0.47737419326012026 -1.0000000180025095e-35 0.012341211599632126 0.0020933770903054524 0.11630103830317946 -0.00024235850216076181 0.01019703705376585 0.49027316745550281 0.0327015646150716
decision_type=2 2 2 2 2 2 2 2 2 2 2 2 2 2
left_child=1 4 11 10 -1 -2 -7 -5 9 -6 -4 12 -3 -14
right_child=5 2 3 7 8 6 -8 -9 -10 -11 -12 -13 13 -15
leaf_value=-0.0033247728144666757 -0.0055400701663002446 0.0010223822326102822 0.00032807137697528235 -0.00024633043976647113 -0.0010934147692511019 -0.0030580611322120269 -0.00034045293517224123 0.0022518389276776182 -0.0037928973946027588 0.010750336105514399 -0.0013019110703105102 0.0019927344116883829 0.00037989242665543977 -0.0065394674020854554
leaf_weight=951.96676723659039 358.82123291492462 1131.9034861624241 3721.5493432432413 1312.1294959932566 75.45356260240078 1360.4258198291063 1775.0761858671904 1822.5401884019375 85.146621540188789 80.431087523698807 3240.2526859343052 4985.1654486805201 175.65050944685936 183.12216620147228
leaf_count=3813 1443 4549 14904 5253 302 5480 7138 7297 341 322 12976 20018 704 734
internal_value=5.84492e-05 0.000452445 0.000647466 7.80501e-05 -0.00224806 -0.00194243 -0.00152256 0.00120741 0.00198563 0.00516173 -0.000430966 0.0015345 5.07404e-07 -0.00319318
internal_weight=21259.6 17765.3 16572.3 10096.5 1193 3494.32 3135.5 3134.67 241.031 155.885 6961.8 6475.84 1490.68 358.773
internal_count=85274 71213 66435 40430 4778 14061 12618 12550 965 624 27880 26005 5987 1438
is_linear=0
shrinkage=0.02


Tree=59
num_leaves=15
num_cat=0
split_feature=41 45 21 20 41 12 7 62 62 8 48 34 7 6
split_gain=41.7214 30.1706 17.3733 16.1895 16.7167 12.5784 19.0763 12.5321 12.3219 11.1514 14.9036 15.3761 12.3417 11.0915
threshold=0.58700360449703637 -0.96741037436834931 0.27258685777785552 -0.78805016724002164 0.39260955809522485 -0.00059326726956718549 -0.0011642867375995663 -0.57893512237332467 0.39937662134699875 0.0028352976127039783 -0.60785761079279388 75.606786101494691 0.001880030098355836 -0.0026194224856360428
decision_type=2 2 2 2 2 2 2 2 2 2 2 2 2 2
left_child=1 7 3 4 -3 6 -4 -1 -8 12 -11 -12 -2 -5
right_child=9 2 5 13 -6 -7 8 -9 -10 10 11 -13 -14 -15
leaf_value=0.0039413141013127052 -0.0016648588340495729 0.0040298523118178688 -0.0012526587860304127 0.0017588033567391436 -0.0010763722253908708 -4.8912107415502005e-05 0.0036521142173186684 0.0012839455327429774 -0.00064891755533737596 -0.0078853971352085481 -0.0031212406641990603 0.0058062281730401058 0.0027154451921538483 -0.0012622458211299656
leaf_weight=928.37234681844711 2313.5265362262726 547.19867619872093 587.3626533895731 522.23886235058308 475.6784835755825 3159.5209083557129 1487.1670825183392 3005.3279401659966 322.6834042519331 242.98831540346146 912.48320515453815 79.678370460867882 284.86754502356052 6323.2027308344841
leaf_count=3742 9278 2195 2352 2092 1906 12649 5956 12087 1292 981 3673 321 1142 25343
internal_value=-4.09974e-05 0.00037615 -7.53857e-05 -0.000679834 0.00166157 0.000780353 0.00187115 0.0019153 0.0028856 -0.00192792 -0.00348951 -0.00237878 -0.00118034 -0.00103065
internal_weight=21192.3 17358.8 13425.1 7868.32 1022.88 5556.73 2397.21 3933.7 1809.85 3833.54 1235.15 992.162 2598.39 6845.44
internal_count=85009 69614 53785 31536 4101 22249 9600 15829 7248 15395 4975 3994 10420 27435
is_linear=0
shrinkage=0.02


Tree=60
num_leaves=15
num_cat=0
split_feature=45 24 40 2 1 21 12 65 53 47 52 77 45 19
split_gain=37.6181 22.9941 12.9919 12.9735 12.7659 23.2534 12.7005 12.9432 11.884 11.0058 10.8866 10.7391 13.0493 10.6772
threshold=-1.1487757898806188 0.25018030828781795 2.0098400985219222 0.00057415439577847207 7.9803482366883139e-05 0.3593495538014792 -0.0038710141379156458 -2.4027891269461517 25.609100877546201 0.84874750804349197 1.3644974799917919 0.61672847038787038 1.5635975116992396 1.2491088056898814
decision_type=2 2 2 2 2 2 2 2 2 2 2 2 2 2
left_child=2 6 3 10 -3 11 7 -2 -4 -7 -1 12 13 -6
right_child=1 4 8 -5 5 9 -8 -9 -10 -11 -12 -13 -14 -15
leaf_value=0.0011268199419346859 -0.0042556333651823453 -0.0001423919952572993 0.0051706112040762458 0.0051262922033429269 -0.0021031178325317044 0.0013260954739020264 0.00010841657071552729 0.002830993780093184 -0.0018700827222557057 -0.0028401362819179417 0.0047406728617312068 0.00056652321297602731 -0.0049552660525276218 0.0051582601864665727
leaf_weight=1778.0404122918844 106.48374806344509 6654.5027173906565 111.8190061300993 600.83961480855942 3594.689685806632 1443.840750053525 2889.7384883016348 1466.9386258423328 531.53931440412998 302.59602035582066 407.02300518751144 540.35460831224918 680.70593325793743 78.237177282571793
leaf_count=7159 427 26661 449 2420 14410 5782 11577 5883 2136 1212 1640 2175 2748 315
internal_value=2.56962e-05 -0.000344773 0.00194184 0.00253256 -0.00076171 -0.00138177 0.000896667 0.00233943 -0.000615936 0.000598187 0.00180928 -0.00208821 -0.00241798 -0.00194164
internal_weight=21187.3 17758.1 3429.26 2785.9 13294.9 6640.42 4463.16 1573.42 643.358 1746.44 2185.06 4893.99 4353.63 3672.93
internal_count=84994 71190 13804 11219 53303 26642 17887 6310 2585 6994 8799 19648 17473 14725
is_linear=0
shrinkage=0.02


Tree=61
num_leaves=15
num_cat=0
split_feature=43 30 21 48 20 63 25 36 8 70 48 41 25 70
split_gain=47.4826 24.8003 20.6682 19.2771 17.5437 17.332 16.536 14.3133 14.0135 13.247 12.8311 12.3461 12.2838 12.0164
threshold=-0.10588934370495151 0.29430767213718728 0.3593495538014792 0.6078576107927941 -0.47447995410635452 -0.7234943084189559 -1.4999999999999998 0.0045254175388186454 0.0067415576242211899 0.84328404790950418 -0.60785761079279388 0.60907443209557954 3.5000000000000004 0.55973020120331685
decision_type=2 2 2 2 2 2 2 2 2 2 2 2 2 2
left_child=4 2 5 -3 6 -2 10 -4 13 -6 -1 12 -7 -9
right_child=1 3 7 -5 9 11 -8 8 -10 -11 -12 -13 -14 -15
leaf_value=0.0068962002868336973 -0.0079690216987189887 -0.0023356783916106886 -0.0024272389149822054 0.00030853912161307614 -0.00085434924613338962 0.00023086492773132558 0.0011193720431462012 0.004906116787677408 -0.0054090745407082011 0.0019311982709384343 0.0029064795167658107 -0.0021246348843453737 -0.0045063210225864897 0.0015325564421466579
leaf_weight=452.80761413276196 117.60998341441154 3913.276227787137 332.0810839086771 1533.3126256167889 1459.8616915494204 5276.0626214295626 1483.3700479269028 528.78593827784061 95.156960889697075 1274.729462236166 1146.5650011599064 1307.0264334082603 223.42379382252693 2068.6454983055592
leaf_count=1828 472 15709 1330 6152 5851 21141 5952 2119 381 5109 4623 5246 898 8290
internal_value=7.42277e-05 -0.000507464 8.66066e-05 -0.00159168 0.00161277 -0.000515909 0.002646 0.00146447 0.00194805 0.000445288 0.004054 -0.000381371 3.44921e-05 0.00222745
internal_weight=21212.7 15395.4 9948.79 5446.59 5817.33 6924.12 3082.74 3024.67 2692.59 2734.59 1599.37 6806.51 5499.49 2597.43
internal_count=85101 61738 39877 21861 23363 27757 12403 12120 10790 10960 6451 27285 22039 10409
is_linear=0
shrinkage=0.02


Tree=62
num_leaves=15
num_cat=0
split_feature=26 41 48 35 46 73 51 51 59 37 15 73 16 71
split_gain=38.6042 19.2614 16.8595 19.0665 14.9136 17.8924 17.3656 13.7166 13.0465 12.9882 12.4852 11.9486 11.8472 11.6008
threshold=-0.47197768201570195 0.60907443209557954 -0.60785761079279388 -0.22671158344486939 -0.5277851165098012 0.0063586055966837933 3.0664743981550795 1.0520511683156479 -0.075606144152704807 3.5001360494818687 0.002772497951790005 0.59290222440165685 0.0042366284262081834 0.0099954614306249929
decision_type=2 2 2 2 2 2 2 2 2 2 2 2 2 2
left_child=2 4 3 7 6 9 -2 -1 11 -6 -8 -4 -3 -13
right_child=1 12 8 -5 5 -7 10 -9 -10 -11 -12 13 -14 -15
leaf_value=0.0031461717750840292 0.00055066048845299042 -0.0022679737748689029 0.0010136245333006617 0.010715538246802405 -0.0017638635177504253 -0.0014455651723128413 0.00011342177245424783 -0.0063011586118096284 -0.0013905512153966205 0.0009174547940902359 0.011725006307858825 -0.0017403884737540714 0.0050964721245137113 0.0072234961243460303
leaf_weight=1173.5126011967659 4319.3700379431248 2560.5118373632431 2526.2341751307249 125.99192975461483 919.71173249185085 4875.5765950977802 59.857663467526436 60.296518594026566 813.37942582368851 3303.1949739456177 92.589258000254631 73.356771260499954 85.860024347901344 239.89494010806084
leaf_count=4727 17305 10290 10163 506 3687 19536 240 243 3270 13229 371 295 345 965
internal_value=1.34981e-05 -0.000460725 0.00154661 0.00344373 -0.00015604 -0.000620767 0.000789143 0.00266091 0.000836649 0.000332092 0.00731415 0.00147596 -0.00201988 0.00512998
internal_weight=21229.3 16216.7 5012.67 1359.8 13570.3 9098.48 4471.82 1233.81 3652.87 4222.91 152.447 2839.49 2646.37 313.252
internal_count=85172 65003 20169 5476 54368 36452 17916 4970 14693 16916 611 11423 10635 1260
is_linear=0
shrinkage=0.02


Tree=63
num_leaves=15
num_cat=0
split_feature=43 8 12 8 47 40 74 33 11 32 2 25 48 11
split_gain=33.7876 19.4116 16.0354 16.2937 17.4118 14.6546 18.3651 17.195 14.1705 14.1125 13.3921 13.3683 13.7512 12.2563
threshold=-0.085757693746075447 0.0034071473173680647 -0.0021712179609378371 -0.0044397393352066479 0.55557023301960218 0.86695871640516387 1.0000000180025095e-35 67.500382364535042 -0.00077444180836749919 0.10371746126303712 0.0047072052613118844 -1.4999999999999998 -0.8783796973249266 -0.0058073055966204592
decision_type=2 2 2 2 2 2 2 2 2 2 2 2 2 2
left_child=11 2 5 -4 -5 6 7 -2 9 -8 -3 12 -1 -6
right_child=1 10 3 4 13 -7 8 -9 -10 -11 -12 -13 -14 -15
leaf_value=0.0059013747756603806 0.0033545582942218046 -0.0025747038450785456 0.0030481598451085157 -0.00039951216986022705 0.0016763191005590647 -0.00080961154497819073 0.0061997315081903717 -0.006325552994634014 -0.0015440439893469871 -0.00082509052242057989 0.0018349367021248833 0.00033722828577175702 0.0016285707575140235 -0.0031512421175954736
leaf_weight=339.85770240426064 1563.4757109284401 2530.8806556016207 394.4824097007513 4411.0018496513367 233.86101303994656 1793.7452371120453 225.69135296344757 72.499803811311722 977.8812565356493 224.84773440659046 305.48427981138229 3812.76451587677 2461.3807163834572 1866.0670240223408
leaf_count=1371 6265 10176 1583 17682 937 7188 905 292 3919 901 1226 15284 9906 7480
internal_value=-7.65588e-05 -0.00061375 -0.000255286 -0.000874382 -0.0011142 0.000624698 0.00146422 0.00290761 -0.000193267 0.00272332 -0.00209738 0.00110882 0.00215656 -0.00261091
internal_weight=21213.9 14599.9 11763.6 6905.41 6510.93 4858.14 3064.4 1635.98 1428.42 450.539 2836.36 6614 2801.24 2099.93
internal_count=85115 58554 47152 27682 26099 19470 12282 6557 5725 1806 11402 26561 11277 8417
is_linear=0
shrinkage=0.02


Tree=64
num_leaves=15
num_cat=0
split_feature=45 43 21 11 71 35 28 76 24 44 63 1 50 41
split_gain=42.4722 20.0682 17.9264 15.5986 14.1093 13.7008 14.5651 13.6623 14.5242 12.171 12.1095 12.0241 15.4009 13.3738
threshold=1.0151903333726777 -0.091455359331993016 0.20253813380311772 0.030318331729432341 0.01764772481428491 0.81446870875080568 1.0315091624075063 -0.36159630343626276 0.12441741705436231 -0.86502471723473184 -1.1048071636317949 -0.00098566013529451883 -1.7239272715951766 0.58700360449703637
decision_type=2 2 2 2 2 2 2 2 2 2 2 2 2 2
left_child=1 -1 -2 4 7 6 10 8 -4 -8 -3 -12 -13 -14
right_child=2 5 3 -5 -6 -7 9 -9 -10 -11 11 12 13 -15
leaf_value=0.001482455760914225 -0.0029174687481370132 -0.0087033114936354312 0.005340280170186733 0.0053778348193643513 -0.00462978490659882 0.0068661164633992714 -0.0046133419013417972 0.001378896327400937 -0.002956314736666995 -0.0007934927427208743 0.0015837863158344107 -0.0066582822709972235 0.00059413958644584364 -0.0017051280624267888
leaf_weight=5577.0402407050133 2285.6558492183685 53.85193358361721 90.204664334654808 166.51409664750099 335.17923408746719 110.35668231546879 391.94993886351585 1004.5877524614334 763.15755499899387 2113.9763978719711 2429.1048739701509 134.30459028482437 4447.8349532335997 1304.4767782539129
leaf_count=22406 9210 216 361 667 1344 443 1570 4028 3065 8468 9737 538 17817 5226
internal_value=3.19042e-05 0.000505958 -0.00165707 -0.000432607 -0.000884996 9.78451e-06 -6.29118e-05 -0.000198813 -0.00205332 -0.00139895 0.000337706 0.00040145 -8.73698e-05 7.16966e-05
internal_weight=21208.2 16562.9 4645.3 2359.64 2193.13 10985.9 10875.5 1857.95 853.362 2505.93 8369.57 8315.72 5886.62 5752.31
internal_count=85096 66421 18675 9465 8798 44015 43572 7454 3426 10038 33534 33318 23581 23043
is_linear=0
shrinkage=0.02


Tree=65
num_leaves=15
num_cat=0
split_feature=43 1 21 47 28 59 14 73 66 30 58 23 61 55
split_gain=32.6532 22.1116 29.1881 14.1792 13.9575 12.7484 11.9657 11.7538 17.6891 12.7498 11.5095 15.2014 13.8323 11.3897
threshold=-0.11486979577095596 7.9803482366883139e-05 0.37291592879987995 0.93540483100319638 1.413280999387706 -0.091848282286304858 0.0017589487383326506 -0.26620395827663385 -2.8669921124324582 -0.32721474627116837 0.50480764953335744 0.58409740867723425 -1.0749004596857208 -0.083565303122731013
decision_type=2 2 2 2 2 2 2 2 2 2 2 2 2 2
left_child=-1 5 6 -4 -5 7 -3 8 -2 13 11 -8 -13 -9
right_child=1 2 3 4 -6 -7 10 9 -10 -11 -12 12 -14 -15
leaf_value=0.001382824299004419 -0.0044653285510479262 -0.0029340663259671334 0.0012206261113310636 -0.000566312968623612 -0.010355442189874978 -0.00038191308668155652 -0.0037952756634051757 -0.00036968898212515081 0.0040043929307462698 0.0013628069575243073 -0.0022597457541276888 -0.0051323131222735328 0.0021367156125564968 -0.0064619234988160671
leaf_weight=5459.6539460718632 106.72987052798271 2626.8403026163578 2146.5500998049974 188.04333634674549 79.829486459493637 4318.8899374753237 285.50352498888969 498.10320299863815 886.84042285382748 1833.2398160099983 1520.1071287542582 112.59895607829094 965.28188990056515 158.18790942430496
leaf_count=21935 428 10551 8597 753 320 17317 1144 1999 3557 7348 6105 451 3873 635
internal_value=5.09444e-05 -0.00041172 -0.00115549 0.000677215 -0.00361989 0.00034401 -0.0019584 0.00124338 0.00307677 0.000506976 -0.00106604 0.000268288 0.00135718 -0.00187588
internal_weight=21186.4 15726.7 7924.75 2414.42 267.873 7801.99 5510.33 3483.1 993.57 2489.53 2883.49 1363.38 1077.88 656.291
internal_count=85013 63078 31794 9670 1073 31284 22124 13967 3985 9982 11573 5468 4324 2634
is_linear=0
shrinkage=0.02


Tree=66
num_leaves=15
num_cat=0
split_feature=1 24 42 28 19 48 0 38 47 6 59 42 62 2
split_gain=34.2239 21.8473 17.8783 17.2134 15.7793 15.4258 14.9267 13.9677 21.5205 16.2882 12.8637 14.0212 15.5612 12.6576
threshold=7.9803482366883139e-05 0.64802468374682454 0.52096692925584887 4.8115138886489062 -0.41252690430274769 -0.8783796973249266 -0.0059834163159136764 6.7770204348360581 0.84874750804349197 -0.00041130969751772885 -0.7611101472600722 0.49075819438391322 0.081885268073384254 -0.00082531916596744338
decision_type=2 2 2 2 2 2 2 2 2 2 2 2 2 2
left_child=2 3 4 6 5 -1 -2 9 -9 -8 -7 12 -12 -3
right_child=1 13 -4 -5 -6 10 7 8 -10 -11 11 -13 -14 -15
leaf_value=0.0070332904788715459 0.0062230043099285601 -0.00037099360313176764 -0.00077570722525234905 0.0077198353931675814 0.00073879345328360289 0.0054416374946523348 0.0019323823133443904 -0.00075262779649080448 -0.0059589430254559849 -0.00072029915195737592 0.0016428961244790723 0.0045902191380781179 -0.0034251038843743507 -0.0028513810009468833
leaf_weight=282.09776978194714 135.31900304555893 1240.5844988673925 2239.881772980094 105.86650110781193 6597.1501067280769 355.16044300794601 1586.6150495707989 2106.852188244462 369.39335633814335 2209.2675246447325 808.66989271342754 369.63657306134701 340.14602741599083 2449.3132985532284
leaf_count=1141 544 4977 8986 424 26440 1436 6359 8439 1480 8852 3263 1486 1369 9858
internal_value=4.33317e-05 -0.000790634 0.000817407 -9.36863e-05 0.0012253 0.00270901 -0.000228703 -0.000372743 -0.00153972 0.000389561 0.00204094 0.00123028 0.000134002 -0.00201908
internal_weight=21196 10203.2 10992.7 6513.31 8752.86 2155.71 6407.45 6272.13 2476.25 3795.88 1873.61 1518.45 1148.82 3689.9
internal_count=85054 40933 44121 26098 35135 8695 25674 25130 9919 15211 7554 6118 4632 14835
is_linear=0
shrinkage=0.02


Tree=67
num_leaves=15
num_cat=0
split_feature=1 24 2 13 24 6 77 24 60 41 60 67 39 77
split_gain=34.0131 21.5718 15.6176 24.2928 13.8953 12.3024 12.5743 12.1586 12.8027 12.0992 12.0719 11.7997 10.5601 10.2803
threshold=7.9803482366883139e-05 0.60530588888784864 -0.00046082772055507239 0.0022489304901574651 0.31946767342937815 -0.00049415568833211985 0.062263117705344484 0.024164606885662861 2.5000000000000004 0.3298142451874097 -3.4999999999999996 61.541176684883958 -0.55973814974108282 -0.2070800910147915
decision_type=2 2 2 2 2 2 2 2 2 2 2 2 2 2
left_child=4 5 -3 -4 9 -2 13 -8 11 -1 12 -9 -6 -7
right_child=1 2 3 -5 10 6 7 8 -10 -11 -12 -13 -14 -15
leaf_value=0.0043193700859678634 0.0010468875655630832 -0.00053041620439650214 -0.0043309729523769601 0.00017402592357596531 0.011033510231254484 0.00037740483189297543 0.00539599833575829 -0.00012530216097371517 -0.0032983074832286354 0.001239170302390866 7.0142138786324833e-05 0.0047393334050413339 0.0021638681885596503 -0.0026723839565227815
leaf_weight=614.90428432822227 2303.1885129362345 1708.588402941823 1672.8146568983793 669.45920135080814 60.903309240937233 616.05974119901657 175.60657265782356 901.99593864381313 370.95456477999687 2928.808260768652 7044.586126178503 250.98197700083256 312.29878602921963 1550.6319038420916
leaf_count=2484 9230 6856 6736 2692 244 2473 703 3612 1486 11782 28237 1005 1252 6211
internal_value=-2.40331e-05 -0.000853813 -0.00198678 -0.00304574 0.000749673 -0.000108896 -0.000797881 0.000489325 -9.188e-05 0.00177898 0.000257075 0.000949531 0.00373805 -0.00180636
internal_weight=21181.8 10220.3 4050.86 2342.27 10961.5 6169.42 3866.23 1699.54 1523.93 3543.71 7417.79 1152.98 373.202 2166.69
internal_count=85003 41004 16284 9428 43999 24720 15490 6806 6103 14266 29733 4617 1496 8684
is_linear=0
shrinkage=0.02


Tree=68
num_leaves=15
num_cat=0
split_feature=43 21 1 13 47 55 58 73 24 59 45 61 48 1
split_gain=25.8048 20.0466 17.878 16.3342 11.6454 19.3115 11.4868 14.617 10.798 12.0412 15.9096 10.0605 10.0079 14.2548
threshold=-0.10588934370495151 0.32970233683025679 7.9803482366883139e-05 0.0019494282455723543 0.77259657388510627 0.67813818475820942 0.47413945650093942 -0.72147361953559086 0.22547482147270664 -0.016189632575470743 0.84801864867566523 0.79129457576491957 -0.8783796973249266 0.00017531524734580201
decision_type=2 2 2 2 2 2 2 2 2 2 2 2 2 2
left_child=8 2 -2 -4 -3 -6 7 -5 12 10 -10 -11 13 -1
right_child=1 4 3 6 5 -7 -8 -9 9 11 -12 -13 -14 -15
leaf_value=0.0088483151874097984 -0.00017809230070605934 0.0010124895219237478 -0.00280861489751494 -0.0027153291439239013 0.00088608176064008677 -0.0042412011709304321 -0.0018410118288827888 0.0027981367804572822 0.00094100227743574227 -0.0020182108198257324 0.0092781955107389298 0.0018655527083039239 0.0015686974745177835 0.00025029688810466203
leaf_weight=185.10059396922588 5094.201696947217 4110.4079613685608 2959.3455539494753 268.17988736927509 713.11862342059612 493.1312203258276 1110.5249895602465 647.55720277130604 1720.6180706620216 1078.3271219879389 91.838183179497719 349.62277747690678 2253.3294716775417 130.29285722970963
leaf_count=750 20430 16470 11892 1075 2858 1976 4462 2598 6907 4321 368 1401 9072 523
internal_value=-5.92564e-05 -0.000487805 -0.00101176 -0.00186254 0.000505565 -0.00121888 -0.000477301 0.0011775 0.00107601 0.000307351 0.00138782 -0.00106411 0.00204318 0.00535571
internal_weight=21205.6 15396.5 10079.8 4985.61 5316.66 1206.25 2026.26 915.737 5809.13 3240.41 1812.46 1427.95 2568.72 315.393
internal_count=85103 61761 40457 20027 21304 4834 8135 3673 23342 12997 7275 5722 10345 1273
is_linear=0
shrinkage=0.02


Tree=69
num_leaves=15
num_cat=0
split_feature=24 26 28 50 39 73 2 12 5 23 29 23 18 39
split_gain=32.0783 13.9446 13.2539 12.971 14.564 12.7534 13.3973 12.599 17.2259 18.717 11.9886 13.6082 15.5336 12.0052
threshold=0.51547926700968461 0.5756146062754427 3.6043856826985539 -0.14123297794847031 -0.9491241064109357 -0.46281398255440676 0.0054704883264048753 -0.0047893643387534714 -0.0013680372514502978 0.94535560568680921 1.1208596974180902 0.83563934364150294 0.0017025694300382734 -0.46720348485248836
decision_type=2 2 2 2 2 2 2 2 2 2 2 2 2 2
left_child=3 2 7 10 -5 -3 -7 8 9 -2 13 -12 -13 -1
right_child=1 5 -4 4 -6 6 -8 -9 -10 -11 11 12 -14 -15
leaf_value=0.0029680876277029611 0.00067762561538071183 -0.0052714591169949398 0.0061772007989647571 -0.0038764158140399503 0.00035441355452076891 -0.0017488467756032657 0.0050480838614529499 -0.001170314206240128 0.0015404993371003742 -0.0055571159459869958 0.0011236003021113296 -0.0020372144350466787 0.0087453791127923512 0.00033275644145969847
leaf_weight=959.23654219508171 455.60328461229801 398.3966389298439 116.57801742851734 338.24010547995567 6277.2545658797026 2854.6943431347609 116.15788707137108 4236.3422953784466 2006.6276178658009 327.44998374581337 343.6963504254818 63.699423313140869 280.47650782763958 2449.5634475201368
leaf_count=3852 1824 1604 467 1355 25166 11510 467 16965 8034 1311 1380 257 1130 9858
internal_value=-8.677e-05 -0.000871475 -0.000370632 0.000683308 0.000135334 -0.00193111 -0.00147506 -0.000483591 0.000559479 -0.00194828 0.00156696 0.00396673 0.00674916 0.0010776
internal_weight=21224 10511.9 7142.6 10712.2 6615.49 3369.25 2970.85 7026.02 2789.68 783.053 4096.67 687.872 344.176 3408.8
internal_count=85180 42182 28601 42998 26521 13581 11977 28134 11169 3135 16477 2767 1387 13710
is_linear=0
shrinkage=0.02


Tree=70
num_leaves=15
num_cat=0
split_feature=33 11 41 58 22 38 8 47 47 22 61 34 5 6
split_gain=30.6214 19.2303 17.3148 16.9428 14.0442 14.7098 11.4577 11.3053 11.1445 11.9478 11.0088 15.784 14.0016 10.8166
threshold=65.74449812146554 0.02075413691606939 0.58539096318562278 0.89935105587236441 0.22492865368718934 10.591770086662873 -0.0024231332032876537 0.29012925520284133 0.16280825711809024 0.51126219133599682 -1.1279154457442939 22.371045232020659 1.0000000180025095e-35 1.6435758531519027e-05
decision_type=2 2 2 2 2 2 2 2 2 2 2 2 2 2
left_child=2 8 3 4 13 10 7 -4 -2 -10 11 -6 -13 -1
right_child=1 -3 6 -5 5 -7 -8 -9 9 -11 -12 12 -14 -15
leaf_value=0.0020753863039036998 -0.0014742060507429461 0.0013389359369154821 -0.0006693439261671345 -0.0024963495762909162 0.0058060299489744119 -0.002480663198141826 -0.0016549571036721083 0.0074483555476429408 -0.0032369013683099766 -0.0095195096348407102 0.00058169817302448478 -0.0077379114106289936 0.0013305634676757474 0.00049529306935267741
leaf_weight=3633.2583962529898 1737.3004373311996 641.53718081116676 169.25948917865753 701.17905241250992 63.483878791332245 800.97239306569099 2415.7848722040653 109.57853001356125 984.55596385896206 135.63275755941868 6216.9768822342157 206.78956586122513 98.455993786454201 3316.8903875797987
leaf_count=14595 6998 2577 678 2809 255 3209 9686 439 3968 547 24913 829 395 13317
internal_value=-7.36716e-05 -0.00178215 0.000263854 0.000528462 0.000677217 6.98667e-05 -0.0012111 0.00259578 -0.00248398 -0.00403652 0.000381716 -0.00295276 -0.0048386 0.0013222
internal_weight=21231.7 3499.03 17732.6 15038 14336.8 7386.68 2694.62 278.838 2857.49 1120.19 6585.71 368.729 305.246 6950.15
internal_count=85215 14090 71125 60322 57513 29601 10803 1117 11513 4515 26392 1479 1224 27912
is_linear=0
shrinkage=0.02


Tree=71
num_leaves=15
num_cat=0
split_feature=45 0 1 63 22 63 8 56 35 22 0 48 75 43
split_gain=34.568 18.7042 16.8416 14.2672 13.4913 12.7669 14.7969 11.9032 12.7182 11.3842 12.2515 11.1188 11.7417 11.8351
threshold=1.1324400897353744 -0.0012128650919928984 6.4003569068198072e-05 -0.10438260871983716 4.703337149448478e-05 0.14195871247098438 0.0025134651126425362 0.3853486064140586 0.87483371038776669 0.23701125253076336 0.00055741912313926601 -0.60785761079279388 1.2616504569456632 0.062695597897714325
decision_type=2 2 2 2 2 2 2 2 2 2 2 2 2 2
left_child=1 4 -3 -2 -1 -5 9 -8 -9 10 -7 -6 13 -13
right_child=3 2 -4 5 11 6 7 8 -10 -11 -12 12 -14 -15
leaf_value=-0.0025710220141605838 0.002136639761493623 0.00063671109525016104 -0.00083247232376234539 -0.0033190508440343043 0.0039528478266775448 0.010570439371053394 -0.0083181839919790317 -0.00405002075315526 -3.2640490024322124e-05 -0.001935232433413216 0.00184413777055313 0.0014480167176548473 0.0083454847729835056 -0.0032090315755607429
leaf_weight=295.2099092155695 360.00184787809849 7388.3664713650942 5395.8584682494402 1653.4850319623947 789.39343170821667 77.046717032790184 107.41785728931427 497.41294834017754 846.18480940163136 223.79013760387897 313.32553108036518 2995.0240193605423 87.461123093962669 230.73677831888199
leaf_count=1188 1442 29613 21620 6648 3181 309 434 2002 3414 901 1263 12045 351 925
internal_value=1.07225e-05 0.000403727 1.65274e-05 -0.00164334 0.001528 -0.00201166 -0.000959403 -0.00205882 -0.00152942 0.00163373 0.00367832 0.00182572 0.00131372 0.00111045
internal_weight=21260.7 17182.1 12784.2 4078.66 4397.83 3718.66 2065.18 1451.02 1343.6 614.162 390.372 4102.62 3313.22 3225.76
internal_count=85336 68923 51233 16413 17690 14971 8323 5850 5416 2473 1572 16502 13321 12970
is_linear=0
shrinkage=0.02


Tree=72
num_leaves=15
num_cat=0
split_feature=34 40 45 77 59 40 64 56 58 4 31 51 64 47
split_gain=29.6758 18.5655 16.7898 21.9981 14.6117 14.5642 15.1521 13.3291 13.1583 14.2968 12.804 14.7492 12.489 12.0937
threshold=42.907178394277246 1.4173405895414217 1.4883507709132624 0.8117432945602715 -0.74392196708149583 2.9744002509889289 2.4188169875505277 0.93250405638762268 0.84720537631200199 -0.001547967758826572 -0.30394417582477018 -0.06790358180551738 1.011477892645064 0.065403129230142729
decision_type=2 2 2 2 2 2 2 2 2 2 2 2 2 2
left_child=1 10 5 -4 7 6 8 -3 -2 -10 11 13 -11 -1
right_child=2 4 3 -5 -6 -7 -8 -9 9 12 -12 -13 -14 -15
leaf_value=0.0007196889973485293 5.3937944037417604e-05 0.0055564227186749669 -0.0028480734981697732 0.0015430244391380027 -0.0023340507998549135 0.0059079404600881503 0.0067363225376613021 -3.6968676132351336e-05 -0.0060201392283194309 -0.0022425740049477551 0.0047434259815621934 -0.0036886167454396658 0.0014231860700254426 0.0035110108620145133
leaf_weight=1299.9892881810665 11467.077581122518 226.63240998983383 1964.6173045784235 590.44378359615803 765.77583086490631 156.234484821558 122.02726349234581 644.58550626039505 262.68489953875542 1123.4632098972797 666.81369739770889 187.93720765411854 550.28583335876465 1189.2377447783947
leaf_count=5224 45961 911 7920 2375 3075 626 489 2591 1053 4505 2696 757 2206 4779
internal_value=6.85829e-05 0.00141822 -0.000345754 -0.00183231 -0.00032643 -6.75723e-05 -0.000138754 0.00144146 -0.000203834 -0.0017265 0.0022715 0.00164811 -0.00103672 0.00205762
internal_weight=21217.8 4980.97 16236.8 2555.06 1636.99 13681.8 13525.5 871.218 13403.5 1936.43 3343.98 2677.16 1673.75 2489.23
internal_count=85168 20033 65135 10295 6577 54840 54214 3502 53725 7764 13456 10760 6711 10003
is_linear=0
shrinkage=0.02


Tree=73
num_leaves=15
num_cat=0
split_feature=41 22 33 11 6 72 58 2 59 1 61 14 12 67
split_gain=31.7855 16.9006 18.0243 16.6951 15.9536 15.4005 14.1274 13.5422 12.9134 12.7203 12.2539 11.8214 11.4146 13.2169
threshold=0.58539096318562278 0.38656944183549141 34.486762169840972 -0.0035092311245559296 -0.00051082729581412953 0.87677899798214765 0.1927845022948261 0.0013386241325078086 -0.055745659740367187 -0.0010718027001967616 -1.1569857202048313 0.0016221081092461669 0.0013081981628988695 69.198597001210558
decision_type=2 2 2 2 2 2 2 2 2 2 2 2 2 2
left_child=1 2 3 5 -4 7 -5 -1 10 -2 -3 12 -10 -14
right_child=9 8 4 6 -6 -7 -8 -9 11 -11 -12 -13 13 -15
leaf_value=6.3853632312909972e-05 0.0007746815221168768 -0.0044419016159347458 0.0014985919927879862 0.014840682869007983 -0.00017002799157189114 0.0096397263072667341 0.0041628706108025239 0.0058706650930822205 -0.001015281914981949 -0.0021814625232665268 0.00084301946426588385 -0.00039332455724711305 -0.0060472625920269009 0.0035494380556808261
leaf_weight=1278.6452140361071 711.40717805922031 185.17359568178654 3519.6598163843155 50.370552197098732 6550.8100925534964 78.316719964146614 595.53296369314194 178.74985054135323 547.27615109086037 3148.3012712746859 2273.7970222979784 1466.2620194852352 527.79804620146751 61.052559301257133
leaf_count=5163 2853 742 14109 204 26261 317 2415 722 2194 12663 9109 5877 2118 245
internal_value=3.70572e-06 0.000369681 0.000771218 0.00241722 0.000413614 0.00127464 0.00510318 0.000793697 -0.000602125 -0.0016363 0.000436831 -0.00158278 -0.00310941 -0.00503076
internal_weight=21173.2 17313.4 12252.1 2181.62 10070.5 1535.71 645.904 1457.4 5061.36 3859.71 2458.97 2602.39 1136.13 588.851
internal_count=84992 69476 49191 8821 40370 6202 2619 5885 20285 15516 9851 10434 4557 2363
is_linear=0
shrinkage=0.02


Tree=74
num_leaves=15
num_cat=0
split_feature=24 59 59 40 41 28 4 6 73 24 8 63 63 11
split_gain=29.5703 30.1141 13.2301 12.4812 12.2802 11.0459 10.2019 11.0794 11.4452 11.2769 10.1692 12.3197 11.2852 10.8728
threshold=0.3105201728290965 -0.050602482425160002 -0.74392196708149583 3.7337426224375867 0.30829268421776507 1.1363865485019746 -0.0059834163159136764 -0.00060940953830188179 -0.40692262863628986 0.81800524098496619 0.003484288381435973 -0.8635958052336371 1.5727548652083041 -0.017584320358306066
decision_type=2 2 2 2 2 2 2 2 2 2 2 2 2 2
left_child=2 6 -1 10 5 -4 -2 -8 9 -9 11 -3 -12 -13
right_child=1 3 4 -5 -6 -7 7 8 -10 -11 12 13 -14 -15
leaf_value=0.0036710911080707039 -0.004200453609040789 -0.008678689545549104 0.0044545319502133666 0.0050383455333184984 0.00048488839136246419 -0.0016330274913179822 0.0017802322582076056 0.0040206942733092554 -0.00052257067315463303 -0.0011260403944624744 -0.0028399806401569953 0.0034695827458354612 0.0061152290788404349 -0.0010422351821659649
leaf_weight=705.74854175746441 171.99891677498817 76.847538471221924 583.93750163912773 116.34612926840782 5769.731556430459 146.69494238495827 2258.9775028675795 484.45295818150043 3083.1686064898968 258.3556020706892 2080.8348154276609 218.0235600322485 53.294260174036026 5181.2296452522278
leaf_count=2851 689 308 2356 467 23161 588 9055 1942 12359 1035 8379 873 215 20786
internal_value=3.9251e-05 -0.000497059 0.00107959 -0.0013319 0.000795623 0.00322949 0.000534104 0.000671271 1.50367e-05 0.00223505 -0.00143253 -0.000974586 -0.00260258 -0.000857005
internal_weight=21189.6 13983.5 7206.11 7726.58 6500.36 730.632 6256.95 6084.95 3825.98 742.809 7610.23 5476.1 2134.13 5399.25
internal_count=85064 56108 28956 31028 26105 2944 25080 24391 15336 2977 30561 21967 8594 21659
is_linear=0
shrinkage=0.02


Tree=75
num_leaves=15
num_cat=0
split_feature=45 21 43 63 1 63 21 1 41 35 36 63 10 13
split_gain=29.2159 20.5991 16.6496 13.6973 13.1628 12.9613 12.5204 17.6894 15.305 13.6822 12.5843 15.6632 12.9913 11.8769
threshold=0.96691103803346368 0.39741062267015409 -0.10588934370495151 1.2230068736650483 0.00058895196557080137 -0.14541193678837808 0.3593495538014792 6.4003569068198072e-05 0.72101016457057587 0.65312308498583349 0.0054296562084626193 0.20060175185458468 -0.0016196490702207536 0.0029095200326374909
decision_type=2 2 2 2 2 2 2 2 2 2 2 2 2 2
left_child=2 3 -1 4 -2 -6 7 9 10 -4 11 12 -8 -7
right_child=1 -3 6 -5 5 13 8 -9 -10 -11 -12 -13 -14 -15
leaf_value=0.001368809939097606 -0.0011408075376978014 0.00094965934016023868 0.00020554706346098095 0.0030907342225976746 0.0026911479210865491 -0.0049457509191853759 0.0036091062880105125 -0.001539524668492821 -0.0088684023243120434 0.0074348724368310803 0.0016375537875208341 0.0072889949850096086 -0.0043936475123225625 -0.00080279365796604861
leaf_weight=5005.8549570143223 1764.1337989419699 1177.0354257822037 4168.5210219919682 189.93290242552757 119.12876254320145 1283.2937975823879 97.220928743481636 3433.6051990091801 57.448134377598763 102.42789007723331 3004.8105220347643 64.949560075998306 403.31061634421349 355.29739989340305
leaf_count=20132 7103 4716 16705 766 477 5179 390 13762 230 411 12043 260 1615 1429
internal_value=2.89114e-06 -0.00135273 0.000408819 -0.00208313 -0.00236614 -0.00358921 -1.56583e-05 -0.000471785 0.000952374 0.000387415 0.00112258 -0.00160423 -0.00281891 -0.0040526
internal_weight=21227 4888.82 16338.1 3711.79 3521.85 1757.72 11332.3 7704.55 3627.74 4270.95 3570.29 565.481 500.532 1638.59
internal_count=85218 19670 65548 14954 14188 7085 45416 30878 14538 17116 14308 2265 2005 6608
is_linear=0
shrinkage=0.02


Tree=76
num_leaves=15
num_cat=0
split_feature=1 42 46 5 19 1 6 12 26 19 3 71 63 67
split_gain=27.7585 16.9888 16.5286 15.3546 12.2491 15.0664 12.8682 11.6352 11.0371 10.9019 18.4986 10.815 10.5418 10.3913
threshold=7.9803482366883139e-05 0.43211002247790681 -0.35206144883412549 0.0011905159433275652 -0.47349096853629741 0.00019272687099947781 0.00052474029917163061 0.039462858955884195 1.0434198632452147 -1.0435708757228255 0.0013648680343761102 0.01211276376318572 -0.3440540656468663 69.925065317805078
decision_type=2 2 2 2 2 2 2 2 2 2 2 2 2 2
left_child=1 -1 4 9 6 -6 -2 -7 -4 10 12 -10 -3 -5
right_child=2 3 8 13 5 7 -8 -9 11 -11 -12 -13 -14 -15
leaf_value=0.0024018961200559176 0.0041135019852441704 0.0032213527329082313 -0.0012165829401490627 0.001188270990156902 -0.0063612699913603134 -0.000493379596416532 -0.00076989669691041041 0.0043172247382449805 -0.001415679221601035 -0.00042396878846382466 -0.0054031983286913178 -0.0063271168196592899 0.012325514069388975 0.0056841390070838582
leaf_weight=1704.2342572063208 538.83246575295925 202.49425515532494 5491.9337047487497 2128.3837195783854 159.50584897398949 2751.1764548271894 355.60507486760616 211.94470746815205 367.67068968713284 6586.5207960754633 73.732102006673813 352.1835965514183 65.743881657719612 223.37362588942051
leaf_count=6857 2163 821 22027 8542 640 11042 1426 851 1486 26429 298 1424 267 896
internal_value=-0.000128491 0.000569536 -0.000877996 0.000231928 0.000121758 -0.000469912 0.0021785 -0.000142596 -0.0015241 -0.00024225 0.00321342 -0.00384563 0.00563745 0.00162645
internal_weight=21213.3 10984.5 10228.9 9280.25 4017.06 3122.63 894.438 2963.12 6211.79 6928.49 341.97 719.854 268.238 2351.76
internal_count=85169 44110 41059 37253 16122 12533 3589 11893 24937 27815 1386 2910 1088 9438
is_linear=0
shrinkage=0.02


Tree=77
num_leaves=15
num_cat=0
split_feature=34 47 76 11 45 47 46 58 47 66 5 21 59 41
split_gain=25.0796 17.6643 21.6054 16.3636 21.2704 20.1674 15.3244 14.1768 15.2317 13.7874 13.4104 12.9468 13.7013 12.783
threshold=44.350995204335184 0.41248606129204557 -0.62903392349067144 0.02075413691606939 1.1832270783463805 0.98611507088852057 -0.68322629814330804 0.84720537631200199 -0.4124860612920454 -4.497619380804676 1.6435758531519027e-05 0.43855490672138847 0.79495138807215915 0.36565813085276633
decision_type=2 2 2 2 2 2 2 2 2 2 2 2 2 2
left_child=1 9 13 4 7 -5 -4 10 -9 -1 -2 -6 -13 -3
right_child=3 2 6 5 11 -7 -8 8 -10 -11 -12 12 -14 -15
leaf_value=-0.0080168296516387877 -0.00054423204507269998 0.004590790141053556 0.0082510723610729423 0.0026070426498428011 -0.0025362970297134598 -0.0085478069136693188 0.0030518699802275333 0.00060469758114515713 -0.0036011442948847838 0.00061496617775817308 0.00096332527366675539 0.0026271895445017434 -0.0038068540189741987 -0.0019324693713518618
leaf_weight=70.478070467710495 4721.8093858063221 155.56675235927105 288.62248738110065 1104.0599714815617 2609.643575027585 64.029736742377281 1056.5246491581202 570.82055315375328 858.63096123933792 3858.9445914030075 4709.5167703330517 431.53131774067879 185.1324817687273 472.65450549125671
leaf_count=283 18921 630 1160 4430 10528 257 4248 2288 3442 15520 18871 1729 742 1900
internal_value=0.000120381 0.00122677 0.00276815 -0.000307984 -0.000496818 0.00196175 0.00419387 -7.29566e-05 -0.00192538 0.000450155 0.000208676 -0.00192135 0.000680503 -0.000293617
internal_weight=21158 5902.79 1973.37 15255.2 14087.1 1168.09 1345.15 10860.8 1429.45 3929.42 9431.33 3226.31 616.664 628.221
internal_count=84949 23741 7938 61208 56521 4687 5408 43522 5730 15803 37792 12999 2471 2530
is_linear=0
shrinkage=0.02


Tree=78
num_leaves=15
num_cat=0
split_feature=24 42 70 45 63 40 63 62 23 51 63 66 20 64
split_gain=28.3128 18.0356 13.8492 13.8381 12.4246 16.7437 12.4027 13.3488 16.2689 13.2018 12.0604 14.3211 12.0566 11.0058
threshold=0.60530588888784864 0.45591223376630891 0.40202839820551711 -0.98401894352352948 0.1606689007389637 0.82941187869426736 -0.10055919451055061 -0.56923138499430592 1.0930324390653119 -0.21784257384502506 0.023820361464778173 -3.909198725150941 -0.41206528305986145 -0.13379808945936142
decision_type=2 2 2 2 2 2 2 2 2 2 2 2 2 2
left_child=3 2 -2 6 10 13 -1 9 -9 -8 11 -5 -12 -6
right_child=1 -3 -4 4 5 -7 7 8 -10 -11 12 -13 -14 -15
leaf_value=0.0007872095581585904 -0.0034592188668780928 -0.0013105308477082886 0.0014598086656409681 -0.0069678915998846284 0.007602406600400664 7.9420508138405859e-05 0.011529035292241824 0.00019424564723995557 0.0054888850619511324 0.0025814439053504956 -0.0059759255330178061 0.00034113248887713838 -0.00082729720890468332 0.0021404473067612858
leaf_weight=1983.0005352050066 257.92709967494011 6975.2199559956789 1774.7269354313612 104.03233914077282 252.67292681336403 821.52330741286278 135.81583975255489 604.52894543111324 372.23441950976849 131.04723379015923 244.28262355923653 6500.9941992759705 681.07752712070942 358.84019474685192
leaf_count=8010 1034 28030 7113 417 1012 3291 549 2433 1505 528 978 26051 2727 1437
internal_value=2.2409e-05 -0.000827622 0.000828668 0.000650624 0.000245947 0.00194943 0.00177268 0.0033346 0.00222966 0.00726347 -7.93063e-05 0.000220828 -0.00221128 0.00444064
internal_weight=21197.9 9007.87 2032.65 12190.1 8963.42 1433.04 3226.63 1243.63 976.763 266.863 7530.39 6605.03 925.36 611.513
internal_count=85115 36177 8147 48938 35913 5740 13025 5015 3938 1077 30173 26468 3705 2449
is_linear=0
shrinkage=0.02


Tree=79
num_leaves=15
num_cat=0
split_feature=1 21 43 20 43 46 17 58 34 2 58 58 43 46
split_gain=31.0741 23.791 20.7188 18.0418 18.3239 13.9258 12.4596 12.0985 12.3807 11.6706 12.7715 14.3092 11.5614 11.3943
threshold=7.9803482366883139e-05 0.3797921637584058 -0.02772503423412492 -0.47447995410635452 -0.10386109862883068 -0.35206144883412549 0.50791435524675532 0.85974888102658809 59.554223313098326 0.00074216688909115893 0.23143066794515102 0.59721995494707303 0.49034782752718648 0.41248606129204562
decision_type=2 2 2 2 2 2 2 2 2 2 2 2 2 2
left_child=3 2 5 4 -1 -2 13 12 -9 -6 -11 -12 -5 -4
right_child=1 -3 6 7 9 -7 -8 8 -10 10 11 -13 -14 -15
leaf_value=0.003471325612088072 0.0013537004652865823 0.00078924601530516714 -0.0077004712943602796 0.00069347661182780885 0.001805214032305949 -0.0012583195182983723 -0.0018655848453406983 -0.0048199153342181333 -0.00011391623411937869 0.0051397905370709164 -0.0083314960005646584 -0.00017868060410955095 -0.0041871156438047057 -0.0022552864469540823
leaf_weight=1652.3392704427242 1344.2982460409403 2786.5796217769384 302.13499917089939 7176.7398038208485 611.92803335189819 2062.6578368842602 3410.4334712326527 345.25523240864277 619.15405850112438 67.604513436555862 161.68601642549038 178.60259081423283 194.60810829699039 319.56005927920341
leaf_count=6682 5393 11163 1216 28776 2462 8275 13718 1383 2487 272 649 716 782 1286
internal_value=7.67148e-06 -0.000785954 -0.00137614 0.000744921 0.00217337 -0.000227209 -0.00234544 0.000285979 -0.00181482 6.37272e-05 -0.0025391 -0.00411699 0.000561875 -0.00494189
internal_weight=21233.6 10225.7 7439.08 11007.9 2672.16 3406.96 4032.13 8335.76 964.409 1019.82 407.893 340.289 7371.35 621.695
internal_count=85260 41051 29888 44209 10781 13668 16220 33428 3870 4099 1637 1365 29558 2502
is_linear=0
shrinkage=0.02


Tree=80
num_leaves=15
num_cat=0
split_feature=41 6 24 1 48 19 63 17 1 58 41 51 32 60
split_gain=22.5269 18.2043 14.8468 14.9683 13.4056 17.0277 11.7069 16.8177 11.1061 10.1926 16.2072 13.369 13.3002 10.1493
threshold=0.57188509868739168 -0.0013394879056599419 0.51089879456115084 0.00012773841269153786 -0.8783796973249266 -0.3767761678260319 0.3257833597504512 0.9634194574568028 -0.0010932071643094574 0.26105064758344027 0.34679662333279621 2.0475273581946607 -0.34212042517777891 1.5000000000000002
decision_type=2 2 2 2 2 2 2 2 2 2 2 2 2 2
left_child=1 -1 3 4 5 -3 -5 -8 -2 10 -4 13 -12 -11
right_child=8 2 9 6 -6 -7 7 -9 -10 11 12 -13 -14 -15
leaf_value=0.0017326051506413556 0.00090933498681045933 0.0074413377964077168 -0.0080128741824224432 -0.00060127098563553531 0.0010239374696229295 0.0007971311014257998 0.008248194391912371 -0.00077029000871999128 -0.001600205474693614 -0.00084784881863292849 -0.0068627008060424223 0.0023658434634924561 0.0022391609468621742 -0.00310322837320392
leaf_weight=3441.1332779973745 862.76625840365887 315.26107177138329 69.392505839467049 3330.0587704777718 3281.5921062529087 300.29681266844273 146.60569164156914 180.30376370251179 3794.2120758295059 2899.6077614575624 63.887890353798866 395.00604566931725 979.2791084498167 1099.5243857204914
leaf_count=13814 3460 1277 278 13347 13204 1205 587 722 15264 11623 256 1586 3923 4420
internal_value=9.28851e-05 0.000439587 9.83831e-05 0.000673922 0.00153551 0.00423253 -0.000245097 0.00333746 -0.0011348 -0.00069104 0.0010157 -0.00112384 0.00165165 -0.00147105
internal_weight=21158.9 16501.9 13060.8 7554.12 3897.15 615.558 3656.97 326.909 4656.98 5506.7 1112.56 4394.14 1043.17 3999.13
internal_count=84966 66242 52428 30342 15686 2482 14656 1309 18724 22086 4457 17629 4179 16043
is_linear=0
shrinkage=0.02


Tree=81
num_leaves=15
num_cat=0
split_feature=1 45 41 22 14 69 49 46 41 19 63 19 63 67
split_gain=34.6676 17.3026 12.503 12.4201 13.8443 12.5485 12.2351 12.1239 14.3713 11.2906 16.1608 11.5721 11.0111 11.2188
threshold=7.9803482366883139e-05 1.1661824842453843 0.57925883019500668 0.41489232779963453 0.0033388431135698833 4.212785975255394 1.0000000180025095e-35 -0.35206144883412549 0.45832487563015539 -0.11812090452217815 -0.69589450671497011 -0.038041184244612204 0.28733324319253251 44.76012712540625
decision_type=2 2 2 2 2 2 2 2 2 2 2 2 2 2
left_child=2 7 6 5 -5 -3 -1 8 -2 -8 -11 -12 -9 -14
right_child=1 3 -4 4 -6 -7 9 12 -10 10 11 -13 13 -15
leaf_value=0.0017535911834154828 0.0024064055112584266 -0.0018120693603882675 -0.00065370793497170456 -0.0061454727294762822 0.0020150674971348014 0.0055731497980774439 0.0013761432728001699 -0.0013905921947943128 -0.00045727364517100929 -0.010966606015527966 -0.0049018507181117681 7.1663216263755732e-05 0.0047508837357103911 -0.0004611291267408896
leaf_weight=5116.9771956503391 1155.162927493453 2001.0524357110262 1949.6136060506105 485.25381538271904 97.612434789538383 91.672683015465736 1882.1156375259161 3901.327462553978 1767.8669234663248 55.407469019293785 204.56914983689785 1746.557409286499 241.89268206059933 496.9097588211298
leaf_count=20557 4633 8065 7826 1959 392 369 7579 15640 7086 222 820 6999 970 1994
internal_value=1.53293e-05 -0.00082117 0.000797139 -0.0022019 -0.00477331 -0.00147604 0.00111142 -0.000331581 0.000676611 0.000265232 -0.000777625 -0.00046099 -0.000966732 0.00126581
internal_weight=21194 10238.8 10955.2 2675.59 582.866 2092.73 9005.63 7563.16 2923.03 3888.65 2006.53 1951.13 4640.13 738.802
internal_count=85111 41108 44003 10785 2351 8434 36177 30323 11719 15620 8041 7819 18604 2964
is_linear=0
shrinkage=0.02


Tree=82
num_leaves=15
num_cat=0
split_feature=24 1 63 46 25 23 59 31 4 24 61 9 23 22
split_gain=22.5193 16.5788 13.4661 13.6379 12.3551 13.5591 11.1941 18.6546 13.0352 10.4027 12.2765 13.9037 11.7029 11.2489
threshold=0.8020524454174085 7.9803482366883139e-05 0.33699450526225694 -0.88144907265856332 4.5000000000000009 1.2862839176159118 -0.44188592704721436 0.69422311643946388 -0.0059834163159136764 0.20144434820643106 -1.1569857202048313 -0.0077117667029271515 0.54806046226967398 6.0219199814122151e-05
decision_type=2 2 2 2 2 2 2 2 2 2 2 2 2 2
left_child=1 6 3 -3 -2 -6 7 8 -1 12 -11 -12 -5 -14
right_child=4 2 -4 9 5 -7 -8 -9 -10 10 11 -13 13 -15
leaf_value=-0.0061501012664455894 -0.00090552676350448037 0.0014965526862930839 0.0016681321131399376 -0.0035369852880764345 -0.0089098087278903521 0.0020922050848294796 0.00061763024997604288 0.0091426269605873953 0.0021578304871790002 -0.010026549972044486 0.0048152421974850855 -0.0017547041928870424 -0.0030108174072866847 0.0013615669120300858
leaf_weight=74.316498726606369 5136.5660853236914 1034.2182443886995 1226.2843348532915 298.16154579818249 151.00749740004539 60.553681686520576 6025.401333540678 145.38566066324711 1691.8680423349142 64.093047350645065 129.37189619243145 3288.936112716794 272.26447869837284 1557.9898254722357
leaf_count=299 20644 4146 4922 1194 612 246 24190 584 6825 257 519 13184 1092 6250
internal_value=1.74457e-05 0.000396998 -0.000253339 -0.000608918 -0.00110378 -0.00578518 0.00104171 0.00237334 0.00179188 -0.000997997 -0.00167047 -0.00149938 0.000103611 0.00070471
internal_weight=21156.4 15808.3 7871.32 6645.04 5348.13 211.561 7936.97 1911.57 1766.18 5610.82 3482.4 3418.31 2128.42 1830.25
internal_count=84964 63462 31564 26642 21502 858 31898 7708 7124 22496 13960 13703 8536 7342
is_linear=0
shrinkage=0.02


Tree=83
num_leaves=15
num_cat=0
split_feature=24 8 6 11 47 63 48 5 21 71 48 21 1 18
split_gain=25.2546 16.8337 16.6908 13.6258 18.323 14.1453 13.0676 14.2516 12.7706 12.504 12.0604 17.1493 15.1893 13.1748
threshold=0.31946767342937815 0.0020933770903054524 -0.0012368563078535295 -0.0027851992309013574 0.22695468355932455 -0.32545118656144506 -0.60785761079279388 -0.0054288708618656359 0.3593495538014792 0.011037612213126347 -0.60785761079279388 0.53934754471353719 0.00014347185821507734 0.0017025694300382734
decision_type=2 2 2 2 2 2 2 2 2 2 2 2 2 2
left_child=10 2 8 5 -5 -4 -3 -8 -2 -10 11 12 -1 -12
right_child=1 6 3 4 -6 -7 7 -9 9 -11 13 -13 -14 -15
leaf_value=0.0050488567514514471 0.00068357599966326597 -0.0038412644466937684 -0.00297629170758343 -7.5571142189792532e-05 -0.0025001652655242423 0.0012863902842820663 -0.0075322104970428887 -0.00080426062270472307 -0.0013370511766115671 0.0064927835137068533 -0.003738836755457324 -0.0011493708773620307 0.0011670666388540292 0.00061723035401819613
leaf_weight=821.78551688790321 1500.5609573721886 834.29429775476456 358.33724841475487 2913.9979302287102 2174.4615918844938 2179.2409160286188 125.97404949367046 3355.9272944927216 106.30760750174522 325.56978011131287 289.30938856303692 478.3753524273634 794.64303150773048 4935.0438160151243
leaf_count=3322 6013 3368 1438 11685 8720 8732 505 13501 426 1305 1163 1918 3187 19835
internal_value=-6.2614e-05 -0.000563997 -9.56303e-05 -0.000516472 -0.00111311 0.000679778 -0.00159991 -0.00105813 0.0015622 0.00457221 0.000887577 0.00216781 0.00315004 0.00037266
internal_weight=21193.8 13874.7 9558.48 7626.04 5088.46 2537.58 4316.2 3481.9 1932.44 431.877 7319.16 2094.8 1616.43 5224.35
internal_count=85118 55693 38319 30575 20405 10170 17374 14006 7744 1731 29425 8427 6509 20998
is_linear=0
shrinkage=0.02


Tree=84
num_leaves=15
num_cat=0
split_feature=45 63 41 7 45 35 71 48 26 41 71 37 46 75
split_gain=21.9134 11.8308 12.0637 12.7592 11.4227 14.6221 12.9984 15.6858 10.5996 10.4984 15.1511 14.8856 11.0011 15.5796
threshold=-0.79087481831242978 -0.82222868158601414 0.45613420491603845 0.00017529949466996486 1.1832270783463805 0.81446870875080568 0.0079771294712831283 -0.60785761079279388 1.3880935649657307 0.37160327566092172 0.013169063495609997 9.3040856848622351 0.097964660725097366 0.95838552678266953
decision_type=2 2 2 2 2 2 2 2 2 2 2 2 2 2
left_child=1 2 3 -1 5 -2 -6 8 -8 -3 11 12 -11 -14
right_child=4 9 -4 -5 6 -7 7 -9 -10 10 -12 -13 13 -15
leaf_value=-0.0029275003480277065 -0.00022736621222026196 0.0031795870780804004 -0.006503729834776829 0.0043469612593449213 0.0027734593096800744 0.0043849510084381024 -0.0029060090867693996 -0.00094093396570238939 -0.0084758187439011711 0.00036699698121653697 0.002300444163589082 0.0031925321726239591 -0.0019135452881974097 -0.011171545448237601
leaf_weight=223.3351581543684 11959.947047695518 1029.6915699839592 147.0612466186285 161.97854755818844 275.60793022811413 276.40559244155884 693.81275010108948 2668.0247542411089 168.95460645854473 851.24294579029083 1647.7518908977509 385.7926320284605 636.68019132316113 77.659039363265038
leaf_count=904 47921 4168 591 656 1111 1111 2800 10742 687 3421 6629 1552 2558 312
internal_value=-5.45804e-05 0.00107834 -0.00173355 0.000147056 -0.000419281 -0.000121431 -0.00137536 -0.00170267 -0.00403929 0.00140327 0.000891369 -0.0003013 -0.00116968 -0.00299068
internal_weight=21203.9 5161.19 532.375 385.314 16042.8 12236.4 3806.4 3530.79 862.767 4628.82 3599.13 1951.37 1565.58 714.339
internal_count=85163 20791 2151 1560 64372 49032 15340 14229 3487 18640 14472 7843 6291 2870
is_linear=0
shrinkage=0.02


Tree=85
num_leaves=15
num_cat=0
split_feature=45 73 60 71 59 22 47 33 45 63 68 59 13 71
split_gain=23.414 16.1461 18.0145 15.647 14.964 14.9203 12.4401 10.4551 17.2832 16.0201 12.6009 10.2384 9.67796 10.1536
threshold=1.1661824842453843 1.5107671099212334 5.5000000000000009 0.0079771294712831283 0.36869234760705949 0.54089921444496791 0.065403129230142729 74.651585090547769 1.3538517423818333 0.97337330727746918 -0.11688488635166197 -0.27316666893622793 0.00059123289385200871 0.012259542868812095
decision_type=2 2 2 2 2 2 2 2 2 2 2 2 2 2
left_child=5 2 3 -2 6 12 -5 8 10 -9 -6 -7 -1 -14
right_child=1 -3 -4 4 7 11 -8 9 -10 -11 -12 -13 13 -15
leaf_value=0.0028900286974995861 0.0033669723034162762 0.0044798187280094357 -0.010738813148558925 0.0015438735156154916 -0.0015999691080615312 0.00064090400881734581 -0.0022184033236383174 -0.0060237183287006925 -0.00034767898992824542 0.0022501845445905637 -0.0092545112385440075 -0.0021367477479815873 -0.00015476766368450887 0.00092355564774881786
leaf_weight=688.01606993377209 248.84277138113976 175.85284925997257 80.237191200256348 753.42613470554352 169.2654043585062 822.7686842083931 650.33191314339638 621.62359124422073 921.99552547931671 107.36030966043472 175.38717631995678 1481.2107946872711 6031.2275888323784 8290.1263441294432
leaf_count=2763 1003 706 323 3037 680 3296 2621 2513 3714 433 705 5934 24213 33281
internal_value=3.5757e-05 -0.00136229 -0.00164346 -0.001429 -0.00178451 0.000351332 -0.000200798 -0.00289523 -0.00178549 -0.00479816 -0.00557186 -0.00114559 0.000581419 0.00046954
internal_weight=21217.7 3904.32 3728.47 3648.23 3399.39 17313.3 1403.76 1995.63 1266.65 728.984 344.653 2303.98 15009.4 14321.4
internal_count=85222 15735 15029 14706 13703 69487 5658 8045 5099 2946 1385 9230 60257 57494
is_linear=0
shrinkage=0.02


Tree=86
num_leaves=15
num_cat=0
split_feature=33 77 6 59 43 5 77 17 21 18 22 21 2 22
split_gain=24.4068 14.6248 15.2343 12.3009 12.0333 11.9939 13.9256 11.9149 11.3959 11.253 18.3599 11.1131 13.4617 14.0222
threshold=38.635752198897116 -1.0033766269341811 -0.0010284341333878446 0.43987553677258512 -0.10588934370495151 0.00067330363886808939 0.068225230707787715 0.7559587338039192 0.2371239763210721 0.0024995450368836881 0.22005552801996442 0.39370535078054075 -0.0019095865584806923 0.08813569842132836
decision_type=2 2 2 2 2 2 2 2 2 2 2 2 2 2
left_child=1 2 -1 -3 5 6 -2 8 -8 10 -9 -6 13 -13
right_child=4 3 -4 -5 11 -7 7 9 -10 -11 -12 12 -14 -15
leaf_value=0.0016451775436332645 -0.0015657425175734658 0.001819717549810309 -0.0057412688004325431 -0.0040988868330986182 -0.00098548236271864568 0.0021937955066388573 -0.0047616021199239624 0.012461428883489252 0.0030393920926675426 0.0010948992364997864 0.00091803858095233423 -0.0014567572044778146 -8.696381530819719e-05 0.0068582953825265551
leaf_weight=212.11149087548256 1261.8298377096653 4155.9428107589483 226.87477420270443 140.77052487432957 9652.0002215951681 1308.8897009640932 170.24529069662094 111.49521274864674 126.33506114780903 318.47012634575367 106.22842590510845 121.30494411289692 3065.2764402031898 231.00153382122517
leaf_count=854 5057 16759 914 567 38765 5247 683 447 506 1276 426 486 12277 925
internal_value=1.06176e-06 0.00126567 -0.00219392 0.00162127 -0.000362764 0.000695786 -0.000243295 0.00175788 -0.0014433 0.0035255 0.0069764 -0.000638585 0.000341137 0.00401496
internal_weight=21208.8 4735.7 438.986 4296.71 16473.1 3403.49 2094.6 832.774 296.58 536.194 217.724 13069.6 3417.58 352.306
internal_count=85189 19094 1768 17326 66095 13642 8395 3338 1189 2149 873 52453 13688 1411
is_linear=0
shrinkage=0.02


Tree=87
num_leaves=15
num_cat=0
split_feature=41 58 51 47 7 18 20 6 6 25 48 45 69 0
split_gain=23.2846 16.0941 23.3129 16.0279 12.2676 12.2666 11.4723 11.9869 11.1265 11.6302 10.8207 16.3697 14.9299 14.4948
threshold=0.58700360449703637 0.84720537631200199 2.2215026311913193 0.58216583101416164 0.0020015252585233638 0.0028617014867864496 0.33594215954445622 0.0011179002686653795 -0.00046079292347450315 3.5000000000000004 -0.60785761079279388 0.76607906530083547 -2.37313931966716 -0.00076928333603573467
decision_type=2 2 2 2 2 2 2 2 2 2 2 2 2 2
left_child=1 5 3 -3 -2 10 -4 -8 9 -7 13 -12 -13 -1
right_child=4 2 6 -5 -6 8 7 -9 -10 -11 11 12 -14 -15
leaf_value=0.0030236507806593376 -0.0018766671792716273 -0.0014017244965860238 0.0030293040918622895 -0.0058498562107024326 0.001635901822939493 0.0021980274319751128 0.0018446782487275555 -0.0072326344733443654 0.00038087214417381957 -0.0038700377146069658 -0.0013803748069137545 0.0089514889531618902 0.00074891078288403439 2.9402788713069523e-05
leaf_weight=855.12906211614609 3384.5779781192541 1216.7934780269861 579.22369661927223 439.12675030529499 446.69628395140171 3144.1677134037018 126.65061073005199 100.2419988065958 3964.9796982258558 127.18569663167 3312.8089666515589 95.347641572356224 779.7387783229351 2606.5065647959709
leaf_count=3451 13619 4884 2321 1763 1798 12626 509 403 15916 511 13300 383 3132 10459
internal_value=-5.54802e-05 0.000256261 -0.00124004 -0.00259537 -0.00146553 0.000504074 0.0015429 -0.00223519 0.00109406 0.00195656 -5.43919e-05 -0.000737881 0.00168843 0.000772367
internal_weight=21179.2 17347.9 2462.04 1655.92 3831.27 14885.9 806.116 226.893 7236.33 3271.35 7649.53 4187.9 875.086 3461.64
internal_count=85075 69658 9880 6647 15417 59778 3233 912 29053 13137 30725 16815 3515 13910
is_linear=0
shrinkage=0.02


Tree=88
num_leaves=15
num_cat=0
split_feature=33 19 46 43 66 21 41 41 4 36 32 8 1 54
split_gain=25.2714 14.2295 11.3731 12.1838 11.2787 11.1194 16.1394 10.781 12.5819 12.7694 10.6363 10.5093 10.3834 10.2128
threshold=65.993230580744964 -0.45773486011170722 0.68322629814330826 0.015905949324631376 -3.909198725150941 0.33277586588757518 0.72101016457057587 0.37160327566092172 0.0012363229532350673 0.015567226730284656 0.078544373431594885 0.0079911503545610305 6.4003569068198072e-05 1.4449614822175856
decision_type=2 2 2 2 2 2 2 2 2 2 2 2 2 2
left_child=1 2 7 -4 10 12 11 8 13 -10 -3 -7 -6 -1
right_child=-2 4 3 -5 5 6 -8 -9 9 -11 -12 -13 -14 -15
leaf_value=0.00291647410277003 -0.0016420530160347942 -0.0082162767062171418 0.00015367174654409545 -0.0067823508493276849 0.00012604334899671117 0.0009785924089393994 -0.0084544455484017785 0.00099739505507435771 0.011347587526285268 0.0011198661308992467 0.00038055883785914976 -0.0070189396803209117 -0.0013337021877285352 -0.0053695201135189529
leaf_weight=833.66106191277504 3396.5414169579744 126.20595633983612 1001.7403973340988 107.6754454523325 4758.9964271187782 4841.3337419629097 70.408038884401321 2294.5584020018578 134.58072333037853 76.930075421929359 101.81213153898716 61.687993317842484 3295.3564427644014 59.502260848879814
leaf_count=3371 13703 506 4038 432 19068 19408 282 9232 543 310 408 247 13216 239
internal_value=-6.27338e-05 0.000239607 0.00120951 -0.00054692 -9.06148e-05 -1.26028e-05 0.000730546 0.00178273 0.00340212 0.00773936 -0.00445191 0.000870922 -0.000471654 0.00233765
internal_weight=21161 17764.4 4508.65 1109.42 13255.8 13027.8 4973.43 3399.23 1104.67 211.511 228.018 4903.02 8054.35 893.163
internal_count=85003 71300 18165 4470 53135 52221 19937 13695 4463 853 914 19655 32284 3610
is_linear=0
shrinkage=0.02


Tree=89
num_leaves=15
num_cat=0
split_feature=41 58 76 22 10 40 2 38 55 27 77 24 62 27
split_gain=28.5257 16.9834 19.2387 11.4432 11.0433 12.862 10.4889 11.0354 16.7684 12.1636 15.4646 11.5603 11.4724 13.4533
threshold=0.58700360449703637 0.84720537631200199 0.2438109166167868 0.32189756151585458 0.00090116873902110553 0.5235341935540655 -0.0012865497775007217 7.4743769401733111 0.091424844331247271 1.3516714455647147 -0.03132509126023119 0.888664471725783 0.45196490938656214 -0.1795450811719457
decision_type=2 2 2 2 2 2 2 2 2 2 2 2 2 2
left_child=1 3 4 -1 5 -3 -5 8 9 10 -8 12 13 -12
right_child=-2 2 -4 6 -6 -7 7 -9 -10 -11 11 -13 -14 -15
leaf_value=0.0010358399915951961 -0.0015528604358566445 0.00043388391085058211 0.00099256761776441121 0.0014518486493364951 -0.0017260346319579851 -0.0086034404873198012 -0.0024817283135635426 -0.0023158692570614276 0.0020913711615494959 -0.009348554852392053 0.0067757776914586796 -0.002922118518437915 -0.0028900504288050834 0.00096689825571664295
leaf_weight=9310.1283201277256 3837.766803458333 87.954939678311348 984.14221009612083 1311.3481105715036 1200.1307076066732 212.90576589107513 1018.7311873137951 1095.3740629404783 1035.6434864699841 62.686723783612251 253.42790377140045 233.55641356110573 148.28231535851955 421.82173325121403
leaf_count=37424 15445 353 3947 5257 4819 855 4085 4394 4153 253 1015 937 594 1690
internal_value=6.52431e-06 0.000351284 -0.00117773 0.000606769 -0.00259929 -0.00599753 -0.000109302 -0.000589934 8.37819e-06 -0.00100291 -0.000729022 0.000963818 0.00207687 0.00318081
internal_weight=21213.9 17376.1 2485.13 14891 1500.99 300.861 5580.87 4269.52 3174.15 2138.51 2075.82 1057.09 823.532 675.25
internal_count=85221 69776 9974 59802 6027 1208 22378 17121 12727 8574 8321 4236 3299 2705
is_linear=0
shrinkage=0.02


Tree=90
num_leaves=15
num_cat=0
split_feature=45 48 63 1 17 21 63 64 43 31 43 59 5 8
split_gain=20.8604 16.5362 12.3901 11.9644 14.5288 13.6041 13.3103 14.1469 13.0378 12.8142 12.1434 11.9519 14.6184 11.7204
threshold=1.1661824842453843 -0.60785761079279388 -0.3077888287433605 7.9803482366883139e-05 0.62516180574374569 0.26236820269437255 0.21376922317787286 0.24227846631424396 -0.044046866417697068 0.68360067086575838 0.49034782752718648 -0.45663945886493912 -0.0024146529258702748 0.0029547866174287041
decision_type=2 2 2 2 2 2 2 2 2 2 2 2 2 2
left_child=3 13 -3 10 5 9 -7 -8 -6 -5 11 12 -1 -2
right_child=1 2 -4 4 8 6 7 -9 -10 -11 -12 -13 -14 -15
leaf_value=-0.0013436319277851311 -0.0016999048198010867 0.0070234617570439899 -0.00069881312878151416 -0.0036721096473136482 0.0014500329727091296 -0.00088893690613411447 0.0099731089212233455 -0.0016288060466451099 -0.00054177334041245393 0.0031368398872777528 -0.0047538963215164442 0.0005303876163082463 0.0028671803181761196 -0.0061641401161396407
leaf_weight=392.69623936712742 604.42747521400452 80.674082666635513 2791.1855966299772 1094.7840082496405 2376.5020576119423 824.07951611280441 97.111012056469917 69.36444203555584 2929.7992515861988 119.10582819581032 147.67376188933849 7263.3348967880011 1972.3453703075647 386.12395645678043
leaf_count=1580 2440 323 11243 4393 9535 3301 389 278 11746 478 592 29153 7946 1566
internal_value=8.69504e-05 -0.00124093 -0.000470055 0.000383914 -0.000216309 -0.00157912 0.000160955 0.00523246 0.000350811 -0.00299389 0.000844928 0.000933222 0.00216665 -0.00346231
internal_weight=21149.2 3862.41 2871.86 17286.8 7510.75 2204.44 990.555 166.475 5306.3 1213.89 9776.05 9628.38 2365.04 990.551
internal_count=84963 15572 11566 69391 30120 8839 3968 667 21281 4871 39271 38679 9526 4006
is_linear=0
shrinkage=0.02


Tree=91
num_leaves=15
num_cat=0
split_feature=1 19 21 43 2 26 63 11 73 24 73 63 47 54
split_gain=24.1655 21.8145 17.971 18.5479 14.2817 14.661 13.4147 12.9467 13.6287 14.1432 12.6371 11.7275 13.3797 13.608
threshold=7.9803482366883139e-05 -0.23119539851424112 0.39370535078054075 -0.02772503423412492 0.00097102838363576614 -0.83207979483886907 -0.6511187339226957 0.018259800360708022 -0.23537538415912126 0.34597675167841407 1.4280528096554137 0.063194866357663249 0.91037613702198772 0.28293043960975006
decision_type=2 2 2 2 2 2 2 2 2 2 2 2 2 2
left_child=1 4 3 10 6 -6 -1 8 9 -7 -2 12 -4 -14
right_child=2 -3 11 -5 5 7 -8 -9 -10 -11 -12 -13 13 -15
leaf_value=-0.00026127723340663769 -0.00042940511667206784 -0.00010187688339977129 0.00015694244663035938 -0.0022100602349037742 0.004186408018808545 0.0044062656322924401 0.003327601257638545 0.0064016507166206309 -0.0037702664776681359 -0.0070896356522450821 0.0069564560701660906 0.0020851687603803794 -0.00018365307936932002 -0.010824804411715922
leaf_weight=521.32108795642853 3372.0587108135223 7263.6610153764486 1238.3631227165461 4144.3670189976692 243.30580544471741 188.83801281452179 2055.3431785702705 74.372713416814804 559.44547890126705 50.161048606038094 90.281879886984825 1180.5409409254789 96.323464408516884 91.30852048099041
leaf_count=2110 13533 29131 4962 16686 988 759 8296 298 2244 201 362 4730 386 366
internal_value=-0.000117644 0.000534649 -0.000817322 -0.0013082 0.00178513 -0.000104765 0.00260239 -0.001318 -0.00207243 0.00189767 -0.000227062 0.000614987 -0.000605168 -0.00550858
internal_weight=21169.7 10956.4 10213.2 7606.71 3692.79 1116.12 2576.66 872.817 798.445 238.999 3462.34 2606.54 1426 187.632
internal_count=85052 44027 41025 30581 14896 4490 10406 3502 3204 960 13895 10444 5714 752
is_linear=0
shrinkage=0.02


Tree=92
num_leaves=15
num_cat=0
split_feature=24 58 70 32 77 45 62 72 35 68 35 40 58 41
split_gain=17.4493 14.6999 19.3282 12.7593 14.9989 17.93 12.1242 12.0021 13.3428 11.8124 12.5546 10.9083 10.7434 10.4499
threshold=0.82936051635181662 0.83161617469675386 0.93255490216294723 0.36747057358524909 0.15013149311640886 -0.93300847750969818 0.91187713755445243 0.81979425800341221 -0.75983453622908081 1.4892389255700011 1.0000000180025095e-35 0.44593131298038907 0.10650402569368403 0.40780878264908527
decision_type=2 2 2 2 2 2 2 2 2 2 2 2 2 2
left_child=1 3 -3 4 5 6 -1 8 12 10 -4 -11 -8 -13
right_child=-2 2 9 -5 -6 -7 7 -9 -10 11 -12 13 -14 -15
leaf_value=0.0020712340608583521 -0.0010331939644976785 -0.0026007856014443466 -0.0079707877620324805 -0.0031452373191917515 0.0020164038170283663 -0.00025331258843690093 0.0034505195650679121 0.0059012335886048893 -0.005085040194302122 -0.0047580598465727982 -4.656909315593048e-05 0.0082190863955611086 -0.0023346987115135643 0.0019671293066371902
leaf_weight=2941.486053019762 4778.5814666897058 1429.0584744662046 90.902010783553123 348.53924803435802 2761.1465487778187 6793.207991823554 241.6630076020956 94.980525493621826 261.57239991426468 70.550261154770851 481.89905174076557 131.9404025375843 262.93037210404873 513.3118654936552
leaf_count=11882 19224 5737 365 1400 11077 27227 975 383 1051 283 1933 529 1060 2058
internal_value=2.98515e-05 0.000339381 -0.00100311 0.000605852 0.000704874 0.000362315 0.00146099 -0.000623387 -0.00146525 0.000771913 -0.00136221 0.00247729 0.000442664 0.00329889
internal_weight=21201.8 16423.2 2717.66 13705.5 13357 10595.8 3802.63 861.146 766.166 1288.6 572.801 715.803 504.593 645.252
internal_count=85184 65960 10905 55055 53655 42578 15351 3469 3086 5168 2298 2870 2035 2587
is_linear=0
shrinkage=0.02


Tree=93
num_leaves=15
num_cat=0
split_feature=24 46 1 60 40 42 1 37 48 61 4 11 22 62
split_gain=18.1461 18.5644 17.3655 15.6002 14.3973 12.5768 14.6676 12.0497 12.6373 19.0612 11.6893 13.8551 11.4875 13.1451
threshold=0.24217592682831063 -0.35206144883412549 -3.0192577936939057e-05 -3.4999999999999996 0.64510658806435772 0.47765925991131702 0.0017650053622776374 4.4015333463979269 -1.0000000180025095e-35 0.30636656094130821 0.0020015252585233638 -0.0089750727548367423 4.703337149448478e-05 -0.84895963182885159
decision_type=2 2 2 2 2 2 2 2 2 2 2 2 2 2
left_child=12 -2 3 4 -3 6 -4 -5 10 -10 11 -9 13 -1
right_child=1 2 5 7 -6 -7 -8 8 9 -11 -12 -13 -14 -15
leaf_value=0.004766963040751482 0.00046094715598038325 0.012716065182651715 -0.0014463918562842429 -0.0016130850301664947 0.0018458746984730404 -0.0026504824563463925 0.0030895365707045196 0.0081627102493644615 -0.0014854155326271051 0.0065171689431814499 -0.0047796320557585599 0.0016766020010556821 0.0012105923171574875 -0.0027735813705754802
leaf_weight=105.65683482587337 5941.7178614884615 61.042406275868416 1320.964459747076 1884.3785651922226 194.70105966925621 2882.1750555634499 358.37478315830231 149.70091678202152 1313.5485065430403 125.92733369767666 88.271291419863701 920.50108213722706 5225.5463339090347 565.7277689576149
leaf_count=425 23854 245 5300 7560 782 11601 1438 601 5269 505 354 3693 21029 2275
internal_value=-4.75727e-05 -0.000412063 -0.000969797 -0.00012143 0.00463453 -0.0018499 -0.000472117 -0.000397647 0.000485356 -0.000765203 0.00203586 0.00261763 0.000894046 -0.00156045
internal_weight=21138.2 15241.3 9299.59 4738.07 255.743 4561.51 1679.34 4482.33 2597.95 1439.48 1158.47 1070.2 5896.93 671.385
internal_count=84931 61202 37348 19009 1027 18339 6738 17982 10422 5774 4648 4294 23729 2700
is_linear=0
shrinkage=0.02


Tree=94
num_leaves=15
num_cat=0
split_feature=1 6 48 19 15 20 6 43 27 72 59 27 38 44
split_gain=17.1838 12.9855 11.391 23.4655 11.6408 11.6083 11.5315 10.8529 15.0148 16.4896 10.7405 11.924 13.3745 12.5475
threshold=0.00012773841269153786 -0.00012242108481799461 -0.8783796973249266 -0.41252690430274769 0.0029005745741147383 0.78887294217807646 -0.00012242108481799461 -0.16287298903982186 0.58229119082058733 0.47615076080496788 -1.0058415480770873 -2.9049844806878182 1.5303592607827607 -0.65524254238528801
decision_type=2 2 2 2 2 2 2 2 2 2 2 2 2 2
left_child=2 -2 3 6 10 -5 -1 8 9 -3 -4 -12 13 -13
right_child=1 7 4 5 -6 -7 -8 -9 -10 -11 11 12 -14 -15
leaf_value=0.0024560166043145178 0.00029664912826845555 0.0027745791384192553 0.002952992657865612 0.00014569426993478682 0.0017363226664290721 0.0054259489058974021 0.0098095131228958209 -0.0015507618270774678 0.0043075395506438552 -0.0042857349918096537 -0.0072800765118443758 0.011631310451191939 -0.00036844633105698351 0.0017049333161030399
leaf_weight=152.38011105358601 4672.4879043847322 233.53838641941547 469.81600260734558 1101.2592982798815 2062.2998984903097 191.27613849937916 202.12051595747471 4402.3435854315758 319.07468748092651 292.82343320548534 87.708252161741257 50.166706994175911 6189.5385975390673 713.75795713067055
leaf_count=620 18767 938 1894 4418 8284 769 820 17692 1279 1176 355 202 24856 2875
internal_value=0.000136205 -0.000470088 0.00067222 0.00220603 0.000407322 0.000944991 0.00672677 -0.0011524 0.000918841 -0.00115655 4.15043e-05 -0.00015472 -5.96769e-05 0.00242819
internal_weight=21140.6 9920.27 11220.3 1647.04 9573.29 1292.54 354.501 5247.78 845.437 526.362 7510.99 7041.17 6953.46 763.925
internal_count=84945 39852 45093 6627 38466 5187 1440 21085 3393 2114 30182 28288 27933 3077
is_linear=0
shrinkage=0.02


Tree=95
num_leaves=15
num_cat=0
split_feature=24 60 1 68 47 40 7 61 1 63 27 71 36 33
split_gain=19.999 13.2758 12.9692 13.0253 13.2589 11.0488 14.3866 10.8533 15.1617 12.6627 14.5646 17.6499 15.6665 10.6931
threshold=0.30607355184612389 -1.4999999999999998 -0.0009651827921499436 0.0079416619275016909 0.29012925520284133 2.0432356264517106 4.878432773935381e-05 -1.0991184872359832 0.0022925291108210179 0.16485847255713357 -0.21558558185488888 0.014044615756814241 0.0053068558952695235 41.895475023347352
decision_type=2 2 2 2 2 2 2 2 2 2 2 2 2 2
left_child=2 7 5 -4 -5 -1 -7 -2 9 10 12 -12 -9 -14
right_child=1 -3 3 4 -6 6 -8 8 -10 -11 11 -13 13 -15
leaf_value=0.0029879297314877023 -0.0023053744283192167 -0.00080388223668496049 0.0013795663229019049 0.00056729100078077739 -0.0022063478691970733 -0.0067774977758518623 0.0031697103711127083 -0.0044471535920763434 0.0061884477632593582 -0.0012185214347208387 0.0094052461548343701 5.4058005354087951e-05 0.002496339615892742 -0.0025909905953048298
leaf_weight=1469.3564411252737 425.68289752304554 10822.421080052853 2588.3865769505501 1661.6638338416815 1171.347948372364 109.6273697167635 113.68734054267406 191.52302208542824 211.66977642476559 910.41278904676437 186.59318721294403 139.63691130280495 985.42590235173702 194.12309277057648
leaf_count=5937 1707 43477 10403 6674 4704 443 459 768 849 3651 747 559 3957 777
internal_value=-3.05251e-05 -0.000467516 0.00083331 0.000355263 -0.000581375 0.00235887 -0.00175496 0.000653789 0.00110387 0.000680095 0.00169908 0.00546388 0.000786692 0.00165169
internal_weight=21181.6 14067.5 7114.07 5421.4 2833.01 1692.67 223.315 3245.07 2819.38 2607.71 1697.3 326.23 1371.07 1179.55
internal_count=85112 56492 28620 21781 11378 6839 902 13015 11308 10459 6808 1306 5502 4734
is_linear=0
shrinkage=0.02


Tree=96
num_leaves=15
num_cat=0
split_feature=46 8 43 24 27 22 22 17 68 10 73 32 44 10
split_gain=15.4461 11.7407 10.8446 12.3311 10.5737 10.4927 13.3089 11.9867 14.1577 11.5962 10.9575 15.0423 12.4219 11.3033
threshold=-0.35206144883412549 0.0062994547981691284 -0.02772503423412492 0.90709450789291735 3.3183072389094166 0.24192859287556365 3.3598763699616044e-05 0.44974925993842346 0.664658765736313 0.0014696515792735345 -0.12137144680157146 0.23486731863009278 0.24136358437299102 0.0062838242193893152
decision_type=2 2 2 2 2 2 2 2 2 2 2 2 2 2
left_child=2 5 3 -1 -3 6 7 -2 9 -9 13 -12 -13 -7
right_child=1 4 -4 -5 -6 10 -8 8 -10 -11 11 12 -14 -15
leaf_value=0.0017798518735390859 0.0030672718268208187 -0.0043961573620477741 9.3640825761914211e-06 -0.002778412456440213 0.0025468426144700531 -0.00014919474247587991 0.00059581496330721444 -0.0035392501112446856 -0.007183024416416852 0.0021695718889899892 -0.0011629290742516765 -0.0072224066539807539 0.0015133547000632131 0.0064250213093953994
leaf_weight=3500.9653791338205 155.79984161257744 487.2884104847908 4400.0773078948259 250.2304145693779 103.30333605408669 2043.2265586256981 5806.0050414353609 351.61320880055428 220.44454543292522 232.53333574533463 3080.7925145179033 298.43633943796158 80.937392488121986 105.2460929453373
leaf_count=14075 626 1965 17671 1004 417 8198 23351 1414 886 936 12361 1202 326 423
internal_value=1.22625e-06 -0.000427606 0.000683181 0.00147249 -0.00317054 -0.000295473 0.000234712 -0.0019401 -0.00292267 -0.00126759 -0.000934741 -0.00163053 -0.00536324 0.000187023
internal_weight=21116.9 12965.6 8151.27 3751.2 590.592 12375 6766.4 960.391 804.591 584.147 5608.64 3460.17 379.374 2148.47
internal_count=84855 52105 32750 15079 2382 49723 27213 3862 3236 2350 22510 13889 1528 8621
is_linear=0
shrinkage=0.02


Tree=97
num_leaves=15
num_cat=0
split_feature=1 46 21 41 59 48 1 20 54 13 19 54 41 6
split_gain=15.3196 18.4215 13.5405 15.1628 12.6183 12.1511 12.8623 13.4611 12.1484 15.5667 14.9312 14.0605 14.0655 11.4254
threshold=7.9803482366883139e-05 -0.35206144883412549 0.3797921637584058 0.66545027853575289 -0.065996317052496756 -1.0000000180025095e-35 -0.00094498027294078661 -0.33298342411583093 -0.15581311962023101 0.002471059458996568 -0.47349096853629741 -0.95910496444086835 0.38455952386747899 0.00047663941553096836
decision_type=2 2 2 2 2 2 2 2 2 2 2 2 2 2
left_child=4 8 -3 -4 5 -1 7 -7 11 10 13 12 -2 -10
right_child=1 2 3 -5 -6 6 -8 -9 9 -11 -12 -13 -14 -15
leaf_value=0.0023815342816541382 0.0072761489520847848 -0.0017198073130822544 0.00086395775229361558 -0.0073161448321496878 -7.7249723008106759e-05 0.0037532838295949835 -0.0012205536939186065 0.00029433525486839858 0.0055244461836590677 0.0017684921171463844 -0.0025807893703493289 0.0036917887020035275 -0.00094154994854290023 -0.002231368253237772
leaf_weight=2309.1859664022923 89.157701715826988 4552.183268263936 1562.2803315967321 91.217098817229271 5483.8313545286655 663.9819668084383 1141.7666653841734 1378.0565514564514 179.47122232615948 880.52136161923409 1194.5696528255939 843.48893257975578 718.40416003763676 125.48965640366077
leaf_count=9296 359 18310 6260 366 22018 2689 4590 5527 720 3536 4805 3386 2882 503
internal_value=8.26058e-05 -0.000473823 -0.00115726 0.000391997 0.000601501 0.00127857 0.000476125 0.00142546 0.000578419 -0.000336206 -0.00157385 0.00189392 4.9034e-06 0.00234846
internal_weight=21213.6 10236.8 6205.68 1653.5 10976.8 5492.99 3183.81 2042.04 4031.1 2380.05 1499.53 1651.05 807.562 304.961
internal_count=85247 41127 24936 6626 44120 22102 12806 8216 16191 9564 6028 6627 3241 1223
is_linear=0
shrinkage=0.02


Tree=98
num_leaves=15
num_cat=0
split_feature=24 42 77 77 38 47 43 71 48 68 77 16 70 12
split_gain=19.0404 12.6861 13.3899 12.1521 13.6922 20.5957 15.7266 12.1743 15.5262 14.1558 12.2823 11.7254 11.8628 11.7129
threshold=0.8020524454174085 0.56165900724431583 0.35479104720854487 0.61672847038787038 8.2042534076190368 -0.4124860612920454 0.52856068149502733 0.011461325045481375 -0.60785761079279388 -1.5403001327523047 -0.019979394003378035 0.0023651112700130371 0.98680428882559024 -0.010381700806111633
decision_type=2 2 2 2 2 2 2 2 2 2 2 2 2 2
left_child=1 3 -3 4 6 -6 7 8 -1 -10 -11 -2 -13 -12
right_child=11 2 -4 -5 5 -7 -8 -9 9 10 13 12 -14 -15
leaf_value=0.0017901177063282473 -0.00024536744902804822 -0.00036724527976694094 -0.0056344880266023601 0.0030696280827785306 0.0010703566046641826 -0.001935243323958264 -0.0058232302839381191 0.0014139261160653744 0.0030355127509979875 -0.0027099579267079316 -0.0054839259798740644 -0.0040534186647070121 -0.00087953644134712203 0.0013661201310938029
leaf_weight=1250.2241817116737 3408.872049331665 729.77734161913395 257.87389385700226 735.25120159983635 1630.6111575961113 2057.2612611800432 136.12325981259346 6615.0338299274445 307.45698013901711 1322.7253082990646 111.20657026767731 799.01829035580158 1146.3911937326193 705.13471384346485
leaf_count=5028 13719 2929 1037 2950 6547 8257 547 26580 1235 5321 446 3214 4610 2827
internal_value=7.73085e-05 0.000425481 -0.00176397 0.000571436 0.000440457 -0.000606652 0.000810176 0.000900522 -1.88431e-05 -0.000945025 -0.00152291 -0.000953368 -0.00219016 0.000405265
internal_weight=21213 15858.7 987.651 14871 14135.8 3687.87 10447.9 10311.8 3696.75 2446.52 2139.07 5354.28 1945.41 816.341
internal_count=85247 63704 3966 59738 56788 14804 41984 41437 14857 9829 8594 21543 7824 3273
is_linear=0
shrinkage=0.02


Tree=99
num_leaves=15
num_cat=0
split_feature=41 37 47 72 39 10 44 10 39 10 61 6 13 10
split_gain=18.7355 12.8472 15.672 15.4289 11.3292 14.222 12.0786 12.8923 12.07 11.2713 11.478 11.9595 11.1824 13.1362
threshold=0.58539096318562278 3.6346871587574383 0.41248606129204557 0.8994403532693932 -0.13809639316257119 -0.0022649060263449567 0.076684968070351925 0.0068191545055032166 0.74317074516366033 0.015494134876082215 -1.1569857202048313 1.0000000180025095e-35 0.0027734729968860519 -0.0041856710937282623
decision_type=2 2 2 2 2 2 2 2 2 2 2 2 2 2
left_child=1 2 4 9 6 8 -1 -8 -6 10 11 -3 13 -4
right_child=-2 3 12 -5 5 -7 7 -9 -10 -11 -12 -13 -14 -15
leaf_value=-0.00016457366898637972 -0.0012214264235680806 -1.6016586085449619e-05 0.0039156454045372706 0.0050508948915320437 4.8202433699141904e-05 0.0019824615353271407 -0.0020828840843993245 -0.01303497432391131 -0.010182736978565796 -0.0053143010848977967 0.00082020215647799584 -0.0060806106914122393 0.0010259287427178611 -0.00284444252146639
leaf_weight=1748.0489115715027 3917.4237718433142 383.40502195060253 118.78926308453083 314.67911466956139 127.57586218416691 1787.7746517658234 158.59059303998947 55.325592592358589 67.203744575381279 122.801916629076 10012.623553812504 191.86625012755394 474.17955733835697 1745.0222604870796
leaf_count=7011 15774 1543 477 1268 512 7178 636 222 270 493 40238 772 1902 7004
internal_value=2.66545e-05 0.000309413 -0.000412221 0.000720617 0.000356924 0.00142148 -0.000719682 -0.00514847 -0.00364823 0.000591096 0.000662065 -0.00207366 -0.00170787 -0.00240427
internal_weight=21225.3 17307.9 6282.51 11025.4 3944.52 1982.55 1961.97 213.916 194.78 10710.7 10587.9 575.271 2337.99 1863.81
internal_count=85300 69526 25212 44314 15829 7960 7869 858 782 43046 42553 2315 9383 7481
is_linear=0
shrinkage=0.02


Tree=100
num_leaves=15
num_cat=0
split_feature=58 62 5 64 62 43 9 77 43 47 18 12 15 13
split_gain=15.2351 16.8545 14.5554 14.3389 16.347 14.4411 16.5071 14.0099 12.6621 11.7693 11.3029 10.867 17.1716 11.9855
threshold=0.20057576013970255 0.48918076807930544 -0.00055919690593069806 -0.8279774939914637 -0.59947768108382526 -0.091455359331993016 -0.0077117667029271515 0.08003061162138668 0.14696320001696112 0.41248606129204557 0.0025739593123073677 -0.00030043764328440699 0.0033696742433725921 0.0028002076207452758
decision_type=2 2 2 2 2 2 2 2 2 2 2 2 2 2
left_child=1 -1 -3 4 -2 -5 -7 -6 10 -8 -9 12 -11 -13
right_child=3 2 -4 5 7 6 9 8 -10 11 -12 13 -14 -15
leaf_value=0.0023908049631692165 0.0033586252816372305 -0.0023468182735144468 0.0019099326703175144 0.00079204406314125838 -0.0062879710592621861 0.0035504724926559588 -0.00013335023646737372 -0.007142723107851189 -0.0068773402147786593 0.00089467510852792422 0.0016757851288036207 -0.0026961394293609164 -0.005158283568100829 0.00089062121740502397
leaf_weight=1962.911541312933 161.00592668354511 750.77374747395515 554.18456582725048 4942.3553349375725 398.93891434371471 385.65704728662968 7187.7602989375591 64.056149616837502 123.26299087703228 1222.0713204741478 362.92981898784637 2464.129593372345 216.2779361307621 436.40319302678108
leaf_count=7893 647 3017 2228 19882 1602 1550 28873 257 497 4908 1456 9901 868 1753
internal_value=-3.31086e-05 0.00122193 -0.000538688 -0.000261682 -0.00245804 -0.000116325 -0.000493377 -0.00345712 -0.00136657 -0.000630156 0.000285478 -0.00145206 -3.01966e-05 -0.00215589
internal_weight=21232.7 3267.87 1304.96 17964.8 1110.19 16854.7 11912.3 949.188 550.249 11526.6 426.986 4338.88 1438.35 2900.53
internal_count=85332 13138 5245 72194 4459 67735 47853 3812 2210 46303 1713 17430 5776 11654
is_linear=0
shrinkage=0.02


Tree=101
num_leaves=15
num_cat=0
split_feature=1 46 19 62 59 21 21 46 43 11 35 4 66 43
split_gain=17.3179 17.1969 11.3837 14.6562 14.6135 10.8811 10.5548 10.3413 9.28358 9.86202 9.42642 9.26499 9.03235 13.9308
threshold=7.9803482366883139e-05 -0.35206144883412549 -0.45773486011170722 -0.56463892090986978 -0.74392196708149583 0.14838669296574328 0.34429666326185571 -0.16280825711808977 -0.13535929561026622 0.035460972328209169 0.69278209277758418 -0.0059834163159136764 0.31571604518165847 -0.58350760587964956
decision_type=2 2 2 2 2 2 2 2 2 2 2 2 2 2
left_child=2 8 3 -1 12 -4 -6 -3 10 -10 -2 -7 13 -5
right_child=1 7 5 4 6 11 -8 -9 9 -11 -12 -13 -14 -15
leaf_value=0.0040895018736602715 0.0030775883564663716 -0.003828522785011152 -0.00085172726342325753 -0.0052137390672318496 -0.00099165034458271995 -0.0058103197468087819 0.0054654203274038787 -0.0011152067778609357 -0.00040784744282215874 0.0056642743492445469 -0.0028792944404329845 0.00072447305800056301 0.0074526320560245113 0.0052018715893594018
leaf_weight=690.41116392612457 697.2381719648838 621.59559760987759 3163.3775430470705 78.708329200744629 1143.9747126102448 83.246150568127632 106.07261711359024 5559.5609466135502 3085.6631615161896 105.83268605172634 121.13360261917114 5403.1002085357904 166.77144503593445 128.38329100608826
leaf_count=2803 2801 2499 12693 320 4618 334 428 22341 12396 425 486 21677 679 522
internal_value=-0.000136269 -0.000729626 0.000415334 0.00165959 0.000617122 8.16538e-05 -0.000424145 -0.00139094 0.000290244 -0.000197946 0.00218373 0.000620118 0.00405835 0.00121367
internal_weight=21155.1 10191 10964 2314.32 1623.91 8649.72 1250.05 6181.16 4009.87 3191.5 818.372 5486.35 373.863 207.092
internal_count=85022 40948 44074 9370 6567 34704 5046 24840 16108 12821 3287 22011 1521 842
is_linear=0
shrinkage=0.02


Tree=102
num_leaves=15
num_cat=0
split_feature=1 49 60 67 24 63 36 17 22 47 68 74 36 63
split_gain=18.3092 13.031 13.3304 13.4514 11.9027 12.9028 14.4363 14.0751 11.7556 11.2998 11.7076 11.2853 10.9583 10.412
threshold=7.9803482366883139e-05 1.0000000180025095e-35 -3.4999999999999996 57.689450803095177 0.60530588888784864 0.15344369944890149 0.0065797078293081427 0.66022788345297256 0.79851648376743756 0.52778511650980109 1.2130706770269948 -4.4999999999999991 0.012351270990598087 0.30842837374891657
decision_type=2 2 2 2 2 2 2 2 2 2 2 2 2 2
left_child=1 2 3 -1 5 7 13 9 -3 10 12 -6 -2 -7
right_child=4 8 -4 -5 11 6 -8 -9 -10 -11 -12 -13 -14 -15
leaf_value=0.0031952126553973009 -0.0028994633393643232 -5.063355163669064e-05 0.00099051519109486885 0.014266778179081584 0.0064207668288003639 0.0020465154790398963 0.00064748456977857668 0.0002473692845231514 -0.0070551254306508125 -0.0045439425929290848 0.0038051285993924238 -0.0015719254845515574 0.0023162459773727827 0.0099377419067428439
leaf_weight=228.66015739738941 749.71079468727112 4688.1519226133823 5961.9132612347603 50.847147151827812 67.113707512617111 145.79516200721264 1075.0042960047722 3237.4629593789577 92.842659890651703 493.03269267082214 172.45675551891327 3949.8426230698824 200.81892383098602 123.99578063189983
leaf_count=921 3005 18846 23967 205 270 584 4308 12988 372 1976 691 15923 805 497
internal_value=2.65806e-05 0.000591775 0.00119327 0.00542465 -0.000583265 -3.34359e-05 0.00169642 -0.000513994 -0.000193883 -0.00203533 -0.000918702 -0.00143057 -0.00179118 0.00578815
internal_weight=21237.6 11022.4 6241.42 279.507 10215.2 6198.28 1344.8 4853.48 4780.99 1616.02 1122.99 4016.96 950.53 269.791
internal_count=85358 44311 25093 1126 41047 24854 5389 19465 19218 6477 4501 16193 3810 1081
is_linear=0
shrinkage=0.02


Tree=103
num_leaves=15
num_cat=0
split_feature=24 73 52 72 6 22 47 60 66 1 41 73 7 67
split_gain=15.2394 14.4543 14.809 14.1989 13.0275 16.3053 15.4067 11.8211 11.3196 11.0747 10.8673 11.5387 11.1514 10.8981
threshold=0.8020524454174085 -0.10990034497742666 4.4194989418143793 0.12006186236933984 -0.0012615531141625524 0.22005552801996442 -0.72947329433276253 -4.4999999999999991 -3.5638502447021119 0.0026009125450966587 0.38942596695767434 0.162184301021602 0.0023495757179844219 45.082861034213799
decision_type=2 2 2 2 2 2 2 2 2 2 2 2 2 2
left_child=1 8 3 -3 -5 6 10 -2 -1 -8 11 -6 13 -12
right_child=7 2 -4 4 5 -7 9 -9 -10 -11 12 -13 -14 -15
leaf_value=-0.0027260971897507588 0.0056097739782808732 0.0058158895646876216 0.0036074633031187163 0.0011135666455093513 0.010888291757705506 -0.0018103696195245619 -0.0010059861842201044 -0.0010392292148804039 0.0012754497401460635 0.003437749802481016 -0.0042875891178863687 0.0018918847803430059 0.0093028075055938513 0.0016647371930360183
leaf_weight=292.41981573402882 104.2764738202095 143.60481458902359 396.30048811435699 1784.4667716473341 101.12385573983192 3372.9324553459883 2722.0800497829914 5245.2094356864691 5891.4006452858448 239.56688694655895 152.79387421905994 128.89152783155441 55.554020807147026 553.96217861771584
leaf_count=1175 418 577 1589 7169 409 13535 10945 21111 23676 961 614 520 223 2226
internal_value=1.79053e-05 0.000329705 -0.000154015 -0.000316943 -0.00041674 -0.000789951 8.17035e-05 -0.000904504 0.00108418 -0.000641345 0.00223208 0.00599456 0.00106514 0.000356821
internal_weight=21184.6 15835.1 9651.28 9254.98 9111.37 7326.9 3953.97 5349.49 6183.82 2961.65 992.325 230.015 762.31 706.756
internal_count=85148 63619 38768 37179 36602 29433 15898 21529 24851 11906 3992 929 3063 2840
is_linear=0
shrinkage=0.02


Tree=104
num_leaves=15
num_cat=0
split_feature=24 37 47 22 57 11 74 7 18 55 18 37 3 35
split_gain=19.1928 13.2086 16.9814 14.1889 13.5517 12.211 12.0491 13.796 12.7625 17.8347 11.7152 11.5866 10.8395 13.5103
threshold=0.8020524454174085 1.9723727923555203 0.58216583101416164 0.27527113959913868 0.0051081180286441383 0.020039011778592467 -1.4999999999999998 -0.0017183281546236048 0.004133059182472777 -1.7328212136987726 0.0057281194194342385 5.9909628866413884 0.00012773841269153786 0.86233240206175255
decision_type=2 2 2 2 2 2 2 2 2 2 2 2 2 2
left_child=1 2 5 4 12 -1 7 11 -8 -10 -6 -5 -3 -14
right_child=-2 3 -4 6 10 -7 8 -9 9 -11 -12 -13 13 -15
leaf_value=-0.00069888931144274969 -0.00097839637211745694 -0.0010706095768627489 -0.0033786177321327038 -0.0090091374682003695 0.0020952269556699667 0.003250569725565432 -0.0013152878398234383 0.0025422767692222115 -0.0041879315326954188 0.0031613094008027683 -0.00083151531618270091 7.1587425536918776e-05 0.0020146811854757992 -0.00696174168624966
leaf_weight=1446.6673462241888 5327.8445507287979 1540.975477039814 767.87422274053097 73.104486018419266 4795.8775638192892 394.27323952317238 3027.7538543790579 1036.1418669372797 164.23332904279232 601.36239866912365 614.7312004417181 200.17534109950066 1104.4841892421246 66.536118343472481
leaf_count=5805 21444 6204 3083 293 19293 1580 12146 4157 659 2412 2473 803 4441 268
internal_value=5.93974e-05 0.00040879 -0.000890628 0.000665351 0.00118432 0.000153478 -0.000161103 0.00148956 -0.000732103 0.00156783 0.00176224 -0.0024758 3.0219e-05 0.00147722
internal_weight=21162 15834.2 2608.81 13225.4 8122.6 1840.94 5102.77 1309.42 3793.35 765.596 5410.61 273.28 2712 1171.02
internal_count=85061 63617 10468 53149 32679 7385 20470 5253 15217 3071 21766 1096 10913 4709
is_linear=0
shrinkage=0.02


Tree=105
num_leaves=15
num_cat=0
split_feature=41 1 42 1 1 21 23 54 38 56 56 55 77 61
split_gain=16.2084 12.9211 12.3549 11.5498 12.0882 11.3177 14.4597 12.9367 12.2958 10.9941 10.1365 11.2695 10.5151 10.076
threshold=0.60907443209557954 7.9803482366883139e-05 0.52222753434771263 0.0020459987678955213 -0.0021348822547213341 0.3797921637584058 1.2056285375437614 0.45866312036151197 6.6312444301936564 1.7708439948151533 1.1474043538031218 2.0535752486260432 0.085478361377381171 -1.0991184872359832
decision_type=2 2 2 2 2 2 2 2 2 2 2 2 2 2
left_child=1 -1 3 4 -2 6 8 -7 13 -9 -10 12 -12 -3
right_child=2 5 -4 -5 -6 7 -8 9 10 -11 11 -13 -14 -15
leaf_value=0.00063753020249884829 0.0052953957487171027 -0.005574835771902876 -0.0028691743781766033 0.0049651698828251821 -0.001423433395581249 0.0018711875236705985 0.00089538013508408398 -0.0018485451320298702 -0.0033050797035721331 0.0058847219973250419 -0.010102727598701171 0.0024133556275828727 0.00090306778995666781 -0.00025905156063553441
leaf_weight=9699.369620859623 112.76813863217831 145.63194292783737 1350.2121518999338 149.19729410111904 1187.8551449179649 1507.2057874649763 1430.9087861478329 816.03862702846527 1598.805099517107 75.903917372226715 63.312916234135628 286.1833434253931 69.095124661922455 2698.5716743916273
leaf_count=38999 452 584 5448 602 4781 6040 5763 3270 6426 304 254 1149 278 10830
internal_value=-8.01028e-05 0.000135854 -0.00149626 -0.000212195 -0.000822841 -0.00042403 -0.000869493 0.000743711 -0.00138933 -0.00116131 -0.00258169 0.000187669 -0.00453564 -0.000540542
internal_weight=21191.1 18391 2800.03 1449.82 1300.62 8691.66 6292.51 2399.15 4861.6 891.943 2017.4 418.591 132.408 2844.2
internal_count=85180 73897 11283 5835 5233 34898 25284 9614 19521 3574 8107 1681 532 11414
is_linear=0
shrinkage=0.02


Tree=106
num_leaves=15
num_cat=0
split_feature=45 66 42 63 70 6 40 36 15 19 56 71 3 59
split_gain=17.0584 11.6181 11.1046 13.9351 15.4505 12.3848 11.4424 11.5446 11.9588 11.0061 12.4064 10.3087 13.2344 12.1694
threshold=1.1832270783463805 4.9590657905758722 0.44955099324311215 -0.011698674701556664 0.25431466267084002 -0.0022960418006662073 1.5160049155952839 0.010739660119908239 0.0018018477825530973 -0.61078097308022927 2.0871231664085212 0.0079771294712831283 -0.00031916815711558664 0.36163460223360078
decision_type=2 2 2 2 2 2 2 2 2 2 2 2 2 2
left_child=2 11 3 6 -5 -6 7 8 -1 -4 -11 12 -2 -13
right_child=1 -3 9 4 5 -7 -8 -9 -10 10 -12 13 -14 -15
leaf_value=0.00076466660477019898 -0.0060927038886076229 0.0048279520224780567 0.0012482359896873469 -0.0066253074970544917 0.0065207105810048075 0.0019159701156206785 -0.0036189096573101122 0.0029075907797561596 -0.0037399256978195433 -0.0002011754355119428 -0.0045751942646767504 -0.00029671357623195038 0.004659744085834667 -0.002711982640484114
leaf_weight=749.30050531029701 53.787552669644356 117.68815569579601 2176.55990421772 72.707719534635544 261.30065611004829 1998.8305354863405 309.81007324159145 544.61577117443085 338.12948615849018 10661.372218206525 260.87584060430527 1414.7739632576704 207.02683746814728 2034.0298961699009
leaf_count=3020 217 474 8778 292 1050 8028 1249 2196 1362 42756 1046 5709 835 8212
internal_value=-2.61658e-05 -0.00123396 0.000240186 0.00112466 0.00216478 0.00246156 -0.000127232 0.00054462 -0.000646715 -4.87754e-05 -0.000307694 -0.00143252 0.00236938 -0.00172305
internal_weight=21200.8 3827.31 17373.5 4274.69 2332.84 2260.13 1941.86 1632.05 1087.43 13098.8 10922.2 3709.62 260.814 3448.8
internal_count=85224 15447 69777 17197 9370 9078 7827 6578 4382 52580 43802 14973 1052 13921
is_linear=0
shrinkage=0.02


Tree=107
num_leaves=15
num_cat=0
split_feature=8 63 3 38 47 47 6 17 66 72 56 61 10 3
split_gain=13.1785 11.4061 11.0191 11.6521 23.0224 12.4669 12.1586 11.2205 10.768 10.7345 11.5814 10.9711 12.7085 14.3542
threshold=0.003484288381435973 0.97337330727746918 0.0026005986844061806 4.8897481952158008 0.29012925520284133 0.097964660725097394 -0.00055919690593069806 0.62516180574374569 -3.4138338879927956 0.11184953864868613 1.7149343966520403 -1.2323922808660872 -0.0026011243030282082 0.0014782963440499173
decision_type=2 2 2 2 2 2 2 2 2 2 2 2 2 2
left_child=2 -2 3 5 -5 -1 -6 -4 -7 10 -10 -11 13 -13
right_child=1 -3 7 4 6 8 -8 -9 9 11 -12 12 -14 -15
leaf_value=-4.8736643146220426e-05 -0.001529652853152059 0.0021748488480637391 0.0092311729061221575 0.00049512767209738322 0.00015681032891994256 -0.0034941531719141941 -0.0023348235908874468 0.0017029023430983478 0.0067527775930573217 -0.0042055832596544938 -0.0023949500850170271 0.0037165443342097944 0.00055075613697277222 -0.0033180232009478706
leaf_weight=3921.3870255053043 2847.0692649632692 371.88933506608009 83.522521317005157 5650.2817046493292 1144.7578594535589 157.75562471151352 2472.4758864492178 797.18574647605419 289.44012622535229 128.81393198668957 65.477078750729561 1269.8595725148916 1839.5987813621759 123.80400125682354
leaf_count=15764 11471 1501 335 22698 4597 634 9933 3200 1163 518 263 5114 7385 498
internal_value=7.8392e-05 -0.00109896 0.000289839 0.000176887 -0.000302409 0.000746469 -0.00154716 0.00246493 0.00155027 0.00176877 0.00505533 0.00141483 0.0016449 0.00308201
internal_weight=21163.3 3218.96 17944.4 17063.7 9267.52 7796.14 3617.23 880.708 3874.75 3716.99 354.917 3362.08 3233.26 1393.66
internal_count=85074 12972 72102 68567 37228 31339 14530 3535 15575 14941 1426 13515 12997 5612
is_linear=0
shrinkage=0.02


Tree=108
num_leaves=15
num_cat=0
split_feature=41 22 46 73 37 62 73 7 28 37 20 7 36 69
split_gain=17.6159 15.9466 13.4094 14.778 11.1393 12.0608 11.9585 10.8433 10.4657 12.7877 9.7892 9.67776 13.1083 9.63206
threshold=0.58700360449703637 0.34489851207869177 -0.81241147629688981 -1.0069072736859346 9.3856764854888706 -0.76363194476161078 0.18902166484718128 -0.0011399357906028515 3.6043856826985539 2.6817830028268506 0.43317777799220064 0.0020015252585233638 0.0095422160497719791 -2.1143280313234318
decision_type=2 2 2 2 2 2 2 2 2 2 2 2 2 2
left_child=1 4 3 -3 5 13 7 10 9 -5 -6 -2 -13 -1
right_child=11 2 -4 8 6 -7 -8 -9 -10 -11 -12 12 -14 -15
leaf_value=0.0073540701035610875 -0.0014844177774089907 -0.0047791548618467631 -0.00093204177586321275 -0.001385519950178125 -0.0016456509431985642 0.00023337126751043721 -0.00087195494770702666 0.0042389396453183558 0.009643261804444591 0.0032982613739722332 0.0063947249014881784 0.0085227424539703004 -5.8850996908133959e-05 0.0016531725820221846
leaf_weight=124.05616734921932 3365.6527613699436 132.19227483868599 4766.6326912641525 354.79512423276901 271.2028741389513 7998.3076079934835 368.57295228540897 994.19090990722179 65.739100605249405 662.57899676263332 72.584824532270432 83.970887362957001 356.0847362279892 1559.2416510730982
leaf_count=499 13559 530 19126 1423 1094 32151 1484 4006 264 2657 291 338 1435 6270
internal_value=0.000111904 0.000381963 -0.000453908 0.00141755 0.000821033 0.000557759 0.00230865 0.00318479 0.00219233 0.00166607 0.000119271 -0.00111959 0.00165603 0.00209385
internal_weight=21175.8 17370.1 5981.94 1215.31 11388.2 9681.61 1706.55 1337.98 1083.11 1017.37 343.788 3805.71 440.056 1683.3
internal_count=85127 69795 24000 4874 45795 38920 6875 5391 4344 4080 1385 15332 1773 6769
is_linear=0
shrinkage=0.02


Tree=109
num_leaves=15
num_cat=0
split_feature=41 1 21 17 62 2 0 74 62 14 0 48 76 19
split_gain=15.0331 12.015 16.0228 14.1605 12.6946 11.7493 11.3679 10.8559 14.1814 10.3771 9.70955 9.48502 15.9327 14.3165
threshold=0.61552308621798968 0.00012773841269153786 0.3833401682074869 0.79951031637979786 -0.25333379972869885 -0.00082531916596744338 0.00054129211463849062 -1.4999999999999998 -0.74322574309554434 0.00046979431449879235 0.00083606701690107854 -0.60785761079279388 -0.36969699090990493 -0.30876938616684674
decision_type=2 2 2 2 2 2 2 2 2 2 2 2 2 2
left_child=1 11 3 7 -5 6 -2 8 -3 -7 -8 13 -13 -1
right_child=5 2 -4 4 -6 9 10 -9 -10 -11 -12 12 -14 -15
leaf_value=0.0037586701134902645 -0.0038544804578182859 0.0051675547384768331 0.0011425220074969612 0.0018167090622933919 -0.00077453899859277668 0.0063151345208955594 0.010042196039935634 -0.002463429339931507 -0.0015156969407467225 -0.0024055099807429197 0.0013378632623916936 -0.00094366523286052958 0.0010474672629289777 0.00074446538891057143
leaf_weight=932.82256786525249 150.41852542757988 180.94428677856922 2361.0713957697153 1120.6371401697397 2299.5006572008133 51.568717643618584 52.838359594345093 2248.0830202400684 396.04056556522846 1837.8628608286381 473.93246138095856 2434.0163739472628 4711.5534072518349 1932.5880237072706
leaf_count=3781 603 727 9462 4505 9238 208 212 9038 1591 7416 1908 9788 18933 7753
internal_value=9.05668e-05 0.000288487 -0.000259424 -0.000789936 7.5918e-05 -0.00134284 0.000912522 -0.00183645 0.000606582 -0.00215146 0.00229717 0.000759412 0.000369036 0.00173057
internal_weight=21183.9 18617.3 8606.28 6245.21 3420.14 2566.62 677.189 2825.07 576.985 1889.43 526.771 10011 7145.57 2865.41
internal_count=85163 74816 34561 25099 13743 10347 2723 11356 2318 7624 2120 40255 28721 11534
is_linear=0
shrinkage=0.02


Tree=110
num_leaves=15
num_cat=0
split_feature=33 23 40 12 62 52 61 27 77 5 62 45 2 21
split_gain=12.4979 11.3847 11.8996 11.7986 13.1072 12.6127 12.47 11.8691 13.2891 11.0078 19.0817 17.3811 13.6378 13.0129
threshold=65.74449812146554 0.63091586846437664 1.2594808469052907 0.00058185614932623915 -0.30047066678918583 -0.89058364471797824 0.20012699245379231 -0.28941067346199278 0.020346957581921173 -0.0010074219909213321 2.5263867040441155 -0.6865489732965967 -0.003048944614809587 0.3593495538014792
decision_type=2 2 2 2 2 2 2 2 2 2 2 2 2 2
left_child=1 2 3 6 5 -5 7 -1 -9 10 11 12 -3 -13
right_child=-2 9 -4 4 -6 -7 -8 8 -10 -11 -12 13 -14 -15
leaf_value=0.0019881297437816868 -0.0011370725637343292 -0.0028782561618315144 -0.0043661803236660973 -0.0098805175328603861 0.00098854994342323366 -0.0020106385648202439 0.0043766893846608123 -0.004209885533099064 0.00048879714952628742 0.00083111445691538344 -0.0054248772728490565 -0.0022169792401512838 0.0023968225873804362 0.0013901438878494825
leaf_weight=705.77116647362709 3487.8111309111118 227.26010024547577 323.95396316051483 82.047090902924538 614.25072184205055 1395.2817826271057 304.39953580498695 396.14404429495335 599.97687362134457 9445.3373980522156 279.52504596114159 1481.0854108631611 1270.9829278737307 543.52796642482281
leaf_count=2833 14091 915 1299 329 2462 5595 1220 1587 2405 37960 1123 5940 5125 2177
internal_value=-4.3876e-05 0.000172172 -0.000706026 -0.000411707 -0.00146113 -0.00247957 0.000683238 1.1744e-05 -0.0013915 0.000465453 -0.000442772 -4.03324e-05 0.00158976 -0.00124757
internal_weight=21157.4 17669.5 4421.83 4097.87 2091.58 1477.33 2006.29 1701.89 996.121 13247.7 3802.38 3522.86 1498.24 2024.61
internal_count=85061 70970 17730 16431 8386 5924 8045 6825 3992 53240 15280 14157 6040 8117
is_linear=0
shrinkage=0.02


Tree=111
num_leaves=15
num_cat=0
split_feature=60 24 36 0 63 21 12 65 65 10 20 23 6 14
split_gain=15.485 13.3567 10.0509 10.34 12.2344 11.1832 11.5705 13.5491 15.8902 12.5499 12.1491 13.4299 11.971 10.6945
threshold=1.5000000000000002 0.12033061906183025 0.0017931264414758573 -0.0038281146342761291 -0.67076078786702631 0.14424754447192586 -0.003318597242013686 -0.048782473364915861 -0.6763825562384389 -0.022880094949706678 -0.78004496054622863 0.57983218861687147 -0.0019519258688028729 0.000803680663134826
decision_type=2 2 2 2 2 2 2 2 2 2 2 2 2 2
left_child=2 -2 -1 -4 -5 -6 7 8 9 -7 -8 12 -12 -11
right_child=1 -3 3 4 5 6 10 -9 -10 13 11 -13 -14 -15
leaf_value=0.007551305398765037 0.0013640418797574419 -0.0014108940614503086 0.0025458446400027628 -0.0031087839711688237 -0.00045045200747225323 -0.0041230252486829664 0.0082813660408564572 0.0036896282742167304 -0.001499877017077027 0.01050841532470643 0.0033793512705895452 0.00049073238892231744 -0.0027821103848754431 0.0019385692237292899
leaf_weight=70.915719524025917 821.6128377020359 4337.9401325434446 746.95066790282726 444.11213581264019 5716.4219046533108 129.1630822122097 66.312245324254036 883.67830492556095 812.27891407907009 55.497692197561264 140.70168451964855 4167.0756937563419 963.49653898179531 1843.4476837366819
leaf_count=285 3297 17454 3026 1793 22991 519 267 3551 3262 223 564 16735 3862 7402
internal_value=-1.5603e-05 -0.000968117 0.000290995 0.0002564 0.000143259 0.000242008 0.000678844 0.00153363 0.000857564 0.00180311 8.158e-05 -2.93227e-05 -0.0019853 0.00221597
internal_weight=21199.6 5159.55 16040.1 15969.1 15222.2 14778.1 9061.65 3724.07 2840.39 2028.11 5337.59 5271.27 1104.2 1898.95
internal_count=85231 20751 64480 64195 61169 59376 36385 14957 11406 8144 21428 21161 4426 7625
is_linear=0
shrinkage=0.02


Tree=112
num_leaves=15
num_cat=0
split_feature=24 41 14 32 70 16 1 56 47 13 4 3 38 66
split_gain=12.743 11.7106 13.4117 10.5083 10.7653 13.5605 10.8383 12.952 11.7089 11.6248 11.1174 10.7276 10.182 10.0792
threshold=0.8020524454174085 0.66968750385790254 0.0018744671877122066 0.16549207140201155 0.83940342814468105 0.0026736486668617675 6.4003569068198072e-05 1.7934849389405747 0.032701564615071219 0.0013508535430325488 -0.0022960418006662073 -0.00022721582060343561 4.4810519221510985 -3.909198725150941
decision_type=2 2 2 2 2 2 2 2 2 2 2 2 2 2
left_child=1 13 12 4 5 -2 8 9 11 -8 -10 -6 -3 -1
right_child=3 2 -4 -5 6 -7 7 -9 10 -11 -12 -13 -14 -15
leaf_value=-0.003365559340994707 -0.00063121421094037959 -0.0096406291385999193 0.0023787944512771979 -0.002256735639326025 0.0068275007423920136 -0.0057288648239652365 -0.004226468581451987 -0.010262634589317303 -0.006511758706250129 0.0012759844314472208 0.0011739686784510513 0.0015153339547220809 -0.0023463605924474717 0.00058553243773560248
leaf_weight=257.8556919246912 1821.1407105624676 107.42722864449024 153.044318318367 1319.2041652202606 279.0096737742424 231.03669428825378 207.4813819527626 50.497651875019073 84.125144556164742 549.14472632110119 479.71179439127445 335.36639833450317 255.3107852935791 15039.028035789728
leaf_count=1036 7317 431 615 5348 1118 928 837 203 337 2211 1923 1345 1028 60437
internal_value=0.000132005 0.000417597 -0.00253215 -0.000710646 -0.000203316 -0.00121764 0.000845587 -0.000936456 0.00206516 -0.000250734 -1.9909e-05 0.00396342 -0.00460831 0.000517852
internal_weight=21169.4 15812.7 515.782 5356.72 4037.51 2052.18 1985.34 807.124 1178.21 756.626 563.837 614.376 362.738 15296.9
internal_count=85114 63547 2074 21567 16219 8245 7974 3251 4723 3048 2260 2463 1459 61473
is_linear=0
shrinkage=0.02


Tree=113
num_leaves=15
num_cat=0
split_feature=3 33 69 37 66 27 75 46 73 41 21 22 77 38
split_gain=14.1527 11.9285 14.7582 13.3808 15.1071 15.8775 13.0025 11.6098 15.1602 11.4558 9.74255 10.7803 14.2536 14.8079
threshold=-0.003267645410552376 34.759044940277008 -3.1442867301907378 9.0598701428281867 1.2278489110186679 -1.9074047970951533 0.9929651571333441 -0.83146961230254501 -0.47737419326012026 0.33571399886808612 0.26236820269437255 0.20382210902821801 -0.11905628000321992 4.9300292472344047
decision_type=2 2 2 2 2 2 2 2 2 2 2 2 2 2
left_child=7 2 -2 4 5 -4 -6 8 -1 -7 11 -3 -13 -14
right_child=1 10 3 -5 6 9 -8 -9 -10 -11 -12 12 13 -15
leaf_value=-0.00025611326942650496 -0.0040942531073854998 -0.00010835471269569169 -0.0038359292241758316 0.0037720811878321132 0.0038015831676000596 0.00598628593531925 -0.0043701545215263718 0.00074648125963533321 0.0082875837712613216 -0.00022595097815734556 0.00012504517247661104 -0.0033649386596111509 0.00063875009375951523 -0.0017831094337440981
leaf_weight=133.84604315459728 210.03120563924313 4426.2458625286818 440.56042881309986 676.9685855358839 637.57363659143448 138.41282767057419 84.3963952511549 909.09067940711975 212.75929047167301 688.23135903477669 7094.3121794015169 1192.3934962302446 1587.9524608552456 2758.8568144291639
leaf_count=538 849 17820 1782 2741 2583 564 342 3654 855 2780 28447 4778 6372 11100
internal_value=-0.00011058 -0.000240481 0.000949927 0.00135421 0.000523954 -0.000791747 0.00282284 0.00194455 0.0050316 0.000843959 -0.000441397 -0.000844502 -0.00143211 -0.000898652
internal_weight=21191.6 19935.9 2876.17 2666.14 1989.17 1267.2 721.97 1255.7 346.605 826.644 17059.8 9965.45 5539.2 4346.81
internal_count=85205 80158 11641 10792 8051 5126 2925 5047 1393 3344 68517 40070 22250 17472
is_linear=0
shrinkage=0.02


Tree=114
num_leaves=15
num_cat=0
split_feature=8 14 73 67 21 44 59 8 70 46 67 21 58 21
split_gain=17.634 16.3694 14.4542 13.3026 13.9553 12.1075 11.9753 11.7085 11.0568 11.4708 13.9777 12.1016 11.5092 11.7808
threshold=0.003484288381435973 0.0017771678632978684 -0.11740206110020442 27.080983520798132 0.30246663861721068 -0.36558131700597557 0.4791207654895831 0.00026520917733110816 0.97811368997225612 0.72947329433276253 62.349959000122873 0.41226828232196694 0.85351514365375225 0.63546258905092556
decision_type=2 2 2 2 2 2 2 2 2 2 2 2 2 2
left_child=2 -2 3 5 -5 -1 7 -6 9 12 11 -11 -4 -14
right_child=1 -3 8 4 6 -7 -8 -9 -10 10 -12 -13 13 -15
leaf_value=0.0036917739470502739 -0.0040635134206649095 -0.00064723173497208456 0.00013159478777108885 0.00041642776768502186 0.0017310130493223385 -0.0059351182509425702 -0.0014893932486322627 0.0048996482010265621 0.000602452460254171 -0.0021688963434180943 -0.0054570967160343584 0.0023331554299436479 -0.0017305832651243875 -0.010710754704717109
leaf_weight=66.804909363389015 715.29456329345703 2549.5445622354746 4550.7458825111389 4344.1485134214163 1309.5955745875835 195.81044727563858 284.06420683860779 727.90423510968685 3895.5609119832516 1062.5978994816542 386.72608888149261 303.20154266059399 765.09465269744396 58.65888187289238
leaf_count=268 2897 10264 18294 17470 5267 787 1139 2917 15648 4273 1554 1216 3076 235
internal_value=-4.9912e-05 -0.00140078 0.000196099 0.000911595 0.00108641 -0.00346298 0.0023365 0.00287224 -0.00025384 -0.000721976 -0.00212464 -0.0011646 -0.000263042 -0.00243082
internal_weight=21215.8 3264.84 17950.9 6928.33 6665.71 262.615 2321.56 2037.5 11022.6 7127.02 1752.53 1365.8 5374.5 823.754
internal_count=85305 13161 72144 27848 26793 1055 9323 8184 44296 28648 7043 5489 21605 3311
is_linear=0
shrinkage=0.02


Tree=115
num_leaves=15
num_cat=0
split_feature=24 51 47 11 45 23 52 35 44 3 25 39 72 46
split_gain=14.4384 12.9563 19.4237 17.8809 13.8024 12.9279 13.285 12.9094 12.7999 12.6233 12.1355 11.0511 12.3278 12.1937
threshold=0.8020524454174085 0.54294047102097143 0.91037613702198772 0.027114583495625511 2.1658409537300161 0.93707348414417069 1.4261631956134193 0.8036939387648695 -0.77462781795265456 0.0009323700816975145 4.5000000000000009 -0.3152536326229381 0.15758201817648645 0.47114434510950071
decision_type=2 2 2 2 2 2 2 2 2 2 2 2 2 2
left_child=1 4 3 5 11 6 9 -8 -4 -3 -2 12 -1 -13
right_child=10 2 8 -5 -6 -7 7 -9 -10 -11 -12 13 -14 -15
leaf_value=0.0041534755900368625 -0.0006445746045947629 -0.00091309883868184835 -0.0087114687516519022 0.0041572231881067262 -0.0060217400495759313 0.00094693474166579049 -0.0017904198039764251 -0.0087619053218432452 -0.0021021851518657994 0.0043327968784330475 -0.0055044026967213354 0.00080568374455108991 0.0011371348075776134 -0.0014018496131651234
leaf_weight=608.21757039427757 5140.5170314311981 548.33673471212387 142.00243557989597 384.44880963861942 113.07763831317425 1856.7098924964666 1570.3303767740726 109.53864997625351 606.88102374970913 269.78508737683296 209.24349065124989 3445.2189218699932 4751.4144597500563 1404.9222377389669
leaf_count=2442 20689 2199 570 1541 456 7465 6296 441 2439 1082 853 13872 19081 5658
internal_value=5.80316e-05 0.000361929 -0.000423026 5.12633e-05 0.000779245 -0.000315578 -0.001254 -0.00226966 -0.0034049 0.000832607 -0.000839618 0.000857479 0.00148298 0.000165451
internal_weight=21160.6 15810.9 5488.03 4739.15 10322.9 4354.7 2497.99 1679.87 748.883 818.122 5349.76 10209.8 5359.63 4850.14
internal_count=85084 63542 22033 19024 41509 17483 10018 6737 3009 3281 21542 41053 21523 19530
is_linear=0
shrinkage=0.02


Tree=116
num_leaves=15
num_cat=0
split_feature=42 24 24 23 37 63 35 12 66 7 56 61 59 70
split_gain=14.7051 13.1454 17.0544 12.3372 12.0035 11.7312 11.1294 10.8696 12.5122 10.8442 15.475 12.8791 11.33 10.2157
threshold=0.44955099324311215 0.29695327261354726 4.0842177876299193e-05 0.63091586846437664 1.2870702471023399 -1.0000000180025095e-35 0.54186067918525416 -0.0064571605955363624 1.2895273412979236 -0.0014832970616147482 0.71468259371230924 0.90035763603021657 -0.18036286374323354 0.98317501554684295
decision_type=2 2 2 2 2 2 2 2 2 2 2 2 2 2
left_child=5 2 6 -4 -5 -1 -2 8 -7 10 12 13 -3 -12
right_child=1 9 3 4 -6 7 -8 -9 -10 -11 11 -13 -14 -15
leaf_value=-0.00013990229135794283 -0.0044728474127816407 -0.00014957072452628054 -0.001020049528673046 -0.0028518507479376584 0.0017164587208794682 0.0027549210268720194 0.0051583991811999267 0.00094020259778317009 0.0098700487370896924 -0.00037009846117574117 -0.0030867582059280934 0.004849666541433934 -0.0063888283253235546 0.00031657340057440877
leaf_weight=2007.579346999526 373.91366891562939 159.78362061083317 1059.4788372665644 241.69068039953709 3518.8686456829309 768.39131352305412 50.703054249286652 1635.396605655551 110.12015099823475 9282.0986414551735 736.88262744247913 137.10595977306366 426.38377916812897 671.06048192083836
leaf_count=8094 1504 641 4249 968 14167 3089 203 6571 443 37319 2958 552 1714 2694
internal_value=-1.06346e-05 -0.000285237 0.000543225 0.000882735 0.00141946 0.00100025 -0.00327614 0.00190923 0.0036976 -0.000666004 -0.00195088 -0.000894696 -0.00470372 -0.00146927
internal_weight=21179.5 16658 5244.65 4820.04 3760.56 4521.49 424.617 2513.91 878.511 11413.3 2131.22 1545.05 586.167 1407.94
internal_count=85166 66969 21091 19384 15135 18197 1707 10103 3532 45878 8559 6204 2355 5652
is_linear=0
shrinkage=0.02


Tree=117
num_leaves=15
num_cat=0
split_feature=26 63 38 73 48 6 56 37 24 26 47 6 35 35
split_gain=12.5147 14.7339 11.7167 11.3862 12.978 10.4798 13.0137 15.6586 11.5187 10.8383 10.7029 9.93412 10.1283 9.76892
threshold=0.7131785965104761 1.1227704790980766 8.2042534076190368 -0.61835347038280652 -0.8783796973249266 -0.0016828453674345098 1.7708439948151533 2.9157246944645903 0.18568961939991815 0.38209645244577273 0.99465189230620699 0.00081685203910659043 0.67626780142872855 0.53495855705628148
decision_type=2 2 2 2 2 2 2 2 2 2 2 2 2 2
left_child=5 3 -3 -2 11 6 7 -1 -8 13 -11 12 -5 -7
right_child=1 2 -4 4 -6 9 8 -9 -10 10 -12 -13 -14 -15
leaf_value=-0.0012807861559221826 -0.006076403839456004 -0.00077068801381372952 0.0071309209563659081 0.001227699148611668 -0.00071567247718356251 -0.00016681718095894432 0.0038759612002662791 0.0024948126420004709 -0.0045833534928980168 0.0013836904749123236 -0.0058278306127435269 0.0013272041958448319 -0.0084970727132277941 -0.0031067770309746424
leaf_weight=549.3501393198967 204.07779379189014 152.26006603240967 141.39458745718002 51.674381956458092 2457.4159400314093 11751.907088041306 82.046984046697617 2137.9089776873589 248.57960489392281 2490.1137377917767 80.263928353786469 79.437309369444847 216.41529206931591 465.21703946590424
leaf_count=2202 825 615 571 209 9939 47211 331 8595 997 9995 323 323 880 1864
internal_value=-2.20236e-05 -0.00115179 0.00308962 -0.00157015 -0.00123206 0.000187797 0.00126081 0.00172203 -0.00245765 -3.15398e-05 0.00114762 -0.00482158 -0.00663446 -0.000279993
internal_weight=21108.1 3302.68 293.655 3009.02 2804.94 17805.4 3017.89 2687.26 330.627 14787.5 2570.38 347.527 268.09 12217.1
internal_count=84880 13362 1186 12176 11351 71518 12125 10797 1328 59393 10318 1412 1089 49075
is_linear=0
shrinkage=0.02


Tree=118
num_leaves=15
num_cat=0
split_feature=1 21 17 61 47 4 5 11 63 72 9 33 9 41
split_gain=13.6519 15.0244 13.9553 12.4136 10.3242 12.3828 11.9972 18.9569 9.80904 9.63072 9.57406 16.0514 11.0814 10.1871
threshold=7.9803482366883139e-05 0.39024334530159849 0.59270887418420204 -1.1279154457442939 0.84874750804349197 -0.00055919690593069806 0.00076111161645678078 -0.0071893926597147474 -1.3387072399630819 0.11606976767959122 0.0051830406072169528 83.601475319004649 0.0023676382715698695 0.51634952003031398
decision_type=2 2 2 2 2 2 2 2 2 2 2 2 2 2
left_child=8 2 4 9 5 6 7 -2 -1 -4 12 -12 -3 -14
right_child=1 10 3 -5 -6 -7 -8 -9 -10 -11 11 -13 13 -15
leaf_value=-0.0042170258686091812 0.0079238444498753828 0.00056353700644093852 0.0021777106915395177 -0.00028878295137207879 -0.005955900253911928 -0.00064000252497639827 -0.0098216182673747029 -0.0047230545610786826 0.00059156853531518996 -0.0073283393382058614 -0.0029209204061279199 0.0071070247727186 0.00090083087231641195 0.0064827228906789106
leaf_weight=167.45643681287766 53.071067497134209 1570.7404676675797 53.807537451386452 5557.3285956531763 286.01110665500164 1051.2938808649778 122.69805805385113 258.92531421780586 10792.619464322925 169.86908268928528 466.84487934410572 69.003565028309822 245.13280892372131 279.98612853884697
leaf_count=677 213 6296 216 22365 1152 4235 494 1041 43405 682 1872 277 982 1123
internal_value=2.64405e-05 -0.00050061 -0.000953902 -0.000476968 -0.00250414 -0.00182203 -0.00464093 -0.00248075 0.00051621 -0.00504395 0.000799681 -0.00157581 0.00140933 0.00391009
internal_weight=21144.8 10184.7 7553 5781.01 1772 1485.99 434.694 311.996 10960.1 223.677 2631.71 535.848 2095.86 525.119
internal_count=85030 40948 30398 23263 7135 5983 1748 1254 44082 898 10550 2149 8401 2105
is_linear=0
shrinkage=0.02


Tree=119
num_leaves=15
num_cat=0
split_feature=1 17 67 77 69 72 54 9 29 59 17 24 23 26
split_gain=12.9203 13.2181 12.5955 11.5142 10.4685 10.3533 12.7654 12.6095 10.2242 11.7541 9.38269 11.3949 12.7753 12.2778
threshold=7.9803482366883139e-05 0.80310500265674623 22.733342417925936 -1.0033766269341811 -2.4214579552090121 0.29870784733416017 1.1119712098773278 -0.0066682446887863346 -4.2469295222225378 0.46311609776268142 0.77693921505073504 0.085554756346381503 0.50957989043892138 -0.013627005271561686
decision_type=2 2 2 2 2 2 2 2 2 2 2 2 2 2
left_child=2 5 -1 4 -4 6 8 -7 -2 -10 11 12 -9 -14
right_child=1 -3 3 -5 -6 7 -8 10 9 -11 -12 -13 13 -15
leaf_value=-0.0066884029560085488 -0.00100130345808845 0.00012212117259877513 0.0040313054549240192 0.00060075014056697391 -0.0049130725936228645 0.0055650353467164198 -0.0057988155872557533 -0.0061406359369120447 0.0043323646453460795 -0.0032252712895352387 -0.0060265855003615908 -0.0022085109455976014 -0.00024889591548419952 0.0070249420346759489
leaf_weight=93.779247716069221 503.33526088297367 5325.0023328661919 60.988380014896393 10572.589546263218 263.49867685139179 85.235045537352562 116.80646261572838 74.413685187697411 440.22278039157391 97.122654110193253 215.11071649193764 2950.6492875665426 230.35606136918068 150.09939171373844
leaf_count=377 2022 21406 246 42521 1063 343 471 298 1770 392 865 11870 925 601
internal_value=-5.34764e-05 -0.000566402 0.000422039 0.00048627 -0.00319628 -0.00131963 0.000330467 -0.00183478 0.00104286 0.00294922 -0.00201641 -0.00175465 0.0011815 0.00267472
internal_weight=21179.2 10188.4 10990.9 10897.1 324.487 4863.35 1157.49 3705.86 1040.68 537.345 3620.63 3405.52 454.869 380.455
internal_count=85170 40963 44207 43830 1309 19557 4655 14902 4184 2162 14559 13694 1824 1526
is_linear=0
shrinkage=0.02


Tree=120
num_leaves=15
num_cat=0
split_feature=41 21 24 66 53 13 41 17 13 54 17 44 39 52
split_gain=14.7011 14.4437 10.6794 10.2142 9.99617 9.02062 8.68144 13.3897 13.0329 8.80754 10.9627 14.208 15.1697 10.8827
threshold=0.46058442161871527 0.37613465211853331 0.90326623727532962 -4.497619380804676 29.32641485361032 0.00042617433148611615 0.47215667705612446 0.65673712212593438 0.0023607452400376443 -0.17527470870737241 1.4802543043228942 1.0179845942839012 1.4476521256673933 -0.50869768053263786
decision_type=2 2 2 2 2 2 2 2 2 2 2 2 2 2
left_child=2 3 -1 -2 -5 -6 7 -3 -9 13 11 -11 -13 -8
right_child=1 6 -4 4 5 -7 9 8 -10 10 -12 12 -14 -15
leaf_value=0.00082512482769920507 -0.0081192932691847366 -0.0085449238715200413 -0.0020138717633379336 0.0025746300666521522 0.0042128649560947678 -0.0010242812610564956 0.00046873971121340569 0.0047936582899339242 -0.0056520975219218087 0.00020254719124689405 0.0043922357014201446 -0.011019406048534233 -0.0003943827832695377 0.0040259678221977995
leaf_weight=7933.6710606664419 72.222239077091217 97.205824822187424 563.20221255719662 331.10255311429501 128.80727350711823 8426.3339426368475 744.32356975972652 109.61566731333733 76.955564826726913 1644.1938199549913 204.60637101531029 93.924194917082787 118.54924474656582 637.05624642968178
leaf_count=31929 290 390 2261 1328 519 33909 2988 440 309 6591 820 377 476 2556
internal_value=-7.69428e-06 -0.000438863 0.000635873 -0.000873992 -0.000810573 -0.000943015 0.000606971 -0.00272575 0.000450002 0.000885241 5.60761e-05 -0.000432286 -0.00523655 0.00211784
internal_weight=21181.8 12684.9 8496.87 8958.47 8886.24 8555.14 3726.43 283.777 186.571 3442.65 2061.27 1856.67 212.473 1381.38
internal_count=85183 50993 34190 36046 35756 34428 14947 1139 749 13808 8264 7444 853 5544
is_linear=0
shrinkage=0.02


Tree=121
num_leaves=15
num_cat=0
split_feature=24 41 32 56 20 42 17 9 59 70 34 16 27 17
split_gain=15.1329 11.4227 11.3867 13.8643 12.9329 13.7093 11.5591 14.2781 12.05 11.0878 14.6282 13.0997 11.8327 10.8677
threshold=0.81380321579360126 0.66968750385790254 0.16549207140201155 0.64504037572641926 0.75901127578768557 0.4547205518866772 1.1469036667537085 -0.00057377808886793747 0.12184375411155365 0.63435658686273 46.715971562984315 0.0014971989597121261 -1.3455737050515839 1.538795052835944
decision_type=2 2 2 2 2 2 2 2 2 2 2 2 2 2
left_child=1 -1 4 -4 6 -6 9 8 13 10 -2 -11 -13 -8
right_child=2 -3 3 -5 5 -7 7 -9 -10 11 -12 12 -14 -15
leaf_value=0.00038494703383346903 -0.0091664006016564208 -0.0026080390449036445 -0.0059656521516142473 -0.0012951663460137738 0.004492614374462983 -3.6243176947131676e-05 0.0035407987798665498 0.0050909864081196618 -0.0095189989440975249 0.0045810954575138327 -0.002191599204858616 0.006176138973243591 -0.0022534546759260168 -0.0041074603650673716
leaf_weight=15508.623017832637 172.81128512322903 522.44632503390312 349.44915284216404 913.88782815635204 350.87414368987083 1074.6421949118376 171.04618021845818 221.66434888541698 54.885719910264015 142.20157286524773 386.32765707373619 66.118267685174942 1101.6356293708086 123.62499590218067
leaf_count=62336 692 2102 1422 3704 1408 4327 685 891 220 571 1554 265 4425 495
internal_value=-1.59419e-05 0.000286624 -0.000960961 -0.00260548 -0.000420867 0.00109029 -0.00130404 0.00117822 -0.00133979 -0.00206377 -0.00440942 -0.0010496 -0.00175187 0.000317088
internal_weight=21160.2 16031.1 5129.17 1263.34 3865.83 1425.52 2440.32 571.221 349.557 1869.09 559.139 1309.96 1167.75 294.671
internal_count=85097 64438 20659 5126 15533 5735 9798 2291 1400 7507 2246 5261 4690 1180
is_linear=0
shrinkage=0.02


Tree=122
num_leaves=15
num_cat=0
split_feature=11 58 47 45 61 1 71 54 36 24 10 21 27 47
split_gain=11.8039 15.8681 15.957 11.4444 14.2805 11.1379 9.97012 10.614 14.039 12.8784 12.4745 11.1531 9.18592 9.08111
threshold=0.02075413691606939 0.84720537631200199 0.47114434510950071 1.6173940448978752 1.2087183190104345 0.0021890427882893114 0.0084291388618700312 0.43341342980023384 0.0089298850427149291 0.81800524098496619 0.0031071086224985019 0.036897772496971869 1.4724322034468476 0.98611507088852057
decision_type=2 2 2 2 2 2 2 2 2 2 2 2 2 2
left_child=1 3 -3 4 -1 -4 -5 9 -9 10 -8 -10 -11 -2
right_child=13 2 5 6 -6 -7 7 8 11 12 -12 -13 -14 -15
leaf_value=0.00012930334355706544 0.0023150083225041106 -0.00065600324056263616 -0.0032205814488025274 0.0032069005939552222 0.0099194915027694397 -0.010563839034946761 -0.0023858176052456242 -0.0095779219277693384 0.0039754330218244585 -0.007842758992271397 0.007721994590978656 -0.0037528324162909433 0.00074501146334596453 -0.0055154211489956782
leaf_weight=16453.089857771993 1096.6661877781153 1624.2844367176294 583.27970407903194 133.58299525082111 54.814656987786293 93.43536214530468 78.385684877634048 138.86903305351734 85.131408527493477 93.001369044184685 116.77556090056896 449.3626097291708 99.736727893352509 57.935952186584473
leaf_count=66130 4406 6536 2348 541 220 377 316 565 346 379 471 1817 408 233
internal_value=-6.18122e-05 -0.000175493 -0.00173603 2.77773e-05 0.000164805 -0.00430452 -0.00185819 -0.00250779 -0.00401673 0.000129387 0.00370405 -0.00249648 -0.00349235 0.0019
internal_weight=21158.4 20003.7 2301 17702.7 16507.9 676.715 1194.85 1061.26 673.363 387.899 195.161 534.494 192.738 1154.6
internal_count=85093 80454 9261 71193 66350 2725 4843 4302 2728 1574 787 2163 787 4639
is_linear=0
shrinkage=0.02


Tree=123
num_leaves=15
num_cat=0
split_feature=24 24 37 11 32 47 23 10 42 47 26 16 16 51
split_gain=13.3036 11.333 11.3836 14.087 19.074 17.712 12.8584 13.7361 11.8389 12.8462 12.5962 10.7361 12.2046 10.1433
threshold=0.82936051635181662 4.0842177876299193e-05 0.86725989879530985 0.02075413691606939 0.45180947777213704 0.97335555334614943 0.61319241878867647 0.018754878943947024 0.43303339013440206 0.41248606129204557 -0.84833561784063261 0.0035561171778091144 0.0029671398024849285 0.48385217282885268
decision_type=2 2 2 2 2 2 2 2 2 2 2 2 2 2
left_child=1 -1 -3 4 6 11 8 -8 9 -4 -10 12 -5 -12
right_child=-2 2 3 5 -6 -7 7 -9 10 -11 13 -13 -14 -15
leaf_value=-0.0024913756348045419 -0.00094954152106082939 -0.0021143735268687081 0.0052058125036912066 0.0040032270861213347 -0.0074133515840330254 -0.0074396314016364788 0.00078259848163084557 -0.0080577466326335039 -0.010382314963338378 -0.0015738045208333329 -0.00017567355103076596 0.00057111710013223508 0.012042286679120627 -0.0028337972431584945
leaf_weight=577.09087133407593 4779.4729195535183 710.73288707435131 253.36409394443035 270.91031336784363 120.82527323067188 50.609773114323616 11099.404314234853 65.786727041006088 53.694693669676781 193.81652975082397 1832.9130094945431 192.98356980085373 104.99873219430447 831.69194011390209
leaf_count=2323 19255 2863 1017 1086 486 203 44645 264 217 778 7349 774 421 3334
internal_value=-2.18567e-05 0.000249388 0.000350366 0.000467264 0.000340051 0.00340835 0.000407984 0.000726927 -0.000716351 0.00228249 -0.00121297 0.00442982 0.00637729 -0.0010091
internal_weight=21138.3 16358.8 15781.7 15071 14451.5 619.502 14330.7 11165.2 3165.48 447.181 2718.3 568.893 375.909 2664.6
internal_count=85015 65760 63437 60574 58090 2484 57604 44909 12695 1795 10900 2281 1507 10683
is_linear=0
shrinkage=0.02


Tree=124
num_leaves=15
num_cat=0
split_feature=45 32 3 34 58 39 41 34 3 40 20 22 55 58
split_gain=13.1738 15.343 13.0917 16.0792 14.5776 14.1428 13.0984 12.5696 15.7866 12.4111 12.1299 11.0587 12.6111 9.98017
threshold=1.6966853351966507 0.59453572646330588 -0.0027755281594244222 54.828631992921224 0.68355425250162705 0.061623500689359741 0.3974862730546615 44.218738403683155 0.00062284354811798003 1.3862216172960562 -0.78805016724002164 0.41489232779963453 -0.3910074980094605 0.85974888102658809
decision_type=2 2 2 2 2 2 2 2 2 2 2 2 2 2
left_child=2 11 3 4 5 -1 7 9 10 -4 -9 -2 -13 -8
right_child=1 -3 6 -5 -6 -7 13 8 -10 -11 -12 12 -14 -15
leaf_value=0.0039060310080304599 -0.0012914400885289906 0.0067410655332760892 0.0033540542820082358 0.0063075958743664005 -0.0046397239199730987 -0.00042546124746418009 -0.00018094929704181198 0.0023148335065519446 0.0021107302646005024 -0.0013019797977184783 -0.0020344981979106259 -0.012672895025954993 -0.003211103645113515 -0.0019173747458570334
leaf_weight=581.48170971870422 1472.592788875103 78.276581525802612 1146.9808607846498 260.00413486361504 161.22760547697544 618.75419986248016 12186.7001003474 318.00424180924892 952.24755378067493 282.93835526704788 1248.8248779028654 68.479762360453606 267.84814651310444 1480.5783193260431
leaf_count=2336 5964 315 4654 1043 648 2491 48942 1280 3822 1145 5010 278 1085 5949
internal_value=-7.4622e-05 -0.00166695 8.19756e-05 0.00179882 0.000917831 0.00168053 -7.65146e-05 0.000937331 8.60861e-05 0.00243144 -0.0011472 -0.00204836 -0.00529504 -0.000369689
internal_weight=21124.9 1887.2 19237.7 1621.47 1361.46 1200.24 17616.3 3949 2519.08 1429.92 1566.83 1808.92 336.328 13667.3
internal_count=84962 7642 77320 6518 5475 4827 70802 15911 10112 5799 6290 7327 1363 54891
is_linear=0
shrinkage=0.02


Tree=125
num_leaves=15
num_cat=0
split_feature=22 58 4 1 13 19 73 44 54 53 44 74 8 28
split_gain=15.0801 16.9457 11.9923 10.963 15.9139 12.6843 10.7989 12.4067 10.2191 11.405 12.9772 10.1276 9.76141 9.44905
threshold=0.24192859287556365 0.20057576013970255 -0.0067276690753042675 0.00012773841269153786 0.0017216111301902449 -0.34203242580590765 -1.0069072736859346 -0.060538565429103984 1.1119712098773278 36.760005641402721 0.69819129399612612 -3.4999999999999996 -0.0050970133574069322 3.6043856826985539
decision_type=2 2 2 2 2 2 2 2 2 2 2 2 2 2
left_child=1 2 -1 -2 5 -5 7 -6 9 10 -3 -8 -13 -14
right_child=3 8 -4 4 6 -7 11 -9 -10 -11 -12 12 13 -15
leaf_value=-0.0067642132620234661 2.6770649238041203e-05 -0.0048770595270100628 0.0026378622019963523 -0.0056952809468408597 0.0014280573692559764 -0.0017881927900517877 0.0069204721706420174 -0.0087501930119341965 -0.0011435987313940586 0.00064338582174965563 0.0049101224485237054 0.005337699010855769 -0.00088235177976720889 0.0036889999031618536
leaf_weight=51.453340977430344 5244.9701988101006 281.69586023688316 1631.7213603556156 402.40364848077297 79.511182650923729 1861.152240768075 84.691988617181778 110.98147888481617 1923.0651233792305 7553.694742962718 62.552173629403114 124.57659843564034 1548.2290239930153 199.74131953716278
leaf_count=207 21055 1133 6579 1614 319 7493 340 445 7739 30413 252 500 6217 804
internal_value=-8.81317e-06 0.000480248 0.00233127 -0.000591414 -0.00132563 -0.0024938 -9.15234e-05 -0.00457395 0.000161987 0.000480405 -0.00305383 0.000355282 4.07112e-05 -0.000350949
internal_weight=21160.4 11504.2 1683.17 9656.26 4411.29 2263.56 2147.73 190.493 9821.01 7897.94 344.248 1957.24 1872.55 1747.97
internal_count=85110 46323 6786 38787 17732 9107 8625 764 39537 31798 1385 7861 7521 7021
is_linear=0
shrinkage=0.02


Tree=126
num_leaves=15
num_cat=0
split_feature=77 45 15 7 40 49 6 46 18 57 64 45 47 9
split_gain=17.0073 17.4408 15.0033 12.0269 10.6542 12.8548 14.0589 11.328 10.6317 16.122 10.4172 13.637 10.4273 10.175
threshold=-1.0919573575460311 -0.96741037436834931 0.00340565934396665 -0.0010932071643094574 1.4173405895414217 1.0000000180025095e-35 0.001141513027142754 0.88144907265856365 0.0023991292154324491 0.0081488063440446883 0.020177147551125318 -1.5180225617220302 0.41248606129204557 -0.0054473341574559023
decision_type=2 2 2 2 2 2 2 2 2 2 2 2 2 2
left_child=2 4 3 -1 5 7 10 8 -2 -10 12 -12 -7 -6
right_child=1 -3 -4 -5 13 6 -8 -9 9 -11 11 -13 -14 -15
leaf_value=-0.011300063329439501 0.0018200560264006332 -6.8945766046564152e-05 0.0018567671671374125 -0.0027621460578134242 0.00090920756722439645 -0.00012296215834995146 0.0055722329043142284 -0.00026388922180565415 0.0077426340085050283 0.0018602255528965483 0.0013282064627834862 -0.0047837136457020406 0.0065629467699494281 -0.0034676697855690296
leaf_weight=115.67322665452957 545.30684712529182 16825.358959004283 120.23400700092316 155.48009616136551 761.62328055500984 309.69905054569244 178.75252102315426 306.91409714519978 481.19299922883511 308.67037515342236 252.8970999866724 334.94697062671185 128.4284680634737 288.95034359395504
leaf_count=466 2210 67597 484 627 3072 1252 723 1242 1946 1249 1026 1349 520 1164
internal_value=0.000131984 0.00021043 -0.00397176 -0.00654305 0.00141506 0.00204937 0.000477159 0.00319789 0.00399166 0.00547001 -0.000433262 -0.00216527 0.00188882 -0.000305334
internal_weight=21114.1 20722.7 391.387 271.153 3897.38 2846.81 1204.72 1642.08 1335.17 789.863 1025.97 587.844 438.128 1050.57
internal_count=84927 83350 1577 1093 15753 11517 4870 6647 5405 3195 4147 2375 1772 4236
is_linear=0
shrinkage=0.02


Tree=127
num_leaves=15
num_cat=0
split_feature=1 21 17 67 56 6 74 68 63 77 36 47 53 70
split_gain=11.104 12.0868 12.1776 12.0278 11.0274 10.8889 10.1264 10.0978 11.5743 18.9868 12.0052 10.0815 11.7285 14.4617
threshold=0.00012773841269153786 0.39370535078054075 0.87090652712079974 33.089047620541024 0.7736876397227811 -0.0012865497775007217 -1.4999999999999998 0.87431106749690057 0.063194866357663249 -0.017176894992846543 0.0040712626826054929 0.35206144883412571 58.341305034194029 0.69647824099856048
decision_type=2 2 2 2 2 2 2 2 2 2 2 2 2 2
left_child=-1 2 4 -3 5 -2 -7 8 10 -10 -5 12 -9 -14
right_child=1 3 -4 7 -6 6 -8 11 9 -11 -12 -13 13 -15
leaf_value=0.00054097444066648881 0.00087403352605927955 -0.0042895133381185687 7.33473092679008e-05 -0.0065182261651295552 -0.00026113817978761351 -6.3190718940159667e-05 -0.0036845046679665318 -0.004884052992639598 -0.0021984882756936682 0.0052549515195092341 0.001151934617496735 -0.0042489228642711057 -0.0047487996206795153 0.0057319567923493431
leaf_weight=11212.824084609747 339.40676599740982 167.862897336483 3484.1835118681192 84.84211802482605 1579.791874781251 382.35198324918747 1606.1420503258705 94.518346592783928 170.38117602467537 640.78708359599113 889.43692266941071 234.98330943286419 66.134278208017349 204.44592329859734
leaf_count=45108 1365 673 14021 340 6360 1539 6474 379 683 2569 3567 942 265 819
internal_value=0.000109585 -0.000376814 -0.0007865 0.000808414 -0.00155227 -0.00242604 -0.0029901 0.00117536 0.00192842 0.00368552 0.000454132 -0.00106265 0.00101778 0.0031306
internal_weight=21158.1 9945.27 7391.88 2553.39 3907.69 2327.9 1988.49 2385.53 1785.45 811.168 974.279 600.082 365.099 270.58
internal_count=85104 39996 29759 10237 15738 9378 8013 9564 7159 3252 3907 2405 1463 1084
is_linear=0
shrinkage=0.02


Tree=128
num_leaves=15
num_cat=0
split_feature=45 7 7 32 31 61 32 33 33 39 38 66 15 61
split_gain=11.021 11.2102 16.9603 13.4461 11.3675 9.85108 9.82399 10.9634 11.8803 10.5888 11.3539 9.26573 9.39224 9.16444
threshold=1.0151903333726777 -0.0014832970616147482 -0.00076923956019364561 0.3424332971236525 0.95735531919792194 1.1790497933804289 0.59453572646330588 76.953786954543745 81.133000185066336 -0.74043412383555396 8.0284280268333799 4.6213586834446323 0.0034380994143431687 -1.1279154457442939
decision_type=2 2 2 2 2 2 2 2 2 2 2 2 2 2
left_child=5 4 3 -3 -2 13 7 9 -9 10 -4 12 -11 -1
right_child=1 2 6 -5 -6 -7 -8 8 -10 11 -12 -13 -14 -15
leaf_value=-0.0020085424645059314 -0.0047997999398407629 0.0013545511724878455 -0.0015117038299813236 0.0098579726888349383 0.0019569872368768275 0.005416745683992503 0.006347235979218894 -0.0061981480076840406 -0.00087977818663999535 8.0648516181695373e-05 -0.0094607165578653851 0.0061663780196063904 -0.003896409515836986 0.00025957660994101265
leaf_weight=741.58025160431862 482.34251350164413 385.37872511148453 251.50172020494938 87.845136374235153 122.20397856831551 138.65687042474747 66.603350579738617 318.42603619396687 353.67089247703552 2121.82045532763 97.07698729634285 85.181371077895164 262.43717068433762 15653.966754466295
leaf_count=2984 1947 1557 1012 355 492 556 268 1293 1435 8561 392 343 1056 62897
internal_value=-3.95044e-05 -0.000900912 -0.000517866 0.00301962 -0.00342912 0.000202145 -0.000992109 -0.00114105 -0.00342668 -0.000590823 -0.00382793 -0.00012707 -0.000364347 0.000156407
internal_weight=21168.7 4634.49 4029.94 473.224 604.546 16534.2 3556.72 3490.11 672.097 2818.02 348.579 2469.44 2384.26 16395.5
internal_count=85148 18711 16272 1912 2439 66437 14360 14092 2728 11364 1404 9960 9617 65881
is_linear=0
shrinkage=0.02


Tree=129
num_leaves=15
num_cat=0
split_feature=1 2 43 6 28 20 23 67 67 5 12 45 38 40
split_gain=12.4092 12.0964 12.9384 20.4345 11.4443 12.4622 12.0249 13.3221 11.2448 11.7086 12.618 12.5292 11.6396 11.4938
threshold=7.9803482366883139e-05 -0.0012368563078535295 -0.020111151960638379 -0.00041130969751772885 0.86352693238521694 -0.89768577527058213 0.98917479158842891 54.862097095821589 69.925065317805078 -0.0010074219909213321 0.0033945513606701326 -0.39312024946488017 8.3276060666545408 1.5160049155952839
decision_type=2 2 2 2 2 2 2 2 2 2 2 2 2 2
left_child=8 -2 3 4 5 -3 7 -6 9 11 12 13 -11 -1
right_child=1 2 -4 -5 6 -7 -8 -9 -10 10 -12 -13 -14 -15
leaf_value=0.0014457867729232186 0.00074962380060672289 -0.0040502442992561725 -0.0015955124590981671 -0.0011532256624783163 0.001925999846911086 0.0040713462381605356 0.0036842000305248724 -0.006650793281744765 0.0027342073853292514 0.001036226436321674 -0.00031513128178141235 -0.0024911666292263806 0.0044528581223508548 -0.0024019198809762106
leaf_weight=1069.3281329721212 2476.7505417913198 79.42887619137764 4248.4915314912796 2157.4738773852587 122.77906922996044 798.82116350531578 162.92011778056622 165.57380759716034 829.64808022975922 4216.4197293519974 2921.1775506287813 1072.3908987492323 436.4252792596817 431.87717972695827
leaf_count=4314 9948 320 17125 8661 493 3207 654 664 3336 16972 11745 4301 1755 1739
internal_value=3.59011e-05 -0.000465778 -0.000855158 4.78692e-05 0.00199396 0.00331806 -0.000591088 -0.00302826 0.000502616 0.000318909 0.000714844 -0.000845443 0.00136113 0.000334553
internal_weight=21189.5 10212.2 7735.49 3487 1329.52 878.25 451.273 288.353 10977.3 10147.6 7574.02 2573.6 4652.85 1501.21
internal_count=85234 41072 31124 13999 5338 3527 1811 1157 44162 40826 30472 10354 18727 6053
is_linear=0
shrinkage=0.02


Tree=130
num_leaves=15
num_cat=0
split_feature=42 66 76 6 46 1 63 73 61 62 56 8 72 24
split_gain=12.8319 10.7244 10.4375 9.46234 12.6662 10.5471 10.2153 9.83371 9.43128 10.9176 11.7387 10.4221 10.1324 11.7501
threshold=0.44955099324311215 -3.909198725150941 0.6967947313044226 -0.003048944614809587 -0.83146961230254501 -0.00094498027294078661 -0.089554589812023175 -0.95859292327014101 1.4803901939968289 3.5940254600118253 1.2897613167838102 0.0030155144214705078 0.12442708737633791 0.82541416287270131
decision_type=2 2 2 2 2 2 2 2 2 2 2 2 2 2
left_child=3 2 -2 4 -1 7 -6 -5 9 12 -11 -10 13 -3
right_child=1 8 -4 5 6 -7 -8 -9 11 10 -12 -13 -14 -15
leaf_value=-0.0030508225831213823 -0.010084677376137137 0.0028504204162415176 -0.0016923044593516068 -0.004752626293896927 0.00084773787831653278 -5.5152893196308504e-05 0.0097631258576510865 0.0025583487429426473 0.011594491259158983 -0.011137248259406037 -0.0016888265108828621 0.00093695315246889127 -0.00040135808586163967 -0.0019661273950717611
leaf_weight=68.304457947611809 79.571605771780014 786.88068723678589 207.3177514821291 73.834989830851555 80.982813462615013 2930.6041460633278 140.81134340167046 1204.193367138505 49.740137666463852 68.976765692234039 190.19063141942024 114.43109130859375 14898.880015984178 268.26906329393387
leaf_count=275 320 3163 833 298 327 11788 566 4859 200 277 764 461 59920 1080
internal_value=-9.69027e-05 -0.000352806 -0.00415289 0.000850358 0.00431322 0.00060683 0.00659834 0.0021191 -0.000284992 -0.00033391 -0.0043667 0.00441319 -0.000267051 0.00162233
internal_weight=21163 16664.3 286.889 4498.73 290.099 4208.63 221.794 1278.03 16377.4 16213.2 259.167 164.171 15954 1055.15
internal_count=85131 67018 1153 18113 1168 16945 893 5157 65865 65204 1041 661 64163 4243
is_linear=0
shrinkage=0.02


Tree=131
num_leaves=15
num_cat=0
split_feature=1 21 2 41 43 63 59 73 49 42 56 39 59 1
split_gain=15.5521 16.2429 12.608 12.7887 12.4082 12.1616 10.5702 10.3157 10.1872 14.6686 13.7529 10.5977 9.81368 9.52014
threshold=7.9803482366883139e-05 0.39370535078054075 -0.0017919786066018485 0.66545027853575289 -0.044046866417697068 0.56743425930819369 -0.57478828872883703 1.1059733764243216 1.0000000180025095e-35 0.43211002247790681 0.40755789287356675 -0.96175123777451843 0.42434371593780068 -7.5637821721447743e-05
decision_type=2 2 2 2 2 2 2 2 2 2 2 2 2 2
left_child=8 4 6 -4 7 -6 -3 -2 9 12 13 -12 -1 -10
right_child=1 2 3 -5 5 -7 -8 -9 10 -11 11 -13 -14 -15
leaf_value=0.0036454759058810221 -0.00037844232947914654 -0.0014525441209224852 0.00049006091826285676 -0.0062967444365309147 -0.0022141203225122842 0.00062715197050995002 0.005724068985400791 0.0048975037031624329 -0.0052137612461246857 0.00056783044633188548 -0.0057313495236366342 0.00025027079707076933 -0.0048250821590092681 0.0038893444281447977
leaf_weight=971.74257078766823 2968.618270650506 108.24351643025875 2088.3252865225077 112.28355671465397 3753.4598120003939 715.37428982555866 313.5228386670351 151.01777052879333 315.15655599534512 5209.0898751616478 116.8904901444912 4227.5106665790081 53.744151815772057 49.915524199604988
leaf_count=3923 11926 435 8371 451 15124 2900 1257 606 1269 20948 469 17004 216 201
internal_value=-5.39714e-05 -0.000615224 0.000740704 0.000130283 -0.00108398 -0.00175909 0.0038868 -0.000115612 0.000469722 0.000999742 -0.000232255 8.29256e-05 0.00318029 -0.00393338
internal_weight=21154.9 10210.8 2622.38 2200.61 7588.47 4468.83 421.766 3119.64 10944 6234.58 4709.47 4344.4 1025.49 365.072
internal_count=85100 41070 10514 8822 30556 18024 1692 12532 44030 25087 18943 17473 4139 1470
is_linear=0
shrinkage=0.02


Tree=132
num_leaves=15
num_cat=0
split_feature=41 14 58 40 53 47 7 46 71 24 37 58 21 31
split_gain=11.6375 10.5313 9.5069 17.4223 13.4839 11.9508 11.6079 11.4957 10.8258 10.6769 10.4686 10.855 10.5339 10.3655
threshold=0.58700360449703637 0.00046979431449879235 0.188791598939936 1.3322258510348937 29.835090173422241 -0.93540483100319616 -0.0025531107238879183 -0.95642797789208678 0.020822009573078778 0.98266187365339575 10.38491986821761 0.057956164518275198 0.15081657241124644 -1.1619890460503763
decision_type=2 2 2 2 2 2 2 2 2 2 2 2 2 2
left_child=2 -2 3 5 6 -1 -5 9 -7 -4 11 -8 -13 -6
right_child=1 -3 7 4 13 8 10 -9 -10 -11 -12 12 -14 -15
leaf_value=-0.0019002613012746759 0.0066921579608526975 -0.0011419302596073194 0.0021690246012384578 -0.0030364361594784417 -0.0083556554406223477 0.0040502109959702094 0.0076035787472899666 -0.00015328052537121425 -0.002171117512287254 -0.0060494050574063296 0.009286830737627207 0.0045332102601717697 -0.0069995091226113561 -0.0013172672057188131
leaf_weight=188.44101524353027 64.995176047086716 3764.9411346614361 1295.8110974133015 115.94286012649536 94.417694926261902 1153.5392629355192 66.72685232758522 13450.171065151691 120.72418323159218 61.717911392450333 103.49152286350727 50.525092512369156 69.694744542241096 548.35486613214016
leaf_count=759 262 15183 5206 466 380 4646 269 54068 486 248 417 203 280 2209
internal_value=-3.51647e-06 -0.00100043 0.00021716 0.00135356 -0.000611911 0.00276062 0.00222317 2.39978e-05 0.00345462 0.00177456 0.00433865 0.00142884 -0.00216515 -0.00240766
internal_weight=21149.5 3829.94 17319.6 2511.86 1049.15 1462.7 406.381 14807.7 1274.26 1357.53 290.438 186.947 120.22 642.773
internal_count=85082 15445 69637 10115 4224 5891 1635 59522 5132 5454 1169 752 483 2589
is_linear=0
shrinkage=0.02


Tree=133
num_leaves=15
num_cat=0
split_feature=22 61 58 54 8 7 73 40 37 9 73 74 2 21
split_gain=14.2182 13.0389 15.4381 15.245 11.5192 12.2829 13.1876 11.4359 12.7048 11.3546 10.7443 10.4673 11.5808 10.0224
threshold=0.22492865368718934 -1.1279154457442939 0.14631129767547171 -0.4915881353389307 -0.0026369828589618773 0.0040355507094535 0.63228357374465827 3.2770524042101887 1.6656118117056249 -0.00073937429601994098 -0.81935010354453885 3.5000000000000004 0.001564779882786405 0.14232487369562494
decision_type=2 2 2 2 2 2 2 2 2 2 2 2 2 2
left_child=7 -2 3 9 -4 10 -7 8 11 -3 -6 13 -13 -1
right_child=1 2 4 -5 5 6 -8 -9 -10 -11 -12 12 -14 -15
leaf_value=0.00050443118635134035 -0.0039851151191491116 0.0023268946828830374 0.00097130771680194465 -0.0027143526521374878 -0.0044408539475002864 0.0060050283503699058 -0.0035744201621322942 0.0047572651406764159 0.00073161988346439808 0.0088482173054176255 -0.00088936281089767441 -5.0754016667697945e-05 0.0099273882938219534 -0.0031009008642368468
leaf_weight=467.50802750885487 405.50447484850883 459.31409758329391 1575.2287019193172 178.72378094494343 354.20189782977104 192.27893699705601 77.247685566544533 246.85831952095032 9155.7814788073301 136.68076899647713 6797.8032096326351 165.94586308300495 59.625790283083916 894.27337376773357
leaf_count=1893 1628 1847 6334 718 1421 772 310 994 36871 548 27310 668 240 3598
internal_value=4.54715e-05 -0.000493059 -0.000346179 0.00235385 -0.00057986 -0.000909529 0.00324441 0.000544161 0.000445183 0.00388361 -0.00106823 -0.00120408 0.00274487 -0.00186585
internal_weight=21167 10177 9771.48 774.719 8996.76 7421.53 269.527 10990 10743.1 595.995 7152.01 1587.35 225.572 1361.78
internal_count=85152 40888 39260 3113 36147 29813 1082 44264 43270 2395 28731 6399 908 5491
is_linear=0
shrinkage=0.02


Tree=134
num_leaves=15
num_cat=0
split_feature=1 48 45 76 56 23 22 76 74 55 6 8 7 29
split_gain=10.9802 12.8543 19.9434 15.1453 16.0519 13.5156 12.6706 12.6314 12.4569 13.9778 13.2363 13.097 12.4412 12.0239
threshold=7.9803482366883139e-05 -0.60785761079279388 0.35856085575535812 -0.36969699090990493 0.27538342715656505 0.61319241878867647 0.32189756151585458 -0.36159630343626276 -1.4999999999999998 -1.7328212136987726 -0.0013680372514502978 0.0047199747646931604 -0.0024851627765573956 -4.6814963304959027
decision_type=2 2 2 2 2 2 2 2 2 2 2 2 2 2
left_child=1 2 6 4 -3 -4 -1 -7 11 10 -10 -2 -6 -14
right_child=8 3 5 -5 12 7 -8 -9 9 -11 -12 -13 13 -15
leaf_value=0.0037202536401141628 0.0014889623378916215 0.0075362535845889455 -0.0051127915187681059 0.00064827831646738926 -0.0063696327902002161 0.0017267893218282835 0.00060477349890397615 -0.0047308054120449063 0.00065473918238321508 -0.0005481600244133521 -0.0049695717501402805 -0.0027771530606240068 0.0034923236441851664 -0.0015313846562758728
leaf_weight=1396.1708852499723 1920.3236029446125 76.351004958152771 224.85063706338406 5105.1112532913685 188.66971282660961 598.3199715167284 835.92589518427849 146.64531728625298 235.15574982762337 7132.6047652810812 566.66965752840042 333.72725149989128 204.20163418352604 2165.0934541374445
leaf_count=5640 7716 307 902 20526 759 2409 3355 590 945 28699 2277 1346 824 8709
internal_value=1.41889e-05 0.000454043 0.00151875 1.28613e-05 -0.00121743 -0.000872756 0.00255746 0.000432556 -0.000458158 -0.000830823 -0.00332626 0.000852587 -0.0014929 -0.00109197
internal_weight=21129.8 10941.3 3201.91 7739.43 2634.32 969.816 2232.1 744.965 10188.5 7934.43 801.825 2254.05 2557.96 2369.3
internal_count=85004 44021 12896 31125 10599 3901 8995 2999 40983 31921 3222 9062 10292 9533
is_linear=0
shrinkage=0.02


Tree=135
num_leaves=15
num_cat=0
split_feature=41 6 22 3 47 73 55 42 41 59 3 22 26 14
split_gain=12.5271 13.1334 12.0423 13.9263 10.6991 9.0134 10.0681 10.1562 10.1034 12.423 11.1636 9.21713 9.94887 11.2018
threshold=0.58539096318562278 -0.00051082729581412953 0.2346875204931492 -0.00031916815711558664 0.84874750804349197 -0.017585210030423706 0.35406207986406724 0.40447082549800384 0.49027316745550281 -0.74392196708149583 0.0026710620217247996 0.79851648376743756 0.99655843075534623 0.003753974561580923
decision_type=2 2 2 2 2 2 2 2 2 2 2 2 2 2
left_child=1 2 -1 -4 5 11 7 -7 9 -8 -11 12 13 -3
right_child=-2 4 3 -5 -6 6 8 -9 -10 10 -12 -13 -14 -15
leaf_value=0.0017330961030518012 -0.001101788771300064 0.0014495731956474791 0.0015459618932527957 -0.001124314428113195 -0.0016319258381645482 -0.0071466628068845529 0.0076157489787883476 -0.0013190683077328885 -0.0013403604713056521 0.0001016227363008872 0.0052022606368835158 -0.0053692457359934111 -0.0035057895177470644 -0.0021744149147291808
leaf_weight=3216.4728407114744 3900.7473777681589 3414.8974037617445 1344.5522950589657 1850.1864715069532 1899.2675681114197 124.16304118931293 102.56163810193539 1699.2438329309225 1164.6768056005239 1681.0801765471697 186.1826679110527 92.349731475114822 193.54439221322536 374.53647741675377
leaf_count=12957 15731 13730 5399 7428 7638 501 414 6833 4681 6752 747 371 783 1504
internal_value=-7.84816e-05 0.00015192 0.000870243 1.69859e-07 -0.000269536 1.76554e-05 -0.000554876 -0.00173435 0.000132919 0.0010052 0.000622736 0.000714004 0.000861606 0.001089
internal_weight=21244.5 17343.7 6411.21 3194.74 10932.5 9033.24 4957.91 1823.41 3134.5 1969.82 1867.26 4075.33 3982.98 3789.43
internal_count=85469 69738 25784 12827 43954 36316 19928 7334 12594 7913 7499 16388 16017 15234
is_linear=0
shrinkage=0.02


Tree=136
num_leaves=15
num_cat=0
split_feature=58 11 47 39 41 7 66 18 58 48 19 37 21 72
split_gain=10.1451 17.5567 13.8031 11.1832 10.4657 12.9247 9.72516 10.3534 10.704 10.7845 22.5809 14.0633 13.0834 10.8223
threshold=0.84720537631200199 0.02158835427110577 0.58216583101416164 -0.3152536326229381 0.26973788775211194 0.00033215047875033828 -3.909198725150941 0.0036345738188380068 0.10650402569368403 -0.60785761079279388 -0.56855236575660539 7.296847697283817 0.10809439726382138 0.19946661994685694
decision_type=2 2 2 2 2 2 2 2 2 2 2 2 2 2
left_child=4 2 -2 -4 5 -1 -6 8 -8 10 12 -11 -10 -13
right_child=1 -3 3 -5 6 -7 7 -9 9 11 -12 13 -14 -15
leaf_value=0.00059149631119094243 -0.00096266457148039405 0.0016875276211266218 -0.0016124758813787438 -0.0070405231145524317 -0.0032102059639771731 0.0071187879952594804 0.0022994072916747601 0.00096970800403055541 0.0015908812344533098 -0.00017168358297212839 -9.9738572682991225e-05 0.00024392160880683296 0.0072422211091710542 -0.0029679373363086566
leaf_weight=332.77781637012959 1745.9223395287991 718.80237247049809 295.75507417321205 315.49285455048084 339.32833611965179 186.90660488605499 684.93807697296143 4827.4515430927277 419.75633582472801 5126.1437624394894 3773.468219563365 573.07196655869484 267.87197245657444 1554.8833577036858
leaf_count=1346 7029 2889 1190 1273 1364 755 2760 19411 1700 20610 15173 2304 1084 6254
internal_value=2.046e-05 -0.00104042 -0.0018741 -0.00444853 0.000201121 0.00298453 0.000117953 0.00018442 -0.000121566 -0.00026403 0.000509411 -0.000739701 0.0038288 -0.00210442
internal_weight=21162.6 3075.97 2357.17 611.248 18086.6 519.684 17566.9 17227.6 12400.1 11715.2 4461.1 7254.1 687.628 2127.96
internal_count=85142 12381 9492 2463 72761 2101 70660 69296 49885 47125 17957 29168 2784 8558
is_linear=0
shrinkage=0.02


Tree=137
num_leaves=15
num_cat=0
split_feature=41 30 21 32 12 66 16 33 7 49 59 71 63 56
split_gain=9.05634 10.0978 14.6681 12.9188 10.6572 11.1327 15.5763 15.2231 13.2775 10.7579 9.94069 15.6307 11.2374 10.3614
threshold=0.46058442161871527 1.0017385004149391 0.34705771008003722 0.17371732057672928 0.012668279513515306 -0.17396965088974006 0.002529608336093685 40.010170579189626 -0.0010718027001967616 0.81174490092936691 0.31006909575498753 0.0085573674102910249 -1.2072813192190992 0.82794499275831301
decision_type=2 2 2 2 2 2 2 2 2 2 2 2 2 2
left_child=1 4 3 -3 -1 -6 7 -7 -9 -8 12 -12 -2 -13
right_child=10 2 -4 -5 5 6 9 8 -10 -11 11 13 -14 -15
leaf_value=0.00069651544896344138 -0.0092925009409501897 0.0049586888216215748 0.0087430477186838298 -0.0023267737571240018 -0.0049235147421914831 0.002466218994757843 0.0011466723205710847 -0.0093315793991014754 -0.0021317689119719299 0.0095500491220619731 0.002817114621124518 -0.0028453658365189781 9.7045539883206598e-05 -0.00064928072898968743
leaf_weight=6442.9431814849377 46.282542929053307 181.15677054226398 135.2908910959959 199.64628335833549 255.03512214124203 206.65507972240448 448.23664404451847 129.48536618053913 450.69537161290646 65.899991646409035 352.48577190935612 1481.0263631045818 8762.0681374520063 2047.347445115447
leaf_count=25953 186 727 542 802 1026 837 1804 519 1807 265 1422 5978 35200 8246
internal_value=9.29816e-06 0.000513695 0.00321151 0.00115844 0.000337734 -0.00114534 -0.000388674 -0.00215248 -0.00380463 0.00230539 -0.000329244 -0.00117188 4.24653e-05 -0.0015738
internal_weight=21204.3 8515.04 516.094 380.803 7998.95 1556.01 1300.97 786.836 580.181 514.137 12689.2 3880.86 8808.35 3528.37
internal_count=85314 34282 2071 1529 32211 6258 5232 3163 2326 2069 51032 15646 35386 14224
is_linear=0
shrinkage=0.02


Tree=138
num_leaves=15
num_cat=0
split_feature=3 66 1 42 49 68 40 23 21 67 69 17 41 68
split_gain=14.6811 14.5083 14.715 12.1703 13.0976 13.9016 11.1211 10.8001 10.6492 13.9907 9.94391 9.81782 9.53833 13.0593
threshold=-0.003267645410552376 -3.909198725150941 7.9803482366883139e-05 0.43211002247790681 1.0000000180025095e-35 -1.0065227404784811 1.7460209121869792 0.5051482708548104 0.39370535078054075 33.089047620541024 -2.6292993068948847 0.62516180574374569 0.48920226013029594 -0.37126874808140115
decision_type=2 2 2 2 2 2 2 2 2 2 2 2 2 2
left_child=6 -2 3 4 -3 -6 -1 -7 11 -10 -8 -4 -13 -14
right_child=1 2 8 -5 5 7 10 -9 9 -11 -12 12 13 -15
leaf_value=0.0034956057091587596 -0.0048168723357594071 0.0034857484581767512 -0.0022440558392442952 0.00012863502244707392 0.0072215657872468164 0.0065919601898886413 0.0054765948613631679 -0.0023112458628231363 -0.0064968492131443631 0.00080381455235725664 -0.0017833772119547372 0.00028916377572042561 0.00051572162020194169 -0.0025044207377102872
leaf_weight=793.0694400370121 259.22516462206841 966.32822051644325 2004.5354486703873 8609.258401542902 82.323035255074501 56.255951792001724 88.714016243815422 498.79819387197495 104.99316881597042 2316.6787401586771 382.88982553780079 2490.5669837445021 875.66791898012161 1642.1795779764652
leaf_count=3189 1042 3902 8080 34622 332 226 357 2013 421 9289 1540 10005 3530 6636
internal_value=-2.85676e-05 -0.000161521 -9.88897e-05 0.000427082 0.00202387 -0.000202367 0.0020566 -0.00135809 -0.000668178 0.000474555 -0.000374567 -0.00106284 -0.000588306 -0.00145512
internal_weight=21171.5 19906.8 19647.6 10213 1603.71 637.377 1264.67 555.054 9434.62 2421.67 471.604 7012.95 5008.41 2517.85
internal_count=85184 80098 79056 41095 6473 2571 5086 2239 37961 9710 1897 28251 20171 10166
is_linear=0
shrinkage=0.02


Tree=139
num_leaves=15
num_cat=0
split_feature=45 11 1 22 6 26 22 40 21 56 40 43 68 47
split_gain=9.04954 12.8676 11.9152 13.3448 12.2866 11.1703 11.0779 9.83161 10.4717 10.0329 10.5549 12.5754 10.1839 9.73791
threshold=1.1324400897353744 0.027114583495625511 0.00077917056894598411 0.46767122788259768 0.0016279550378546059 0.61505062306542591 0.45953136819901769 0.68011571571184792 0.41605970403407194 0.43982101515055921 0.92724558318421324 -0.078566212887928658 -0.73350292391513583 0.81241147629689026
decision_type=2 2 2 2 2 2 2 2 2 2 2 2 2 2
left_child=-1 2 4 13 7 -3 -6 8 -2 -9 11 -11 -12 -4
right_child=1 5 3 -5 6 -7 -8 9 -10 10 12 -13 -14 -15
leaf_value=0.00021308386825918534 -0.0025124181442836946 0.0098155156795734291 -0.0008036279919762235 -0.006057766876488061 -0.0044812041900909004 0.0010035731883882416 0.0039827202463365583 -0.0033360995236922548 0.0050522582832630662 0.014539500556126033 -0.0047132410468564961 0.0037911349860946034 0.0025117020371797794 -0.0050079334629701145
leaf_weight=17105.077459588647 453.58310934901237 66.362199664115906 1249.7070508301258 314.52407483756542 352.79782073199749 304.78033429384232 70.71584552526474 114.17973597347736 82.31195230782032 51.567543044686317 90.701693087816238 217.7285353988409 421.85110342502594 263.30608378350735
leaf_count=68750 1837 266 5052 1277 1423 1227 285 464 330 207 366 881 1705 1067
internal_value=1.16766e-05 -0.000837314 -0.00119581 -0.0023397 -6.58555e-05 0.00268873 -0.00303797 0.000820705 -0.00131454 0.00209796 0.00290769 0.00607686 0.00119999 -0.00154938
internal_weight=21159.2 4054.12 3682.97 1827.54 1855.44 371.143 423.514 1431.92 535.895 896.029 781.849 269.296 512.553 1513.01
internal_count=85137 16387 14894 7396 7498 1493 1708 5790 2167 3623 3159 1088 2071 6119
is_linear=0
shrinkage=0.02


Tree=140
num_leaves=15
num_cat=0
split_feature=60 42 41 71 66 7 8 47 43 73 72 66 72 42
split_gain=10.2062 9.79413 9.52017 12.5715 12.5868 12.1867 10.6616 9.89908 9.25592 8.25733 12.014 11.293 15.908 15.4059
threshold=5.5000000000000009 0.48612439901043841 0.58539096318562278 0.026912570389741982 -0.58621503603078495 0.0019168047695614933 0.0026173793615235342 0.16280825711809024 0.066637419299376777 -0.13561942775236205 0.12006186236933984 1.2895273412979236 0.5277695828531882 0.44676327728510151
decision_type=2 2 2 2 2 2 2 2 2 2 2 2 2 2
left_child=2 -2 9 4 6 -6 8 -7 -4 11 -11 12 -1 -13
right_child=1 -3 3 -5 5 7 -8 -9 -10 10 -12 13 -14 -15
leaf_value=0.00095758659187578337 0.0025927163620352084 -0.0071663622907781619 -0.0085885597111491803 0.0074564856172743589 -0.00069384389830933119 0.00013227519347188291 -0.005033718015012895 0.0075239636522074728 -0.00068178606740842095 0.004765350049081722 -0.0002062737379379141 0.0056328389546346181 -0.0017274792103773582 0.0011078479905540345
leaf_weight=3634.3458684682846 53.970567911863327 143.01307745277882 59.058589950203896 66.224387392401695 2190.8278868794441 152.00335691869259 462.04298992455006 133.82792229950428 802.44273659586906 193.09148067235947 10506.499548494816 397.60529950261116 1160.2918346524239 1206.5642388910055
leaf_count=14618 217 576 237 267 8839 613 1875 540 3225 777 42247 1603 4669 4849
internal_value=-2.02625e-05 -0.00449453 2.2839e-05 -0.000872756 -0.00102751 -0.000184658 -0.00259806 0.00366296 -0.00127025 0.000225554 -0.000114369 0.000793592 0.000306684 0.00224342
internal_weight=21161.8 196.984 20964.8 3866.43 3800.2 2476.66 1323.54 285.831 861.501 17098.4 10699.6 6398.81 4794.64 1604.17
internal_count=85152 793 84359 15596 15329 9992 5337 1153 3462 68763 43024 25739 19287 6452
is_linear=0
shrinkage=0.02


Tree=141
num_leaves=15
num_cat=0
split_feature=3 25 58 5 18 71 70 21 63 7 70 56 34 21
split_gain=13.8366 12.0674 13.8169 14.0687 15.47 13.4636 12.6544 12.5859 11.8982 11.1195 12.7057 11.3075 10.9383 11.4838
threshold=-0.003267645410552376 2.5000000000000004 0.84720537631200199 -0.0019095865584806923 0.0029182616477525648 0.017854022559636647 0.96724175487560271 0.71136291805538976 0.80090353828892979 0.0015068517363875766 0.47676827614616801 0.98044551918220668 54.191720160578399 0.042018277551382176
decision_type=2 2 2 2 2 2 2 2 2 2 2 2 2 2
left_child=-1 2 3 9 5 -5 7 -4 -3 10 -2 12 13 -12
right_child=1 8 6 4 -6 -7 -8 -9 -10 -11 11 -13 -14 -15
leaf_value=0.001928720765565266 -0.005411329082661169 -0.0022170539803655917 -0.0022914832449443356 -0.00027222751589091613 0.0012882153282912556 0.0044078962343121883 0.00015065057063440722 -0.011887497597971239 0.002136902195409168 -0.0039638344809948345 -0.0026642179597918428 -0.0016914833535250384 -0.0042543221377788409 0.0042953035332287427
leaf_weight=1257.9644325077534 182.57292194664478 1877.4402358531952 1347.3798253238201 7882.6032092869282 4983.8168374449015 248.78437530994415 1129.9617165923119 52.400887161493301 285.63448564708233 495.26824416220188 114.30200344324112 675.4249242991209 93.779699862003326 479.41538436710835
leaf_count=5060 734 7592 5422 31708 20039 1001 4539 210 1158 1990 460 2714 377 1928
internal_value=-0.00010113 -0.00023023 -5.75741e-05 0.000170952 0.000411434 -0.000126416 -0.00142434 -0.00269174 -0.00163851 -0.00137176 -0.000531006 0.000140137 0.00193882 0.0029444
internal_weight=21106.7 19848.8 17685.7 15156 13115.2 8131.39 2529.74 1399.78 2163.07 2040.76 1545.49 1362.92 687.497 593.717
internal_count=84932 79872 71122 60951 52748 32709 10171 5632 8750 8203 6213 5479 2765 2388
is_linear=0
shrinkage=0.02


Tree=142
num_leaves=15
num_cat=0
split_feature=1 41 1 44 74 40 63 14 11 4 3 21 1 13
split_gain=13.6558 13.139 13.198 11.4355 11.5292 13.9302 10.2661 10.1388 10.0815 9.99514 9.97692 9.68604 12.318 12.4038
threshold=-0.0021348822547213341 0.66968750385790254 -0.00039748438316481019 3.7669451067613053 -3.4999999999999996 0.86695871640516387 -0.11155503438870704 0.00068179473400928065 0.02075413691606939 0.00044480514968301196 -0.0010718027001967616 0.3833401682074869 0.001338732002487389 0.0019613094098706717
decision_type=2 2 2 2 2 2 2 2 2 2 2 2 2 2
left_child=8 3 -3 4 5 -2 -7 -4 10 -9 -1 12 -6 -14
right_child=1 2 7 -5 11 6 -8 9 -10 -11 -12 -13 13 -15
leaf_value=0.0030072797003089713 0.0051184922168698212 -0.0060117870574543609 0.0054627709122825772 0.0045632811448354897 -2.5536670069429241e-05 0.0052423564293807351 -0.0028575019352314779 -0.0035208649458386256 0.0060869940376466003 0.0015078641943867238 0.0002420907748389859 0.00072563083544129969 -0.0031946050099621397 -0.00047615606047036872
leaf_weight=778.27769029140472 374.91617949306965 268.42871224880219 84.345239579677582 219.46913594007492 9529.6548829525709 81.615626931190491 221.03578123450279 431.74436880648136 174.62230616807938 244.21183182299137 1567.1703941524029 4363.9774018228054 1090.343297585845 1740.1474671363831
leaf_count=3136 1508 1080 341 886 38367 329 888 1747 701 990 6307 17512 4396 7000
internal_value=0.000136272 -5.06005e-05 -0.00224204 7.79362e-05 2.00727e-05 0.00256791 -0.000623523 -0.000880526 0.00151659 -0.00170634 0.00116409 -8.38879e-05 -0.000369881 -0.00152713
internal_weight=21170 18649.9 1028.73 17621.2 17401.7 677.568 302.651 760.301 2520.07 675.956 2345.45 16724.1 12360.1 2830.49
internal_count=85188 75044 4158 70886 70000 2725 1217 3078 10144 2737 9443 67275 49763 11396
is_linear=0
shrinkage=0.02


Tree=143
num_leaves=15
num_cat=0
split_feature=60 38 1 42 6 61 17 74 18 13 75 22 21 62
split_gain=11.5112 12.6754 10.7736 10.598 9.91461 10.9878 13.6152 9.03992 11.1383 15.7245 10.1788 9.96414 11.7585 13.3616
threshold=5.5000000000000009 8.5819480574696687 7.9803482366883139e-05 0.50411762225048717 -0.00041130969751772885 -1.0520898376407555 0.80310500265674623 -1.4999999999999998 0.0025983170382748119 0.001049480979051562 0.74669884567973455 0.067868805799762164 0.15896753245828163 -0.87196060015879173
decision_type=2 2 2 2 2 2 2 2 2 2 2 2 2 2
left_child=2 -2 -1 -3 -4 -6 7 8 9 -7 11 12 -9 -14
right_child=1 3 4 -5 5 6 -8 10 -10 -11 -12 -13 13 -15
leaf_value=0.00053411982099987139 -0.010845421409534152 0.0057251263453054436 0.00039855759801788647 -0.0055336879760325411 -0.0059153495516143344 0.0012272460872857617 0.00025188813008679661 -0.0044651842971448258 0.0033537289238862469 -0.0077771551003265431 0.00075586882136010431 -0.0036137481194117348 0.0088319485789587482 -0.00037059295516689289
leaf_weight=10855.981249570847 75.555123791098595 54.20999738574028 4017.1300803273916 71.93438196182251 163.68425242602825 214.58354556560516 2874.9569801837206 189.90727943181992 286.47016052901745 115.53237889707088 388.05518470704556 1499.8210428506136 75.165070593357086 294.93830060958862
leaf_count=43690 304 218 16156 290 657 864 11569 767 1152 465 1562 6040 302 1186
internal_value=5.03485e-05 -0.00464636 9.66068e-05 -0.000661455 -0.000372745 -0.000880335 -0.000736717 -0.00166308 0.000498074 -0.00199309 -0.00220735 -0.00276608 -0.000483952 0.00159118
internal_weight=21177.9 201.7 20976.2 126.144 10120.2 6103.11 5939.43 3064.47 616.586 330.116 2447.89 2059.83 560.011 370.103
internal_count=85222 812 84410 508 40720 24564 23907 12338 2481 1329 9857 8295 2255 1488
is_linear=0
shrinkage=0.02


Tree=144
num_leaves=15
num_cat=0
split_feature=45 11 1 37 4 47 7 77 26 8 7 67 39 18
split_gain=12.7036 12.3593 11.059 12.1727 12.0297 10.8882 9.85131 9.70577 9.00204 11.6096 14.7195 11.7412 13.1992 12.2088
threshold=-1.0527725685484821 0.02075413691606939 -0.0010284341333878446 10.38491986821761 -0.00035005869534127191 0.98611507088852057 0.00069044945428642227 -0.1503180910406566 1.1222512741192907 -0.00016379274277663971 -0.001547967758826572 27.080983520798132 -0.17612043838393207 0.0027911928438150153
decision_type=2 2 2 2 2 2 2 2 2 2 2 2 2 2
left_child=2 8 -1 -4 -5 6 -3 -8 9 11 -11 12 -2 -13
right_child=1 5 3 4 -6 -7 7 -9 -10 10 -12 13 -14 -15
leaf_value=0.0022175101743417457 -0.00062900133918842238 0.0042202208809690176 -0.00056733053684677353 0.00026888041389308071 0.0082640367051638793 -0.006114315309430695 0.0079821159477133728 -0.00057085506896163729 -0.0021049504927102866 -0.0015080374834820455 0.00059257919862029901 -0.001647094201400495 -0.013904131380806452 0.00016260349965908382
leaf_weight=1740.0333759188652 62.316054686903954 522.52104118466377 1792.1782530248165 173.88990493118763 128.21094876527786 60.88115881383419 54.584786772727966 481.21307699382305 1109.6365557312965 1623.2276536077261 7388.6253761649132 3146.1144462674856 53.599972665309906 2829.0945338606834
leaf_count=7048 250 2100 7242 704 521 245 219 1934 4517 6517 29689 12624 215 11352
internal_value=6.4433e-07 -0.000229878 0.00104159 6.1624e-05 0.00374131 0.00179816 0.00227995 0.000366228 -0.00037039 -0.000242295 0.000213587 -0.000916397 -0.00708859 -0.000790833
internal_weight=21166.1 17331.8 3834.31 2094.28 302.101 1119.2 1058.32 535.798 16212.6 15103 9011.85 6091.13 115.916 5975.21
internal_count=85177 69662 15515 8467 1225 4498 4253 2153 65164 60647 36206 24441 465 23976
is_linear=0
shrinkage=0.02


Tree=145
num_leaves=15
num_cat=0
split_feature=11 47 60 41 24 24 48 61 51 19 46 19 20 24
split_gain=9.35518 13.816 10.6581 9.8171 9.30038 12.8864 11.7876 8.4519 13.2598 10.6824 10.6794 10.3963 9.4452 12.1935
threshold=0.027114583495625511 0.95642797789208711 5.5000000000000009 0.58539096318562278 5.9333096805375066e-05 0.10098395845533691 -0.60785761079279388 -1.0749004596857208 -2.4225127553229746 -0.30234963298432632 -0.5277851165098012 -1.6986058836780324 0.77312183545025659 0.99870361653837514
decision_type=2 2 2 2 2 2 2 2 2 2 2 2 2 2
left_child=2 -2 3 4 -1 6 -6 -7 9 -9 12 -12 13 -10
right_child=1 -3 -4 -5 5 7 -8 8 10 -11 11 -13 -14 -15
leaf_value=-0.0021759205943320376 0.0032682875224148466 -0.0064891888665231361 -0.0051983184516608888 -0.0009172250511900944 0.0039767450953991654 -0.0020618764615755142 0.00076803404688737572 -0.0021403399962677027 0.00090468680310428818 0.0075194193634336897 0.0073009544615413417 -0.00034516711251239519 0.0045297532089703827 -0.0052344304476034447
leaf_weight=621.3156216442585 610.01194588840008 59.448975890874863 153.59917508065701 3749.5418469309807 652.47868119180202 692.63850018382072 1520.0924857407808 60.072961539030075 3740.0195211470127 165.26081237196922 66.723255887627602 8704.9795740246773 270.2617053091526 129.11276200413704
leaf_count=2504 2451 239 619 15127 2638 2786 6134 243 15027 663 271 34989 1087 519
internal_value=4.24264e-05 0.00236013 -3.37221e-05 6.48255e-06 0.000215051 0.000308539 0.00173861 8.33249e-05 0.000197175 0.00495361 0.000112277 -0.00028288 0.000948977 0.000693334
internal_weight=21195.6 669.461 20526.1 20372.5 16623 16001.6 2172.57 13829.1 13136.4 225.334 12911.1 8771.7 4139.39 3869.13
internal_count=85297 2690 82607 81988 66861 64357 8772 55585 52799 906 51893 35260 16633 15546
is_linear=0
shrinkage=0.02


Tree=146
num_leaves=15
num_cat=0
split_feature=41 33 66 3 77 2 77 6 0 29 37 77 42 54
split_gain=10.9718 9.52797 10.4617 12.0467 9.93479 10.6288 9.61499 9.20487 9.92743 10.9587 10.6627 10.0177 9.76514 10.1614
threshold=0.57775236280449971 74.651585090547769 -0.45592874554070134 0.0013941550147337182 0.59692615495758983 0.0015347090864897327 0.59692615495758983 -0.00051082729581412953 0.00085567819870092379 4.2403292910370203 11.660958213749842 -0.27962599749089539 0.38009488642579276 0.53296843841347541
decision_type=2 2 2 2 2 2 2 2 2 2 2 2 2 2
left_child=7 6 3 -3 5 -4 -2 8 9 12 -10 -11 -1 -14
right_child=1 2 4 -5 -6 -7 -8 -9 10 11 -12 -13 13 -15
leaf_value=0.006083061213603953 -0.00074993674195492478 -0.011342235074569027 -0.0072906094102266087 0.00050733199417811491 0.0019056261566246988 0.0028841894112419091 0.0039675900825399367 -0.00010789142789352881 0.0018837606788548282 0.0038048519477695414 0.0094495282383395447 -0.0025528685895290395 0.00011567263545561255 0.0026208995219624926
leaf_weight=133.04977358877659 3622.6926809996367 105.40600408613682 144.93121269345284 49.195409804582596 175.88248582184315 53.423757746815681 176.52719141542912 10578.781443655491 1391.7682548910379 110.55434253811836 74.222604110836983 710.19102956354618 2954.2996114641428 824.62203049659729
leaf_count=538 14584 432 594 201 715 218 714 42542 5588 446 298 2851 11904 3312
internal_value=1.91015e-05 -0.000878123 -0.00338051 -0.00767384 -0.0015291 -0.00454665 -0.000525815 0.00025075 0.000862404 0.000415877 0.00229763 -0.00167863 0.000856894 0.000665095
internal_weight=21105.5 4328.06 528.839 154.601 374.237 198.355 3799.22 16777.5 6198.71 4732.72 1465.99 820.745 3911.97 3778.92
internal_count=84937 17458 2160 633 1527 812 15298 67479 24937 19051 5886 3297 15754 15216
is_linear=0
shrinkage=0.02


Tree=147
num_leaves=15
num_cat=0
split_feature=46 41 17 76 47 37 16 13 2 30 11 73 42 24
split_gain=10.4123 11.0436 11.5489 15.5538 11.918 15.4367 9.40464 12.1441 9.66158 9.71298 14.7211 12.613 10.1025 9.62428
threshold=-0.35206144883412549 0.45832487563015539 0.61096981732353084 -0.89688506052988382 0.47114434510950071 8.7652550690396058 0.0015671396080528662 0.0017320909788173914 -0.0018288118404300457 -0.88878499168795488 -0.0035092311245559296 -0.080350495694809954 0.38498641825121832 0.24217592682831063
decision_type=2 2 2 2 2 2 2 2 2 2 2 2 2 2
left_child=1 2 -1 -4 -5 -6 7 8 -2 -10 11 -11 -12 -8
right_child=6 -3 3 4 5 -7 13 -9 9 10 12 -13 -14 -15
leaf_value=-0.0013764364266148628 0.0049311306279610822 -3.3618045690507776e-05 0.0074853167682184391 0.00067077391720577395 0.0026995928027267798 0.012235350344666288 0.00094206009888317388 -0.0045937056684833867 0.0034772537234778697 -0.0025487268432785484 0.0053364844914685142 -0.010243017985433187 -0.0010295787722338799 -0.00045685712677690941
leaf_weight=473.07509481906891 106.22270034253597 5123.4475330859423 187.54677315056324 1709.626290038228 610.94753816723824 72.311368092894554 2722.9362806230783 390.78573822975159 170.21488758921623 298.3594151288271 99.857738390564919 117.28917187452316 2053.9813417196274 7049.1216044723988
leaf_count=1904 427 20600 757 6888 2459 292 10975 1573 686 1200 402 473 8271 28354
internal_value=-2.49949e-05 0.000534064 0.00148507 0.00201132 0.00156758 0.00379035 -0.000376474 -0.00130996 -0.000851787 -0.00108457 -0.00139294 -0.00481587 -0.000722755 -6.67732e-05
internal_weight=21185.7 8176.95 3053.51 2580.43 2392.89 683.259 13008.8 3236.71 2845.93 2739.7 2569.49 415.649 2153.84 9772.06
internal_count=85261 32900 12300 10396 9639 2751 52361 13032 11459 11032 10346 1673 8673 39329
is_linear=0
shrinkage=0.02


end of trees

feature_importances:
close_pos=115
ret_lag2=99
taker_ratio=88
ema8_dist=78
upper_wick_frac=77
h1_dist=63
lower_wick_frac=62
tod_cos=58
taker_delta_z=52
rsi7=51
vwap_dist=48
ret_lag7=46
vol_rel_4=45
dow_sin=43
h1_body=42
h1_range_pos=36
ret_4=35
tod_sin=35
dist_high_96=33
taker_ratio_8=32
ret_32=31
h4_dist=30
body=29
h4_body=29
vol_ratio_8_96=28
ret_lag4=27
h1_vol_z=27
h4_atr_pct=27
ret_96=26
h1_bb=25
h4_ema50=24
ret_lag8=23
ret_lag3=21
dist_low_96=21
ret_lag6=20
vol_8=20
body_frac=20
h1_vol_ratio=20
range_atr=19
vol_z=19
h4_rsi14=18
h4_range_pos=18
macd_hist=17
ret_lag5=16
ret_8=16
up_streak=16
ema20_dist=16
bb_pos=16
bb_width=16
h1_ema20=15
h1_streak=15
h4_vol_z=15
ret_16=14
atr14_pct=14
h4_vol_ratio=14
ret_1=13
vol_16=13
vol_96=13
ema50_dist=13
h1_ret4=13
h1_ret12=13
trades_z=12
h4_streak=12
rsi14=11
h4_ret4=11
macd=10
ema200_dist=9
h4_ema8=9
vol_48=8
h4_bb=8
h1_ema50=7
h1_rsi14=7
h4_ret12=7
ema8_20=6
dow_cos=6
h1_ema8=4
h4_ema20=4
h1_atr_pct=3

parameters:
[boosting: gbdt]
[objective: binary]
[metric: binary_logloss]
[tree_learner: serial]
[device_type: cpu]
[data_sample_strategy: bagging]
[data: ]
[valid: ]
[num_iterations: 148]
[learning_rate: 0.02]
[num_leaves: 15]
[num_threads: 0]
[seed: 42]
[deterministic: 0]
[force_col_wise: 0]
[force_row_wise: 0]
[histogram_pool_size: -1]
[max_depth: -1]
[min_data_in_leaf: 200]
[min_sum_hessian_in_leaf: 0.001]
[bagging_fraction: 0.8]
[pos_bagging_fraction: 1]
[neg_bagging_fraction: 1]
[bagging_freq: 1]
[bagging_seed: 400]
[bagging_by_query: 0]
[feature_fraction: 0.7]
[feature_fraction_bynode: 1]
[feature_fraction_seed: 30056]
[extra_trees: 0]
[extra_seed: 12879]
[early_stopping_round: 0]
[early_stopping_min_delta: 0]
[first_metric_only: 0]
[max_delta_step: 0]
[lambda_l1: 0]
[lambda_l2: 5]
[linear_lambda: 0]
[min_gain_to_split: 0]
[drop_rate: 0.1]
[max_drop: 50]
[skip_drop: 0.5]
[xgboost_dart_mode: 0]
[uniform_drop: 0]
[drop_seed: 17869]
[top_rate: 0.2]
[other_rate: 0.1]
[min_data_per_group: 100]
[max_cat_threshold: 32]
[cat_l2: 10]
[cat_smooth: 10]
[max_cat_to_onehot: 4]
[top_k: 20]
[monotone_constraints: ]
[monotone_constraints_method: basic]
[monotone_penalty: 0]
[feature_contri: ]
[forcedsplits_filename: ]
[refit_decay_rate: 0.9]
[cegb_tradeoff: 1]
[cegb_penalty_split: 0]
[cegb_penalty_feature_lazy: ]
[cegb_penalty_feature_coupled: ]
[path_smooth: 0]
[interaction_constraints: ]
[verbosity: -1]
[saved_feature_importance_type: 0]
[use_quantized_grad: 0]
[num_grad_quant_bins: 4]
[quant_train_renew_leaf: 0]
[stochastic_rounding: 1]
[linear_tree: 0]
[max_bin: 255]
[max_bin_by_feature: ]
[min_data_in_bin: 3]
[bin_construct_sample_cnt: 200000]
[data_random_seed: 175]
[is_enable_sparse: 1]
[enable_bundle: 1]
[use_missing: 1]
[zero_as_missing: 0]
[feature_pre_filter: 1]
[pre_partition: 0]
[two_round: 0]
[header: 0]
[label_column: ]
[weight_column: ]
[group_column: ]
[ignore_column: ]
[categorical_feature: ]
[forcedbins_filename: ]
[precise_float_parser: 0]
[parser_config_file: ]
[objective_seed: 16083]
[num_class: 1]
[is_unbalance: 0]
[scale_pos_weight: 1]
[sigmoid: 1]
[boost_from_average: 1]
[reg_sqrt: 0]
[alpha: 0.9]
[fair_c: 1]
[poisson_max_delta_step: 0.7]
[tweedie_variance_power: 1.5]
[lambdarank_truncation_level: 30]
[lambdarank_norm: 1]
[label_gain: ]
[lambdarank_position_bias_regularization: 0]
[eval_at: ]
[multi_error_top_k: 1]
[auc_mu_weights: ]
[num_machines: 1]
[local_listen_port: 12400]
[time_out: 120]
[machine_list_filename: ]
[machines: ]
[gpu_platform_id: -1]
[gpu_device_id: -1]
[gpu_device_id_list: ]
[gpu_use_dp: 0]
[num_gpu: 1]

end of parameters

pandas_categorical:[]
