tree
version=v4
num_class=1
num_tree_per_iteration=1
label_index=0
max_feature_idx=49
objective=binary sigmoid:1
feature_names=ret_1 ret_lag2 ret_lag3 ret_lag4 ret_lag5 ret_lag6 ret_lag7 ret_lag8 ret_4 ret_8 ret_16 ret_32 ret_96 vol_8 vol_16 vol_48 vol_96 vol_ratio_8_96 atr14_pct body body_frac upper_wick_frac lower_wick_frac range_atr close_pos up_streak ema8_dist ema20_dist ema50_dist ema200_dist ema8_20 macd macd_hist rsi7 rsi14 bb_pos bb_width dist_high_96 dist_low_96 vol_z vol_rel_4 taker_ratio taker_ratio_8 taker_delta_z trades_z vwap_dist tod_sin tod_cos dow_sin dow_cos
feature_infos=[-0.22936581945705434:0.27162371132057689] [-0.22936581945705434:0.27162371132057689] [-0.22936581945705434:0.27162371132057689] [-0.22936581945705434:0.27162371132057689] [-0.22936581945705434:0.27162371132057689] [-0.22936581945705434:0.27162371132057689] [-0.22936581945705434:0.27162371132057689] [-0.22936581945705434:0.27162371132057689] [-0.43180000285098236:0.25583390958794161] [-0.4827810245402106:0.30144592498031081] [-0.49826456292109378:0.38780666394213603] [-0.641152982702199:0.43818977852623814] [-0.67286237983798791:0.73624826862268522] [0.00049096602923875856:0.12153025472875571] [0.00080451307857931089:0.085739091577605051] [0.0025092261560078475:0.056927066750081107] [0.0026195177868852788:0.044380187917192289] [0.068177786314752409:3.2192550115065601] [0.0038709218367399328:0.11456647200415375] [-4.6645080160629018:6.0830663503221416] [-1:1] [0:0.98730009407337804] [0:0.99706029970603105] [0.067424362740697352:8.8468542986582897] [0:1] [-13:14] [-4.2999911544153173:5.1206432852921866] [-5.4453279277619826:6.2810558601440949] [-7.0787815126125704:8.239688924781909] [-15.031606399820319:13.964994062286149] [-2.3600246883697396:2.6946252164821378] [-2.3254869262813251:2.5273990097459871] [-0.78597468400873916:0.88904393494678036] [1.2357139393347012:98.014014218255582] [5.3690591737840379:94.989815980872223] [-2.0074803990761216:2.0942544580938312] [0.003316465377235454:0.73399903592816018] [0:35.836799682421244] [0.0002008154854900144:21.899218165522644] [-2.149351109760266:9.4326211265183755] [0.090121856255445845:6.2338696103973215] [0.19166628238679212:0.83051079265878691] [0.26687099505246975:0.69099270521172318] [-1.6349755545480438:2.0128773262579043] [-2.5241953140731646:8.8717116260151219] [-4.5927728567895851:6.1929858344585007] [-0.8660254037844386:0.86602540378443871] [-1:1] [-0.97492791218182362:0.97492791218182362] [-0.90096886790241903:1]
tree_sizes=1747 1778 1799 1805 1781 1792 1789 1800 1792 1798 1794 1794 1787 1792 1794 1793 1793 1789 1793 1789 1794 1799 1793 1796 1781 1792 1791 1802 1780 1793 1796 1791 1785 1790 1799 1798 1786 1792 1792 1784 1762 1766 1796 1780 1802 1790 1789 1791 1798 1796 1793 1799 1787 1799 1799 1792 1771 1802 1785 1793 1779 1778 1793 1803 1802 1801 1791 1802 1780 1785 1798 1776 1799 1794 1789 1777 1791 1806 1773 1780 1791 1807 1802 1780 1782 1792 1790 1785 1787 1783 1788 1790 1793 1786 1785 1789 1783 1799 1781 1798 1797 1793 1798 1785 1788 1800 1794 1805 1773 1792 1791 1801 1797 1800 1784 1799 1808 1795 1773 1799 1793 1764 1792 1785 1790 1784 1792 1805 1794 1796 1787 1794 1797 1788 1786 1798 1798 1794 1787 1803 1798 1799 1792 1802 1789 1785 1806 1794 1793 1794 1803 1802 1800 1791 1799 1801 1767 1807 1777 1796 1790

Tree=0
num_leaves=15
num_cat=0
split_feature=24 25 48 1 24 3 3 3 6 0 26 35 17 18
split_gain=143.749 24.8244 22.0798 18.9018 16.1654 15.8595 13.6134 14.2536 13.1982 13.0575 12.4554 19.9833 11.1372 10.8419
threshold=0.55470233287318682 1.5000000000000002 -1.0000000180025095e-35 -0.0062867706404378569 0.43597986296644581 0.017217092454335513 -0.00025479444119305813 -0.0042146786823478609 -0.0012533949151681382 -0.0016685194402787098 0.39956122570817254 0.9559708573140534 0.59125694314797406 0.011895575665218018
decision_type=2 2 2 2 2 2 2 2 2 2 2 2 2 2
left_child=1 2 8 -4 -3 -5 7 9 -1 -2 -8 -12 -11 -9
right_child=6 4 3 5 -6 -7 10 13 -10 12 11 -13 -14 -15
leaf_value=0.05685614570559893 0.058966480954586287 0.055942744466538505 0.060629094120448548 0.05344548331701781 0.045637513557047427 0.063932678289354519 0.052957285726596519 0.049245703044707469 0.062279853754772824 0.05546437212556362 0.045552910198349839 0.054440556551258158 0.047217346936921333 0.042027491625496384
leaf_weight=304.78277415037155 49.964389204978943 117.91595852375031 236.3315609395504 754.71209894120693 116.91667073965073 57.459047585725784 520.87875746190548 136.40278252959251 468.41614879667759 76.195693537592888 306.03188388049603 148.39423593878746 383.97633104026318 248.07319240272045
leaf_count=1220 200 472 946 3021 468 230 2085 546 1875 305 1225 594 1537 993
internal_value=0.0531883 0.0568334 0.0576217 0.0557134 0.0507574 0.0542474 0.049181 0.0474012 0.0601779 0.0496511 0.0508357 0.0484351 0.0485905 0.0445023
internal_weight=3926.45 2056.53 1821.7 1048.5 234.833 812.171 1869.92 894.612 773.199 510.136 975.305 454.426 460.172 384.476
internal_count=15717 8232 7292 4197 940 3251 7485 3581 3095 2042 3904 1819 1842 1539
is_linear=0
shrinkage=1


Tree=1
num_leaves=15
num_cat=0
split_feature=19 21 25 5 8 26 17 48 21 5 38 17 8 20
split_gain=127.53 39.1178 21.0213 19.9643 13.6292 15.4041 14.1044 13.9208 13.0828 13.0647 12.0241 11.1145 10.6249 9.38597
threshold=-1.0000000180025095e-35 0.46413364953410374 1.5000000000000002 0.0037821098968200749 0.024812940691115882 0.38382327357743484 0.36998261321530757 -1.0000000180025095e-35 0.5626819155651962 0.0027433838848277968 12.126841476100102 0.47875339719494464 -0.0019742925563596661 -0.40768828073635482
decision_type=2 2 2 2 2 2 2 2 2 2 2 2 2 2
left_child=3 9 12 4 5 6 -1 13 -4 -2 -11 -5 -3 -8
right_child=1 2 8 11 -6 -7 7 -9 -10 10 -12 -13 -14 -15
leaf_value=-0.0014157899714965045 -0.0035545368794663145 0.012244496531760532 -0.0078753593226730152 -0.0079619625218108787 0.012405198751226563 -0.003275177989253046 0.011445617513409027 0.0037707460483262208 0.0020947698175746532 -0.0083227955027329013 0.0008648955635639393 0.001400351728178195 0.0025147614830549436 0.0053528252209030167
leaf_weight=119.90170593559742 1047.6107607036829 79.681806489825249 87.704323723912239 51.209301844239235 88.42726594209671 93.429133772850037 217.55143254995346 607.53583471477032 118.15785382688046 516.69302925467491 62.962459787726402 515.83898182213306 102.6631128937006 215.56853544712067
leaf_count=480 4193 319 351 205 354 374 871 2432 473 2068 252 2065 411 863
internal_value=-5.3423e-05 -0.00355816 0.00212494 0.00364552 0.00497056 0.0043991 0.00502831 0.005774 -0.00223887 -0.0049163 -0.00732596 0.000492653 0.00697982 0.00850886
internal_weight=3924.94 2015.47 388.207 1909.46 1342.41 1253.99 1160.56 1040.66 205.862 1627.27 579.655 567.048 182.345 433.12
internal_count=15711 8067 1554 7644 5374 5020 4646 4166 824 6513 2320 2270 730 1734
is_linear=0
shrinkage=0.02


Tree=2
num_leaves=15
num_cat=0
split_feature=24 3 8 48 5 14 23 1 19 19 1 38 1 34
split_gain=146.613 19.6426 18.048 16.0997 14.4189 12.6069 11.6435 11.5469 11.1693 11.0098 13.9689 10.684 9.76873 8.94697
threshold=0.49286882361566858 -0.00025479444119305813 0.00012971437702986968 -1.0000000180025095e-35 -0.0075089827267958119 0.011295226511150338 1.8011332925006682 -0.0030162586623448348 -0.12603811307567933 -0.18601061237765729 -0.000363466339034033 9.3662825803343015 0.0039486451519246245 39.412537398553816
decision_type=2 2 2 2 2 2 2 2 2 2 2 2 2 2
left_child=3 8 -3 9 -4 7 11 -5 -2 -1 -11 -6 -13 -10
right_child=1 2 4 5 6 -7 -8 -9 13 10 -12 12 -14 -15
leaf_value=0.0082651827448309498 0.00072189074776239355 0.0026483532617277883 0.0020711284066038823 0.0050741569466613602 -0.0068659160196922813 0.0049386334123590978 0.0033041247518184758 -0.0012204299274083761 -0.0016640099166557554 0.0084097832398832215 -8.4917305961597068e-05 0.0026628610877235813 -0.0069805899731684362 -0.0071492688846173259
leaf_weight=455.24167813360691 99.165518879890442 273.31402368843555 164.15114437043667 154.85510119795799 460.99436976015568 449.59785078465939 66.461100280284882 425.91531485319138 144.42634418606758 124.62087470293045 192.07956272363663 107.43990203738213 62.213949203491211 779.37226004898548
leaf_count=1823 397 1094 657 620 1845 1800 266 1705 578 499 769 430 249 3119
internal_value=-0.000105735 -0.0036193 -0.00179517 0.00409871 -0.00321244 0.00244388 -0.00446247 0.000486928 -0.00562387 0.0062776 0.00333648 -0.00530051 -0.000972101 -0.00630528
internal_weight=3959.85 2157.54 1134.57 1802.31 861.26 1030.37 697.109 580.77 1022.96 771.942 316.7 630.648 169.654 923.799
internal_count=15851 8635 4541 7216 3447 4125 2790 2325 4094 3091 1268 2524 679 3697
is_linear=0
shrinkage=0.02


Tree=3
num_leaves=15
num_cat=0
split_feature=24 1 48 24 6 5 42 23 46 0 5 0 42 1
split_gain=134.731 24.0382 21.5166 18.9907 16.9539 15.0819 14.0774 13.1671 11.8149 15.0245 11.2373 10.3924 10.0582 9.89809
threshold=0.4967858774437301 -0.0013864414441460615 -1.0000000180025095e-35 0.68604919089510974 -0.00030894639084509641 0.0089858490563574627 0.50431527956771605 1.3637973085936774 1.0000000180025095e-35 0.00037845712822546677 -0.018298086916000187 7.2081908527427149e-05 0.51389312096669537 0.0021300370096999869
decision_type=2 2 2 2 2 2 2 2 2 2 2 2 2 2
left_child=2 3 4 -2 6 7 -1 8 9 -3 -4 -6 -11 -12
right_child=1 5 10 -5 11 -7 -8 -9 -10 12 13 -13 -14 -15
leaf_value=0.00090311214858292013 0.0028703517981329852 -0.0014771474733219418 0.0097104575172814196 -0.0030070423904065839 0.010669254797537079 -0.010408839353581783 0.0099063722093091465 0.00068886769184617271 -0.0028073921597670847 -0.0079124447268646859 0.0033785731385730378 0.0020434488544786656 -0.017456930935664486 -0.00066083414121832068
leaf_weight=263.69231115281582 333.28579905629158 114.92222806811333 69.176225021481514 624.46497043967247 352.50613464415073 186.1803929656744 89.898195460438728 178.91346587240696 402.80630895495415 232.90824529528618 550.46266861259937 69.427439779043198 57.727383852005005 428.38542801141739
leaf_count=1056 1334 460 277 2499 1412 745 360 716 1612 932 2204 278 231 1715
internal_value=9.47402e-05 -0.00331643 0.00407959 -0.000957495 0.00659707 -0.00522951 0.00329835 -0.00420526 -0.00528604 -0.00768371 0.00219421 0.00929047 -0.0100714 0.00161638
internal_weight=3954.76 2131.21 1823.55 957.751 775.524 1173.46 353.591 987.278 808.364 405.558 1048.02 421.934 290.636 978.848
internal_count=15831 8529 7302 3833 3106 4696 1416 3951 3235 1623 4196 1690 1163 3919
is_linear=0
shrinkage=0.02


Tree=4
num_leaves=15
num_cat=0
split_feature=24 24 1 39 25 37 26 8 31 42 39 17 38 1
split_gain=129.167 23.8929 19.1742 14.3523 12.2056 9.85817 9.73504 15.6858 14.0426 11.3249 10.6739 9.58547 10.1342 9.70017
threshold=0.43597986296644581 0.65337872911852934 -0.0062867706404378569 0.9769326856229964 2.5000000000000004 8.5176686259454701 0.26123466834628389 0.026495818463437796 1.0365468341926736 0.49103709913474564 0.86718155348390635 1.3272770422251097 11.497207655136705 -0.0022078478960486981
decision_type=2 2 2 2 2 2 2 2 2 2 2 2 2 2
left_child=5 2 -2 4 -4 6 8 -8 9 -1 -11 12 13 -3
right_child=1 11 3 -5 -6 -7 7 -9 -10 10 -12 -13 -14 -15
leaf_value=0.0078394168411835032 0.0051261346474446978 -0.0021121094646933515 -0.0016297925223077215 0.0063457913849254404 -0.0093021063094759614 0.0013507285192428447 -0.00078464357131488539 0.0091798166470142568 0.015019722648186245 0.0045474354135635296 -0.0040812065366491249 -0.0082324552810610335 0.0010595237559236049 -0.0059989816981137565
leaf_weight=445.93843449652195 196.56168584525585 444.81885989010334 572.59494207799435 72.454251334071159 92.724840581417084 312.8520699441433 213.2781762778759 84.392272308468819 65.912410348653793 370.2744153290987 63.668064221739769 224.41517236828804 153.18523055315018 629.54528971016407
leaf_count=1786 787 1780 2292 290 371 1253 854 338 264 1483 255 898 613 2519
internal_value=7.64323e-05 -0.00284507 -0.000346698 -0.00182949 -0.00276048 0.00455073 0.00534721 0.00214535 0.00633836 0.00560684 0.00324937 -0.00444605 -0.00372325 -0.00440694
internal_weight=3942.62 2386.3 934.336 737.774 665.32 1556.32 1243.46 297.67 945.793 879.881 433.942 1451.96 1227.55 1074.36
internal_count=15783 9550 3740 2953 2663 6233 4980 1192 3788 3524 1738 5810 4912 4299
is_linear=0
shrinkage=0.02


Tree=5
num_leaves=15
num_cat=0
split_feature=0 21 1 23 10 23 1 3 34 14 1 41 32 1
split_gain=118.499 39.3812 24.7878 15.719 13.0058 12.4101 14.6211 14.2593 12.1059 11.6193 15.745 13.4044 15.8364 11.5869
threshold=-0.0012545077833534953 0.44618567259089142 -0.0027546053385901878 1.5492907892875476 -0.0074329633540587891 1.7035343717773033 -0.0075089827267958119 0.00057231377466267642 39.412537398553816 0.0051783660236008836 -0.0013259707394437778 0.4758671705610486 0.026597606423052662 0.004342507447859305
decision_type=2 2 2 2 2 2 2 2 2 2 2 2 2 2
left_child=3 5 -3 13 -4 6 7 -2 -5 10 -8 12 -11 -1
right_child=1 2 4 8 -6 -7 9 -9 -10 11 -12 -13 -14 -15
leaf_value=0.0064131488799127239 -0.0050223801305397647 0.0081678539013797426 -0.0060230815265157498 -0.004631592155330602 0.0015148252864944892 0.0010951444417836922 0.006504848654703287 0.0032123041385264122 0.0039726176461512327 -0.0070579627921544142 -0.0052991570459786884 -0.0075642272592912228 0.0043988347742849685 0.0024697161692677459
leaf_weight=911.01362916827202 166.69894336163998 165.25984990596771 129.37980522215366 125.32769893109798 283.00581368803978 155.6927744448185 65.221337080001831 160.16996283829212 126.33675442636013 95.464748948812485 122.20863434672356 893.75343544781208 88.220077753067017 455.437430113554
leaf_count=3649 667 662 518 502 1133 623 261 641 506 382 489 3576 353 1824
internal_value=0.000120782 -0.00276941 0.00174644 0.00426945 -0.000893902 -0.00426293 -0.00478881 -0.000999675 -0.000318993 -0.00576021 -0.00112934 -0.00655686 -0.00158474 0.0051126
internal_weight=3943.19 2325.08 577.645 1618.12 412.386 1747.43 1591.74 326.869 251.664 1264.87 187.43 1077.44 183.685 1366.45
internal_count=15786 9305 2313 6481 1651 6992 6369 1308 1008 5061 750 4311 735 5473
is_linear=0
shrinkage=0.02


Tree=6
num_leaves=15
num_cat=0
split_feature=24 5 1 20 5 11 25 39 7 20 41 41 23 36
split_gain=117.064 20.4144 16.5525 13.2913 14.2946 12.7596 12.5121 16.6418 13.1067 12.6914 11.5194 16.9999 11.0078 10.7623
threshold=0.4967858774437301 0.0087866046228448451 -0.0099940933064373641 -0.40768828073635482 0.0028909207272154801 0.092801507660501478 1.5000000000000002 -0.13121463495218469 7.2081908527427149e-05 0.51836540054292857 0.48445684998014193 0.53830832773522974 1.5186444149314149 0.077875079031272373
decision_type=2 2 2 2 2 2 2 2 2 2 2 2 2 2
left_child=2 6 -1 4 12 -5 9 -8 -9 -2 -3 -12 13 -4
right_child=1 10 3 5 -6 -7 7 8 -10 -11 11 -13 -14 -15
leaf_value=0.0089190447439005203 0.00010761331227302168 -0.0011124602059814682 0.0056548081390456794 0.00021782804665344897 0.00095650260679189703 0.0082847222792047804 -0.0076632266226859761 0.0028114978371927141 -0.0053615690145191342 -0.004589252777702741 -0.012537207284912172 -0.00072652260583065827 0.0010090483800234244 0.012747258643536506
leaf_weight=197.87990625202656 811.02559684216976 81.468900695443153 263.79730601608753 750.02796703577042 270.35797768831253 82.629231244325638 347.70061057806015 153.71597865223885 150.71413598954678 316.15675590932369 203.2036779820919 64.487215161323547 110.34293462336063 135.24528937041759
leaf_count=793 3246 326 1057 3004 1083 331 1391 615 603 1265 813 258 442 542
internal_value=-0.00021478 -0.00339095 0.00351871 0.00283044 0.004699 0.00106302 -0.00250938 -0.00470449 -0.00125599 -0.00122423 -0.00778454 -0.00975748 0.00665673 0.00818661
internal_weight=3938.75 2128.47 1810.28 1612.4 779.744 832.657 1779.31 652.131 304.43 1127.18 349.16 267.691 509.386 399.043
internal_count=15769 8517 7252 6459 3124 3335 7120 2609 1218 4511 1397 1071 2041 1599
is_linear=0
shrinkage=0.02


Tree=7
num_leaves=15
num_cat=0
split_feature=0 1 46 0 23 46 26 23 6 14 5 46 5 17
split_gain=92.2657 15.6517 20.9786 19.1948 18.4668 14.1014 19.6224 17.6957 14.716 13.319 13.2443 13.039 10.8789 14.4752
threshold=-0.0013259707394437778 -0.00118702920491573 1.0000000180025095e-35 0.004141810988088873 1.4611640985897743 -1.0000000180025095e-35 0.2749133576183313 1.5492907892875476 1.0000000180025095e-35 0.0068570239744025745 -0.0067932577546132829 -1.0000000180025095e-35 0.0028909207272154801 0.84410375528454151
decision_type=2 2 2 2 2 2 2 2 2 2 2 2 2 2
left_child=5 3 4 11 10 6 8 12 -1 -5 -3 -2 -7 -14
right_child=1 2 -4 9 -6 7 -8 -9 -10 -11 -12 -13 13 -15
leaf_value=0.0041027147680886746 0.0068240052178620385 -0.00076587041901029238 -0.0012918147366058382 0.0049630795726722955 0.0017307572233980391 0.0052448162865996054 -0.0015868084179328002 -0.0034050595206944795 0.011823451570708646 -0.0043777428055850496 -0.0090426588808835886 6.7481273138238887e-06 -0.0033489014336411933 0.0048951911230996964
leaf_weight=185.45948421955109 162.35050761699677 93.468208491802216 663.74857920408249 65.974414259195328 95.464053049683571 586.43513709306717 94.133954972028732 165.77208682894707 227.32834643125534 463.32302729785442 471.84196111559868 340.70889686048031 168.77098394930363 162.26536333560944
leaf_count=743 650 374 2656 264 382 2350 377 664 911 1854 1888 1364 676 650
internal_value=0.000125855 -0.0023841 -0.00381893 -0.000533676 -0.00632865 0.00384183 0.00658502 0.00253375 0.00844525 -0.0031779 -0.00769289 0.00225236 0.00361943 0.000704846
internal_weight=3947.05 2356.88 1324.52 1032.36 660.774 1590.17 506.922 1083.24 412.788 529.297 565.31 503.059 917.471 331.036
internal_count=15803 9432 5300 4132 2644 6371 2031 4340 1654 2118 2262 2014 3676 1326
is_linear=0
shrinkage=0.02


Tree=8
num_leaves=15
num_cat=0
split_feature=19 22 21 17 1 23 5 5 1 46 23 17 5 17
split_gain=79.6907 31.5059 17.9766 18.7354 16.4399 15.9372 15.6794 14.4056 12.9852 15.3868 13.5038 11.7949 10.2871 10.0828
threshold=0.048746688098146744 0.5045240838714008 0.3861726732993131 1.0577707486801702 0.00096651534798489365 1.727431380569914 -0.010281203723590832 -0.0043147869263978319 -0.0022078478960486981 -1.0000000180025095e-35 1.2259860821418227 0.5954410876132824 -0.011206358478832145 0.66213490475894077
decision_type=2 2 2 2 2 2 2 2 2 2 2 2 2 2
left_child=1 7 5 4 -4 8 -3 -1 10 -10 12 -9 -2 -13
right_child=2 6 3 -5 -6 -7 -8 11 9 -11 -12 13 -14 -15
leaf_value=0.0072726189954141641 0.0062549127686136055 0.0073739598865060875 0.0019019546122173952 0.0065944340516041911 -0.0066493188849154799 0.0021264835071462223 -0.0030739399858461872 -0.00024821084224370887 -0.010907317661130874 -0.0044879679661105169 -0.0096608548978725697 0.010527928851661683 -0.0022971086107044288 0.0034085204054595357
leaf_weight=417.11963160336018 60.732074573636055 61.444183647632599 190.29333005845547 133.12946888804436 162.68413434922695 142.70373159646988 426.96541449427605 333.18228405714035 228.23443582653999 454.95139868557453 83.232265815138817 85.842595964670181 389.39857843518257 767.67378114163876
leaf_count=1672 243 246 762 533 651 571 1709 1335 913 1820 333 344 1558 3076
internal_value=6.69984e-05 0.00273607 -0.00295835 0.000340739 -0.00207708 -0.00413512 -0.00169814 0.00408749 -0.00487532 -0.00669617 -0.00250245 0.00294212 -0.00108722 0.0041817
internal_weight=3937.59 2092.23 1845.36 486.107 352.977 1359.25 488.41 1603.82 1216.55 683.186 533.363 1186.7 450.131 853.516
internal_count=15766 8382 7384 1946 1413 5438 1955 6427 4867 2733 2134 4755 1801 3420
is_linear=0
shrinkage=0.02


Tree=9
num_leaves=15
num_cat=0
split_feature=24 48 13 25 15 3 8 6 43 1 42 1 8 11
split_gain=123.188 20.3593 20.1528 17.374 17.5791 16.7721 22.6906 15.3481 13.5059 12.8069 15.0185 12.7479 15.2447 10.5737
threshold=0.56150000444509274 -1.0000000180025095e-35 0.0046752550428273264 1.5000000000000002 0.020412367660407275 -0.00025479444119305813 0.00095262415136305784 -0.00030894639084509641 -0.033670317776528999 0.0065469597895157173 0.5040713468563065 0.0010309003327743278 0.026495818463437796 -0.037640258659731786
decision_type=2 2 2 2 2 2 2 2 2 2 2 2 2 2
left_child=1 3 -3 4 7 -2 -7 9 -8 10 -1 -4 13 -13
right_child=5 2 11 -5 -6 6 8 -9 -10 -11 -12 12 -14 -15
leaf_value=0.0034175464723502249 -0.0059086575457943649 -0.0055985693508467183 0.0045952331513398883 -0.0021333720639218072 -0.0014027591162847897 0.0032387992987330015 0.0021983776011580943 0.010289874529996317 -0.0050373565679572366 -0.0038808075762883131 0.01493579735840822 0.0043292950676478616 0.0076917625535732849 -0.0029699021892504373
leaf_weight=200.62783098220825 873.09363961219788 137.83766101300716 526.50234115123749 104.19216232001781 97.998719871044159 238.12009698152542 121.2122420668602 377.77779191732407 604.86861699819565 59.638472110033035 55.386289611458778 98.107476368546486 85.366914331912994 343.08626413345337
leaf_count=804 3493 552 2110 417 393 953 485 1515 2420 239 222 393 342 1374
internal_value=-0.000134929 0.00318691 0.00146364 0.00545747 0.00646393 -0.00390578 -0.00207103 0.00757777 -0.00382265 0.00422205 0.00614779 0.00241012 0.000202576 -0.00131647
internal_weight=3923.82 2086.52 1190.9 895.621 791.429 1837.29 964.201 693.43 726.081 315.653 256.014 1053.06 526.561 441.194
internal_count=15712 8361 4771 3590 3173 7351 3858 2780 2905 1265 1026 4219 2109 1767
is_linear=0
shrinkage=0.02


Tree=10
num_leaves=15
num_cat=0
split_feature=24 5 25 3 48 1 24 1 40 3 43 5 3 0
split_gain=110.844 19.2279 19.7181 18.3972 14.6134 17.0401 13.5868 13.4917 12.8059 12.7395 12.2482 11.5436 12.52 11.0177
threshold=0.52540735186981558 0.0054639905167127569 1.5000000000000002 -0.00025479444119305813 -1.0000000180025095e-35 -0.0069504126310424158 0.2327878601489661 -0.0022078478960486981 1.156187257560342 -0.00079087445427093066 0.15090714418119891 0.0092249731562111439 0.0081833019507570205 -0.0013864414441460615
decision_type=2 2 2 2 2 2 2 2 2 2 2 2 2 2
left_child=1 2 4 10 -1 -6 -3 -5 -7 -10 13 12 -9 -2
right_child=3 6 -4 7 5 8 -8 11 9 -11 -12 -13 -14 -15
leaf_value=0.0078625193670661155 0.00062354988578178499 0.0042989365356753823 -0.0021993682908351721 0.0014157681153916799 0.0094091309162899345 0.00011882334826110401 -0.0026332881994109237 -0.0039680971128054302 0.00035949414176918561 0.010923893253156201 0.0037426737026188921 -0.0092732748014287842 0.0026856970606462648 -0.0065297487979747706
leaf_weight=565.87298530340195 95.666653335094452 177.91334141790867 148.16168792545795 423.02730304002762 154.58542223274708 425.58114083111286 291.27241040766239 368.16347233951092 80.364323168992996 101.80533102154732 54.49292716383934 99.487967059016228 158.20787188410759 789.66340284049511
leaf_count=2270 383 713 593 1693 620 1705 1167 1473 322 408 218 398 633 3159
internal_value=0.00015207 0.00354152 0.00465905 -0.0031644 0.00542949 0.00358401 1.29953e-05 -0.00133352 0.00203767 0.0063975 -0.00518988 -0.0031883 -0.00196176 -0.00575762
internal_weight=3934.27 1945.56 1476.37 1988.71 1328.21 762.336 469.186 1048.89 607.751 182.17 939.823 625.859 526.371 885.33
internal_count=15755 7798 5918 7957 5325 3055 1880 4197 2435 730 3760 2504 2106 3542
is_linear=0
shrinkage=0.02


Tree=11
num_leaves=15
num_cat=0
split_feature=19 21 22 48 5 6 1 46 26 5 36 21 46 16
split_gain=86.9157 22.3909 17.473 18.5004 16.5035 13.6767 12.2713 15.1002 11.4905 11.4317 10.0994 12.5079 10.0985 9.88868
threshold=-1.0000000180025095e-35 0.44618567259089142 0.44776700063731861 -1.0000000180025095e-35 -0.011582759423801787 -0.0017371785108487388 -0.0001923085943288941 1.0000000180025095e-35 0.19325856588928203 0.0043450676753807194 0.081304480876859167 0.13080185904189492 0.43301270189221946 0.011103418129550797
decision_type=2 2 2 2 2 2 2 2 2 2 2 2 2 2
left_child=2 -2 3 5 -4 9 -3 -8 12 -1 11 13 -6 -5
right_child=1 6 4 10 8 -7 7 -9 -10 -11 -12 -13 -14 -15
leaf_value=0.0058381871703848051 -0.004143678805894827 0.0046662380830941388 0.0092609749334354573 -0.0081277647559411612 0.0030547151367690756 0.0090111872745224381 -0.0068393350530558108 0.0030784587403097003 -0.006166732865974617 -0.0039070996320689144 0.0050264644385869129 0.002406908926552368 -0.0041391175541158239 0.0022479337266997348
leaf_weight=135.12311263382435 1576.9944683164358 193.57213161885738 60.39860475063324 95.33552174270153 220.74578246474266 379.36701719462872 121.43942683935165 115.17909827828407 139.39297361671925 69.117670327425003 290.8147327452898 357.13141612708569 114.37835805118084 55.144349545240402
leaf_count=542 6309 776 242 382 884 1523 486 461 558 277 1166 1431 458 221
internal_value=-0.000138071 -0.0030432 0.00290382 0.00408808 -0.000165415 0.00678225 0.000992185 -0.00204784 -0.0014493 0.0025257 0.00208883 0.000373215 0.000574696 -0.00437551
internal_weight=3924.13 2007.19 1916.95 1382.03 534.916 583.608 430.191 236.619 474.517 204.241 798.426 507.611 335.124 150.48
internal_count=15716 8032 7684 5542 2142 2342 1723 947 1900 819 3200 2034 1342 603
is_linear=0
shrinkage=0.02


Tree=12
num_leaves=15
num_cat=0
split_feature=24 3 26 23 5 3 16 8 8 3 12 19 5 35
split_gain=79.88 13.6502 15.8087 15.2311 11.4963 10.1206 10.6404 10.0373 11.7765 17.0803 10.819 9.92316 8.85185 8.73221
threshold=0.4967858774437301 -0.00025479444119305813 0.28191143451205064 1.8011332925006682 -0.0022072239300521736 -0.0053922426242039483 0.012649889594351935 -0.01636270034140087 0.00012971437702986968 0.0076017474711908171 0.037216555288028898 -0.12603811307567933 -0.00099151909800398791 -0.48556152527543894
decision_type=2 2 2 2 2 2 2 2 2 2 2 2 2 2
left_child=4 5 7 12 -1 11 -7 -3 13 10 -10 -2 -4 -9
right_child=1 2 3 -5 -6 6 -8 8 9 -11 -12 -13 -14 -15
leaf_value=0.005430630001867001 0.0059939754076625837 -0.0055676853511949223 -0.00100040398280343 0.0052620242355934464 0.0020809592974468886 -0.0041687875640747966 -0.010569115639972629 0.0129296842146942 -0.0068513157585477222 0.0065489397739881151 0.0036913295239506278 -0.0030116677756980214 -0.0063817551593958822 0.0034725243875973273
leaf_weight=636.15106488764286 50.438618138432503 63.6883375197649 199.45857284963131 71.224985122680664 1168.3653298616409 372.42317134141922 146.96859031915665 53.203305929899216 124.21376869082451 95.698304042220116 51.981288835406303 431.43219152092934 319.9461874216795 136.90509198606014
leaf_count=2552 202 255 798 285 4684 1490 588 213 497 383 208 1726 1280 548
internal_value=0.000186436 -0.00244581 -0.000918352 -0.00315157 0.00327357 -0.00413576 -0.00606335 0.0015968 0.00263348 -5.59078e-05 -0.00372498 -0.00201715 -0.00434448 0.0063827
internal_weight=3922.1 2117.58 1116.32 590.63 1804.52 1001.26 519.392 525.69 462.002 271.893 176.195 481.871 519.405 190.108
internal_count=15709 8473 4467 2363 7236 4006 2078 2104 1849 1088 705 1928 2078 761
is_linear=0
shrinkage=0.02


Tree=13
num_leaves=15
num_cat=0
split_feature=24 1 24 48 36 13 46 1 23 19 42 46 38 18
split_gain=92.7406 22.9763 16.3912 14.7373 15.2719 14.0213 12.4832 12.0932 11.9902 13.9633 10.2465 9.22517 8.43753 12.729
threshold=0.55470233287318682 -0.0027546053385901878 0.35894379607998045 1.0000000180025095e-35 0.05483487192956555 0.0046752550428273264 0.43301270189221946 -0.0015263359465172491 1.3528136508418793 0.16903472955447341 0.49119116344355984 1.0000000180025095e-35 8.5471725471870297 0.017500176930014554
decision_type=2 2 2 2 2 2 2 2 2 2 2 2 2 2
left_child=1 6 3 5 -5 -3 -1 12 9 10 -9 -11 -2 -14
right_child=7 2 -4 4 -6 -7 -8 8 -10 11 -12 -13 13 -15
leaf_value=0.0081768830904356774 -0.0025308311869433504 -0.00093563649822344167 -0.0011913404208947331 -0.0048339529637763537 0.0033070898268458444 0.0070091318212708899 0.0019848009784177345 0.0016995258523716207 -0.0003967573736633756 -0.01068636167158717 -0.0052682986480658209 -0.0050638278583457139 -0.0023427403934661375 0.0080253677295831338
leaf_weight=396.4585090726614 656.54316665232182 111.68026894330978 560.42035946249962 146.03333202004433 231.5051843225956 409.96999479830265 198.65153867006302 132.71531295776367 208.95548555254936 243.45502524077892 217.94125513732433 252.73172181844711 103.22318461537361 79.972937762737274
leaf_count=1591 2627 448 2245 585 928 1645 797 531 836 974 872 1011 413 320
internal_value=-9.27014e-05 0.00284735 0.00148699 0.00315362 0.00013608 0.0053155 0.00614368 -0.00327876 -0.00469981 -0.00575301 -0.00264432 -0.00790162 -0.00147484 0.00227635
internal_weight=3950.26 2054.72 1459.61 899.189 377.539 521.65 595.11 1895.54 1055.8 846.843 350.657 496.187 839.739 183.196
internal_count=15823 8239 5851 3606 1513 2093 2388 7584 4224 3388 1403 1985 3360 733
is_linear=0
shrinkage=0.02


Tree=14
num_leaves=15
num_cat=0
split_feature=0 21 17 39 17 23 1 1 5 9 38 9 15 9
split_gain=84.6377 26.2905 15.5495 15.3925 16.5753 13.78 13.8991 12.5076 12.3663 12.3153 10.3495 10.1754 9.81757 9.79879
threshold=-0.0012545077833534953 0.38024130906833115 1.1886697689206371 1.4508355541701135 0.84781697327883676 1.7035343717773033 -0.0022078478960486981 -0.0010585692575713083 0.0027433838848277968 0.02241041956811415 7.9017022016881162 -0.0047518034471917278 0.010627957553847081 -0.0019805370451651916
decision_type=2 2 2 2 2 2 2 2 2 2 2 2 2 2
left_child=3 5 7 4 8 6 10 -3 -1 11 -2 -8 -12 -10
right_child=1 2 -4 -5 -6 -7 9 -9 13 -11 12 -13 -14 -15
leaf_value=0.0038878989289755379 -0.0038346319831865702 0.0025555749990325556 0.0063130056274536862 -0.0020102388477006052 0.0065503185090492969 0.0018603858991184485 -0.0082897484019801067 -0.0030719173045094571 0.0035091288268006503 -0.010306317686386882 -0.0033656557633963075 -0.0027778304308422905 0.0063607664313044907 -0.0044387757773769517
leaf_weight=550.26287059485912 423.16940101981163 256.44264130294323 143.51944759488106 180.02876363694668 635.65581014752388 142.96846322715282 205.20777493715286 394.93975867331028 95.803441286087036 220.45597594976425 70.235626608133316 393.42162716388702 88.727705374360085 157.45449355244637
leaf_count=2208 1693 1028 575 722 2550 572 821 1581 384 882 281 1574 355 631
internal_value=-5.13269e-05 -0.00248259 0.000471506 0.00345768 0.00414626 -0.00399989 -0.00460231 -0.00085384 0.0022157 -0.00627719 -0.00221229 -0.00472031 0.0020917 -0.00142248
internal_weight=3958.29 2339.09 794.902 1619.21 1439.18 1544.19 1401.22 651.382 803.521 819.085 582.133 598.629 158.963 253.258
internal_count=15857 9362 3184 6495 5773 6178 5606 2609 3223 3277 2329 2395 636 1015
is_linear=0
shrinkage=0.02


Tree=15
num_leaves=15
num_cat=0
split_feature=24 25 5 5 9 43 36 46 9 24 6 7 15 5
split_gain=88.6147 13.1762 13.0834 11.6026 10.0904 12.7297 9.22014 10.8904 10.3393 8.69324 8.74533 8.54037 8.38895 8.37908
threshold=0.55470233287318682 1.5000000000000002 0.0051250890369848928 0.0028909207272154801 0.0069852186155607201 0.10139832884661888 0.08318591309317265 -1.0000000180025095e-35 -0.044552765714250243 0.43597986296644581 0.00050136998057499652 -0.00099151909800398791 0.017372991121794332 -0.0022072239300521736
decision_type=2 2 2 2 2 2 2 2 2 2 2 2 2 2
left_child=1 2 6 -2 -5 -6 7 11 -8 -3 -11 -1 -4 -10
right_child=3 9 12 4 5 -7 8 -9 13 10 -12 -13 -14 -15
leaf_value=0.0021783750404290136 -0.0019534158772738417 0.0022210610183461925 0.0020992957071789258 -0.002046453554347091 -0.0087231766659483685 0.00053353978988312579 0.0021086134277274863 0.0017044552529524156 0.011640544072241433 -0.010570071993432404 0.00024452159567021718 0.0091362947411912209 -0.0039498171411294965 0.0048036167302596203
leaf_weight=122.84185165166855 1223.129532828927 114.39117032289505 338.22919707000256 254.42443580925465 343.15326721966267 70.983921378850937 139.70008799433708 629.22313289344311 174.003174290061 57.739212051033974 56.737838074564934 174.43184281885624 120.19674250483513 138.76241190731525
leaf_count=493 4894 458 1356 1018 1373 284 561 2524 699 231 227 700 482 557
internal_value=-1.27079e-06 0.00285883 0.00342179 -0.0031246 -0.00523688 -0.00714912 0.0043919 0.00321937 0.00673141 -0.00163719 -0.00542415 0.00634468 0.000487749 0.00873057
internal_weight=3957.95 2066.26 1837.39 1891.69 668.562 414.137 1378.96 926.497 452.466 228.868 114.477 297.274 458.426 312.766
internal_count=15857 8288 7372 7569 2675 1657 5534 3717 1817 916 458 1193 1838 1256
is_linear=0
shrinkage=0.02


Tree=16
num_leaves=15
num_cat=0
split_feature=24 5 20 5 43 13 33 28 8 5 19 32 3 8
split_gain=97.4302 19.2138 15.0963 12.6523 11.8476 11.7302 9.66883 9.40512 13.2371 9.51685 13.2991 10.7911 9.3884 17.3476
threshold=0.54653852948143 -0.010532199872001272 0.21659925019525181 0.01072818815406474 -0.060138311812461397 0.0062323809952503093 66.766872173428936 1.0000000180025095e-35 -0.0055743719486180286 -0.010807005412855565 -0.85563920396518867 0.14588631994543264 -0.00025479444119305813 0.00095262415136305784
decision_type=2 2 2 2 2 2 2 2 2 2 2 2 2 2
left_child=3 2 -2 5 -3 6 -1 9 -9 -7 -11 -12 -6 -14
right_child=1 4 -4 -5 12 7 -8 8 -10 10 11 -13 13 -15
leaf_value=0.0020728289529231246 0.008768499235184888 0.00075959096641507187 -0.0014471997735890055 -0.00099364623524306672 -0.0062633309886353308 0.0071387851069692346 -0.0065989596988548435 0.011325111474071677 0.0045004780525941751 -0.0038095910270968089 0.0048739259622485962 -0.004723571734949244 0.0022565580862514336 -0.0047175343217742685
leaf_weight=495.45095893740654 79.684715896844864 183.17937143146992 179.21532106399536 270.14242202043533 715.56940610706806 170.79011127352715 52.436735466122627 167.09688538312912 374.89926363527775 126.36364816129208 331.8549523204565 50.354408606886864 184.40486745536327 589.09744744002819
leaf_count=1987 319 733 717 1083 2863 686 210 671 1504 507 1332 202 738 2357
internal_value=-2.28993e-05 -0.00323814 0.00180357 0.00302217 -0.00402176 0.00363641 0.00119071 0.0047242 0.00668879 0.00311943 0.00171328 0.00356483 -0.00461051 -0.00305108
internal_weight=3970.54 1931.15 258.9 2039.39 1672.25 1769.25 547.888 1221.36 541.996 679.363 508.573 382.209 1489.07 773.502
internal_count=15909 7727 1036 8182 6691 7099 2197 4902 2175 2727 2041 1534 5958 3095
is_linear=0
shrinkage=0.02


Tree=17
num_leaves=15
num_cat=0
split_feature=20 21 5 5 30 5 33 23 1 21 23 20 33 13
split_gain=62.4965 22.6101 17.5146 11.9915 12.9334 12.0554 12.3883 11.1397 13.9211 13.859 10.969 10.1434 10.8681 9.55725
threshold=-1.0000000180025095e-35 0.69541650573104496 0.0087866046228448451 -0.014633267274064879 -0.2488188524502554 0.0036922381270439448 41.746080689663778 1.727431380569914 -0.0049096954138917433 0.37495032868019323 1.5843514550388338 -0.33984028875618327 36.32445246926185 0.0059034124261661417
decision_type=2 2 2 2 2 2 2 2 2 2 2 2 2 2
left_child=3 2 7 -1 10 13 -7 8 9 -2 11 -5 -13 -6
right_child=1 -3 -4 4 5 6 -8 -9 -10 -11 -12 12 -14 -15
leaf_value=0.0077882751657558646 -0.0014985357019020751 0.0078782526536251424 -0.0070781237140128284 0.0035102412011338104 0.0016621907956754678 0.008316526137041506 -0.00086783297632299946 0.0034717826716892694 -0.0036707277846503268 0.0068621416365625444 -0.0063709136623288348 0.0019002218230461561 -0.0067319333201496879 0.006499820574976686
leaf_weight=158.01070840656757 304.18957959115505 76.822676718235016 325.05014432966709 266.23050312697887 252.32154588401318 65.081722244620323 359.03397145867348 131.69755347073078 1097.0179158747196 101.72076761722565 94.777744889259338 119.95571902394295 105.55977837741375 482.03171490132809
leaf_count=635 1217 308 1301 1069 1012 261 1439 527 4390 408 380 481 423 1935
internal_value=-1.36246e-05 -0.00244582 -0.00286956 0.00258878 0.00209705 0.00331788 0.000622014 -0.00201364 -0.00250423 0.000654647 -0.000321929 0.000896327 -0.00219871 0.00486011
internal_weight=3939.5 2036.5 1959.68 1903 1744.99 1158.47 424.116 1634.63 1502.93 405.91 586.524 491.746 225.515 734.353
internal_count=15786 8151 7843 7635 7000 4647 1700 6542 6015 1625 2353 1973 904 2947
is_linear=0
shrinkage=0.02


Tree=18
num_leaves=15
num_cat=0
split_feature=24 48 5 6 15 1 20 17 21 26 1 29 14 9
split_gain=78.7998 17.3527 14.2023 14.0159 14.7919 14.2132 14.1444 13.6039 10.829 10.7124 10.1651 9.41007 10.949 9.30829
threshold=0.55470233287318682 -1.0000000180025095e-35 0.0028909207272154801 -0.0030927149979809647 0.020412367660407275 -0.0026745536343215737 -0.40768828073635482 0.5954410876132824 0.034916234030571355 -0.21141477214975982 -0.0023752836595618936 -5.1443177699390583 0.015256342370209687 0.0064494249849195778
decision_type=2 2 2 2 2 2 2 2 2 2 2 2 2 2
left_child=1 3 -2 5 -5 -1 -7 9 -9 -3 -10 -12 -13 -4
right_child=2 7 13 4 -6 6 -8 8 10 -11 11 12 -14 -15
leaf_value=0.0086005041984429133 -0.0014526317886499457 0.0019244550292911392 -0.0019880380328576026 0.0076739645092833422 -0.00225336996322281 0.0046822442365814388 -0.0060957563048608934 -0.0046149192225596368 0.0060829116247901665 -0.0063602426107612691 -0.0058133812846386567 0.00077567452174160387 0.0077916997461072108 -0.0069377878791942538
leaf_weight=68.220772951841354 1223.0712696909904 106.22696889936924 248.40514451265335 561.01206114888191 64.945499613881111 77.68536165356636 114.25473815202713 75.791439294815063 289.81046280264854 140.29308506846428 58.350972965359688 394.43675804138184 110.40670791268349 409.31010693311691
leaf_count=274 4894 426 994 2254 261 312 458 304 1164 562 234 1581 443 1638
internal_value=0.000219129 0.00291665 -0.00273738 0.00502277 0.00663427 0.00109345 -0.00172537 0.0013142 0.00242154 -0.00282303 0.00306999 0.00147971 0.00237141 -0.00509748
internal_weight=3942.22 2061.43 1880.79 886.118 625.958 260.161 191.94 1175.32 928.796 246.52 853.005 563.194 504.843 657.715
internal_count=15799 8273 7526 3559 2515 1044 770 4714 3726 988 3422 2258 2024 2632
is_linear=0
shrinkage=0.02


Tree=19
num_leaves=15
num_cat=0
split_feature=24 1 5 17 46 14 5 19 2 1 20 48 36 15
split_gain=83.5802 16.8285 19.3823 22.196 12.642 12.0871 13.3034 24.238 11.8612 10.6832 10.2122 14.4296 9.89028 9.41977
threshold=0.53645875187379655 0.00030509206318898814 -0.001882977204353547 0.8860210702289526 1.0000000180025095e-35 0.0069056495512979628 -0.010532199872001272 0.12643629967796646 -0.0033680269166524628 -0.00118702920491573 0.044491195836617245 0.6078576107927941 0.028771841685416293 0.018952574607757268
decision_type=2 2 2 2 2 2 2 2 2 2 2 2 2 2
left_child=1 4 10 8 -1 9 7 -7 -4 -2 11 -3 -11 -6
right_child=5 2 3 -5 13 6 -8 -9 -10 12 -12 -13 -14 -15
leaf_value=0.0072413675817319901 0.0034298405105707042 0.0087530442532942274 0.0013944750151772772 0.0032867394911032079 0.003647972182554967 0.010086324668609139 -0.0046977554427857209 -0.003575544219245148 -0.006168548505089461 -0.0068274786517794062 -0.0028446319178879113 -0.0003523175818757243 0.00060974997320436045 -0.0042717031068841855
leaf_weight=442.46228475868702 189.68831694126129 228.37174980342388 114.96857826411724 287.4854141920805 409.16188684105873 68.407910600304604 1239.4311086982489 172.70977893471718 278.61625015735626 121.45914137363434 58.203890815377235 98.678973212838173 162.93421962857246 65.949889332056046
leaf_count=1778 759 918 461 1153 1643 274 4960 691 1117 486 233 396 652 265
internal_value=-4.58353e-05 0.00284254 0.00112525 -0.000904986 0.00482131 -0.00297723 -0.00386458 0.000426653 -0.00396956 -0.000194642 0.00468 0.0060418 -0.00262964 0.00251561
internal_weight=3938.53 1983.9 1066.32 681.07 917.574 1954.63 1480.55 241.118 393.585 474.082 385.255 327.051 284.393 475.112
internal_count=15786 7964 4278 2731 3686 7822 5925 965 1578 1897 1547 1314 1138 1908
is_linear=0
shrinkage=0.02


Tree=20
num_leaves=15
num_cat=0
split_feature=24 25 5 14 24 37 15 33 5 6 19 3 8 4
split_gain=72.6558 19.3683 15.9023 13.5898 12.5667 11.1595 11.6058 11.1242 10.3894 9.88741 10.1801 9.73113 9.4935 9.03607
threshold=0.43597986296644581 -1.4999999999999998 -0.0075089827267958119 0.0068079587373403314 0.71046963310677247 8.5176686259454701 0.017813306481382626 83.208930797118668 -0.018298086916000187 0.0021320682133649056 0.29244849110689747 0.0025996718793153341 0.0023641812143974966 -0.0037880342473453504
decision_type=2 2 2 2 2 2 2 2 2 2 2 2 2 2
left_child=5 -2 4 9 -3 8 -7 12 -1 11 -11 -4 -5 -10
right_child=1 2 3 7 -6 6 -8 -9 13 10 -12 -13 -14 -15
leaf_value=0.011694298707048774 0.0029025312707303742 0.0049077338825369628 -0.00080771241790115751 -0.003106319670278771 -0.0021867103795354752 0.0020402190089521656 -0.0072879228802902899 0.001749916345519874 0.0066697984357188189 -0.0096068039140182557 0.00098723608634341902 0.0068052565406064563 -0.0068162369041395669 0.0027455929849371425
leaf_weight=68.546700477600098 275.41041865944862 171.50857591629028 249.61438566446304 511.85835491120815 225.44738639891148 257.22831182181835 61.980265274643898 98.443967700004578 327.65895150601864 77.941990599036217 62.977416127920151 86.457319244742393 633.33528839051723 850.61817647516727
leaf_count=276 1104 687 999 2049 902 1033 249 394 1316 312 252 346 2535 3416
internal_value=0.000141926 -0.00204849 -0.00269774 -0.00352829 0.000901431 0.00348489 0.000144525 -0.00462548 0.00433609 -0.000649311 -0.00500069 0.00122184 -0.00517876 0.00386042
internal_weight=3959.03 2393 2117.58 1720.63 396.956 1566.03 319.209 1243.64 1246.82 476.991 140.919 336.072 1145.19 1178.28
internal_count=15870 9580 8476 6887 1589 6290 1282 4978 5008 1909 564 1345 4584 4732
is_linear=0
shrinkage=0.02


Tree=21
num_leaves=15
num_cat=0
split_feature=25 5 5 1 23 10 22 29 36 38 25 48 1 41
split_gain=61.0744 16.2996 14.0568 11.9091 13.1326 11.7141 11.3577 12.068 10.0063 12.4184 9.17667 9.09994 8.42527 10.7694
threshold=1.0000000180025095e-35 0.0037821098968200749 0.00018004627097037142 -0.007870194060802518 1.4611640985897743 0.064159868432473663 0.49745656259509013 4.5064649559899239 0.053538258748752926 11.042105293075133 2.5000000000000004 -1.0000000180025095e-35 -0.0026049292985529169 0.46543807128157449
decision_type=2 2 2 2 2 2 2 2 2 2 2 2 2 2
left_child=1 5 -2 -4 8 6 11 -8 10 -10 -5 -1 -3 -14
right_child=2 12 3 4 -6 -7 7 -9 9 -11 -12 -13 13 -15
leaf_value=0.0062095393778900778 -0.00095173585400561329 0.0032226874810451604 0.00029334300438303078 -0.0015176445031054792 0.00068594813991337453 0.010933950339319747 -0.0025341731980180488 0.0077988587573949606 -0.0098123396968944916 -8.0585401936381315e-05 -0.0096440946641907065 0.0023327855837460636 0.0031404599180873565 -0.003944762960856248
leaf_weight=432.20730759203434 1007.7022108584642 171.1943124383688 185.82222238183022 234.31932228803635 124.19360513985157 76.066753402352333 226.68034240603447 51.191758364439011 348.12318688631058 61.696580663323402 68.946685895323753 565.82790148258209 114.72076454758644 302.85362847149372
leaf_count=1740 4034 687 744 938 497 306 908 205 1394 247 276 2272 460 1214
internal_value=-0.000214398 0.00231961 -0.00263577 -0.00428177 -0.00529286 0.00352547 0.00304283 -0.000526339 -0.00633168 -0.0083659 -0.00349163 0.00403423 -0.000455753 -0.0019841
internal_weight=3971.55 1940.74 2030.8 1023.1 837.279 1351.97 1275.91 277.872 713.086 409.82 303.266 998.035 588.769 417.574
internal_count=15922 7792 8130 4096 3352 5431 5125 1113 2855 1641 1214 4012 2361 1674
is_linear=0
shrinkage=0.02


Tree=22
num_leaves=15
num_cat=0
split_feature=24 5 19 46 48 14 49 29 38 16 6 7 37 9
split_gain=75.6812 12.4774 10.6381 13.4058 10.4671 15.8212 9.10356 9.87008 8.70299 8.68414 8.5476 12.4147 11.7326 9.59983
threshold=0.55470233287318682 0.0054639905167127569 -1.0000000180025095e-35 0.43301270189221946 -1.0000000180025095e-35 0.010319422534389134 0.81174490092936691 -2.2177840685952064 11.497207655136705 0.011332719164745063 -0.00099151909800398791 -0.003366492410466724 8.8884108818301275 0.00024262617638025271
decision_type=2 2 2 2 2 2 2 2 2 2 2 2 2 2
left_child=1 4 3 -2 10 -6 8 -8 -4 -9 11 -1 -12 -13
right_child=2 -3 6 -5 5 -7 7 9 -10 -11 12 13 -14 -15
leaf_value=-0.0049831168967972884 0.0036079163167853285 -0.00011685314397408979 -0.0046987944168755446 -0.005201480342049012 -0.0002677760866541808 0.0050584389227108697 0.0068478201661536621 0.0018237507105658851 0.00042189173112981595 -0.0070130414255092158 0.0088275322347102034 0.0082317173581397344 0.00037358709325133058 -0.00080867047776902762
leaf_weight=62.71498416364193 196.58460523188114 490.21761298179626 1208.373956784606 100.18634136021137 500.63091765344143 396.69675526022911 59.47412696480751 92.46167553961277 148.19011677801609 77.958685994148254 333.33013907074928 123.6271329075098 82.042605683207512 72.714074939489365
leaf_count=252 787 1966 4836 401 2008 1594 238 370 593 312 1342 497 330 292
internal_value=2.46188e-05 0.00266882 -0.00286995 0.000597061 0.00353526 0.00210186 -0.00351835 0.000159477 -0.00413992 -0.00230331 0.0054129 0.00249396 0.00718205 0.00494671
internal_weight=3945.2 2061.97 1883.23 296.771 1571.76 897.328 1586.46 229.894 1356.56 170.42 674.429 259.056 415.373 196.341
internal_count=15818 8281 7537 1188 6315 3602 6349 920 5429 682 2713 1041 1672 789
is_linear=0
shrinkage=0.02


Tree=23
num_leaves=15
num_cat=0
split_feature=24 5 3 1 5 48 7 24 1 39 26 6 10 32
split_gain=54.7463 14.6588 15.4506 13.747 13.5098 14.0052 11.5682 11.324 11.0718 12.4215 9.46579 9.10348 8.58078 7.70242
threshold=0.55470233287318682 0.01072818815406474 0.0036907882691579459 -0.0071305001348375627 0.0055979966650289504 -1.0000000180025095e-35 -0.001525972957086903 0.24365499408909866 -0.0075089827267958119 0.83862754905539061 -0.041475165325061222 -6.0418915990438356e-05 -0.043845540590854756 0.1115184983081746
decision_type=2 2 2 2 2 2 2 2 2 2 2 2 2 2
left_child=4 2 12 -3 5 6 11 -6 9 -7 -8 -1 -2 -5
right_child=1 3 -4 13 7 8 10 -9 -10 -11 -12 -13 -14 -15
leaf_value=-0.002717777643894029 -0.0077482575095292544 0.00052832648085752076 0.0010896220579376156 -0.0045209435198004643 0.0029818729949766172 0.0098945183723128625 0.0099234097987535817 -0.0032277156516436934 0.00031720082942987527 -0.0016875302198592064 0.0036327757324506856 0.0047782018790875277 -0.0024793686160632118 -0.013154784675795487
leaf_weight=101.77753487229347 138.17360045015812 70.218014627695084 488.76271122694016 76.908731922507286 188.87017926573753 105.78890135884285 232.33235171437263 293.61891604959965 731.77067224681377 53.696524322032928 174.89918062090874 161.895437464118 1005.9650049358606 108.60073292255402
leaf_count=409 553 281 1956 308 758 426 936 1177 2936 216 703 652 4026 435
internal_value=-0.000137575 -0.00258913 -0.00187916 -0.00699949 0.0021277 0.00302892 0.00520183 -0.000791322 0.00137333 0.00606224 0.00729852 0.00188803 -0.00314662 -0.00978795
internal_weight=3933.28 1888.63 1632.9 255.727 2044.65 1562.16 670.905 482.489 891.256 159.485 407.232 263.673 1144.14 185.509
internal_count=15772 7559 6535 1024 8213 6278 2700 1935 3578 642 1639 1061 4579 743
is_linear=0
shrinkage=0.02


Tree=24
num_leaves=15
num_cat=0
split_feature=24 37 5 5 10 16 43 26 22 36 21 35 5 26
split_gain=71.3155 13.2317 13.0689 11.6613 10.3283 14.0897 12.4874 9.34097 9.26583 9.0537 9.65663 8.83157 9.014 9.14491
threshold=0.55470233287318682 8.8884108818301275 0.0054639905167127569 0.0092249731562111439 -0.038996715063432573 0.018708589462718358 0.050655311869818281 0.56801509461546529 0.24464501106392053 0.084323899559801116 0.39170697666062465 -0.30011994192367414 -0.014633267274064879 1.1373942374791002
decision_type=2 2 2 2 2 2 2 2 2 2 2 2 2 2
left_child=1 2 9 4 6 11 -2 -5 -4 -1 -11 -6 -13 -14
right_child=3 -3 8 7 5 -7 -8 -9 -10 10 -12 12 13 -15
leaf_value=0.0032493916531209578 -0.0085866735425828757 -0.00075485804258114788 0.0032649362452032756 -0.0029537804862254649 0.0014951511126214271 0.0050358418267127236 0.0025003168718838358 -0.010014605882251061 -0.002547837837416812 0.0098093495384341724 0.0034591418914080734 0.0049325703839000565 -0.0040867813515538653 0.0012922888750713558
leaf_weight=872.35754862427711 166.64890557527542 370.481375426054 215.83667378127575 169.33562102913857 233.37993764877319 121.18249933421612 50.725482955574989 138.77004337310791 213.03698274493217 211.92601104080677 186.28415204584599 52.72483603656292 802.83788402378559 147.43637783825397
leaf_count=3505 667 1488 866 678 934 485 203 556 854 854 749 211 3213 590
internal_value=0.000102407 0.00266155 0.00340637 -0.00271032 -0.00200163 -0.00134151 -0.00600142 -0.0062431 0.000381435 0.00442192 0.00691843 -0.00198434 -0.00279736 -0.00324982
internal_weight=3952.96 2069.92 1699.44 1883.04 1574.94 1357.56 217.374 308.106 428.874 1270.57 398.21 1236.38 1003 950.274
internal_count=15853 8316 6828 7537 6303 5433 870 1234 1720 5108 1603 4948 4014 3803
is_linear=0
shrinkage=0.02


Tree=25
num_leaves=15
num_cat=0
split_feature=0 21 1 39 46 10 28 40 39 1 46 35 8 33
split_gain=57.5327 18.1753 15.0033 11.7581 11.2015 10.4022 10.2996 9.98947 9.79266 10.8471 14.9112 15.1551 11.5953 22.0451
threshold=-0.0013259707394437778 0.56849161239351609 -0.00118702920491573 0.61964711008217588 1.0000000180025095e-35 -0.038996715063432573 -2.3417793495004653 0.62068893169479666 2.3031427638518882 0.0033601113805142063 1.0000000180025095e-35 0.28764911536807841 0.02716091673585137 55.707184209837159
decision_type=2 2 2 2 2 2 2 2 2 2 2 2 2 2
left_child=8 2 5 4 -4 6 -2 -6 9 10 -1 -12 13 -11
right_child=1 -3 3 -5 7 -7 -8 -9 -10 12 11 -13 -14 -15
leaf_value=0.0073382071527407864 0.00026946239663791852 0.0027024894808027711 -0.0072477556780695578 -3.4871241960952295e-06 0.0017528270354296696 0.00028820285673200624 -0.0098534211374700139 -0.0047386072507680536 -0.0033262519040691053 0.0030012378046680457 0.00043868863899067126 0.0092003586832813747 0.0082912095112070514 -0.0059118321110093828
leaf_weight=449.92064613103867 72.91192789375782 297.24366657435894 468.91594682633877 225.08863893151283 133.62613719701767 776.56942276656628 83.9172353297472 304.24813534319401 87.64414744079113 333.15039771795273 384.10409864783287 94.586189761757851 74.868665769696236 160.23970845341682
leaf_count=1810 292 1193 1878 901 535 3109 336 1218 352 1339 1544 380 301 643
internal_value=8.75867e-05 -0.00188853 -0.00255422 -0.00409722 -0.0051078 -0.000671244 -0.00528424 -0.00276019 0.00303066 0.0034127 0.0047399 0.00224715 0.00122145 7.62462e-05
internal_weight=3947.03 2362.52 2065.28 1131.88 906.79 933.399 156.829 437.874 1584.51 1496.87 928.611 478.69 568.259 493.39
internal_count=15831 9462 8269 4532 3631 3737 628 1753 6369 6017 3734 1924 2283 1982
is_linear=0
shrinkage=0.02


Tree=26
num_leaves=15
num_cat=0
split_feature=24 25 23 5 14 23 11 26 1 5 29 28 29 14
split_gain=62.5804 17.4764 15.3683 12.7402 14.4332 11.9764 11.9572 14.9597 11.4905 12.0136 11.2273 11.8307 11.1285 10.4561
threshold=0.43597986296644581 -1.4999999999999998 1.6015686719543567 -0.028374637093740603 0.0069056495512979628 1.6809235272069689 0.10530568465543948 -0.098171649835837219 -0.0077299352184810122 -0.00079087445427093066 2.218992198797459 -1.6000676685422388 -6.7793046979785165 0.011235971640881083
decision_type=2 2 2 2 2 2 2 2 2 2 2 2 2 2
left_child=2 -2 6 -3 -5 8 7 10 -6 -10 11 12 -1 -4
right_child=1 3 13 4 5 -7 -8 -9 9 -11 -12 -13 -14 -15
leaf_value=-0.0004130547827161883 0.0026661689147516382 0.0060531842816290453 -0.0060209291553640822 -3.8364033802163455e-05 -0.00095230167574675642 0.00161992440404223 0.010554877591351316 0.00088329702874024695 -0.0029149104632486067 -0.0072157369207625941 0.0099956466634749021 0.00088843389668297895 0.0089673739391218348 0.00284741552647781
leaf_weight=65.629886791110039 277.76342675089836 60.927424550056458 109.5968594700098 522.11095261573792 297.23213066160679 140.67692083120346 96.389867171645164 552.09895773231983 461.54837942123413 622.87839783728123 154.47254374623299 271.84152062237263 209.62856748700142 95.036039263010025
leaf_count=264 1114 244 440 2090 1190 563 388 2218 1848 2495 622 1094 844 382
internal_value=2.10342e-05 -0.00201397 0.00313688 -0.00263628 -0.00290937 -0.00389069 0.00390957 0.00335874 -0.00445558 -0.00540702 0.00528674 0.00387871 0.00676333 -0.00193259
internal_weight=3937.83 2383.14 1554.69 2105.37 2044.45 1522.34 1350.06 1253.67 1381.66 1084.43 701.573 547.1 275.258 204.633
internal_count=15796 9544 6252 8430 8186 6096 5430 5042 5533 4343 2824 2202 1108 822
is_linear=0
shrinkage=0.02


Tree=27
num_leaves=15
num_cat=0
split_feature=0 3 8 29 38 8 5 2 19 13 12 5 48 8
split_gain=48.9204 16.083 16.1039 12.2728 16.4438 9.79448 9.73483 13.9613 9.88849 9.64456 9.77898 9.42104 13.2885 9.9842
threshold=-0.0013259707394437778 -0.00025479444119305813 0.00095262415136305784 1.4083891018141972 7.4580085698187046 -0.015557536006030029 0.00057231377466267642 -0.0026033269693917847 0.60238634693315796 0.013162062195700581 -0.025886978075151289 0.0050040779542411297 -1.0000000180025095e-35 -0.0067487654875722589
decision_type=2 2 2 2 2 2 2 2 2 2 2 2 2 2
left_child=3 6 5 4 -1 -3 7 -2 -9 10 -4 12 13 -5
right_child=1 2 9 11 -6 -7 -8 8 -10 -11 -12 -13 -14 -15
leaf_value=0.0018407191071368532 -0.0065614124294488341 -0.0035969463663603767 -0.0069532434530054808 0.017185504750788196 -0.0078568527734311361 0.0053038541177941635 -0.0056876312043112401 0.0017224818399022594 -0.0061697858134106475 0.0014353142760958764 -0.0015431032064592487 0.00096169933423307123 0.003310862517782941 0.006678886056842393
leaf_weight=898.53427037596703 173.49945816397667 58.144716069102287 179.29029209911823 57.408950433135033 70.884646877646446 240.60166069865227 542.16759431362152 319.50624817609787 73.95574127137661 269.87296357750893 502.17881768941879 189.17308001220226 251.80973193049431 115.27206274867058
leaf_count=3613 695 233 718 232 285 964 2172 1280 296 1081 2011 759 1012 465
internal_value=-0.000209191 -0.00203259 -0.00047328 0.00250601 0.00109495 0.00354081 -0.00378006 -0.00192214 0.000180233 -0.00174573 -0.00300676 0.00470823 0.00634723 0.0105572
internal_weight=3942.3 2359.22 1250.09 1583.08 969.419 298.746 1109.13 566.961 393.462 951.342 681.469 613.664 424.491 172.681
internal_count=15816 9450 5007 6366 3898 1197 4443 2271 1576 3810 2729 2468 1709 697
is_linear=0
shrinkage=0.02


Tree=28
num_leaves=15
num_cat=0
split_feature=0 21 19 26 33 31 46 43 41 40 42 19 23 26
split_gain=48.0875 18.4926 10.9394 10.7004 13.3908 11.4206 10.7444 9.15331 9.96073 12.6952 8.46188 8.4675 8.43171 9.46384
threshold=-0.0012545077833534953 0.56849161239351609 -0.88031436315765699 -0.48816247868063828 24.968883228913906 -0.89368006947199097 1.0000000180025095e-35 0.10451389203922544 0.54499741486654807 1.2556707497208011 0.50140190579318422 0.052192591032888778 0.77842627291861388 0.33353071881325053
decision_type=2 2 2 2 2 2 2 2 2 2 2 2 2 2
left_child=2 7 -1 4 -4 -5 -6 -2 -9 -10 11 -3 -7 -14
right_child=1 10 3 5 6 12 -8 8 9 -11 -12 -13 13 -15
leaf_value=-0.00122604131979993 -0.0030946829197309733 0.0041578269798314667 0.00054490869307383442 -0.0066918833727242361 0.012778105309227255 0.00072005234727864648 0.0043422700700118336 0.0079018479267958779 0.0020962166960697822 -0.0088117336964950617 0.0070043033628506644 -0.0042110743612108845 0.0063237902487982261 9.7182334290027164e-07
leaf_weight=251.16431260108948 1795.6767379939556 94.10283488035202 117.03341996669769 50.250606596469879 126.33537326753139 447.63613066077232 126.23724962770939 57.717597410082817 135.38683052361012 56.454488307237625 109.61356817185879 89.447100400924683 334.94997209310532 131.25081074237823
leaf_count=1010 7191 378 471 202 509 1800 508 231 542 226 440 359 1347 527
internal_value=-0.000101941 -0.0019233 0.002583 0.00330223 0.00617871 0.00217328 0.00872796 -0.00259686 0.000975592 -0.00125603 0.0027405 7.59941e-05 0.00269452 0.00456261
internal_weight=3923.26 2338.4 1584.86 1333.69 369.606 964.088 252.573 2045.24 249.559 191.841 293.164 183.55 913.837 466.201
internal_count=15741 9367 6374 5364 1488 3876 1017 8190 999 768 1177 737 3674 1874
is_linear=0
shrinkage=0.02


Tree=29
num_leaves=15
num_cat=0
split_feature=24 5 26 24 48 18 17 10 45 26 39 5 9 37
split_gain=72.1891 14.4356 11.3196 9.52189 10.9446 10.6825 9.83167 9.31037 11.3852 9.55772 12.2597 11.4626 10.1265 9.17686
threshold=0.52540735186981558 0.0089858490563574627 0.73420734906939222 0.38951872546585009 -1.0000000180025095e-35 0.03358165929763305 0.3761157239309475 -0.038996715063432573 -0.6257402873185024 0.1557703186354272 -0.6343305408296489 -0.0033680269166524628 0.0027929496433859642 1.4135948151637805
decision_type=2 2 2 2 2 2 2 2 2 2 2 2 2 2
left_child=3 7 -3 4 5 6 -1 8 -2 12 11 -11 -9 -8
right_child=1 2 -4 -5 -6 -7 13 9 -10 10 -12 -13 -14 -15
leaf_value=-0.00075399834106213641 -0.0028536642992949197 -0.0037211546458718659 -0.011611037196878423 0.00043976741826278306 0.0020261771206230468 -0.002049786233532858 0.00024836358395530168 -0.00068746564573416065 -0.01262421557334846 0.00035100700321587209 -0.0013748714028459434 -0.010044317380668116 0.005970084812604394 0.0087594255282565075
leaf_weight=62.607636451721191 176.82574355602264 210.89058081805706 112.73614273965359 557.82931995391846 808.9390614181757 61.777729466557503 58.588579416275024 489.57863979041576 62.684681504964828 59.455682873725891 635.50113385915756 140.34929503500462 107.15317034721375 384.74237436056137
leaf_count=252 708 845 452 2240 3251 249 236 1960 251 238 2544 562 429 1552
internal_value=-0.000100019 -0.00276581 -0.00660446 0.00264944 0.00353999 0.00566049 0.0066128 -0.00200513 -0.00561668 -0.00138365 -0.00275842 -0.00701794 0.000547683 0.00764996
internal_weight=3929.66 1995.18 323.627 1934.48 1376.66 567.716 505.939 1671.55 239.51 1432.04 835.306 199.805 596.732 443.331
internal_count=15769 7989 1297 7780 5540 2289 2040 6692 959 5733 3344 800 2389 1788
is_linear=0
shrinkage=0.02


Tree=30
num_leaves=15
num_cat=0
split_feature=24 1 1 24 0 5 48 20 10 13 5 43 2 3
split_gain=66.0088 13.5586 12.1793 17.0778 12.2834 11.5124 11.778 11.0243 13.5476 11.1183 10.217 11.0518 11.4781 10.754
threshold=0.52540735186981558 -0.0022078478960486981 0.00037845712822546677 0.43597986296644581 -0.026821606554241633 -0.0024525520411963621 0.6078576107927941 0.41403212348480906 -0.022507103240163803 0.0059034124261661417 0.00030606171775953691 0.10139832884661888 -0.00054821394692556485 0.010199304867467068
decision_type=2 2 2 2 2 2 2 2 2 2 2 2 2 2
left_child=2 7 4 5 -1 6 -4 -2 -9 -10 13 12 -12 -3
right_child=1 10 3 -5 -6 -7 -8 8 9 -11 11 -13 -14 -15
leaf_value=-0.0035980857808375617 0.0018334390633038817 -0.0029222185022149509 0.0082049187704546517 -0.004051653737101364 0.0051694618083926152 0.0008420134427998986 -0.00064664339740622991 -0.0089709683835540299 0.0072703435169248157 -0.0024590938832013604 -0.0034950411138206 0.00085332171005401308 -0.0095789050005366944 0.0047933097348589488
leaf_weight=65.820046544075012 422.59856784343719 510.04672555625439 207.94037026166916 189.37956528365612 821.2530011087656 569.35498909652233 82.825727209448814 99.683070525527 53.480160549283028 234.34913174808025 246.80596497654915 89.899787291884422 263.96225844323635 79.438872694969177
leaf_count=265 1692 2042 839 759 3307 2287 333 399 214 938 989 360 1058 318
internal_value=0.000154383 -0.00239088 0.00278274 0.00131477 0.0045024 0.00251292 0.00571521 -0.000390798 -0.00280888 -0.000558042 -0.00374495 -0.00557311 -0.00670153 -0.00185091
internal_weight=3936.84 2000.26 1936.57 1049.5 887.073 860.121 290.766 810.111 387.512 287.829 1190.15 600.668 510.768 589.486
internal_count=15800 8010 7790 4218 3572 3459 1172 3243 1551 1152 4767 2407 2047 2360
is_linear=0
shrinkage=0.02


Tree=31
num_leaves=15
num_cat=0
split_feature=0 21 3 23 26 5 37 5 1 43 7 24 36 21
split_gain=47.9111 16.207 13.1515 15.5816 15.1101 14.5787 11.7507 14.645 11.7727 9.35805 9.31735 9.25728 9.71004 9.18167
threshold=-0.0013259707394437778 0.69541650573104496 -0.00025479444119305813 1.8011332925006682 0.39135990051522168 0.0012236828300922148 8.5958038272656783 -0.021625442715538779 0.003518209185577055 -0.18573632413048161 -0.010526453779994747 0.34472222540797209 0.072678050311867512 0.3230958836097822
decision_type=2 2 2 2 2 2 2 2 2 2 2 2 2 2
left_child=6 2 5 4 -4 10 7 -1 9 -9 -2 12 -10 -8
right_child=1 -3 3 -5 -6 -7 13 8 11 -11 -12 -13 -14 -15
leaf_value=0.012664408154105156 -0.0085162316403701848 0.0051487334456239101 0.00057654435334272619 0.0073988892790379747 -0.0041450399524226847 -0.0065392698720274115 -0.0027984879066193032 -0.0030367093317004369 -0.0011380748469000375 0.0051266533392186741 -0.00084308808864343762 -0.0032991949065255726 0.0061066869638440827 0.0047211962383432778
leaf_weight=60.853661224246025 67.396209999918938 118.43305373191833 620.12798675894737 80.199228420853615 475.26886248588562 468.05581405758858 239.78795818984509 57.923756882548332 143.46186505258083 684.5657664835453 516.50512553751469 166.97195281088352 144.97396376729012 83.51507094502449
leaf_count=246 270 476 2484 321 1904 1876 964 233 577 2757 2069 670 584 336
internal_value=-0.000107707 -0.00192008 -0.0023066 -0.000846979 -0.00148157 -0.00392604 0.00257739 0.00344814 0.00292926 0.00447375 -0.00179354 0.000389903 0.0025453 -0.000813697
internal_weight=3928.04 2345.99 2227.55 1175.6 1095.4 1051.96 1582.05 1258.75 1197.9 742.49 583.901 455.408 288.436 323.303
internal_count=15767 9400 8924 4709 4388 4215 6367 5067 4821 2990 2339 1831 1161 1300
is_linear=0
shrinkage=0.02


Tree=32
num_leaves=15
num_cat=0
split_feature=24 45 23 3 40 39 45 16 35 27 42 27 11 13
split_gain=48.3529 15.902 15.5652 13.1608 12.1047 10.3189 9.82236 9.02179 8.91117 9.95068 9.88126 8.44155 8.29002 7.87405
threshold=0.43597986296644581 -0.51400332730851706 1.5492907892875476 0.0020552960190834677 1.2761031410021808 -0.75190321858016207 0.60206712042020538 0.008503385665568455 -0.82181600518283171 -1.5695089355512613 0.48787063542769199 -1.2358347550563837 0.13860828215264737 0.007395538209080431
decision_type=2 2 2 2 2 2 2 2 2 2 2 2 2 2
left_child=8 4 3 -3 5 -2 -5 -7 10 -10 -1 -6 -8 -4
right_child=1 2 13 6 11 7 12 -9 9 -11 -12 -13 -14 -15
leaf_value=0.0026746125945358123 -0.0025016567474742922 -0.0050209949036953199 0.0084338222694766291 0.0015875917240700073 -0.0064014558394418662 0.010388139825496055 -0.004381749132413541 0.0026178501881016143 0.011541964948850694 0.0030102988517607789 -0.0049579691341371532 0.0027179857546136307 0.0038866777834648679 -3.5204460971237585e-05
leaf_weight=153.91181622445583 100.33643983304501 891.15145273506641 54.706763878464699 274.37036101520061 113.02654387056828 79.364242374897003 352.45945052802563 223.80035203695297 53.044290885329247 1247.5867194980383 113.48641309142113 58.390912517905235 52.161723956465721 165.85036957263947
leaf_count=620 402 3571 219 1099 453 318 1412 897 214 5023 457 234 209 664
internal_value=1.05094e-06 -0.00180292 -0.00273021 -0.00342837 0.00108393 0.00296655 -0.00131669 0.00478755 0.00271971 0.00340112 -0.000596276 -0.00330606 -0.00328139 0.00220583
internal_weight=3933.65 2365.62 1790.7 1570.14 574.918 403.501 678.992 303.165 1568.03 1300.63 267.398 171.417 404.621 220.557
internal_count=15792 9478 7174 6291 2304 1617 2720 1215 6314 5237 1077 687 1621 883
is_linear=0
shrinkage=0.02


Tree=33
num_leaves=15
num_cat=0
split_feature=0 21 19 17 16 36 6 25 6 37 0 2 26 35
split_gain=43.8933 16.2259 12.585 11.7496 10.9227 10.1971 14.0634 9.10003 10.7134 8.87412 11.8432 10.7158 9.05418 8.48505
threshold=-0.0013864414441460615 0.37495032868019323 -0.88031436315765699 1.144762243994554 0.0058633349852024348 0.11987436382225622 0.00030606171775953691 2.5000000000000004 0.00050136998057499652 8.7443643815464913 -0.0085212609407269522 -0.0004931989521591043 -0.036641522685067311 1.0009452266026788
decision_type=2 2 2 2 2 2 2 2 2 2 2 2 2 2
left_child=2 4 5 7 -2 6 -1 -3 -9 10 11 -4 -12 -6
right_child=1 3 9 -5 13 -7 -8 8 -10 -11 12 -13 -14 -15
leaf_value=-0.0084868595045684541 0.0043544234553100991 0.00067469485334837589 0.011738476927898046 0.0053336430432834618 -0.0036079677004152528 0.006320316550420685 0.0019733999509113937 -0.010561719871428224 0.0012422244038853337 0.00022423953019700099 0.0050619138676766184 0.0040980847390979505 0.00071993124113377282 0.0011861082559358309
leaf_weight=98.523144572973251 79.673537746071815 539.61286082863808 139.74782255291939 174.43404705822468 1289.9481977969408 51.125470325350761 99.096171706914902 64.151846677064896 53.682226851582527 250.12068912386894 411.72785869240761 166.28064236044884 359.94552797079086 164.28042656183243
leaf_count=396 319 2165 564 700 5167 206 399 257 215 1006 1659 671 1447 658
internal_value=0.000272682 -0.00144915 0.00285286 0.000797029 -0.00266595 -0.00125493 -0.0033223 -0.000437799 -0.00535247 0.00362421 0.00440862 0.00771968 0.00305428 -0.00306418
internal_weight=3942.35 2365.78 1576.57 831.881 1533.9 248.745 197.619 657.447 117.834 1327.82 1077.7 306.028 771.673 1454.23
internal_count=15829 9481 6348 3337 6144 1001 795 2637 472 5347 4341 1235 3106 5825
is_linear=0
shrinkage=0.02


Tree=34
num_leaves=15
num_cat=0
split_feature=24 23 1 24 23 5 46 20 10 32 48 15 3 8
split_gain=43.1336 14.9569 14.5979 15.7944 14.2017 14.1301 13.9976 14.7774 13.3625 12.489 10.8736 14.0364 15.4171 13.3053
threshold=0.43597986296644581 1.5492907892875476 -0.00118702920491573 0.55470233287318682 1.3410948807576639 -0.0080638520466016651 1.0000000180025095e-35 0.0064658521828671088 -0.038996715063432573 -0.054017022127522664 -1.0000000180025095e-35 0.020206765414170529 -0.0055033957873608236 0.02716091673585137
decision_type=2 2 2 2 2 2 2 2 2 2 2 2 2 2
left_child=1 10 3 -2 5 9 7 -7 -5 -4 11 12 -1 -12
right_child=2 -3 4 8 -6 6 -8 -9 -10 -11 13 -13 -14 -15
leaf_value=0.013933205575372278 0.0050746311959816142 -0.0020632260033913328 -0.0040524577874160861 -0.0062831712580748902 0.0013339900713275955 -0.0018184721109681624 -0.0024919545310065324 -0.0099049373474385215 9.2632283547715923e-05 0.0062298672226393202 0.00097497219077721526 -0.0024127160892477109 0.0049291733856897842 0.010169993549399911
leaf_weight=91.55968926846981 201.48323075473309 227.09442013502121 90.857998937368393 155.83039815723896 238.48445598781109 130.04792311787605 434.50918366014957 312.34038637578487 719.8807058185339 88.377955958247185 683.39416003227234 76.101027876138687 422.50277699530125 64.521680071949959
leaf_count=370 810 913 364 624 955 521 1741 1253 2882 354 2749 307 1706 260
internal_value=7.47736e-05 0.00264702 -0.00162467 9.65156e-05 -0.00305165 -0.00404358 -0.00508455 -0.00757467 -0.00107115 0.00104904 0.00345113 0.00547236 0.00665165 0.00183048
internal_weight=3936.99 1565.17 2371.81 1077.19 1294.62 1056.13 876.897 442.388 875.711 179.236 1338.08 590.163 514.062 747.916
internal_count=15809 6305 9504 4316 5188 4233 3515 1774 3506 718 5392 2383 2076 3009
is_linear=0
shrinkage=0.02


Tree=35
num_leaves=15
num_cat=0
split_feature=24 48 5 17 5 19 43 3 40 14 3 19 15 5
split_gain=44.3434 15.6489 14.3895 14.1299 14.0857 15.1745 16.0272 11.1023 10.8899 9.19375 9.87934 8.9145 8.2867 8.48494
threshold=0.55470233287318682 -1.0000000180025095e-35 0.0044497737028118016 0.47875339719494464 -0.010532199872001272 0.12643629967796646 0.030370143452182172 -0.002374981284608068 0.51300583624343343 0.0068079587373403314 0.0031991843395940667 0.048746688098146744 0.020206765414170529 0.0017109970868300413
decision_type=2 2 2 2 2 2 2 2 2 2 2 2 2 2
left_child=1 2 8 -3 5 -2 -7 -5 -1 10 -6 12 13 -10
right_child=4 3 -4 7 9 6 -8 -9 11 -11 -12 -13 -14 -15
leaf_value=-1.2000602967487636e-05 0.0098495753918026851 -0.0057365453252715345 -0.00044425284697524999 -0.0016151563779519705 -0.0022364848848448597 -0.0057005655050017916 0.0062300082373437041 0.0026307235995181883 0.0070831450943657868 -0.0039997764807048015 0.0048807581512475577 0.00074635924852048873 0.00028191306602570228 0.014790322036883338
leaf_weight=123.52986542880535 65.63546422123909 132.83490987122059 233.60119450092316 385.38921694457531 328.12304043769836 110.43265686929226 68.962446376681328 664.95785991847515 306.72598956525326 1212.3260425180197 96.923806294798851 88.433052480220795 52.668650045990944 74.779203847050667
leaf_count=498 263 533 939 1549 1314 442 276 2674 1241 4858 388 355 213 302
internal_value=-0.000230477 0.00179294 0.00380498 0.000287193 -0.0024468 0.00199369 -0.00106969 0.00107257 0.00533284 -0.00311537 -0.000575656 0.00658436 0.00775141 0.00876563
internal_weight=3945.32 2062.92 879.738 1183.18 1882.4 245.031 179.395 1050.35 646.137 1637.37 425.047 522.607 434.174 381.505
internal_count=15845 8304 3548 4756 7541 981 718 4223 2609 6560 1702 2111 1756 1543
is_linear=0
shrinkage=0.02


Tree=36
num_leaves=15
num_cat=0
split_feature=0 5 26 29 21 21 1 10 9 5 1 46 41 4
split_gain=41.7426 13.5231 13.464 11.8503 11.3331 9.44737 14.0345 20.1805 15.0375 9.98505 9.27456 10.6011 10.0121 8.58733
threshold=-0.0013259707394437778 0.0028909207272154801 -1.317421444410519 8.2392583370002495 0.56849161239351609 0.34667356358433971 -0.0032811601453215451 -0.0074329633540587891 0.0025552019560429805 0.002131150945062684 -0.0062867706404378569 1.0000000180025095e-35 0.47988349390402968 0.012911511967547315
decision_type=2 2 2 2 2 2 2 2 2 2 2 2 2 2
left_child=2 5 -1 4 -3 9 8 -8 -7 13 11 12 -4 -2
right_child=1 3 10 -5 -6 6 7 -9 -10 -11 -12 -13 -14 -15
leaf_value=-0.0032326127243230691 -0.0018708843356335476 -0.005667780147787546 0.0044342927690461265 0.003713733769667727 0.0017174986090828751 0.010008525540409286 -0.0065448333450971435 0.0023471254131633198 -0.0026254345363245423 0.0059879866975196998 0.0022181205771028998 0.001951708556917455 0.016335404764887457 -0.0083827369651669655
leaf_weight=152.82237470149994 789.39663292467594 637.87317384779453 61.124115437269211 69.580906912684441 93.142527431249619 113.15069553256035 150.35910494625568 293.03704100847244 52.752574190497398 53.663616761565208 1199.241090759635 108.65544600784779 57.409527912735939 86.152900665998459
leaf_count=615 3161 2558 247 279 374 455 603 1175 212 215 4830 438 232 345
internal_value=-0.000175379 -0.00187004 0.00233264 -0.00396989 -0.00472151 -0.000768014 0.00116168 -0.000707564 0.006032 -0.00203279 0.00293809 0.00660893 0.0106262 -0.0025556
internal_weight=3918.36 2339.11 1579.25 800.597 731.016 1538.51 609.299 443.396 165.903 929.213 1426.43 227.189 118.534 875.55
internal_count=15739 9377 6362 3211 2932 6166 2445 1778 667 3721 5747 917 479 3506
is_linear=0
shrinkage=0.02


Tree=37
num_leaves=15
num_cat=0
split_feature=24 5 1 5 3 17 5 15 45 33 2 42 20 2
split_gain=37.1978 18.6174 12.4457 13.3709 14.2006 9.99132 9.45473 8.82786 8.46137 9.19766 8.90116 8.87196 7.90381 8.28664
threshold=0.52540735186981558 -0.0043147869263978319 -0.0022078478960486981 0.0089858490563574627 0.011010353834584059 0.47363120030337974 0.011554715224083611 0.0061591965358347633 0.083990595229394935 43.480684738249856 -0.0028330121072027425 0.47981014836075769 0.026050404090678464 0.0020552960190834677
decision_type=2 2 2 2 2 2 2 2 2 2 2 2 2 2
left_child=1 -1 7 4 8 -3 -7 -2 9 10 -4 -10 13 -9
right_child=2 5 3 -5 -6 6 -8 12 11 -11 -12 -13 -14 -15
leaf_value=0.0054197238237986244 0.0075216848585705071 -0.0026569423592876034 -0.0061317307792822951 -0.0079806063314986804 0.0042731554540604436 0.002550334590517071 -0.0019821066328791158 -0.0009886390328614548 0.0040846367628147315 -0.0086585439664006777 0.0030052437753415877 -0.0026130804069098719 -0.0014241844291650132 0.008672641951993262
leaf_weight=491.90948271751404 54.459692135453224 251.96595515310764 88.605623081326485 184.90687747299671 116.3513218164444 964.22023564577103 223.32291938364506 69.854334011673927 90.601375788450241 173.4446761906147 74.134165376424789 461.91401432454586 629.1138059347868 65.356520026922226
leaf_count=1987 218 1013 355 743 466 3883 897 280 363 695 297 1851 2519 262
internal_value=0.000101931 0.00208098 -0.00180138 -0.00310289 -0.00217044 0.00092525 0.00169325 9.74952e-05 -0.00303324 -0.00551379 -0.00200398 -0.00148801 -0.00047694 0.00382405
internal_weight=3940.16 1931.42 2008.74 1189.96 1005.05 1439.51 1187.54 818.784 888.7 336.184 162.74 552.515 764.325 135.211
internal_count=15829 7780 8049 4770 4027 5793 4780 3279 3561 1347 652 2214 3061 542
is_linear=0
shrinkage=0.02


Tree=38
num_leaves=15
num_cat=0
split_feature=24 48 25 18 8 42 8 9 19 39 4 31 4 33
split_gain=49.5568 11.1708 11.6057 14.0825 10.7951 10.5226 11.5365 9.88969 10.9492 10.6176 8.23719 14.1156 9.06272 8.63883
threshold=0.54007482629664305 -1.0000000180025095e-35 1.5000000000000002 0.03358165929763305 0.02716091673585137 0.50931902920001981 -0.001029821397635005 -0.0076532944527905591 -0.90860536379714218 -0.24273178353409372 0.0076017474711908171 0.57036166511829334 0.012158264188152081 43.850829525959973
decision_type=2 2 2 2 2 2 2 2 2 2 2 2 2 2
left_child=1 2 3 5 7 -1 -7 8 -3 -9 13 12 -12 -2
right_child=10 4 -4 -5 -6 6 -8 9 -10 -11 11 -13 -14 -15
leaf_value=0.0042901172079319186 -0.00053254072951232627 -0.0028109987013142496 -0.0025317479323951129 -0.0029900227360215303 0.0071933923301312191 0.016577967655656355 0.0048969163668583574 -0.0041640989353500454 0.0041078361786317423 0.0012585559242645481 0.0019899338089021364 0.0052666366090923849 -0.0057984661120990197 -0.0038652615216989697
leaf_weight=534.91207410395145 429.40371610224247 118.50960735976696 97.084202632308006 81.728805035352707 93.136409670114517 62.796862438321114 79.794572159647942 290.30155943334103 356.72315034270287 279.1908773034811 98.067080765962601 139.72046019136906 140.41563864052296 1141.5455639064312
leaf_count=2162 1720 476 389 330 375 254 322 1166 1437 1122 393 560 563 4575
internal_value=-5.7899e-05 0.00215605 0.00387509 0.00470555 0.000851068 0.00564899 0.0104286 0.000254085 0.00237117 -0.00151785 -0.00232271 0.000323847 -0.00262068 -0.00295887
internal_weight=3943.33 1994.18 856.317 759.232 1137.86 677.504 142.591 1044.73 475.233 569.492 1949.15 378.203 238.483 1570.95
internal_count=15844 8033 3457 3068 4576 2738 576 4201 1913 2288 7811 1516 956 6295
is_linear=0
shrinkage=0.02


Tree=39
num_leaves=15
num_cat=0
split_feature=19 21 23 34 47 16 23 45 30 23 23 17 5 46
split_gain=35.3726 17.3109 13.1195 12.338 11.966 12.3605 12.1602 11.3704 11.3139 11.3041 15.8315 11.2881 10.5757 9.25961
threshold=-0.10021788606652154 0.69541650573104496 1.5492907892875476 39.619623876231977 1.0000000180025095e-35 0.0063744554675165856 1.6809235272069689 -1.9093354478678639 -1.0139965215583977 0.68064993611333835 0.64037690365299638 0.83441041013408024 -0.0097354178022208328 0.43301270189221946
decision_type=2 2 2 2 2 2 2 2 2 2 2 2 2 2
left_child=2 3 9 7 5 -5 13 -2 -9 10 11 -1 -7 -6
right_child=1 -3 -4 4 6 12 -8 8 -10 -11 -12 -13 -14 -15
leaf_value=-0.00080937726149090295 -0.0061334868382420457 0.0056298933424475004 -0.0018729670506038346 0.0063452758938684689 -0.0062137948078703348 0.00332049259704096 0.0039946774660459955 -0.0018814498165818109 0.0071315409400852141 0.0043357826450958802 -0.0088214726561689737 0.0068503292039408629 -0.0025628963191588953 -0.0019041312585294748
leaf_weight=206.98786708712578 52.349302232265472 121.70073035359383 247.43351612985134 79.121440455317497 584.32009951770306 140.00475668907166 64.945618435740471 85.79999940097332 145.18024557828903 906.39665180444717 59.532712444663048 116.66103638708591 788.87268660962582 310.35623289644718
leaf_count=834 210 490 995 317 2344 561 260 344 582 3656 240 471 3163 1244
internal_value=-4.32247e-05 -0.00157323 0.00231606 -0.00197429 -0.00253588 -0.00100627 -0.00412906 0.00190209 0.00381465 0.00312394 0.000238462 0.00201382 -0.00166309 -0.0047377
internal_weight=3909.66 2372.65 1537.01 2250.95 1967.62 1008 959.622 283.33 230.98 1289.58 383.182 323.649 928.877 894.676
internal_count=15711 9515 6196 9025 7889 4041 3848 1136 926 5201 1545 1305 3724 3588
is_linear=0
shrinkage=0.02


Tree=40
num_leaves=15
num_cat=0
split_feature=24 17 38 35 47 15 36 26 32 14 31 44 41 17
split_gain=41.0047 10.1799 9.55835 10.6312 8.79621 12.2423 14.4289 17.8001 10.7017 10.3286 9.42026 10.9334 9.30985 10.3847
threshold=0.5652751186691527 0.36998261321530757 8.6768631777561485 0.12585843640316904 -0.5 0.020206765414170529 0.035448627866106898 0.37652383475699319 0.19412316553553594 0.015368040960085661 -0.28319792903820262 0.10678285985272654 0.43364001263050717 1.3189024265179634
decision_type=2 2 2 2 2 2 2 2 2 2 2 2 2 2
left_child=1 -1 -2 -4 10 6 -6 9 -9 12 -3 -12 -8 -14
right_child=2 4 3 -5 5 -7 7 8 -10 -11 11 -13 13 -15
leaf_value=-0.0028693452406847271 -0.0030168467619966157 0.00086157075137131194 0.0064067957373435385 -0.0011681584511402806 -0.0023027922466031807 -0.0038808322287645714 0.010469664722173144 -0.0077107698082838298 0.0015073331531543501 0.0097998743826765433 0.0097861268477605935 0.0031920773933030991 0.0035262364378544804 -0.0057147339297100906
leaf_weight=160.94137531518936 1381.1784169226885 225.34357427060604 86.618967205286026 383.01436884701252 236.15562008321285 153.54858043789864 63.446075171232224 73.933846861124039 135.75146089494228 128.7374142408371 170.89064808189869 252.96454367041588 441.18070437014103 50.064863160252571
leaf_count=647 5536 908 347 1535 950 619 256 297 546 520 689 1019 1779 202
internal_value=-1.5792e-05 0.00189985 -0.00218135 0.000281737 0.00230352 0.00133463 0.00205777 0.00321718 -0.0018468 0.004773 0.0041932 0.00593378 0.0035292 0.00253636
internal_weight=3943.77 2092.96 1850.81 469.633 1932.02 1282.82 1129.27 893.114 209.685 683.429 649.199 423.855 554.692 491.246
internal_count=15850 8432 7418 1882 7785 5169 4550 3600 843 2757 2616 1708 2237 1981
is_linear=0
shrinkage=0.02


Tree=41
num_leaves=15
num_cat=0
split_feature=24 1 29 24 15 40 0 6 30 47 45 3 6 23
split_gain=36.3342 18.2534 12.3303 12.1194 13.4872 11.124 10.2078 11.087 9.11297 8.38922 9.99383 8.09951 8.80386 7.92932
threshold=0.68604919089510974 -0.0027546053385901878 -5.1443177699390583 0.31805050776817884 0.015021638556317338 0.8256842607733037 -0.018283008345801707 0.0031255922896012175 -0.68344124760048175 -0.5 0.52044478570552022 0.010199304867467068 0.00574276804984935 0.97071318198415157
decision_type=2 2 2 2 2 2 2 2 2 2 2 2 2 2
left_child=1 6 -3 4 8 -6 -1 9 -4 -8 -11 12 13 -5
right_child=-2 2 3 11 5 -7 7 -9 -10 10 -12 -13 -14 -15
leaf_value=-0.0018103967626215192 -0.0027858129774907211 -0.004449431415248911 0.0090220737206285553 -0.0039213867947202226 0.00041383225177970954 0.012003285033300806 0.010530751685622343 0.0012385489207234679 0.0004475160260948644 0.0063989356653839178 -0.0026330051433896074 0.0038724485380410081 0.0024387339802938984 0.00092320956227982343
leaf_weight=106.83345457911491 1297.7623406946659 197.21928042173386 50.237535670399666 454.54198969900608 50.257884621620178 94.322032153606415 145.86623710393906 235.24506360292435 490.38483490049839 229.86172254383564 58.923546716570854 130.19490012526512 181.19986411929131 189.10123513638973
leaf_count=431 5202 793 203 1824 203 381 588 949 1977 926 237 523 728 759
internal_value=-5.63557e-05 0.00130136 0.000211743 0.000784013 0.00280368 0.00812314 0.00386116 0.00477235 0.00131969 0.0066491 0.00454262 -0.000672076 -0.0014084 -0.00250191
internal_weight=3911.95 2614.19 1837.46 1640.24 685.202 144.58 776.73 669.897 540.622 434.652 288.785 955.038 824.843 643.643
internal_count=15724 10522 7391 6598 2764 584 3131 2700 2180 1751 1163 3834 3311 2583
is_linear=0
shrinkage=0.02


Tree=42
num_leaves=15
num_cat=0
split_feature=19 5 46 25 2 23 34 9 7 41 32 40 21 16
split_gain=29.5141 10.7262 10.6334 11.9318 11.4134 14.8351 11.0036 9.94323 9.46556 8.54383 8.43864 8.54597 8.25692 8.20447
threshold=-0.12603811307567933 0.0074138708976894596 1.0000000180025095e-35 -1.4999999999999998 0.0034368232811416957 1.5843514550388338 35.065837908505884 -0.0019805370451651916 0.0017109970868300413 0.46308248080898456 -0.11035407239690127 0.75617006130185482 0.56849161239351609 0.0058633349852024348
decision_type=2 2 2 2 2 2 2 2 2 2 2 2 2 2
left_child=2 12 3 6 5 8 -1 -5 9 -4 -11 -12 13 -2
right_child=1 -3 4 7 -6 -7 -8 -9 -10 10 11 -13 -14 -15
leaf_value=0.00078115899965768292 0.0040524607270365151 -0.0042699335104111639 0.0032767242036388657 0.0048592862795129111 0.0038165900006511448 -0.0088947390477691901 0.0092113605947524869 -0.0012582753926279151 0.0038642022505094202 0.00084292018821394089 -0.013407488859409643 -0.0020010048161440922 0.0023859609413047155 -0.0017570497334193328
leaf_weight=88.439523860812187 98.618715420365334 471.3946537822485 73.121677026152611 189.97766403853893 242.52303624153137 82.907987982034683 209.63723348081112 230.10755944252014 161.07148763537407 66.903031602501869 52.918874472379684 51.855795800685883 257.34239269793034 1656.1940638571978
leaf_count=357 395 1893 295 767 978 333 848 927 650 270 213 209 1036 6639
internal_value=-0.000247491 -0.00157004 0.00201621 0.00373597 0.000313439 -0.00144581 0.00676427 0.00153292 0.000165527 -0.00229674 -0.00469616 -0.00811039 -0.000928511 -0.00141997
internal_weight=3933.01 2483.55 1449.46 718.162 731.302 488.779 298.077 420.085 405.871 244.799 171.678 104.775 2012.16 1754.81
internal_count=15810 9963 5847 2899 2948 1970 1205 1694 1637 987 692 422 8070 7034
is_linear=0
shrinkage=0.02


Tree=43
num_leaves=15
num_cat=0
split_feature=24 23 1 20 39 5 46 29 6 3 47 7 40 12
split_gain=33.2689 12.1067 11.686 16.3012 11.9062 15.305 11.4445 11.2466 10.2528 9.80502 9.48202 13.259 14.4985 12.9799
threshold=0.43597986296644581 1.5843514550388338 -0.0013864414441460615 0.60099495504175293 0.036377971171220706 0.00030606171775953691 0.43301270189221946 -4.3354630413676531 0.0031255922896012175 0.0010333180797807019 -0.5 -0.00092337557930044088 1.1208436200083047 -0.049530656617114803
decision_type=2 2 2 2 2 2 2 2 2 2 2 2 2 2
left_child=1 10 3 6 5 7 8 -4 -2 -9 13 -12 -13 -1
right_child=2 -3 4 -5 -6 -7 -8 9 -10 -11 11 12 -14 -15
leaf_value=0.00044463097325908325 0.005276707552623665 -0.0020678493059112972 -0.0092260708234891773 -0.0043991667821969439 -4.9698299135278238e-05 -0.0066806178245965141 -0.0016616568604076371 -0.0029136177236525093 -0.00057685589905148542 0.003468268360758964 -0.0008190573182702927 0.0019728340628193714 0.0093902426877739177 0.0080880581262616092
leaf_weight=131.27340841293335 348.04081851243973 205.11921951174736 57.129386708140373 231.11796106398106 474.89921106398106 423.10825268924236 282.41042503714561 209.22401434183121 179.70353865623474 169.93038755655289 390.71051767468452 390.28700870275497 141.45253926515579 274.11986491084099
leaf_count=530 1396 825 229 926 1904 1699 1132 839 721 681 1577 1575 572 1108
internal_value=0.000122672 0.00241526 -0.00135871 0.00022943 -0.00259432 -0.00399205 0.00156874 -0.00133853 0.00329679 -4.5454e-05 0.00311295 0.00197418 0.0040151 0.00564856
internal_weight=3908.53 1532.96 2375.56 1041.27 1334.29 859.392 810.155 436.284 527.744 379.154 1327.84 922.45 531.74 405.393
internal_count=15714 6187 9527 4175 5352 3448 3249 1749 2117 1520 5362 3724 2147 1638
is_linear=0
shrinkage=0.02


Tree=44
num_leaves=15
num_cat=0
split_feature=24 8 48 46 3 39 42 15 44 38 39 5 0 5
split_gain=33.529 16.3235 17.4498 15.234 12.5071 13.2556 10.1583 9.8154 10.9441 9.60994 10.7253 9.40229 9.9502 9.26259
threshold=0.61223039739268292 -0.001029821397635005 -1.0000000180025095e-35 -1.0000000180025095e-35 -0.00099151909800398791 -0.13121463495218469 0.50746285525744705 0.014772691727565025 1.341730737310628 8.1074345452445673 -0.61827779772224278 -0.0097354178022208328 -0.0013259707394437778 -0.00060999411259466242
decision_type=2 2 2 2 2 2 2 2 2 2 2 2 2 2
left_child=1 2 6 -4 5 -3 -1 8 -5 13 -11 -6 -13 -2
right_child=9 4 3 7 11 -7 -8 -9 -10 10 -12 12 -14 -15
leaf_value=0.0044811206561767196 -0.0013439344143998349 -0.0078109948677013569 0.0052281407293962492 -0.00092080140909159411 0.0063534043521275155 0.00149812837306327 0.011784095515127529 0.0038295185249214428 -0.0098533298954066092 -0.0048134117921586565 0.0018436673363950273 0.002301068052316019 -0.0024459473711025796 -0.0049658198123417804
leaf_weight=403.60222132503986 548.65508382022381 150.4851903617382 236.06192323565483 305.25205959379673 104.98085336387157 98.584974989295006 93.681174606084824 125.60480077564716 62.243031412363052 125.92795088887215 366.46900103986263 369.35523813962936 329.39786806702614 588.32128040492535
leaf_count=1633 2198 605 952 1228 424 396 379 506 250 505 1469 1489 1322 2361
internal_value=-3.74928e-05 0.00152742 0.00309074 0.00110631 -0.000299734 -0.00416936 0.00596051 -0.000899608 -0.00254567 -0.00222455 0.000109882 0.000917793 6.18076e-05 -0.00323159
internal_weight=3908.62 2279.25 1226.45 729.162 1052.8 249.07 497.283 493.1 367.495 1629.37 492.397 803.734 698.753 1136.98
internal_count=15717 9184 4948 2936 4236 1001 2012 1984 1478 6533 1974 3235 2811 4559
is_linear=0
shrinkage=0.02


Tree=45
num_leaves=15
num_cat=0
split_feature=24 5 5 20 17 36 38 48 1 0 44 35 26 31
split_gain=29.9133 16.7591 11.8657 9.31433 8.86712 8.8474 8.74521 8.58843 9.07974 8.36769 8.04851 7.77692 9.47542 10.7388
threshold=0.54653852948143 -0.010532199872001272 0.0054639905167127569 0.21659925019525181 0.36998261321530757 0.055257209287807828 12.126841476100102 -1.0000000180025095e-35 -0.0023752836595618936 0.0012940660904072392 1.341730737310628 0.69999204947377813 0.36838920728709379 0.84515137160443687
decision_type=2 2 2 2 2 2 2 2 2 2 2 2 2 2
left_child=2 3 4 -2 -1 -3 -7 9 10 -6 -9 12 13 -4
right_child=1 5 11 -5 7 6 -8 8 -10 -11 -12 -13 -14 -15
leaf_value=-0.002357667861094937 0.008301883596195006 -0.00099981920778546515 -0.0023287492264800996 0.00015382192798693217 0.0056896442862240668 -0.0045437865454490273 0.0020926332149475662 0.0060627825408768954 3.6106372040910099e-05 -0.0015579416840595611 -0.0021983890584200507 0.0049292163629290247 -0.0094138960383134771 0.0072464702740528669
leaf_weight=138.94757802784443 78.836240574717522 723.54106566309929 316.25149907171726 170.32247425615788 492.79326178133488 862.10580317676067 84.567492336034775 228.71692277491093 542.20377843081951 70.914657518267632 56.32780946791172 67.025980517268181 57.037380397319794 49.915973216295242
leaf_count=559 316 2900 1272 682 1999 3459 339 925 2181 285 227 269 229 201
internal_value=-0.000167468 -0.00195282 0.00152947 0.00284455 0.00239528 -0.00267483 -0.00394307 0.00287681 0.00156433 0.00477221 0.00442053 -0.00116945 -0.00218162 -0.000943421
internal_weight=3939.51 1919.37 2020.13 249.159 1529.9 1670.21 946.673 1390.96 827.249 563.708 285.045 490.231 423.205 366.167
internal_count=15843 7696 8147 998 6176 6698 3798 5617 3333 2284 1152 1971 1702 1473
is_linear=0
shrinkage=0.02


Tree=46
num_leaves=15
num_cat=0
split_feature=19 23 16 44 5 3 26 17 27 17 12 14 45 4
split_gain=28.7466 14.7292 14.5435 12.7142 11.1221 10.6046 12.5629 9.06818 8.56528 8.41708 8.09328 8.21809 8.03852 7.81235
threshold=-0.14052655212909063 1.5492907892875476 0.035737114658620679 1.7955546757048746 -0.018298086916000187 -0.00025479444119305813 0.39135990051522168 0.36998261321530757 -1.1868254060691226 0.35102171507591157 0.11028712128188931 0.005233725930701945 1.403963918101927 0.0047597749260660654
decision_type=2 2 2 2 2 2 2 2 2 2 2 2 2 2
left_child=1 4 3 5 -1 12 9 -6 -3 -7 11 -8 -2 -14
right_child=2 8 -4 -5 7 6 10 -9 -10 -11 -12 -13 13 -15
leaf_value=0.010346237735725058 -0.0027641861400898604 -0.0057222331327304345 0.0080060186856188969 0.004155596811983144 -0.0037396710552267272 -0.0051861965910564101 0.00243247623139338 0.0030553377123485525 0.0016129591719889202 0.0017312819075643666 0.00062802596435993657 -0.0059702144170984042 -0.012282537396693716 -0.0025218314684650601
leaf_weight=74.037778273224831 966.80326025187969 129.35542826354504 59.022713392972946 137.4497783780098 80.94953753054142 74.064574763178825 51.913193434476852 1012.3393896520138 117.74344356358051 642.49840867519379 161.28788377344608 306.68443514406681 71.191125452518463 63.242939293384552
leaf_count=301 3882 520 237 551 326 297 208 4090 474 2578 647 1231 286 254
internal_value=-0.000142357 0.00213735 -0.00141646 -0.00165684 0.00307477 -0.00200674 -0.000730592 0.00253749 -0.00226432 0.000985303 -0.00308248 -0.00473706 -0.00342979 -0.00794582
internal_weight=3948.58 1414.43 2534.16 2475.14 1167.33 2337.69 1236.45 1093.29 247.099 716.563 519.886 358.598 1101.24 134.434
internal_count=15882 5711 10171 9934 4717 9383 4961 4416 994 2875 2086 1439 4422 540
is_linear=0
shrinkage=0.02


Tree=47
num_leaves=15
num_cat=0
split_feature=0 21 34 48 39 26 1 8 26 23 26 38 19 35
split_gain=31.2702 10.6396 9.75682 14.1 15.8939 10.2926 9.96588 9.67372 10.3286 10.1769 10.54 12.0527 9.83865 9.32392
threshold=-0.0013864414441460615 0.69541650573104496 40.369054439327989 1.0000000180025095e-35 -0.2824800056845887 -0.0070749774012326995 0.0036074981192558684 -0.033045982750852583 -0.46948298246389003 1.4611640985897743 0.82873036306346626 5.7797652783499895 0.21437295555704036 0.84748754086249101
decision_type=2 2 2 2 2 2 2 2 2 2 2 2 2 2
left_child=2 7 -1 5 6 -4 -5 -2 12 10 -10 -12 -9 -13
right_child=1 -3 3 4 -6 -7 -8 8 9 -11 11 13 -14 -15
leaf_value=-8.9563192520875431e-05 -0.0079324359850130623 0.0044593929578960554 0.0076255643587857126 0.0004383309020201952 0.0038643055619962726 0.0022948053144234122 -0.0083279532769803457 0.0071942548053239531 -0.0016223596445852665 0.0018726694239977635 -0.014012651534732742 -0.0096901753260408702 -0.0026479863448497783 -0.00050840912314813538
leaf_weight=458.98578062653542 87.462246656417847 117.85362778604031 349.54545804858208 119.37652499973774 287.33879370987415 254.98559720814228 86.101084634661674 100.61355674266815 1490.7495797723532 270.35944758355618 53.994135305285454 61.247750505805016 62.616031035780907 134.97312861680984
leaf_count=1853 351 475 1417 481 1158 1029 346 404 5981 1083 217 246 251 542
internal_value=0.000159491 -0.00128124 0.00235964 0.00337983 0.000854771 0.00541437 -0.00334557 -0.00158951 -0.00131678 -0.00171141 -0.00227177 -0.00603327 0.00345221 -0.00354395
internal_weight=3936.2 2379.87 1556.33 1097.35 492.816 604.531 205.478 2262.02 2174.55 2011.32 1740.96 250.215 163.23 196.221
internal_count=15834 9550 6284 4431 1985 2446 827 9075 8724 8069 6986 1005 655 788
is_linear=0
shrinkage=0.02


Tree=48
num_leaves=15
num_cat=0
split_feature=19 1 13 21 11 21 1 11 39 13 8 4 48 33
split_gain=29.8722 11.7174 17.6905 11.1971 10.9194 10.6643 9.16699 12.6314 12.6786 13.1709 9.27094 13.9702 13.8348 11.7992
threshold=-0.081740357948301104 -0.0027546053385901878 0.0042180283082528395 0.69541650573104496 0.067049383392875542 0.44618567259089142 0.00063419506325750616 -0.041497357698248305 1.4508355541701135 0.0046752550428273264 0.02716091673585137 -0.0094565578807281423 0.6078576107927941 63.869520067490562
decision_type=2 2 2 2 2 2 2 2 2 2 2 2 2 2
left_child=6 2 -2 -3 5 -4 7 -1 9 -9 11 -8 13 -13
right_child=1 3 4 -5 -6 -7 10 8 -10 -11 -12 12 -14 -15
leaf_value=-0.00030353294117451307 0.011277062519911374 -0.0028825847510228538 -0.0027826650142987624 0.0043965953550227531 0.0046182045944519129 0.003554436398908541 0.0064140833617474004 0.00012459231015745769 -0.0037848274757661779 0.0079979913071271582 0.0069586479232911511 0.0020253475336575429 -0.0056631298255141694 -0.0066898546062856279
leaf_weight=224.80206042528152 51.877433702349663 1419.5798978507519 490.93990039825439 85.501634985208511 142.32047662138939 130.58449256420135 110.18777653574944 108.63656176626682 52.139511451125145 388.05057042837143 79.661053329706192 402.78542174398899 186.67816802859306 68.353481143712997
leaf_count=908 208 5697 1967 344 571 527 445 438 210 1571 322 1627 750 275
internal_value=4.16706e-05 -0.00141238 0.000516202 -0.00245588 -0.00028322 -0.00143348 0.00212101 0.00368822 0.00531125 0.00629431 0.000677446 -1.48657e-05 -0.00113201 0.000703961
internal_weight=3942.1 2320.8 815.722 1505.08 763.845 621.524 1621.29 773.629 548.827 496.687 847.666 768.005 657.817 471.139
internal_count=15860 9314 3273 6041 3065 2494 6546 3127 2219 2009 3419 3097 2652 1902
is_linear=0
shrinkage=0.02


Tree=49
num_leaves=15
num_cat=0
split_feature=0 5 39 40 14 5 33 21 39 8 11 12 5 8
split_gain=22.245 12.0706 11.676 11.6298 9.50325 9.25031 9.44057 8.57114 8.04334 8.22903 10.2059 15.1139 9.27021 10.0051
threshold=-0.0013259707394437778 0.0053471368303280959 0.76290353986956716 0.75617006130185482 0.011295226511150338 -0.0018183665026932749 56.899945514619553 0.56849161239351609 1.158376413682167 -0.017604531011207781 -0.0093956902725269905 0.019682553426473456 -0.0082746451718219739 0.0033599651617608373
decision_type=2 2 2 2 2 2 2 2 2 2 2 2 2 2
left_child=2 7 3 5 -4 -1 -7 8 9 -2 11 12 -11 -14
right_child=1 -3 4 -5 -6 6 -8 -9 -10 10 -12 -13 13 -15
leaf_value=0.00390392358076995 -0.0062374928408814676 -0.0037870035016857222 -0.005535319925208843 0.0041133365945469468 0.0012695954966496416 -0.00015810406067646703 -0.0089055241301304894 0.0031933141309638882 0.0033324580279050454 0.0044754676407099394 -0.0022592030451417367 0.0077344580930228338 0.00084323749130341119 -0.0070982862644074773
leaf_weight=160.55189192295074 125.1423110216856 567.08535821735859 133.96700792014599 804.42716121673584 197.05081287026405 236.13622371852398 57.453682318329811 221.22038650512695 152.04372525215149 97.071079328656197 839.75983947515488 109.72943761944771 142.37969997525215 108.14064018428326
leaf_count=651 502 2279 539 3252 795 953 231 891 609 389 3367 440 571 434
internal_value=-2.7016e-05 -0.00125683 0.00179905 0.0026761 -0.00152582 0.000113243 -0.00199038 -0.000449408 -0.000969784 -0.00143978 -0.000954723 0.00143917 -0.00062966 -0.00265665
internal_weight=3952.16 2362.57 1589.59 1258.57 331.018 454.142 293.59 1795.49 1574.27 1422.22 1297.08 457.321 347.591 250.52
internal_count=15903 9482 6421 5087 1334 1835 1184 7203 6312 5703 5201 1834 1394 1005
is_linear=0
shrinkage=0.02


Tree=50
num_leaves=15
num_cat=0
split_feature=24 48 8 5 10 3 8 9 15 5 14 45 4 15
split_gain=32.2133 15.6296 11.4342 11.3273 13.4472 13.21 8.46622 18.1045 8.99019 8.29711 7.88289 9.77002 10.5823 7.73701
threshold=0.43597986296644581 -1.0000000180025095e-35 0.02716091673585137 0.0083655082226103007 -0.038996715063432573 0.0039486451519246245 -0.0011758087484009774 -0.0013528800739164774 0.016539456582763869 0.0043450676753807194 0.014397249984183126 -0.42130369168470977 0.002978386362072183 0.011954134081474456
decision_type=2 2 2 2 2 2 2 2 2 2 2 2 2 2
left_child=1 6 -3 4 5 -2 8 -8 13 -9 11 12 -6 -1
right_child=3 2 -4 -5 10 -7 7 9 -10 -11 -12 -13 -14 -15
leaf_value=0.006075100060809773 -0.007358323150575905 -0.0001591347517652008 0.0080329323421309794 -0.0045343758239339118 0.0041704817899374828 0.0021668100791764279 0.0095846774102735094 0.0014998689712942867 0.00067075901381835406 -0.0068319401712042503 0.0028578669990179102 -0.0016696676118484305 -0.0050090810638044178 0.013891827978870131
leaf_weight=208.86355900764465 209.96766300499439 833.68491017818451 69.202505126595497 397.45908053219318 246.27536012232304 77.252741724252701 83.884153991937637 147.39598678052425 80.875564426183701 64.859317004680634 283.40785366296768 1077.6390888392925 58.294801384210587 71.14191523194313
leaf_count=849 843 3360 280 1598 988 310 340 597 328 261 1137 4322 234 290
internal_value=-1.48654e-07 0.00222404 0.000509534 -0.00147795 -0.000845883 -0.00480314 0.0045585 0.00200314 0.0065994 -0.00114474 -0.000151157 -0.000776204 0.00236099 0.00826999
internal_weight=3910.2 1559.91 902.887 2350.3 1952.84 287.22 657.02 296.139 360.881 212.255 1665.62 1382.21 304.57 280.005
internal_count=15737 6305 3640 9432 7834 1153 2665 1198 1467 858 6681 5544 1222 1139
is_linear=0
shrinkage=0.02


Tree=51
num_leaves=15
num_cat=0
split_feature=0 21 7 0 23 46 2 5 19 2 26 12 33 37
split_gain=27.6098 11.4236 9.16106 8.65821 9.68883 8.82152 8.27178 8.26714 12.2693 10.7263 8.7597 8.21702 10.6112 8.67656
threshold=-0.0012545077833534953 0.56849161239351609 -0.0066135531996907321 0.0010919494805639938 0.97540215894942406 -1.0000000180025095e-35 -6.0418915990438356e-05 0.0027433838848277968 0.95479737765205708 -0.0051598772648037564 -0.34036727131417516 0.16836807571763021 48.895489426510188 5.9993907092870264
decision_type=2 2 2 2 2 2 2 2 2 2 2 2 2 2
left_child=-1 2 3 -2 6 -6 -5 9 11 -4 -11 12 -9 -14
right_child=1 -3 7 4 5 -7 -8 8 -10 10 -12 -13 13 -15
leaf_value=0.0022186843976403281 -0.010876023593540771 0.0024415283167017032 -0.0037859873819585566 0.0038810882958850591 -0.012942218004138788 -0.0026036494605825838 -0.0040049512223293273 3.1581747485799733e-05 0.0052617385431231916 0.0067351811929596203 0.000286582177686136 0.0015630110023381386 -0.0048757973428394091 -0.012616793107754249
leaf_weight=1595.4824853539467 64.546238794922829 297.7732238471508 234.70455867052078 97.157819882035255 54.539908856153488 81.495392560958862 106.04383604228497 110.1247383505106 58.834273740649223 89.731319233775139 767.07238551974297 82.667690187692642 210.17273771762848 82.514220267534256
leaf_count=6448 259 1199 941 390 219 327 426 442 236 360 3075 332 845 332
internal_value=0.000194221 -0.00118945 -0.00172424 -0.00440432 -0.00303286 -0.00706052 -0.000231706 -0.00105128 -0.00305244 -4.39793e-05 0.000997089 -0.00410339 -0.00527119 -0.0072334
internal_weight=3932.86 2337.38 2039.61 403.783 339.237 136.035 203.202 1635.82 544.314 1091.51 856.804 485.479 402.812 292.687
internal_count=15831 9383 8184 1621 1362 546 816 6563 2187 4376 3435 1951 1619 1177
is_linear=0
shrinkage=0.02


Tree=52
num_leaves=15
num_cat=0
split_feature=19 11 22 4 6 39 25 5 14 28 11 11 3 48
split_gain=18.5826 12.4188 12.2745 15.2117 9.06568 9.68859 11.6855 9.35615 9.17904 8.91767 8.49438 9.07205 7.82592 12.3539
threshold=0.16456846535412786 0.13860828215264737 0.49350848764738869 -0.0092199689297182922 0.011010353834584059 0.23922519922993815 2.5000000000000004 -0.0018183665026932749 0.0051783660236008836 0.48473935100043952 -0.052787085486554926 0.061855155261396698 0.010491886226017315 0.6078576107927941
decision_type=2 2 2 2 2 2 2 2 2 2 2 2 2 2
left_child=1 2 12 -4 5 6 8 -6 -2 -8 -10 -12 -1 -14
right_child=4 -3 3 -5 7 -7 9 -9 10 -11 11 -13 13 -15
leaf_value=0.0011143748694772812 0.0040338186479659125 0.0077565042280100058 0.0057928396797024516 -0.0028995104853607309 -0.00088395984777348729 0.0012644049475973352 -0.013414261408059899 -0.010326221927116781 0.0033684480504417927 -0.0030261042204330268 -0.0045860118999866669 0.0016974820539647001 0.0082716602153321862 -0.0020781421199314249
leaf_weight=1535.2132651954889 102.52741202712059 101.06553414463997 89.721352219581604 540.38358651101589 77.305245965719223 422.87733037769794 56.898255780339241 89.576794385910034 86.712379336357117 79.338321760296822 420.82466951012611 114.3590939193964 147.92703537642956 63.602015152573586
leaf_count=6201 411 408 360 2168 310 1696 229 360 348 319 1689 459 599 257
internal_value=6.9597e-06 0.00105877 0.00075829 -0.00162594 -0.00178743 -0.00120453 -0.00241791 -0.00610521 -0.0013813 -0.00768594 -0.0022991 -0.00324006 0.00162054 0.00518358
internal_weight=3928.33 2477.91 2376.85 630.105 1450.42 1283.54 860.66 166.882 724.424 136.237 621.896 535.184 1746.74 211.529
internal_count=15814 9993 9585 2528 5821 5151 3455 670 2907 548 2496 2148 7057 856
is_linear=0
shrinkage=0.02


Tree=53
num_leaves=15
num_cat=0
split_feature=24 38 1 13 28 34 1 5 8 25 38 7 5 1
split_gain=24.2454 13.2974 12.8135 11.03 11.6364 16.0914 10.9163 11.1593 13.2047 9.90634 11.1759 9.75641 10.394 9.254
threshold=0.53645875187379655 8.1074345452445673 -0.0027546053385901878 0.0066580371649526656 -0.62806535129983532 43.758357361809509 -0.0022078478960486981 0.0092249731562111439 0.032935924656429964 2.5000000000000004 7.3144271535118586 -0.0056379415389395037 -0.0043147869263978319 0.0040434677736976982
decision_type=2 2 2 2 2 2 2 2 2 2 2 2 2 2
left_child=2 9 -1 11 5 -5 -3 8 -8 10 -2 -4 -13 -14
right_child=1 6 3 4 -6 -7 7 -9 -10 -11 -12 12 13 -15
leaf_value=0.0040901128255880171 -0.0013263438982999095 0.0046720098159903287 -0.0098444487129554052 0.0013025945864802318 0.0035750594799079617 -0.0087278114992708385 -0.0014390443190422616 -0.0074879386683268127 0.0083728102361477919 -0.0066573499387082473 -0.0081414540279191889 0.0062178687834346649 -0.00038798314695770713 -0.0075778966269079585
leaf_weight=552.68487897515297 1048.2453528791666 196.16533996164799 49.898535072803497 268.28152757883072 562.28370028734207 78.624750927090645 250.53982208669186 79.721427619457245 64.901867017149925 210.00988747179508 101.42855183780193 64.85117270052433 290.16175022721291 90.325734853744507
leaf_count=2240 4205 786 201 1084 2270 317 1005 321 260 845 407 262 1169 363
internal_value=-4.5915e-05 -0.00162159 0.00152498 0.000504588 0.00180946 -0.00106246 0.000877033 -0.00104169 0.000678882 -0.00270747 -0.00196025 -0.00188512 -0.000893907 -0.00217098
internal_weight=3908.12 1951.01 1957.11 1404.43 909.19 346.906 591.328 395.163 315.442 1359.68 1149.67 495.237 445.339 380.487
internal_count=15735 7829 7906 5666 3671 1401 2372 1586 1265 5457 4612 1995 1794 1532
is_linear=0
shrinkage=0.02


Tree=54
num_leaves=15
num_cat=0
split_feature=24 5 10 5 25 7 24 23 39 40 7 21 23 5
split_gain=23.6913 10.9896 10.7295 12.2902 9.84029 16.3795 9.47205 9.4519 12.8142 9.16933 9.76081 8.6084 8.32315 9.57677
threshold=0.38556679658725662 0.0065469597895157173 -0.052994197083683588 -0.025378579712341257 1.5000000000000002 0.0012236828300922148 0.65694449958513201 1.3875970675203531 -0.0093936272440148776 0.84240455093622379 0.0015650447258821634 0.082227243614398871 0.98037319276128965 -0.0011859817470776662
decision_type=2 2 2 2 2 2 2 2 2 2 2 2 2 2
left_child=7 2 -2 -4 6 12 -5 8 -1 10 -3 -8 -6 -14
right_child=1 9 3 4 5 -7 11 -9 -10 -11 -12 -13 13 -15
leaf_value=0.0017206448208514611 -0.0045709783488446639 -0.010833131979924963 0.0093591947809486906 0.0027066849276125566 -0.0019859855003645107 -0.0060199341705031726 0.0034436094235650683 -0.0010941512072350358 0.0066328978430222939 -0.0016590664247681192 -0.0014215279825948355 -0.0022303373236413696 -0.0011125001129448056 0.0089723810993879265
leaf_weight=787.66201394796371 211.53776364028454 108.65134546160698 51.044749706983566 583.89017352461815 202.21053539216518 254.64257426559925 135.51709143817425 271.4730873554945 288.80428494513035 360.83655793964863 74.787013247609138 444.97866064310074 69.865451991558075 74.296482026576996
leaf_count=3189 850 437 205 2349 812 1022 543 1095 1171 1451 301 1783 280 298
internal_value=8.18308e-05 -0.00104334 -0.000362714 0.00013857 -0.000153714 -0.00222166 0.000918621 0.0022249 0.00306312 -0.00355299 -0.00713559 -0.000887655 0.000616649 0.00421147
internal_weight=3920.2 2572.26 2027.98 1816.45 1765.4 601.015 1164.39 1347.94 1076.47 544.275 183.438 580.496 346.372 144.162
internal_count=15786 10331 8142 7292 7087 2412 4675 5455 4360 2189 738 2326 1390 578
is_linear=0
shrinkage=0.02


Tree=55
num_leaves=15
num_cat=0
split_feature=24 48 6 41 3 20 8 1 1 1 40 35 35 28
split_gain=31.0644 11.8936 15.8615 12.2017 12.0092 11.5029 10.3631 12.7548 10.2297 9.76973 9.16958 11.4879 9.1692 8.76522
threshold=0.55470233287318682 -1.0000000180025095e-35 -0.00079087445427093066 0.47150299729131245 -0.0052814733197801599 -0.3460576116966137 0.02716091673585137 0.0033601113805142063 -0.00092344444061542191 -0.0014571381640774144 1.049645672137324 -0.80729823014934798 0.24023139755345027 -0.43840929707368154
decision_type=2 2 2 2 2 2 2 2 2 2 2 2 2 2
left_child=1 2 4 -4 -1 -6 7 10 -5 -7 -3 -12 -9 -10
right_child=-2 6 3 8 5 9 -8 12 13 -11 11 -13 -14 -15
leaf_value=0.0070701601284646389 -0.0017838241589287125 -0.00046392535503293774 0.010044341960735542 0.0084345316092452934 0.0026296877931910692 0.0016500102603722016 0.0063887266390204077 -0.00042398693686367442 -0.0041578684277693628 -0.0086685021289390971 -0.00088482422347297156 0.0072455120992243032 -0.0067730500678740606 0.003923853513210205
leaf_weight=79.56499645113945 1859.3376607596874 413.8250864893198 175.41356110572815 105.67361608147621 140.93581591546535 53.943209990859032 102.18619811534882 215.40882277488708 80.257952630519867 101.21875351667404 110.81144984066486 177.1628640294075 153.4376964122057 140.43603713810444
leaf_count=322 7463 1668 714 430 572 218 413 867 325 407 447 716 616 568
internal_value=8.57325e-05 0.0017814 0.00353558 0.00584433 0.000415468 -0.00146044 0.000459584 -0.00013338 0.00346944 -0.00514167 0.00144749 0.00415528 -0.00312042 0.000957838
internal_weight=3909.61 2050.28 877.444 501.781 375.663 296.098 1172.83 1070.65 326.368 155.162 701.799 287.974 368.847 220.694
internal_count=15746 8283 3556 2037 1519 1197 4727 4314 1323 625 2831 1163 1483 893
is_linear=0
shrinkage=0.02


Tree=56
num_leaves=15
num_cat=0
split_feature=24 3 23 26 8 5 1 18 38 16 47 40 4 48
split_gain=18.3981 14.0223 12.339 11.5369 10.1759 9.52581 10.4263 9.30236 9.28592 8.23003 8.14142 11.0251 10.8413 9.8332
threshold=0.43597986296644581 -0.00025479444119305813 1.6015686719543567 0.39135990051522168 0.017502797380065802 0.0051250890369848928 -0.0071305001348375627 0.010618272275597092 4.8194597238236332 0.01022507754802556 -0.5 1.156187257560342 0.0011615024600725406 -1.0000000180025095e-35
decision_type=2 2 2 2 2 2 2 2 2 2 2 2 2 2
left_child=2 5 10 -3 7 -2 -7 -5 -6 -9 12 13 -1 -12
right_child=1 3 -4 4 8 6 -8 9 -10 -11 11 -13 -14 -15
leaf_value=0.0016792069328048309 -0.0016983549987711392 0.001974678167967577 -0.0028827777583088723 0.00093607159151498046 -0.0059264307943755704 0.0010688441802742959 -0.0079873389129181769 -0.013888647678490502 0.0018445303923149967 -0.0037648269349258444 0.0025134307061865676 0.0050637924799733468 0.0082766262739216133 -0.0022163865210259957
leaf_weight=222.07304540276527 841.03649984300137 705.09747356176376 204.41802737116814 61.829384952783585 73.432428881525993 64.48684586584568 217.70625913143158 56.02482496201992 280.1081577539444 79.135402426123619 330.65938255190849 227.99697479605675 180.65040923655033 364.21583731472492
leaf_count=900 3377 2829 823 248 295 259 877 225 1124 318 1343 925 733 1468
internal_value=-6.65746e-05 -0.00116614 0.00164125 0.000286786 -0.00187332 -0.00278439 -0.00593524 -0.00545449 0.000170319 -0.00830698 0.0023471 0.00129886 0.00470383 3.61944e-05
internal_weight=3908.87 2378.86 1530.01 1255.63 550.53 1123.23 282.193 196.99 353.541 135.16 1325.6 922.872 402.723 694.875
internal_count=15744 9552 6192 5039 2210 4513 1136 791 1419 543 5369 3736 1633 2811
is_linear=0
shrinkage=0.02


Tree=57
num_leaves=15
num_cat=0
split_feature=0 21 5 1 44 2 48 36 46 6 35 1 37 0
split_gain=16.9505 12.0793 11.2753 11.5846 14.444 9.86297 10.7115 10.0012 9.11604 12.2391 9.03902 8.87827 8.51006 7.85163
threshold=-0.0013864414441460615 0.56849161239351609 0.00030606171775953691 -0.0024526274664112978 0.17331251353023061 -0.00042592884901322372 0.6078576107927941 0.053538258748752926 -1.0000000180025095e-35 1.0000000180025095e-35 0.74691660321941222 -0.005029602857682453 6.7819195726111925 -0.0051598772648037564
decision_type=2 2 2 2 2 2 2 2 2 2 2 2 2 2
left_child=8 2 -2 -4 5 6 7 -5 9 11 -10 -1 -7 -13
right_child=1 -3 3 4 -6 12 -8 -9 10 -11 -12 13 -14 -15
leaf_value=0.0063651538956574286 -0.00028587634182887468 0.0025461097355453529 -0.00040533206060923237 -0.0010650340576163232 -0.00068779091370549806 -0.0073293341847531389 0.0037557682032667086 -0.010904846972002651 -2.4089670064601985e-05 0.0064734200442557377 0.0075567851912727727 -0.0061762532605139919 -0.01701495264857357 0.0027191730216827772
leaf_weight=59.640565097332001 1056.0432584434748 298.2594428062439 367.15198436379433 78.155561253428459 219.43954926729202 149.360281214118 51.702781245112419 85.600275412201881 998.41362370550632 277.30841299891472 62.142091691493988 88.250208541750908 52.106424480676651 65.206924363970757
leaf_count=242 4235 1202 1473 314 882 602 208 345 4037 1125 251 357 210 263
internal_value=-0.000119038 -0.0011863 -0.00173167 -0.00324419 -0.00486614 -0.00703111 -0.00391721 -0.00637931 0.00150204 0.00374221 0.000453478 0.000121116 -0.0101858 -0.00242988
internal_weight=3908.78 2357.82 2059.56 1003.52 636.365 416.925 215.459 163.756 1550.96 490.406 1060.56 213.098 201.467 153.457
internal_count=15746 9471 8269 4034 2561 1679 867 659 6275 1987 4288 862 812 620
is_linear=0
shrinkage=0.02


Tree=58
num_leaves=15
num_cat=0
split_feature=0 5 6 30 26 42 5 3 18 9 6 36 14 19
split_gain=21.1268 9.39247 12.2291 11.8514 9.2009 8.78893 8.4876 9.84712 11.8193 9.57773 11.7945 7.53653 6.91283 14.2587
threshold=-0.0012545077833534953 0.0077884218869028023 -0.012702998043629713 0.74209747543044047 -1.1278019716630692 0.49200633615908312 0.0037821098968200749 0.011829534771367346 0.028449220702048538 -0.0076532944527905591 -0.0027527797366073458 0.092965920443932384 0.0069056495512979628 0.33067340236705373
decision_type=2 2 2 2 2 2 2 2 2 2 2 2 2 2
left_child=4 12 -3 -4 5 -1 7 8 -6 -8 -11 -9 13 -2
right_child=1 2 3 -5 6 -7 9 11 -10 10 -12 -13 -14 -15
leaf_value=0.00081098340692557856 -0.0010624775465981095 0.0033695383273740138 -0.0081876347032158285 -0.00040399367060663891 0.0035002631494018073 -0.0076276391778453412 0.0049961663185357358 0.0029912742607934059 -0.0040231235625174154 -0.0072539447502370184 0.00083094837390758228 0.013601395681032283 -0.0014116973212894212 0.0053988284887243566
leaf_weight=143.52822107076645 391.6202185600996 72.482820078730583 221.06713572144508 120.48975656926632 737.99156488478184 69.601528599858284 114.00205247104168 52.4783705919981 89.897516712546349 97.921363204717636 238.76407386362553 58.521452486515045 1322.0632128119469 203.78045080602169
leaf_count=580 1572 292 891 485 2991 281 460 213 365 394 962 239 5309 817
internal_value=1.23189e-05 -0.00120189 -0.00391507 -0.00548727 0.0017769 -0.00205648 0.00237012 0.00344828 0.00266408 0.000110873 -0.0015922 0.00893031 -0.000607367 0.0011755
internal_weight=3934.21 2331.5 414.04 341.557 1602.71 213.13 1389.58 938.889 827.889 450.687 336.685 111 1917.46 595.401
internal_count=15851 9366 1668 1376 6485 861 5624 3808 3356 1816 1356 452 7698 2389
is_linear=0
shrinkage=0.02


Tree=59
num_leaves=15
num_cat=0
split_feature=19 23 25 21 28 5 19 15 45 48 22 40 22 5
split_gain=20.6978 9.35192 14.4536 9.60883 9.81113 9.28849 9.22981 9.64485 9.71426 10.2287 19.3826 11.8399 10.7374 10.9265
threshold=-0.14052655212909063 1.5647424261291414 2.5000000000000004 0.26513511098565817 -1.8877461890190013 -0.013699137212919229 -0.80177242980264529 0.018952574607757268 -0.5542320165912803 -1.0000000180025095e-35 0.22759735535234429 0.75960943096630096 0.16372440072675434 0.0025996718793153341
decision_type=2 2 2 2 2 2 2 2 2 2 2 2 2 2
left_child=5 2 3 -2 -5 -1 -7 8 -8 10 -10 -11 -13 -14
right_child=1 -3 -4 4 -6 6 7 -9 9 11 -12 12 13 -15
leaf_value=0.0067281837191983315 -0.0024150972282083534 0.0026595546236099226 -0.0051873283483296331 0.0049533438043478772 -0.00036845659188747786 -0.0019389221758805318 0.0059017995273109546 -0.0028870420100384174 0.011130253436571371 -0.0071804740338595923 -2.7677871013304586e-05 -0.0064848650860748038 0.0076786415554376654 -0.0016595884635849467
leaf_weight=138.90369096398354 840.82547232508659 232.80076102912426 355.49554696679115 158.03090532124043 919.90961001813412 264.99346747994423 294.5343913435936 124.80535180866718 98.503836378455162 83.050041198730469 156.2701433300972 50.263448402285576 105.91966795921326 88.726183146238327
leaf_count=566 3376 933 1431 636 3699 1070 1194 505 402 334 634 203 428 357
internal_value=-3.13155e-05 -0.00112002 -0.00151189 -0.000819222 0.000431011 0.0019071 0.00135421 0.00223037 0.00297064 0.00145152 0.00441753 -0.000884347 0.00135165 0.003487
internal_weight=3913.03 2507.06 2274.26 1918.77 1077.94 1405.97 1267.07 1002.07 877.268 582.733 254.774 327.959 244.909 194.646
internal_count=15768 10075 9142 7711 4335 5693 5127 4057 3552 2358 1036 1322 988 785
is_linear=0
shrinkage=0.02


Tree=60
num_leaves=15
num_cat=0
split_feature=24 47 4 6 39 15 14 43 48 33 43 3 16 15
split_gain=17.4096 11.6553 15.4432 12.2768 14.6584 10.2408 10.1183 12.7526 10.3771 10.7379 10.0564 9.47622 10.1374 8.67779
threshold=0.55470233287318682 -0.5 0.004141810988088873 -0.002674047600709988 0.30604602578990386 0.020412367660407275 0.011042955174574261 0.017908389546027099 -1.0000000180025095e-35 63.62978943045146 -0.05283795085166907 -0.00066316937015694613 0.0073754075457220982 0.012533439445668338
decision_type=2 2 2 2 2 2 2 2 2 2 2 2 2 2
left_child=1 2 3 -1 13 6 8 -8 9 10 -3 12 -10 -5
right_child=-2 5 -4 4 -6 -7 7 -9 11 -11 -12 -13 -14 -15
leaf_value=-0.0031167681196721305 -0.0014067271292639888 0.01022718483080752 0.0080668650729375443 0.010244564110286387 -0.0012122573796999724 -0.0047017681220176905 0.0048579641147420399 -0.0032263840892952601 0.0014569061111241372 -0.0061166782008864251 0.0014225587461641968 -5.7144133233995472e-05 -0.0087885960499508933 0.00095849215390609297
leaf_weight=155.8430128544569 1891.9950189888477 64.006178095936775 194.95614737272263 122.67430573701859 140.57284095883369 147.38723133504391 359.16278247535229 95.554141253232956 51.688074335455894 49.843922957777977 217.93191421031952 249.70090945065022 134.25694544613361 60.413878917694092
leaf_count=629 7598 261 790 497 568 596 1456 386 208 201 883 1005 540 245
internal_value=-2.61116e-05 0.00125215 0.00339373 0.00143009 0.00363351 0.00018897 0.000795534 0.00314251 -0.000606436 0.00204111 0.00356479 -0.00262305 -0.00597703 0.00728736
internal_weight=3935.99 2043.99 674.46 479.504 323.661 1369.53 1222.14 454.717 767.428 331.782 281.938 435.646 185.945 183.088
internal_count=15863 8265 2729 1939 1310 5536 4940 1842 3098 1345 1144 1753 748 742
is_linear=0
shrinkage=0.02


Tree=61
num_leaves=15
num_cat=0
split_feature=25 19 47 46 23 46 11 22 7 7 1 15 44 17
split_gain=21.8437 16.3683 16.0902 11.274 14.7581 11.0869 10.1182 8.65365 8.35064 8.39139 8.34972 14.8996 8.2262 7.99719
threshold=1.5000000000000002 0.59097987104421579 -0.5 1.0000000180025095e-35 1.4352004512988432 1.0000000180025095e-35 0.081913008347977156 0.16553736815234035 0.0042402733653930181 0.0017109970868300413 0.0027417574094491279 0.0092020028199966183 0.90960373209354761 0.84410375528454151
decision_type=2 2 2 2 2 2 2 2 2 2 2 2 2 2
left_child=1 2 5 4 -2 -1 8 -5 9 -7 -9 -12 -3 -4
right_child=3 12 13 7 -6 6 -8 10 -10 -11 11 -13 -14 -15
leaf_value=0.0057404301241113587 -0.00639614020527874 -0.0062231563683550969 -0.00087843193950538196 0.0030529444499715203 0.0024403744996372278 0.00016749982765666045 0.0092528472417959945 -0.0070699658507075228 -0.0047796561461517098 0.0088427469620257649 0.0086123104780318014 -0.0034826099773928804 0.0020528104019740686 0.0017681044451274503
leaf_weight=452.8115344196558 387.06583075225353 175.87378293275833 1027.0599487423897 179.26794329285622 90.828001782298088 231.10045044124126 50.186022683978081 97.809962347149849 98.611060053110123 50.325173571705818 52.329207524657249 135.79992851614952 62.615689054131508 814.44553853571415
leaf_count=1830 1559 706 4140 720 364 932 203 393 398 203 210 546 251 3289
internal_value=7.48911e-05 0.00091902 0.00136085 -0.00256805 -0.0047088 0.00357217 0.00125034 -0.000342227 8.71295e-05 0.00184611 -0.0024867 1.75308e-05 -0.00405276 0.000293674
internal_weight=3906.13 2963.03 2724.54 943.101 477.894 883.034 430.223 465.207 380.037 281.426 285.939 188.129 238.489 1841.51
internal_count=15744 11952 10995 3792 1923 3566 1736 1869 1533 1135 1149 756 957 7429
is_linear=0
shrinkage=0.02


Tree=62
num_leaves=15
num_cat=0
split_feature=0 29 37 48 6 6 18 16 0 43 35 34 10 49
split_gain=20.7749 9.41091 10.8933 9.06028 10.2456 8.2899 10.4477 7.78546 7.20445 6.97343 6.59846 7.87758 11.3766 11.4595
threshold=-0.0012545077833534953 4.5064649559899239 1.8388181765909788 -1.0000000180025095e-35 -0.015164951329576981 -0.0013253937098163466 0.028142991866733347 0.012203911095627793 -0.00073065520090927574 -0.001274211449117123 1.160171781138825 39.412537398553816 -0.038996715063432573 -0.22252093395631442
decision_type=2 2 2 2 2 2 2 2 2 2 2 2 2 2
left_child=1 3 7 5 -5 9 -7 -3 -2 -1 11 -10 13 -13
right_child=8 2 -4 4 -6 6 -8 -9 10 -11 -12 12 -14 -15
leaf_value=-0.0020197410115636153 -0.005504290667784008 -0.0019622465433419621 0.0094723516885297093 0.007194029477700167 -0.00079981836241691364 0.0069368823410372203 -0.0025610049864170574 0.0063344267289802397 0.0022757891314113704 0.0059261364325028142 0.0036364992762883404 -0.013191006181680454 -0.0009303460757202072 -0.000587391617486859
leaf_weight=151.90832778811455 121.37199373543262 95.299770951271057 131.41687086224556 65.642246678471565 691.13625383377075 266.14495669305325 53.152595683932304 78.222871407866478 271.55241212248802 56.501661017537117 133.61071752011776 57.903224632143974 1690.5365927815437 54.21193066239357
leaf_count=616 488 386 533 265 2789 1086 216 317 1091 229 536 233 6794 218
internal_value=0.000343908 0.00210326 0.00523504 0.00134235 -6.3772e-05 0.00334053 0.00534069 0.0018505 -0.000858598 0.000222825 -0.000591347 -0.000871775 -0.00135091 -0.00738194
internal_weight=3918.61 1589.43 304.94 1284.49 756.779 527.708 319.298 173.523 2329.19 208.41 2207.81 2074.2 1802.65 112.115
internal_count=15797 6437 1236 5201 3054 2147 1302 703 9360 845 8872 8336 7245 451
is_linear=0
shrinkage=0.02


Tree=63
num_leaves=15
num_cat=0
split_feature=26 46 46 23 5 48 24 1 42 8 25 5 15 36
split_gain=16.7928 19.3651 15.5333 12.6285 12.3244 11.7744 11.1688 10.7701 10.5681 10.2747 9.23876 10.866 11.0248 8.89881
threshold=0.041276850966622487 1.0000000180025095e-35 1.0000000180025095e-35 1.6809235272069689 -0.014633267274064879 -1.0000000180025095e-35 0.24365499408909866 -0.0010585692575713083 0.51662766488516498 0.025856669294975917 1.5000000000000002 -0.0062867706404378569 0.0065437352913973049 0.08741881459425041
decision_type=2 2 2 2 2 2 2 2 2 2 2 2 2 2
left_child=2 3 8 7 -3 -4 -6 -2 10 -9 11 -1 -13 -7
right_child=1 4 5 -5 6 13 -8 9 -10 -11 -12 12 -14 -15
leaf_value=0.0071983979239185767 -0.00059289234111727107 0.0087365452980467297 0.0019620139292913551 0.0033610521211459104 0.006441231504513696 -0.0040402078578868792 -0.000755359514884616 -0.0069526749101724442 0.0091185113794638728 -0.0010460706869716962 -0.0043278625066573966 0.0079961330031682997 0.00052096362286326383 0.0013756468211442328
leaf_weight=179.5597038269043 252.57120786607265 64.699950695037842 432.52733787894249 97.293931514024734 91.482823237776756 393.86965773999691 809.18361428380013 472.84989257156849 97.996042728424072 158.97450426220894 72.383477106690407 87.965442165732384 528.06336621940136 171.44060271978378
leaf_count=728 1016 260 1751 390 370 1584 3252 1905 396 642 291 355 2135 691
internal_value=-6.22719e-05 -0.00137668 0.00124111 -0.00334731 0.000634197 -0.000508918 7.14044e-06 -0.00410006 0.00304219 -0.00548639 0.00230786 0.00293485 0.00164416 -0.00240009
internal_weight=3910.86 1947.06 1963.81 981.69 965.366 997.838 900.666 884.396 965.968 631.824 867.972 795.589 616.029 565.31
internal_count=15766 7835 7931 3953 3882 4026 3622 3563 3905 2547 3509 3218 2490 2275
is_linear=0
shrinkage=0.02


Tree=64
num_leaves=15
num_cat=0
split_feature=5 0 29 39 8 1 24 9 8 46 1 44 22 48
split_gain=19.0401 14.7578 11.3072 9.68355 9.49914 8.9332 12.1651 11.6258 9.86442 9.78866 10.3345 11.0456 9.82008 8.34052
threshold=0.0080020438949607274 -0.0012545077833534953 4.5811851572003146 1.8599135894102494 0.024812940691115882 -0.0032811601453215451 0.68604919089510974 0.0054427350599958318 -0.0098116832352318321 1.0000000180025095e-35 0.0022729488651823519 0.41338218982312097 0.48646961786689447 -1.0000000180025095e-35
decision_type=2 2 2 2 2 2 2 2 2 2 2 2 2 2
left_child=1 4 -2 5 13 6 7 -3 -8 -7 11 -11 -12 -1
right_child=2 3 -4 -5 -6 9 8 -9 -10 10 12 -13 -14 -15
leaf_value=0.0037535172677427881 -0.0046637022515468403 0.007466021185677232 0.00095621662615218096 0.0058359173385326814 0.0086826891908299564 -0.0034865493138582716 -0.0062745347771056585 -0.0020568875357745006 0.0010431579770798639 -0.0007375442490116091 0.0047799732335975483 -0.010471597897538938 -0.0038392263838127839 0.00037660098370018841
leaf_weight=502.79640601575375 488.85398988425732 167.79012952744961 199.5797496587038 87.319754660129547 81.738528579473495 634.10239277780056 100.52926805615425 70.324974477291107 240.59011933207512 294.66685204207897 222.20132373273373 50.60663528740406 64.795467644929886 693.19306054711342
leaf_count=2051 1971 676 804 350 333 2549 403 283 964 1183 892 203 260 2798
internal_value=-3.35701e-05 0.000614651 -0.00303932 -0.000487935 0.00227803 -0.000802089 0.00124806 0.00466906 -0.00117288 -0.00174104 2.31421e-05 -0.00229337 0.00280159 0.00180598
internal_weight=3899.09 3210.65 688.434 1932.93 1277.73 1845.61 579.234 238.115 341.119 1266.37 632.27 345.273 286.997 1195.99
internal_count=15720 12945 2775 7763 5182 7413 2326 959 1367 5087 2538 1386 1152 4849
is_linear=0
shrinkage=0.02


Tree=65
num_leaves=15
num_cat=0
split_feature=5 26 46 22 35 25 23 46 30 7 18 15 5 42
split_gain=15.1193 12.5533 15.7499 11.7392 12.5138 11.1332 10.3129 11.9513 10.3054 10.1717 13.4165 12.89 9.92924 9.79019
threshold=-0.026821606554241633 0.096651852935274771 1.0000000180025095e-35 0.16372440072675434 0.92588223223000543 1.5000000000000002 0.90862527354765066 1.0000000180025095e-35 0.7526448209791653 -0.0049072305808537759 0.020703216120400891 0.017200088052980615 0.00018004627097037142 0.51708143911910243
decision_type=2 2 2 2 2 2 2 2 2 2 2 2 2 2
left_child=-1 2 5 6 12 13 7 -3 9 10 -4 -12 -5 -2
right_child=1 3 8 4 -6 -7 -8 -9 -10 -11 11 -13 -14 -15
leaf_value=0.0065138178975192177 0.0023550349356437996 -0.00098184870979796954 -0.0093867919323000863 -0.0012706688763534397 0.0021758781153116595 -0.0039630733139330689 -0.0016160413252845336 0.0074715836665747602 0.0073013551182690498 -0.00037879733040281464 0.0070671810954607986 -0.0062174185177238939 -0.0053360600275251871 0.0088826239474355268
leaf_weight=125.74514101445675 815.08320689201355 122.52899374067783 128.0110919624567 414.71472682058811 169.20886871218681 94.19905050098896 353.37392298877239 139.65210239589214 50.307546108961105 709.18065503239632 50.811237677931786 56.311231881380081 579.72019489109516 99.942492306232452
leaf_count=509 3297 494 516 1669 681 379 1420 562 204 2860 205 227 2335 404
internal_value=-0.000173225 -0.000403801 0.000681152 -0.00162423 -0.00280185 0.00243571 0.000606584 0.00357647 -0.00110244 -0.00158625 -0.00514429 0.000118001 -0.00365549 0.0031124
internal_weight=3908.79 3783.05 2003.85 1779.2 1163.64 1009.22 615.555 262.181 994.622 944.314 235.134 107.122 994.435 915.026
internal_count=15762 15253 8092 7161 4685 4080 2476 1056 4012 3808 948 432 4004 3701
is_linear=0
shrinkage=0.02


Tree=66
num_leaves=15
num_cat=0
split_feature=0 1 5 35 40 1 5 22 43 1 2 29 38 13
split_gain=15.629 9.94376 10.3169 9.96345 10.5909 9.94845 8.13728 7.88951 7.67712 7.4548 7.37101 7.27925 10.5557 7.26693
threshold=-0.0013259707394437778 0.0033601113805142063 0.0051250890369848928 -0.95966400436669297 0.8389619239586239 -0.0041153079964895891 -0.010532199872001272 0.31782916185049331 0.0032584688821729597 -0.00012554315965032731 -0.0052814733197801599 -0.94141966556968182 7.5023969414508231 0.010100417984247339
decision_type=2 2 2 2 2 2 2 2 2 2 2 2 2 2
left_child=1 3 -3 5 8 -1 10 -4 11 13 -2 -5 -13 -6
right_child=6 2 7 4 9 -7 -8 -9 -10 -11 -12 12 -14 -15
leaf_value=0.0020434953580337361 -0.002684049758986637 0.0011344652887781139 -0.00069696977639858136 -0.0034746203264154219 0.0075993221097058906 -0.007359159415178884 -0.0015342788449342487 -0.0092532055463964615 0.0068667819587155633 0.0097724558546232552 0.0040388749438816634 0.0071021226433630484 -0.0030784413921003989 0.0012793045586821994
leaf_weight=118.28191818296909 90.174313187599182 419.52393700182438 95.049679383635521 141.92516899108887 122.45364806056023 66.17615732550621 2036.5138671696186 75.253874257206917 70.789878621697426 129.57867106795311 206.76343773305416 87.823637038469315 68.673943176865578 175.5003769993782
leaf_count=479 362 1701 383 575 498 267 8188 302 287 525 830 357 279 714
internal_value=-4.5533e-05 0.00149388 -0.000556009 0.0027227 0.00368821 -0.00143499 -0.00108295 -0.00463389 0.00118213 0.00581376 0.00198661 -0.000257282 0.00267771 0.00395927
internal_weight=3904.48 1571.03 589.827 981.203 796.745 184.458 2333.45 170.304 369.213 427.533 296.938 298.423 156.498 297.954
internal_count=15747 6367 2386 3981 3235 746 9380 685 1498 1737 1192 1211 636 1212
is_linear=0
shrinkage=0.02


Tree=67
num_leaves=15
num_cat=0
split_feature=3 24 3 48 8 46 28 41 43 41 13 8 26 15
split_gain=17.0403 12.0841 14.7659 13.0631 10.8347 12.783 19.4733 12.361 10.7537 10.5589 9.47433 9.378 9.21372 9.11455
threshold=-0.00025479444119305813 0.54323705499262553 -0.0018183665026932749 -1.0000000180025095e-35 0.00095262415136305784 1.0000000180025095e-35 0.74263429926578106 0.57008721679197982 0.06053102909918133 0.5186344547681867 0.02314341890459869 0.032935924656429964 0.32565803508676811 0.020206765414170529
decision_type=2 2 2 2 2 2 2 2 2 2 2 2 2 2
left_child=1 3 8 13 5 -2 -7 11 9 10 12 -6 -3 -1
right_child=4 2 -4 -5 7 6 -8 -9 -10 -11 -12 -13 -14 -15
leaf_value=0.0043196357237608694 0.0060850014082857494 -0.0022717869618398656 -0.0077518635952032204 -0.0016313817906000241 -4.748299024596932e-05 -0.0020324721215552893 0.0076213678245921944 -0.0073342338121006323 0.0032432599645470239 -0.0088586987310943135 -0.009340735396874647 0.0041823970842710806 0.0042415186205088081 -0.0043578700734933883
leaf_weight=342.23835261166096 352.79755730926991 319.76542209088802 188.76819530129433 538.95985335111618 1018.3182038515806 276.99764801561832 113.86071783304214 73.885170981287956 146.5655369758606 89.866974994540215 50.194111719727516 258.98141244053841 113.6618849337101 52.133726298809052
leaf_count=1392 1428 1285 759 2173 4101 1118 460 297 589 362 202 1044 458 211
internal_value=0.000190123 -0.00121126 -0.00284622 0.000387449 0.00142242 0.00335258 0.000840525 0.000351665 -0.00151558 -0.00274931 -0.00153502 0.000823119 -0.000534846 0.00313232
internal_weight=3936.99 1842.15 908.822 933.332 2094.84 743.656 390.858 1351.18 720.054 573.488 483.621 1277.3 433.427 394.372
internal_count=15879 7431 3655 3776 8448 3006 1578 5442 2896 2307 1945 5145 1743 1603
is_linear=0
shrinkage=0.02


Tree=68
num_leaves=15
num_cat=0
split_feature=24 17 23 22 29 20 22 49 45 5 38 39 6 11
split_gain=16.6938 13.6297 11.5027 10.6574 10.0838 9.94576 9.72802 8.32867 8.25134 8.21882 8.92846 11.4872 10.8697 9.46059
threshold=0.43597986296644581 0.5954410876132824 1.5186444149314149 0.3726310688749444 4.7819497205902524 -0.67072774293582338 0.32953969371048325 -0.22252093395631442 0.47526961591691491 -0.025378579712341257 11.627482445705521 -0.067735050213216949 0.00082474606698461209 0.070121135718432856
decision_type=2 2 2 2 2 2 2 2 2 2 2 2 2 2
left_child=1 6 3 4 5 -3 7 -1 -6 -2 13 12 -12 -11
right_child=9 2 -4 -5 8 -7 -8 -9 -10 10 11 -13 -14 -15
leaf_value=0.0011123742022975886 0.0051451627941553613 -0.0012742626310625824 -0.0012913554538911318 -0.0017236277752141829 0.014257861616106393 0.0047441571838394052 0.0041876744807483289 -0.0056363806043233326 0.0048214847108872753 -0.00093290554472040099 0.0043675132382362267 0.0075872863139837708 -0.0062292727993143509 -0.0047408707212926041
leaf_weight=115.42837080359459 83.365937948226929 135.82629361748695 210.47819919884205 117.54153697192669 67.434617266058922 531.09538526833057 91.590616598725319 188.15941931307316 92.651599422097206 1748.6403459459543 70.753000512719154 98.920489683747292 74.41690157353878 302.67364916205406
leaf_count=468 335 553 849 477 275 2157 370 761 376 7030 284 397 299 1217
internal_value=0.000206501 0.00181823 0.00291199 0.0038505 0.00464834 0.00351808 -0.00137506 -0.00309396 0.0091079 -0.000845445 -0.00107373 0.00250759 -0.00109115 -0.00150494
internal_weight=3928.98 1550.21 1155.03 944.549 827.008 666.922 395.178 303.588 160.086 2378.77 2295.4 244.09 145.17 2051.31
internal_count=15848 6286 4687 3838 3361 2710 1599 1229 651 9562 9227 980 583 8247
is_linear=0
shrinkage=0.02


Tree=69
num_leaves=15
num_cat=0
split_feature=5 1 18 47 42 39 39 19 24 41 3 24 9 28
split_gain=14.3438 18.2568 20.5728 15.3805 14.4084 16.1086 15.8356 11.7579 11.4292 11.1214 13.0453 12.7043 11.4449 10.8689
threshold=-0.0024525520411963621 -0.0022078478960486981 0.01075260926164078 -0.5 0.46119948521729609 -0.028343721691093848 -0.46698101188563268 0.75786976133962547 0.43597986296644581 0.47150299729131245 -0.00025479444119305813 0.58704815188735193 -0.00037128746626289942 0.36544643432247242
decision_type=2 2 2 2 2 2 2 2 2 2 2 2 2 2
left_child=3 2 -2 -1 -3 6 9 -4 -8 -6 12 13 -11 -12
right_child=1 4 7 -5 5 -7 8 -9 -10 10 11 -13 -14 -15
leaf_value=0.0047461841589920249 0.0086849138387378923 0.0058498960231192837 0.00089361689856825449 0.00017182798664099706 0.0024885632344375012 9.7821637579526227e-05 -0.0031725411843939694 -0.0079338327818610291 -0.010467911884657167 -0.00188643000431658 -0.0017639363778855714 -0.0056195487066592808 -0.010551552093399934 0.0087543085398483229
leaf_weight=428.07118071615696 127.31153735518456 81.347338765859604 702.59232956171036 916.90815252065659 152.29493148624897 583.0164096057415 155.45450548827648 60.98551581799984 205.15288105607033 110.55368340015411 79.383983448147774 103.99121853709221 138.48373238742352 70.232335075736046
leaf_count=1730 513 328 2834 3702 615 2348 628 245 827 446 320 419 559 283
internal_value=-3.0033e-05 -0.000905194 0.00140409 0.00163991 -0.00213039 -0.00255346 -0.00406856 0.000141558 -0.00740934 -0.00218693 -0.00361411 -0.000397213 -0.00681774 0.00329693
internal_weight=3915.78 2570.8 890.889 1344.98 1679.91 1598.56 1015.55 763.578 360.607 654.94 502.645 253.608 249.037 149.616
internal_count=15797 10365 3592 5432 6773 6445 4097 3079 1455 2642 2027 1022 1005 603
is_linear=0
shrinkage=0.02


Tree=70
num_leaves=15
num_cat=0
split_feature=24 5 42 42 30 37 26 37 26 4 11 11 22 4
split_gain=18.9971 12.1566 8.66537 11.2141 12.3267 13.0124 11.4151 9.46062 8.34956 7.4858 7.93993 8.98534 7.23849 6.94101
threshold=0.68604919089510974 -0.018298086916000187 0.49103709913474564 0.51882384693272654 -0.036371735143010654 0.96630170746754296 0.19325856588928203 7.5783281329269672 -1.1278019716630692 0.00089251599129578426 0.05464677969042947 0.016542288082792251 0.16761834189522673 0.0046496623395550557
decision_type=2 2 2 2 2 2 2 2 2 2 2 2 2 2
left_child=1 -1 -3 4 6 -6 8 -7 -4 -2 11 12 -11 -10
right_child=9 2 3 -5 5 7 -8 -9 13 10 -12 -13 -14 -15
leaf_value=0.006180198160447313 -0.00060766493318459975 0.0020233313703918549 -0.0095386509167013009 0.0027416686596465172 -0.0058579133988144773 0.0025018115791658668 -0.011744649353328772 -0.0052230221723470194 -0.0027781704010168226 0.0017090893442634101 -1.5680755748129892e-05 -0.0096892581844256944 -0.0050662502675525491 0.0042752980597985267
leaf_weight=161.23675343394279 711.40043045580387 997.56996877491474 53.760827720165253 344.81234559416771 108.52148781716824 504.20483893156052 59.588943958282471 67.698315680027008 262.49712118506432 84.545983582735062 172.2329013645649 118.33949889242649 221.42538671195507 65.79324945807457
leaf_count=656 2860 4033 217 1392 437 2039 240 273 1060 340 692 476 890 266
internal_value=-3.62108e-05 0.000944486 0.000590119 -0.000388119 -0.0013578 0.000334436 -0.00393956 0.00155005 -0.00258619 -0.00200105 -0.00364385 -0.00509923 -0.00319671 -0.00132164
internal_weight=3933.63 2625.68 2464.45 1466.88 1122.06 680.425 441.64 571.903 382.051 1307.94 596.544 424.311 305.971 328.29
internal_count=15871 10613 9957 5924 4532 2749 1783 2312 1543 5258 2398 1706 1230 1326
is_linear=0
shrinkage=0.02


Tree=71
num_leaves=15
num_cat=0
split_feature=25 7 39 4 19 5 32 4 23 31 43 5 47 46
split_gain=13.2163 11.5915 15.0595 13.0808 11.1904 10.3792 10.8228 11.4251 9.77391 10.5854 9.15047 8.40684 9.09708 9.9011
threshold=1.5000000000000002 0.0008241266163034859 -0.13121463495218469 0.0070159105365551208 0.60238634693315796 0.0028909207272154801 -0.11753039750094955 0.020055070276266917 1.6015686719543567 -0.19041235186966227 -0.094550357077443747 0.0017801711576679959 -0.5 1.0000000180025095e-35
decision_type=2 2 2 2 2 2 2 2 2 2 2 2 2 2
left_child=4 2 -2 -4 5 8 -7 10 11 -10 -8 12 13 -1
right_child=1 -3 3 -5 -6 6 7 -9 9 -11 -12 -13 -14 -15
leaf_value=0.0072730668193616123 -0.0032329975291473891 -0.004449565330756816 0.00089046788439704869 0.011361953909117057 -0.0034245239337687521 0.0033893284855017183 0.0035352644906119098 0.0065558799635890945 -0.0073628348640449523 0.0024469752127162852 -0.0033467892925387074 0.0069421720863785509 0.00095940178605303649 0.0013124353394701679
leaf_weight=225.18579536676407 272.88733848929405 414.7549162209034 196.42154958844185 58.456495687365532 232.56721672415733 207.01340521872044 84.575872808694839 56.345452904701233 84.188367053866386 83.137142524123192 593.75494922697544 147.7328317463398 1040.3603247404099 221.33868342638016
leaf_count=914 1100 1670 789 235 934 835 341 227 339 336 2392 597 4207 896
internal_value=8.85901e-05 -0.00196913 3.64161e-06 0.00346451 0.000742449 0.00110125 -0.000598375 -0.00173733 0.00198867 -0.00255917 -0.00246913 0.00246059 0.00199354 0.00436568
internal_weight=3918.72 942.52 527.765 254.878 2976.2 2743.63 941.69 734.676 1801.94 167.326 678.331 1634.62 1486.88 446.524
internal_count=15812 3794 2124 1024 12018 11084 3795 2960 7289 675 2733 6614 6017 1810
is_linear=0
shrinkage=0.02


Tree=72
num_leaves=15
num_cat=0
split_feature=24 26 47 19 10 8 14 46 21 17 26 12 39 24
split_gain=18.5761 8.16848 17.0317 12.6472 10.9371 15.9099 10.742 10.6639 10.7872 9.7257 10.4465 8.90764 9.5574 7.46266
threshold=0.65337872911852934 -0.098171649835837219 1.0000000180025095e-35 -0.80177242980264529 -0.0022230487658212398 0.004312942733814021 0.017305037006965548 1.0000000180025095e-35 0.48663221351045594 0.6041192939601302 0.1020411121910894 -0.06580669094032579 -0.028343721691093848 0.33309647326224073
decision_type=2 2 2 2 2 2 2 2 2 2 2 2 2 2
left_child=1 3 4 6 5 -3 -1 8 11 10 -4 -5 -13 -11
right_child=-2 2 9 7 -6 -7 -8 -9 -10 13 -12 12 -14 -15
leaf_value=-0.0035708312247968461 -0.0018561406517488121 -0.010226087658327141 -0.00014852901649319489 0.0022644303244040067 0.0037926986000343596 0.0032640161891914071 0.0058707647817520213 0.0011460435571331467 -0.00034531739643493239 0.0023711616690392425 -0.0094491142838736518 0.0064252134202840792 0.015529723111747207 -0.0028624371979208362
leaf_weight=224.25901374220848 1445.0028149783611 56.885491624474525 77.189205512404442 118.97338497638702 446.50540018081665 76.399903267621994 56.261428683996201 506.93654035031796 104.59916034340858 180.19494552910328 124.82929928600788 187.58693780004978 64.216504335403442 260.37142460048199
leaf_count=907 5810 229 311 483 1801 308 228 2053 425 731 502 763 262 1048
internal_value=-5.65882e-05 0.000991372 -0.000174513 0.00211614 0.00230043 -0.00265506 -0.00160757 0.00318228 0.00531918 -0.00240812 -0.00598487 0.00690052 0.00900426 -0.000719269
internal_weight=3930.21 2485.21 1222.38 1262.83 579.791 133.285 280.52 982.313 475.376 642.585 202.019 370.777 251.803 440.566
internal_count=15861 10051 4930 5121 2338 537 1135 3986 1933 2592 813 1508 1025 1779
is_linear=0
shrinkage=0.02


Tree=73
num_leaves=15
num_cat=0
split_feature=5 3 24 2 23 40 15 26 19 24 46 23 13 12
split_gain=18.2954 9.35153 12.3231 9.89108 9.33311 9.14453 8.9562 9.2894 15.6745 10.5798 9.59823 21.1232 9.41721 8.74509
threshold=-0.0075089827267958119 0.011262560776572497 0.51093989698611608 -0.0053922426242039483 0.6131613323949977 0.70126073483105988 0.018952574607757268 -0.098171649835837219 -0.88031436315765699 0.62613278388278115 1.0000000180025095e-35 1.6809235272069689 0.0054272808716037792 0.18538863121173169
decision_type=2 2 2 2 2 2 2 2 2 2 2 2 2 2
left_child=1 2 5 -4 -5 -1 7 8 -2 12 11 13 -10 -9
right_child=6 -3 3 4 -6 -7 -8 10 9 -11 -12 -13 -14 -15
leaf_value=0.01184072406173863 -0.0043768895299554997 0.0077778595238397535 -0.0065744430955567744 -0.0059440740308726019 0.0034539760864889914 0.0028485153047891425 -0.0036394637791676309 -0.0044351036370783485 -0.00011767317072381942 -0.0012055928909264733 0.00028095068821705011 0.006633431234592372 0.0050737308545203462 0.0019841158299227415
leaf_weight=54.883552730083466 169.23673932254314 122.94268260896206 84.230210021138191 50.373479351401329 175.20134834945202 207.21791018545628 359.83928759396076 707.24295277893543 199.66059570014477 263.60648840665817 870.70021997392178 83.572438657283783 459.2253884524107 93.485855087637901
leaf_count=224 683 498 338 202 703 845 1452 2852 809 1058 3505 335 1865 377
internal_value=-5.05757e-05 0.00287965 0.0017684 -0.000931916 0.0012719 0.00491787 -0.000689037 -0.000310362 0.00113504 0.00216438 -0.00121017 -0.00267168 0.00351155 -0.00367799
internal_weight=3901.42 694.849 571.907 309.805 225.575 262.101 3206.57 2846.73 1091.73 922.492 1755 884.301 658.886 800.729
internal_count=15746 2810 2312 1243 905 1069 12936 11484 4415 3732 7069 3564 2674 3229
is_linear=0
shrinkage=0.02


Tree=74
num_leaves=15
num_cat=0
split_feature=25 46 43 24 10 39 35 5 32 3 24 27 33 5
split_gain=10.6176 11.7666 9.9278 8.65828 8.56993 8.29841 8.29561 7.67946 8.53225 7.55338 7.3636 6.57293 9.46302 6.54718
threshold=1.5000000000000002 1.0000000180025095e-35 0.072840621820937021 0.68604919089510974 0.024076451183884923 1.1983958315214329 0.89761361604037204 -0.0010577151582720889 0.024685971087666337 -0.00025479444119305813 0.82738098259197967 0.21647635448217026 63.62978943045146 0.0051250890369848928
decision_type=2 2 2 2 2 2 2 2 2 2 2 2 2 2
left_child=3 5 11 6 -4 7 13 8 -2 -5 -9 -3 -13 -1
right_child=1 2 4 9 -6 -7 -8 10 -10 -11 -12 12 -14 -15
leaf_value=0.0017933576184957823 -0.0054472129131916984 -0.0045082682690684127 0.01097926051523288 -0.0031519873197183275 0.00019698069766283435 0.0028825784356091566 0.0080653113878860205 -0.0090010320211134694 0.0033570624847018976 0.00078483322642949492 -0.00097352348532776356 0.0066184583255459459 -0.0019212937483987092 -0.00078160921743307139
leaf_weight=1587.0456848740578 92.748453840613365 133.78690829873085 54.043127864599228 363.2004728615284 59.273011907935143 60.069059312343597 67.07842817902565 187.59439121186733 75.589912816882133 410.9533025175333 61.650654539465904 74.095054104924202 146.58264566957951 522.0783846527338
leaf_count=6436 373 538 217 1460 238 241 271 758 304 1648 250 298 590 2104
internal_value=0.000149985 -0.00168902 0.000565747 0.00074115 0.00558597 -0.00388018 0.00138661 -0.00487559 -0.00151098 -0.00107053 -0.00707363 -0.00109451 0.00102913 0.00115563
internal_weight=3895.79 945.433 467.781 2950.36 113.316 477.652 2176.2 417.583 168.338 774.154 249.245 354.465 220.678 2109.12
internal_count=15726 3807 1881 11919 455 1926 8811 1685 677 3108 1008 1426 888 8540
is_linear=0
shrinkage=0.02


Tree=75
num_leaves=15
num_cat=0
split_feature=0 29 38 47 38 0 7 37 6 36 13 2 33 9
split_gain=12.8079 10.1717 12.0162 9.29942 9.32326 8.82945 8.77662 8.82185 7.96233 7.02794 10.766 8.48872 8.54969 7.53913
threshold=-0.0012545077833534953 0.38087331646036066 7.4580085698187046 -0.5 12.402962964440475 -0.00086700169000752838 -0.0042126224939684894 1.5865956116569129 0.0089844791876173679 0.055615637276858636 0.012734978986339686 -0.0078675936236273485 41.330593295798387 -0.0090864999294668538
decision_type=2 2 2 2 2 2 2 2 2 2 2 2 2 2
left_child=1 2 -1 8 6 -2 -5 -8 -3 10 11 -7 -13 -14
right_child=5 3 -4 4 -6 9 7 -9 -10 -11 -12 12 13 -15
leaf_value=0.00028350743971632732 -0.007161203336145565 0.0038722830026043198 -0.0090947109359547432 -0.0027565131605740084 -0.006208926649271901 -0.0061191929429133549 -0.0017758865378382095 0.0056996579518349376 0.012523845615022219 -0.0019147352305868648 0.0088007106297558774 0.0056441542999587724 -0.0070021337319669738 0.00027884067124113991
leaf_weight=809.02117943763733 90.753901496529579 182.28529372811317 53.590545609593391 102.5966337621212 54.310722157359123 82.097180247306824 81.69234898686409 246.08908021450043 54.17055843770504 1285.8101470768452 51.715680480003357 104.7427060008049 57.257504299283028 655.82229739427567
leaf_count=3280 365 741 217 417 220 330 331 1000 221 5176 208 421 230 2636
internal_value=-0.000267265 0.00111817 -0.000348178 0.00286249 0.00125042 -0.00121008 0.00225224 0.00383785 0.0060726 -0.000953268 0.000349044 -0.000182592 0.000446917 -0.000350478
internal_weight=3911.96 1583.76 862.612 721.145 484.689 2328.2 430.378 327.781 236.456 2237.45 951.635 899.92 817.823 713.08
internal_count=15793 6427 3497 2930 1968 9366 1748 1331 962 9001 3825 3617 3287 2866
is_linear=0
shrinkage=0.02


Tree=76
num_leaves=15
num_cat=0
split_feature=3 8 12 35 5 38 27 5 15 40 26 3 38 31
split_gain=10.9729 11.0083 12.4831 10.4653 9.328 10.301 10.3326 8.74465 8.42841 11.1596 9.94703 10.2387 8.9941 9.87295
threshold=0.011262560776572497 0.00095262415136305784 0.038171373128462499 -1.3214871108277275 0.0046512547978755283 4.7819137940800607 0.27965591437883003 0.011830504114459291 0.018952574607757268 0.75617006130185482 -0.051776183586545538 0.00030606171775953691 6.4817158943595814 -0.05150964229223854
decision_type=2 2 2 2 2 2 2 2 2 2 2 2 2 2
left_child=1 3 4 -1 5 6 -3 -2 10 -10 -5 12 13 -12
right_child=7 2 -4 8 -6 -7 -8 -9 9 -11 11 -13 -14 -15
leaf_value=-0.0070100544025090998 0.0041363462538621856 -0.0019005729876100642 0.0005525327539042859 0.0025156718786897431 -0.0068356066632990218 -0.0047620147414050842 0.0052659259136957817 -0.0027387440412057181 -0.009998787806269855 2.6367158172074115e-05 -0.0039187444764928036 0.0040124698326036825 -0.0057558095592536501 0.0060146620631472405
leaf_weight=61.784080311655998 412.21591807901859 258.84770669043064 662.792735055089 1182.5898682922125 199.51584532856941 281.03071388602257 110.80630443990231 86.29151850938797 54.237646520137787 177.39359480142593 79.48110742866993 116.17394998669624 178.27239465713501 71.171885475516319
leaf_count=249 1667 1043 2670 4788 806 1131 446 348 219 717 320 468 719 287
internal_value=0.000173542 -0.000230405 -0.00150378 0.000773761 -0.00310068 -0.00191207 0.000289242 0.00293089 0.00105052 -0.00248275 0.00155939 -0.000981085 -0.00277844 0.000816485
internal_weight=3932.61 3434.1 1512.99 1921.1 850.201 650.685 369.654 498.507 1859.32 231.631 1627.69 445.099 328.925 150.653
internal_count=15878 13863 6096 7767 3426 2620 1489 2015 7518 936 6582 1794 1326 607
is_linear=0
shrinkage=0.02


Tree=77
num_leaves=15
num_cat=0
split_feature=24 1 39 14 19 6 4 48 6 21 3 36 9 3
split_gain=20.0516 11.4322 10.5333 9.09596 8.88763 11.8739 9.52664 8.1031 8.98264 8.13591 13.5309 11.7648 7.54829 8.23024
threshold=0.43597986296644581 -0.0013864414441460615 0.018472095590323132 0.0051783660236008836 0.75786976133962547 -0.011911897691116917 0.0010333180797807019 -1.0000000180025095e-35 -0.00036320496524120072 0.11905652710754161 -0.0053922426242039483 0.075433581971961969 0.020135020297816716 -0.016128162694326442
decision_type=2 2 2 2 2 2 2 2 2 2 2 2 2 2
left_child=7 3 12 -2 5 -5 -6 8 -1 11 -11 -9 13 -3
right_child=1 2 -4 4 6 -7 -8 9 -10 10 -12 -13 -14 -15
leaf_value=0.00087324460631431344 0.006149345388123997 -0.0098984729532704558 3.6853788917941175e-05 0.0067296086530296327 -0.0097991563441842868 -0.00032497746326846439 0.0014005947119350869 -0.0065208562578897055 0.0055964407685925059 -0.003194300598283547 0.0032685400830674239 0.0028550494135736247 -0.0072198870251920302 -0.0019260958689461059
leaf_weight=290.64510354399681 96.743455767631531 52.271557167172432 479.90170063078403 104.72344177961349 67.682013228535652 729.97915786504745 50.284909635782242 127.83507472276688 362.36403793096542 168.48375810682774 512.16490015387535 85.876013547182083 183.61732362210751 602.46850746870041
leaf_count=1182 388 211 1929 421 272 2934 202 515 1484 681 2073 348 742 2426
internal_value=6.45692e-05 -0.00109179 -0.00232824 0.000465102 -0.000141225 0.000594906 -0.00516229 0.00183176 0.00351682 0.000588721 0.00165714 -0.00277418 -0.00367429 -0.00263277
internal_weight=3915.04 2367.67 1318.26 1049.41 952.67 834.703 117.967 1547.37 653.009 894.36 680.649 213.711 838.357 654.74
internal_count=15808 9525 5308 4217 3829 3355 474 6283 2666 3617 2754 863 3379 2637
is_linear=0
shrinkage=0.02


Tree=78
num_leaves=15
num_cat=0
split_feature=20 8 26 29 43 3 17 40 28 47 14 9 7 26
split_gain=15.0951 11.3937 19.2064 10.0951 9.39848 11.3848 8.42303 7.73477 7.30086 7.27408 7.23159 7.22442 12.0103 7.77857
threshold=0.20345639620628145 0.024812940691115882 0.38382327357743484 1.5706459550875564 0.10451389203922544 0.0036907882691579459 1.3592600917236617 0.68775100895507668 -2.3037382122520396 -0.5 0.007101255550479202 -0.028425770179721654 -0.0056379415389395037 -0.42869729922937688
decision_type=2 2 2 2 2 2 2 2 2 2 2 2 2 2
left_child=1 2 3 -1 5 7 -3 -2 -9 -5 -7 -11 -13 -14
right_child=4 6 -4 9 -6 10 -8 8 -10 11 -12 12 13 -15
leaf_value=0.00047287220102925145 -0.00037054387699568872 0.008609855242942329 -0.004290027524470854 0.0065011735630084366 0.0024660194389190164 0.0064598586745854437 -0.00045873957792762009 0.0018888974491454451 -0.0051441168907431266 0.0083119846438011978 -0.00041633465777031421 -0.0064155362751504089 -0.003514688967444903 0.0040791492575956625
leaf_weight=1272.702338039875 272.15305057168007 131.64342077076435 252.46199923753738 214.61233447492123 222.35035438835621 70.290498048067093 57.815262570977211 63.415246218442917 557.52793492376804 58.319248497486115 323.68973197042942 66.902007147669792 63.185237839818001 267.32878732681274
leaf_count=5150 1096 533 1017 872 893 282 235 255 2246 237 1301 271 257 1082
internal_value=0.000270377 0.00125998 0.000846915 0.00152366 -0.00129224 -0.00194854 0.00590184 -0.00319251 -0.0044165 0.00350038 0.000876036 0.00203205 0.00101867 0.00259667
internal_weight=3894.4 2384.97 2195.51 1943.05 1509.43 1287.08 189.459 893.096 620.943 670.348 393.98 455.735 397.416 330.514
internal_count=15727 9654 8886 7869 6073 5180 768 3597 2501 2719 1583 1847 1610 1339
is_linear=0
shrinkage=0.02


Tree=79
num_leaves=15
num_cat=0
split_feature=24 38 37 6 4 40 39 7 47 15 2 8 9 7
split_gain=15.2924 8.11985 9.55429 8.65386 7.89104 7.45481 9.66244 10.1976 9.15689 14.9252 9.73825 11.5278 9.66891 10.5073
threshold=0.61223039739268292 8.1074345452445673 1.6111489710441875 0.0065455706437900236 0.0034378104086672436 1.156187257560342 1.4892753288866112 0.0024488634782386877 -0.5 0.021153697308088377 -0.0035787102790744763 -0.01886902355770689 -0.0022055978338156568 -0.0027511892916471628
decision_type=2 2 2 2 2 2 2 2 2 2 2 2 2 2
left_child=5 2 -2 -3 -4 8 -7 -8 -1 10 11 -10 13 -12
right_child=1 3 4 -5 -6 6 7 -9 9 -11 12 -13 -14 -15
leaf_value=0.0025388348615211749 -0.0085020928391301379 0.0021489534386014007 -0.00073476263183674105 -0.0039873485847878396 -0.0045596067561472203 0.0042352740613240359 0.002793829508696998 -0.0068898939557135129 -0.0037629380695158518 -0.0080410516609403931 -0.0025463659634124254 0.00572587440016785 -0.0029401852172732078 0.0046711674105367872
leaf_weight=503.82343064248562 90.392921969294548 370.21375024318695 735.69308659434319 116.86016789078712 301.79656998813152 489.57709470391273 99.827220484614372 69.593376621603966 64.878029987215996 95.668473854660988 137.95978634059429 195.52059449255466 459.92766441404819 181.42559178173542
leaf_count=2044 364 1488 2960 470 1215 1988 403 281 263 387 559 790 1857 736
internal_value=-1.34648e-05 -0.00150234 -0.00243109 0.000651158 -0.00186391 0.00103377 0.00282169 -0.00126746 0.000308582 -0.000687883 2.39615e-05 0.00333539 -0.00109673 0.00156233
internal_weight=3913.16 1614.96 1127.88 487.074 1037.49 2298.2 658.998 169.421 1639.2 1135.38 1039.71 260.399 779.313 319.385
internal_count=15805 6497 4539 1958 4175 9308 2672 684 6636 4592 4205 1053 3152 1295
is_linear=0
shrinkage=0.02


Tree=80
num_leaves=15
num_cat=0
split_feature=24 26 26 24 46 11 15 15 7 39 49 40 41 6
split_gain=11.9605 11.4962 15.8759 9.76748 11.8672 8.41566 9.56647 11.8716 10.1231 9.25929 12.3562 11.267 8.24452 19.0098
threshold=0.3106140705285903 -1.3600327561573711 -0.10474766739677764 0.61223039739268292 -1.0000000180025095e-35 0.085536337960623876 0.017372991121794332 0.015021638556317338 -0.012692487520170158 0.70358451326028948 -0.22252093395631442 1.1045888448298791 0.47107055734324416 0.007212014317652741
decision_type=2 2 2 2 2 2 2 2 2 2 2 2 2 2
left_child=5 -2 3 4 -3 6 7 8 -1 10 -10 -12 13 -4
right_child=1 2 12 -5 -6 -7 -8 -9 9 -11 11 -13 -14 -15
leaf_value=0.0092506445740076267 -0.0090097891168049275 0.0077945583353134333 -0.0014297271347452031 -0.00084844854719641819 0.0011717399025940854 0.0072622983498314047 -0.0036255549225454866 0.0096354461168429734 0.0050480075644600388 -0.0042734005975129368 -0.0027655526562674927 0.0065885153410914924 -0.0022946248845962989 0.010413669216117057
leaf_weight=51.255192160606384 63.722278982400894 157.65858775377274 231.47356520593166 393.08404396474361 330.10165646672249 89.77739591896534 146.04206562042236 66.701421126723289 229.76690438389778 130.44864743947983 262.34386061131954 58.880729019641876 1636.7489259541035 65.436117380857468
leaf_count=209 257 641 931 1578 1335 367 594 272 938 527 1064 239 6591 264
internal_value=-0.000262464 -0.000925427 -0.000726739 0.00149321 0.0033698 0.00157637 0.00100108 0.0018636 0.00109558 0.000419271 0.00155871 -0.000976243 -0.00173924 0.00130968
internal_weight=3913.44 2878.23 2814.5 880.844 487.76 1035.22 945.439 799.397 732.695 681.44 550.991 321.225 1933.66 296.91
internal_count=15807 11597 11340 3554 1976 4210 3843 3249 2977 2768 2241 1303 7786 1195
is_linear=0
shrinkage=0.02


Tree=81
num_leaves=15
num_cat=0
split_feature=3 16 12 26 35 23 3 4 13 22 21 21 22 20
split_gain=10.9981 12.0611 12.4763 10.6346 20.6018 8.64762 8.82138 8.15517 13.318 8.23685 8.08094 7.58089 7.32254 8.47972
threshold=-0.00025479444119305813 0.033691372635738542 0.019682553426473456 -0.26101427717197062 -0.78220562397266835 0.48913545369228068 0.0010933486023212127 0.0057398411298308282 0.0092892433776417729 0.13784428250258657 0.11905652710754161 0.10317192188368256 0.22518253334531099 0.20345639620628145
decision_type=2 2 2 2 2 2 2 2 2 2 2 2 2 2
left_child=3 2 5 4 -1 -2 -7 8 -5 -9 -8 -10 -6 -14
right_child=1 -3 -4 7 12 6 10 9 11 -11 -12 -13 13 -15
leaf_value=-0.0035031142627747879 -0.0057221023842218303 0.0092476243311392908 0.0020449392126943924 -0.0016246723651001558 0.0066702157718262524 0.0039729112788082508 -0.0048350182749877409 0.0054466543689015009 -0.012998182284440109 -0.0017344945171994211 -4.4977867756324709e-05 -0.0051604061833039521 0.0030817610987441241 -0.0054997765045689722
leaf_weight=295.48117452859879 134.87643627822399 59.375385895371437 989.59597535431385 479.67200227081776 158.15301379561424 149.98608802258968 184.63727433979511 78.747441783547401 63.107126533985138 264.45429825782776 548.28503499925137 239.40865838527679 207.37246502935886 53.981035158038139
leaf_count=1195 544 240 3997 1934 643 606 746 318 255 1068 2214 967 840 217
internal_value=-0.000275207 0.000725366 0.000450939 -0.00139778 0.000507987 -0.00110133 -0.000367199 -0.00260545 -0.00372713 -3.22331e-05 -0.00127627 -0.00698018 0.00334121 0.00123933
internal_weight=3907.13 2066.76 2007.38 1840.38 714.988 1017.78 882.908 1125.39 782.188 343.202 732.922 302.516 419.507 261.354
internal_count=15784 8347 8107 7437 2895 4110 3566 4542 3156 1386 2960 1222 1700 1057
is_linear=0
shrinkage=0.02


Tree=82
num_leaves=15
num_cat=0
split_feature=19 23 1 9 13 12 14 41 7 10 34 21 44 1
split_gain=17.3888 8.02053 8.83293 11.2281 10.7499 10.367 8.63662 8.38583 7.43394 6.93171 12.0269 9.72032 8.9919 7.70772
threshold=-0.14052655212909063 1.5492907892875476 0.0033601113805142063 -0.0035642482294761463 0.0066580371649526656 -0.074796531778987888 0.0059565416489742494 0.47011442922177266 -0.00079087445427093066 -0.038996715063432573 39.780066192385867 0.32568745984171693 -0.21324906366518834 -0.00073065520090927574
decision_type=2 2 2 2 2 2 2 2 2 2 2 2 2 2
left_child=1 2 6 5 -5 -4 8 -3 -1 10 11 -2 -12 -11
right_child=9 7 3 4 -6 -7 -8 -9 -10 13 12 -13 -14 -15
leaf_value=-0.0056923806678267352 -0.0046946192830121204 0.0021466802219311226 -0.0026258307185742036 -0.0092469374440484666 9.6853533082434873e-05 0.0075501660196727483 0.0051779969867193623 -0.0049852258416051148 0.0031266943159797243 0.00093752065401059184 -0.013244710941947827 0.0036278316504934943 -0.0020644483002749511 -0.0014591391455740076
leaf_weight=55.984446436166763 109.47411386668682 135.57055786252022 56.370937809348106 60.433996334671974 198.73344153165817 117.64649194478989 558.37542577087879 119.74474616348743 97.491558164358139 952.66574241220951 64.452524483203888 105.25773118436337 52.814727172255516 1216.9629763066769
leaf_count=227 440 547 229 244 806 480 2280 483 396 3832 260 425 213 4903
internal_value=0.000176104 0.00195671 0.00266947 0.00040969 -0.00221576 0.0042725 0.00403217 -0.00122974 -0.000168397 -0.000822552 -0.00349155 -0.00062538 -0.00849969 -0.00040705
internal_weight=3901.98 1400.35 1145.04 433.185 259.167 174.017 711.851 255.315 153.476 2501.63 331.999 214.732 117.267 2169.63
internal_count=15765 5692 4662 1759 1050 709 2903 1030 623 10073 1338 865 473 8735
is_linear=0
shrinkage=0.02


Tree=83
num_leaves=15
num_cat=0
split_feature=24 23 11 14 24 16 6 15 35 26 38 17 11 0
split_gain=14.9878 9.32732 8.93291 8.84318 9.00099 8.29488 12.6671 8.28705 6.94392 12.4239 6.52104 6.26378 7.78001 7.19379
threshold=0.61950856095399631 1.727431380569914 0.10530568465543948 0.0051783660236008836 0.7146238482792876 0.018708589462718358 -0.0099940933064373641 0.021427602654976435 0.92588223223000543 0.82873036306346626 8.7960978577754485 1.1651477378469621 -0.098413248263591477 -0.000363466339034033
decision_type=2 2 2 2 2 2 2 2 2 2 2 2 2 2
left_child=2 3 11 4 -2 8 -7 -8 9 -5 -10 -1 -13 -14
right_child=1 -3 -4 5 -6 6 7 -9 10 -11 -12 12 13 -15
leaf_value=-0.00015498670006503838 0.008747097297133204 0.0029383196656402573 0.0050790071393844918 -0.0032964338175339703 -0.0011005363066090954 0.0077900819759341459 0.0035466592713275786 -0.006171520213418131 -0.0036327276414833353 -0.011361516114226138 0.0059975878302937005 -0.0021759306288504192 0.0020566733496273099 0.0083854239915049766
leaf_weight=1691.2966398447752 50.034785911440849 149.73137387633324 172.7428681999445 894.73005039989948 111.25983309745789 65.745957151055336 52.391173869371414 87.575856000185013 49.798929795622826 79.963745042681694 53.201904013752937 108.13718210160732 261.50346753001213 96.82642537355423
leaf_count=6849 201 600 702 3602 447 265 211 353 201 323 214 439 1063 390
internal_value=-0.000252967 -0.00174424 0.000768845 -0.002238 0.00212542 -0.00279251 0.000870046 -0.00253704 -0.00349241 -0.0040127 0.00138889 0.000412845 0.00245147 0.00385866
internal_weight=3924.94 1594.43 2330.51 1444.7 161.295 1283.41 205.713 139.967 1077.69 974.694 103.001 2157.76 466.467 358.33
internal_count=15860 6417 9443 5817 648 5169 829 564 4340 3925 415 8741 1892 1453
is_linear=0
shrinkage=0.02


Tree=84
num_leaves=15
num_cat=0
split_feature=24 48 15 5 40 19 39 10 23 21 34 18 30 14
split_gain=14.9459 11.9233 20.5924 8.9452 13.4407 7.95768 9.31229 8.82413 7.60297 7.44914 7.24156 10.7951 9.94587 8.68119
threshold=0.55470233287318682 -1.0000000180025095e-35 0.020206765414170529 -0.010281203723590832 1.475407079506007 0.12643629967796646 0.16473004174042608 -0.013209532942478843 0.44001545161062244 0.19189993822978135 39.619623876231977 0.019214624153868008 -0.3785074954798075 0.0051783660236008836
decision_type=2 2 2 2 2 2 2 2 2 2 2 2 2 2
left_child=1 2 8 5 10 -2 7 -7 -1 -6 11 -5 -12 -14
right_child=3 -3 -4 4 9 6 -8 -9 -10 -11 12 -13 13 -15
leaf_value=-0.00062141338588167548 0.0080118419975068605 8.2394911791362543e-05 -0.004883820814085448 -0.001036981635754013 -0.010029031237859786 -0.0090271157403140605 0.0054903650857084816 0.0016966761999596405 0.005165501079857973 -0.0023310950865928445 -0.0059203886172530485 0.010207511303498078 0.0034162785027454451 -0.0014468198224033286
leaf_weight=104.43810969591141 67.187712877988815 1170.419639647007 106.37855617702007 85.42016039788723 102.95929868519306 52.069096222519875 75.124445170164108 63.581087216734886 643.22385583817959 101.49199177324772 163.7029937505722 51.014319464564323 168.35267880558968 959.19441850483418
leaf_count=423 270 4731 432 343 414 209 301 255 2626 408 660 205 676 3865
internal_value=0.000203646 0.00139608 0.00318546 -0.00107387 -0.00162146 0.0023557 0.000209951 -0.0033055 0.00435839 -0.00635456 -0.000923845 0.00337968 -0.00138984 -0.00070884
internal_weight=3914.56 2024.46 854.041 1890.1 1632.14 257.962 190.775 115.65 747.662 204.451 1427.68 136.434 1291.25 1127.55
internal_count=15818 8212 3481 7606 6571 1035 765 464 3049 822 5749 548 5201 4541
is_linear=0
shrinkage=0.02


Tree=85
num_leaves=15
num_cat=0
split_feature=25 6 10 33 7 38 39 42 40 42 1 43 26 2
split_gain=9.53478 11.2886 8.45268 8.95146 8.92256 8.56014 7.81045 7.04792 5.81441 5.80367 10.3498 8.41176 8.76973 8.24355
threshold=2.5000000000000004 -0.033561665072606349 -0.0078264421265530435 64.194458238759054 0.0012956986794383236 7.4035939466368026 2.3031427638518882 0.55099940317719487 1.6442302376214013 0.51708143911910243 0.00523285412032939 -0.026350184317552167 1.1041263402391317 0.010196655009077264
decision_type=2 2 2 2 2 2 2 2 2 2 2 2 2 2
left_child=1 -1 -2 -4 5 -5 7 9 -8 11 -11 -3 13 -13
right_child=2 6 3 4 -6 -7 8 -9 -10 10 -12 12 -14 -15
leaf_value=0.0082408188848221951 -0.0080146032795954184 0.0017312530345565259 0.0043708208522362599 -0.0048201869900572703 -0.0069474461005635873 0.0046784936238905587 -0.008311348661848416 -0.0054966965082468757 -0.00019312136418436686 0.0046541282434555296 -0.0028149764431761454 -0.0013319804861630484 0.0058192547103803503 0.0032392508066046476
leaf_weight=69.657908156514168 86.117859169840813 1116.4356155991554 83.943447142839432 64.219735100865364 116.83296462893486 79.050830990076065 65.164272412657738 69.768489420413971 71.488314539194107 313.91030745208263 93.012043699622154 1429.4891607910395 78.462836608290672 172.51262536644936
leaf_count=281 348 4525 339 259 471 318 262 282 288 1268 376 5772 316 698
internal_value=0.000198666 0.000546976 -0.00259296 -0.00114051 -0.00296808 0.000401828 0.000377986 0.000576115 -0.00422111 0.000716719 0.00293344 0.000389549 -0.000504319 -0.000831177
internal_weight=3910.07 3479.9 430.165 344.047 260.104 143.271 3410.24 3273.59 136.653 3203.82 406.922 2796.9 1680.46 1602
internal_count=15803 14068 1735 1387 1048 577 13787 13237 550 12955 1644 11311 6786 6470
is_linear=0
shrinkage=0.02


Tree=86
num_leaves=15
num_cat=0
split_feature=24 37 6 36 3 34 1 41 10 3 26 1 37 7
split_gain=14.3585 9.96732 7.84472 7.75847 10.4604 10.2887 8.65504 8.62929 10.1014 8.59191 7.7236 7.59896 8.3852 7.9954
threshold=0.55470233287318682 8.5176686259454701 -0.030688758049918528 0.064693426644229474 -0.00025479444119305813 57.510128855521906 0.0011602439352276798 0.47547558887867464 0.025213752865276013 -0.0013253937098163466 -0.27013072433740964 -0.0027546053385901878 7.2521056556047991 -0.0061124768616502246
decision_type=2 2 2 2 2 2 2 2 2 2 2 2 2 2
left_child=1 11 -2 4 9 6 -6 8 -5 -4 -3 12 -1 -13
right_child=2 10 3 7 5 -7 -8 -9 -10 -11 -12 13 -14 -15
leaf_value=0.0030160739375263324 0.0061542834357354737 0.00075890811862020446 -0.00095629799272281134 -0.0030652590593941327 0.0019892147520006011 -0.0019646193652387693 0.0096241928762704678 -0.0036568845165362569 0.0069392141469051252 -0.007825960006662528 -0.0046873013650162313 -0.0022071643151579824 0.011427690634355723 0.0018496152429055665
leaf_weight=393.48373100161552 50.662174984812737 240.36004461348057 355.74193918704987 84.554244324564934 225.56129528582096 174.92720329761505 77.54992288351059 755.2928325086832 68.866411969065666 87.179031893610954 177.25009277462959 239.69756166636944 50.313021168112755 946.61167766153812
leaf_count=1607 204 975 1433 340 905 703 312 3043 277 351 715 971 205 3836
internal_value=4.96106e-06 0.00116233 -0.00125517 -0.00147655 -0.000180075 0.00186243 0.00406708 -0.00278231 0.00150276 -0.0023807 -0.00158078 0.00186776 0.00408639 0.00102411
internal_weight=3928.05 2047.72 1880.34 1829.67 920.959 478.038 303.111 908.713 153.421 442.921 417.61 1630.11 443.797 1186.31
internal_count=15877 8309 7568 7364 3704 1920 1217 3660 617 1784 1690 6619 1812 4807
is_linear=0
shrinkage=0.02


Tree=87
num_leaves=15
num_cat=0
split_feature=47 5 8 44 6 44 16 4 5 3 39 2 3 41
split_gain=9.58972 10.3239 9.10757 12.113 12.862 9.09947 10.1672 8.34059 8.33187 8.02745 9.35505 7.79518 7.38605 6.96803
threshold=-0.5 -0.0034687990081944697 0.00037256071147588908 0.082705126574913287 -0.0029125685488931093 0.30201749796460287 0.014590689091605205 -0.0049096954138917433 0.0080020438949607274 0.0053443309461445 -0.25153920301541871 -0.00066316937015694613 0.011552361673846318 0.50774625518253391
decision_type=2 2 2 2 2 2 2 2 2 2 2 2 2 2
left_child=1 5 3 4 -3 -1 -7 -4 12 10 11 -10 -2 -9
right_child=8 2 7 -5 -6 6 -8 13 9 -11 -12 -13 -14 -15
leaf_value=0.0073058928969573804 -0.00069558453046434266 -0.0012309941480737063 -0.0062218304579517297 -0.0007460879088811073 0.0090708599067636231 -0.0020269264822151663 0.0077075829863646967 0.0026461764439809033 -0.0028878777044297134 0.00069687813344702703 -0.0010173938538478803 -0.011532094445891865 0.0028905054123714979 -0.0030864863142895994
leaf_weight=178.2351363748312 1896.2622655630112 71.447283491492271 121.00132814049721 265.29578790068626 138.97968766093254 132.9747851639986 57.409274026751518 167.87946467101574 76.402619794011116 142.67803880572319 137.72261929512024 100.07236208021641 256.34618091583252 161.50525559484959
leaf_count=723 7661 289 489 1073 564 538 233 677 309 576 556 405 1038 651
internal_value=-8.85711e-05 0.00131558 0.00018241 0.00210152 0.00562563 0.00412199 0.00103059 -0.00184548 -0.000786443 -0.00322398 -0.00498748 -0.00797237 -0.000262822 -0.000168807
internal_weight=3904.21 1294.73 926.109 475.723 210.427 368.619 190.384 450.386 2609.48 456.876 314.198 176.475 2152.61 329.385
internal_count=15782 5237 3743 1926 853 1494 771 1817 10545 1846 1270 714 8699 1328
is_linear=0
shrinkage=0.02


Tree=88
num_leaves=15
num_cat=0
split_feature=0 20 23 1 8 23 6 24 5 12 2 19 11 38
split_gain=10.6486 10.9429 8.91846 8.87318 8.67544 7.38783 8.31928 7.01267 10.377 11.1438 8.96161 8.44663 8.30808 11.6007
threshold=-0.0013259707394437778 -0.11244074298254793 1.727431380569914 -0.0075089827267958119 -0.019340075101533422 1.2356196827927073 -0.01157743584758803 0.75528925216108345 -0.0075089827267958119 -0.060776362327640727 0.0023665011530281956 -0.067928522090800178 0.015919447373352252 11.280602076931073
decision_type=2 2 2 2 2 2 2 2 2 2 2 2 2 2
left_child=1 -1 3 5 -5 6 -2 8 10 -10 -6 -11 -9 -14
right_child=2 -3 -4 4 7 -7 -8 12 9 11 -12 -13 13 -15
leaf_value=0.0011792509255859494 0.0096861393779480564 0.0098530180184066615 0.0036960812479410621 -0.0079088176970430815 0.0080274781833987608 -0.0045121433274046396 0.0014159214729795499 -0.00075434867942595631 -0.00572205847697284 -0.0064817033644617127 -0.001394973075269571 0.0007092234267804591 -0.0074735176859083942 0.0016128055720456189
leaf_weight=1515.1101453006268 54.171177938580513 55.660603955388069 173.0887748748064 77.56586392223835 97.235283300280571 60.151377782225609 288.25264911353588 345.8937846571207 163.86996388435364 67.602338179945946 64.58610326051712 648.12719279527664 227.48529514670372 72.059095039963722
leaf_count=6162 218 225 694 313 391 242 1160 1395 661 272 260 2610 919 290
internal_value=0.00024566 0.0015169 -0.000609065 -0.000960655 -0.00157166 0.00170371 0.00284483 -0.00125775 -0.000238945 -0.00110068 0.0043377 -1.02309e-05 -0.00288713 -0.0052971
internal_weight=3910.86 1570.77 2340.09 2167 1764.42 402.575 342.424 1686.86 1041.42 879.599 161.821 715.73 645.438 299.544
internal_count=15812 6387 9425 8731 7111 1620 1378 6798 4194 3543 651 2882 2604 1209
is_linear=0
shrinkage=0.02


Tree=89
num_leaves=15
num_cat=0
split_feature=25 19 6 47 1 15 4 46 11 15 26 14 26 41
split_gain=10.3569 16.8525 10.6265 13.8651 12.0825 10.8899 11.5721 10.5926 10.1667 11.5286 10.454 9.1714 10.1826 8.57061
threshold=1.5000000000000002 0.59097987104421579 -0.015164951329576981 -0.5 -0.0073141260261656267 0.021427602654976435 -0.0049096954138917433 1.0000000180025095e-35 0.085536337960623876 0.014415509656484865 -1.2739809435496425 0.01347977783214334 0.16827132466277531 0.53587996202511368
decision_type=2 2 2 2 2 2 2 2 2 2 2 2 2 2
left_child=1 2 4 8 -1 6 -5 -2 9 10 -4 -8 -13 -9
right_child=7 -3 3 5 -6 -7 11 13 -10 -11 -12 12 -14 -15
leaf_value=0.011684259984064018 -0.0039229206365337067 -0.0045403719156969372 -0.0050574848008391408 0.0031884664967642708 0.0016423746094461967 -0.0057838618604477204 -0.0017074247100289628 -0.0011844002142667846 0.0089984266731546626 -0.0028419296992356689 0.0041555817146475636 0.0057225320141476134 -0.0026365755080510439 0.005118398529560946
leaf_weight=71.239875555038452 478.22204785048962 233.97079423069954 50.253360152244568 364.97878575325012 134.48308718204498 132.21264109015465 978.75261102616787 366.68550504744053 88.960555970668793 152.39554926753044 509.72409972548485 150.65975542366505 89.42188934981823 107.41177974641323
leaf_count=288 1932 941 203 1478 544 535 3955 1477 362 619 2066 613 362 432
internal_value=-3.05845e-05 0.000553933 0.000999162 0.000636668 0.00531451 -0.000378739 8.92483e-05 -0.00183899 0.00279999 0.00196861 0.00329134 -0.000848045 0.00261879 0.00028208
internal_weight=3909.37 2957.05 2723.08 2517.36 205.723 1716.03 1583.81 952.319 801.334 712.373 559.977 1218.83 240.082 474.097
internal_count=15807 11966 11025 10193 832 6943 6408 3841 3250 2888 2269 4930 975 1909
is_linear=0
shrinkage=0.02


Tree=90
num_leaves=15
num_cat=0
split_feature=5 3 41 6 8 21 8 39 5 1 29 3 13 35
split_gain=13.573 10.0905 10.0354 10.823 10.124 9.6417 7.80449 10.4405 11.7949 9.30491 8.71634 7.62938 7.52021 9.11851
threshold=0.011554715224083611 0.011262560776572497 0.48899351970866439 -0.012702998043629713 0.0051711344524358691 0.23261972019514085 0.00012971437702986968 -0.076125479017105355 0.0043450676753807194 0.0053452660497393181 7.6737205553600321 -0.00092337557930044088 0.013457248761766577 0.82679506225044619
decision_type=2 2 2 2 2 2 2 2 2 2 2 2 2 2
left_child=1 6 4 -4 5 -2 -1 8 9 -8 -9 -5 13 -3
right_child=2 12 3 11 -6 -7 7 10 -10 -11 -12 -13 -14 -15
leaf_value=0.001224714991082356 -0.00089622137023406823 -0.0019102626838911891 0.0022380513408336651 -0.011311797470325752 -0.0057275687381752221 0.0099704141169021498 0.00026906972825529709 0.00041496579193787449 -0.0070730659524666775 -0.0048022242976071359 0.0079339834507346045 -0.003727966965397731 0.006168375711139578 0.0076504759904355655
leaf_weight=1611.0542919188738 73.561308339238167 141.57017260789871 58.138343304395676 98.907279506325722 61.6545669734478 52.691046074032784 556.98621165752411 447.82534572482109 152.84770104289055 190.30000187456608 66.641545116901398 124.01132953166962 212.4767112582922 49.880543902516365
leaf_count=6528 297 573 235 401 249 213 2246 1804 618 769 268 501 863 201
internal_value=0.00023613 0.00067366 -0.00293692 -0.00529622 0.000637752 0.00384599 0.000274656 -0.000807846 -0.00210259 -0.00104569 0.00145593 -0.00726719 0.00362253 0.000712009
internal_weight=3898.55 3429.58 468.964 281.057 187.907 126.252 3025.66 1414.6 900.134 747.286 514.467 222.919 403.927 191.451
internal_count=15766 13870 1896 1137 759 510 12233 5705 3633 3015 2072 902 1637 774
is_linear=0
shrinkage=0.02


Tree=91
num_leaves=15
num_cat=0
split_feature=0 21 1 23 23 18 23 13 23 1 38 9 9 8
split_gain=9.65179 9.89305 8.04333 12.5036 9.34291 10.6382 6.80247 8.38245 7.86327 7.77071 6.79648 10.8555 10.7872 8.02458
threshold=-0.0016685194402787098 0.11905652710754161 -0.0075089827267958119 1.4238611492258471 1.4611640985897743 0.01423733549124674 1.0009825360148568 0.0061310918891548096 1.2569101474399076 0.003873652935054202 1.264341784278679 -0.0019805370451651916 0.0013763611920319496 0.0041601548646028668
decision_type=2 2 2 2 2 2 2 2 2 2 2 2 2 2
left_child=1 -1 3 -2 5 -4 7 -7 9 -8 -3 -12 -13 -14
right_child=2 10 4 -5 -6 6 8 -9 -10 -11 11 12 13 -15
leaf_value=-0.0010205766608402519 0.0028977402157442547 -0.0022616163937735963 -0.0002214795178086435 -0.0070721288915574576 0.0023200722985322469 -0.0083121708974278202 -0.013623869000401126 -0.0016195102818425996 -0.00081368361728546075 -0.0037424666839063485 0.0053396435158154162 -0.0070066403346081187 -0.00094698776988940737 0.0047134188626738356
leaf_weight=514.83313159644604 381.78392697870731 107.35161831974983 823.38549612462521 53.013666495680809 236.71003502607346 80.409793809056282 71.104600086808205 645.8878640383482 65.928360030055046 63.578126862645149 407.58222575485706 56.02165487408638 188.56752698123455 205.38930001854897
leaf_count=2089 1537 437 3316 213 950 324 287 2608 266 257 1665 228 767 834
internal_value=-5.8421e-05 0.00121179 -0.000835433 0.00161556 -0.00137447 -0.00187931 -0.00334289 -0.00241223 -0.00657165 -0.0092602 0.00240201 0.00299554 0.000836941 0.00202615
internal_weight=3901.55 1479.75 2421.8 434.798 1987 1750.29 926.909 726.298 200.611 134.683 964.912 857.561 449.978 393.957
internal_count=15778 6020 9758 1750 8008 7058 3742 2932 810 544 3931 3494 1829 1601
is_linear=0
shrinkage=0.02


Tree=92
num_leaves=15
num_cat=0
split_feature=3 2 26 47 46 23 35 10 21 38 39 12 9 25
split_gain=7.67542 11.1489 11.0156 17.1973 16.2 11.8648 10.9761 10.5413 10.7438 9.90612 9.38742 9.06895 8.90397 8.73122
threshold=0.011262560776572497 -0.016757928692865045 0.1557703186354272 1.0000000180025095e-35 1.0000000180025095e-35 1.5492907892875476 0.9102807666385262 -0.025442412373624688 0.21819521235171438 3.2813140468287751 -0.27399081637619244 -0.018313031939811961 -0.0065742832650969108 1.5000000000000002
decision_type=2 2 2 2 2 2 2 2 2 2 2 2 2 2
left_child=1 9 4 -4 7 -6 -5 8 -3 -1 -10 -7 -2 -9
right_child=12 2 3 6 5 11 -8 13 10 -11 -12 -13 -14 -15
leaf_value=-0.00036826861506202875 0.0074574433272203804 -0.0035057880629342487 0.0010566545011024444 -0.0048059802759084277 0.0002028584776321098 -0.00045301693486597439 0.0016064008543007968 0.005411327456854389 -0.00069809777310126785 -0.0087529900244404536 0.0091094368410818399 -0.01205036036330079 0.0011082387972835115 -0.0022968393526207561
leaf_weight=119.7378673106432 111.15323956310749 157.80396224558353 684.12237541377544 510.17170092463493 861.70170110464096 49.988525122404099 132.03247851133347 553.25988760590553 83.245135679841042 102.26497009396553 67.436728537082672 54.625187516212463 379.12566524744034 62.924023658037186
leaf_count=484 452 639 2758 2060 3487 201 532 2246 338 414 274 220 1534 254
internal_value=0.000280661 -5.44728e-05 0.000247401 -0.00114744 0.00122618 -0.00058436 -0.00348542 0.00311123 8.77165e-05 -0.00433839 0.0038428 -0.00678214 0.00260845 0.00461203
internal_weight=3929.59 3439.31 3217.31 1326.33 1890.99 966.315 642.204 924.67 308.486 222.003 150.682 104.614 490.279 616.184
internal_count=15893 13907 13009 5350 7659 3908 2592 3751 1251 898 612 421 1986 2500
is_linear=0
shrinkage=0.02


Tree=93
num_leaves=15
num_cat=0
split_feature=0 21 42 29 1 14 42 29 43 8 1 27 15 45
split_gain=12.2523 9.41193 10.1011 7.74363 7.66153 9.75263 9.53912 10.8348 9.60618 7.18631 7.54619 11.6199 8.9597 8.56389
threshold=-0.0013864414441460615 0.56849161239351609 0.51446761939413055 -3.1378374702215086 -0.00118702920491573 0.005129362923613265 0.50431527956771605 3.6278380635720815 0.094445505625271362 0.023738771093868304 0.0033601113805142063 0.31883207683657283 0.020008040955270541 0.25745335975193928
decision_type=2 2 2 2 2 2 2 2 2 2 2 2 2 2
left_child=9 4 3 -3 5 -2 8 -8 -6 10 13 12 -12 -1
right_child=1 2 -4 -5 6 -7 7 -9 -10 -11 11 -13 -14 -15
leaf_value=0.000808782478980517 0.0056269938310710707 -0.0063060582784043445 0.0093153020553950038 0.002166857850130972 -0.002055414908598696 -0.00095172097498927386 -0.0080540176461616902 -0.0012660842592364374 0.0058633494803004092 0.0058193718273443287 0.0026662938431914135 -0.0051139704809917029 -0.0061385971498868997 0.005405680010829461
leaf_weight=743.71398791670799 95.960646227002144 50.29043610394001 57.926192164421082 191.5678882598877 675.92920583486557 836.33511398732662 222.45835357904434 164.08115689456463 62.510780364274979 117.81173387169838 260.30870109796524 185.09208665788174 51.105182662606239 203.1740944236517
leaf_count=3031 385 203 234 774 2728 3362 899 661 251 481 1058 748 207 827
internal_value=-0.000199458 -0.00110875 0.00217677 0.000313013 -0.00159163 -0.000248173 -0.00269897 -0.00522559 -0.00135015 0.00117252 0.000774463 -0.00121462 0.00114718 0.00181835
internal_weight=3918.27 2357.06 299.785 241.858 2057.28 932.296 1124.98 386.54 738.44 1561.21 1443.39 496.506 311.414 946.888
internal_count=15849 9497 1211 977 8286 3747 4539 1560 2979 6352 5871 2013 1265 3858
is_linear=0
shrinkage=0.02


Tree=94
num_leaves=15
num_cat=0
split_feature=24 23 17 42 1 4 6 20 19 23 47 32 17 23
split_gain=12.5366 9.57834 12.4234 10.9214 9.3374 9.01205 8.16498 7.70702 8.96394 6.85962 7.39235 6.64222 6.5461 9.69864
threshold=0.38951872546585009 1.5492907892875476 0.5954410876132824 0.48895967418485836 0.006133081538462916 0.019288287416783817 -0.033561665072606349 -0.67072774293582338 -0.53856419156575874 1.0557371393498971 1.0000000180025095e-35 -0.043661954768432702 1.3928191902346234 1.3528136508418793
decision_type=2 2 2 2 2 2 2 2 2 2 2 2 2 2
left_child=1 2 4 -3 -1 7 -2 11 -9 10 -10 -4 13 -8
right_child=6 3 5 -5 -6 -7 12 8 9 -11 -12 -13 -14 -15
leaf_value=0.00065543165713063869 0.0067446341353008445 0.0026991049352139774 0.003331073304046076 -0.0062341173752395451 -0.0083813394390659466 0.010849990283169644 -0.00097614966467674316 0.0092172959159502153 0.0067840586245870487 -0.0027732887772522396 0.0015255391300731547 -0.0045090134919404693 -0.0036227402383778818 0.002694063251218366
leaf_weight=273.82952409982681 54.100939512252808 98.116556227207184 79.182140126824379 112.9415849596262 49.771238178014755 61.878351926803589 1844.3163357824087 109.95638512074947 190.76986952126026 68.406026691198349 244.15373009443283 84.014577597379684 281.44070470333099 336.20590223371983
leaf_count=1113 218 396 325 456 201 253 7438 451 779 279 995 343 1134 1352
internal_value=0.000233839 0.0017675 0.00247874 -0.00211489 -0.000840846 0.00375746 -0.000604929 0.00312645 0.0041473 0.00295995 0.00388297 -0.000719105 -0.000779776 -0.000405386
internal_weight=3889.08 1373.02 1161.96 211.058 323.601 838.361 2516.06 776.483 613.286 503.33 434.924 163.197 2461.96 2180.52
internal_count=15733 5591 4739 852 1314 3425 10142 3172 2504 2053 1774 668 9924 8790
is_linear=0
shrinkage=0.02


Tree=95
num_leaves=15
num_cat=0
split_feature=5 13 1 20 3 14 11 14 43 26 29 37 38 3
split_gain=14.2901 10.7381 10.2029 11.2681 9.29484 8.41896 7.39362 7.79265 6.29356 6.24922 6.19318 7.26175 11.5064 5.9253
threshold=0.0050040779542411297 0.006178662215832389 0.003518209185577055 0.58722225786494431 0.011262560776572497 0.0092387619664200515 0.087366147172322953 0.0075873403107536127 -0.01850235964018563 0.39956122570817254 -4.4127403741316416 3.1635973494661713 7.9977486648027094 0.0079981414359467044
decision_type=2 2 2 2 2 2 2 2 2 2 2 2 2 2
left_child=4 -2 3 6 -1 -4 7 -3 -7 13 -6 12 -12 -9
right_child=1 2 5 -5 10 8 -8 9 -10 -11 11 -13 -14 -15
leaf_value=0.00026607838703432456 -0.0073635349688267503 0.0073191515542368772 0.0024328723608257195 -0.0057717540202895682 -0.0023611486348596613 -0.0014413337814853982 0.0071393167789815535 -0.00088993814769520888 -0.0077758115563450539 -0.006456282881660903 -0.0051279890633555295 0.0083331838942607515 0.0060274030924589578 0.0062316005745078722
leaf_weight=2573.975060403347 128.82343237102032 52.464029416441917 63.36373145878315 92.342272490262985 51.770254403352737 101.44902931153774 77.61991360783577 215.4850610345602 171.69995355606079 55.810238793492317 54.947359621524811 130.49165657162666 92.459132745862007 54.364603489637375
leaf_count=10413 520 212 256 374 210 410 314 871 695 226 223 530 375 220
internal_value=-3.96565e-05 -0.0020785 -0.00127179 0.000415328 0.000674287 -0.00398549 0.00171798 0.000526457 -0.00549135 -0.000661978 0.00380989 0.00498092 0.0018373 0.000632049
internal_weight=3917.07 1013.42 884.599 548.086 2903.64 336.513 455.744 378.124 273.149 325.66 329.668 277.898 147.406 269.85
internal_count=15849 4098 3578 2217 11751 1361 1843 1529 1105 1317 1338 1128 598 1091
is_linear=0
shrinkage=0.02


Tree=96
num_leaves=15
num_cat=0
split_feature=24 11 35 28 32 38 45 38 16 38 9 9 11 10
split_gain=9.7807 10.8273 9.92978 8.49321 7.4291 7.3198 6.97747 7.94691 6.98469 6.85494 7.25941 8.37185 6.34825 6.10951
threshold=0.38951872546585009 0.085536337960623876 1.1396679825995357 2.9278368926270013 0.29304328630479676 7.6335627724915449 1.3801903328288307 6.9841852004407015 0.0084308885577685858 5.6882750753435003 0.017376859982343573 0.004717155922756444 0.017653983640387439 -0.038996715063432573
decision_type=2 2 2 2 2 2 2 2 2 2 2 2 2 2
left_child=1 4 6 -4 5 9 13 -8 -9 10 11 12 -1 -2
right_child=2 -3 3 -5 -6 -7 7 8 -10 -11 -12 -13 -14 -15
leaf_value=0.0010222309189301458 -0.0026935983608175639 0.006878995019389632 0.0098031333987972143 0.00011879108900983152 0.0069541634668441876 -0.0024716766721310434 -0.007369059466244045 0.0050185238562995803 -0.002938380387120151 0.0049575519161672308 -0.0056205879803237248 0.0072361612142015442 -0.005998749460855362 0.00016169620502549481
leaf_weight=526.01066920161247 360.10912388563156 134.57447579503059 61.924827143549919 79.23393277823925 73.114047288894653 242.85511124134064 123.02563533186913 51.879864424467087 194.05599339306355 170.55501349270344 64.266129985451698 75.380709052085876 52.061975225806236 1671.9124085605145
leaf_count=2141 1453 552 249 318 297 989 498 209 783 695 261 306 213 6739
internal_value=0.000222544 0.00160282 -0.000506099 0.00455723 0.000987204 0.000572604 -0.000812634 -0.00332354 -0.00119333 0.00141409 0.000543567 0.00118788 0.000343894 -0.000349681
internal_weight=3880.96 1338.82 2542.14 141.159 1204.24 1131.13 2400.98 368.961 245.936 888.274 717.719 653.453 578.073 2032.02
internal_count=15703 5454 10249 567 4902 4605 9682 1490 992 3616 2921 2660 2354 8192
is_linear=0
shrinkage=0.02


Tree=97
num_leaves=15
num_cat=0
split_feature=8 3 39 19 12 40 35 45 6 3 29 8 36 41
split_gain=9.80217 9.04631 9.51298 8.48877 9.38079 8.36014 8.10955 10.9251 7.51706 7.35118 7.55592 7.02412 9.50983 8.19154
threshold=0.00012971437702986968 -0.00012554315965032731 0.57878297031724701 0.16903472955447341 0.08134095591441394 1.2148857463650684 -0.78220562397266835 -0.84693986663890464 0.00050136998057499652 -0.0057829026967646637 -3.8268056530996164 0.032935924656429964 0.048318819147506735 0.47631049821555577
decision_type=2 2 2 2 2 2 2 2 2 2 2 2 2 2
left_child=1 3 -3 6 8 -4 9 -8 -5 10 -1 12 -2 -14
right_child=11 2 5 4 -6 -7 7 -9 -10 -11 -12 -13 13 -15
leaf_value=-0.0040479036799044507 0.00047112768304665125 0.0042152257547226875 -0.0070539589856176898 0.0023577124292785681 -0.008944995453772437 0.0023369623851495127 0.0067157961785814652 0.00075728687575378863 -0.0045458671631371239 -0.0057825418260597106 0.0047931466828525192 0.0016980346083777349 0.00078319732424423087 -0.0035568468686048051
leaf_weight=63.820605590939522 639.81285901367664 522.28988395631313 58.515319421887398 132.72437009215355 69.665699243545532 89.833574920892715 157.35029688477516 515.59578964114189 111.65888559818268 108.81641799211502 83.546862095594406 339.45329181849957 219.37319833040237 806.68097451329231
leaf_count=258 2578 2121 237 535 281 365 640 2091 450 441 339 1372 888 3262
internal_value=6.94107e-05 0.00109181 0.00295459 7.91208e-05 -0.00273778 -0.00147645 0.0010408 0.00218978 -0.000824439 -0.00196149 0.000957153 -0.000906628 -0.00144087 -0.00262964
internal_weight=3919.14 1913.82 670.639 1243.18 314.049 148.349 929.13 672.946 244.383 256.184 147.367 2005.32 1665.87 1026.05
internal_count=15858 7758 2723 5035 1266 602 3769 2731 985 1038 597 8100 6728 4150
is_linear=0
shrinkage=0.02


Tree=98
num_leaves=15
num_cat=0
split_feature=24 9 48 15 3 6 37 3 1 3 6 37 38 3
split_gain=9.08287 7.60209 8.86917 8.86568 10.0775 8.06294 7.35814 7.34091 8.31224 8.52098 7.1988 8.3626 6.82493 6.63355
threshold=0.43597986296644581 0.061885723374725962 -1.0000000180025095e-35 0.020412367660407275 -0.0055033957873608236 -0.0019811582968175252 6.3604841850070812 0.0036907882691579459 0.00670271955507793 0.011010353834584059 0.00096821599208782229 3.2376179877109803 9.7178684462613401 -0.0056388191236690704
decision_type=2 2 2 2 2 2 2 2 2 2 2 2 2 2
left_child=1 2 3 4 -1 6 -6 13 10 -10 -9 12 -12 -2
right_child=7 -3 -4 -5 5 -7 -8 8 9 -11 11 -13 -14 -15
leaf_value=0.0092054739517661889 0.00044643528015935038 0.0083588778756139275 -0.00029734576344678216 -0.0036394924914477161 -0.0045215160521997677 0.004221239718512312 0.0042357393363425559 0.0040540057658324915 -0.0076775606512444333 0.0017340932174329652 -0.0075259712829667084 0.0031983418306540034 0.0015356870381315257 -0.002269167469410611
leaf_weight=101.88608036935329 525.16955588757992 53.657735213637352 872.13613030314445 71.449030235409737 99.527888163924217 301.01925572752953 55.928487196564674 320.8652428239584 74.964945122599602 71.25475862622261 77.025025591254234 125.71011836826801 53.469863280653954 1127.8294389247894
leaf_count=420 2120 219 3534 291 406 1237 228 1291 302 287 310 506 215 4546
internal_value=0.000103744 0.00128952 0.00101007 0.00280861 0.0036587 0.00233432 -0.00133711 -0.000673588 0.00100219 -0.00318545 0.00208152 -0.0004191 -0.00389333 -0.00140766
internal_weight=3931.89 1555.6 1501.95 629.811 558.362 456.476 155.456 2376.29 723.29 146.22 577.07 256.205 130.495 1653
internal_count=15912 6335 6116 2582 2291 1871 634 9577 2911 589 2322 1031 525 6666
is_linear=0
shrinkage=0.02


Tree=99
num_leaves=15
num_cat=0
split_feature=5 43 4 38 43 2 39 10 32 42 42 18 5 5
split_gain=7.22238 10.5807 13.2425 12.2728 10.3158 8.30558 7.96081 7.33452 13.3785 9.38504 9.3976 12.6894 8.79599 7.92228
threshold=0.0050040779542411297 -0.028909200148750435 0.00878153128007092 2.3627926057468192 -0.16043012115434363 -0.00060999411259466242 -0.25153920301541871 -0.023648436696801969 0.053542459249736968 0.51772349950292484 0.48677743542808566 0.016545875673516338 -0.018298086916000187 -0.017506584680817092
decision_type=2 2 2 2 2 2 2 2 2 2 2 2 2 2
left_child=7 4 3 -3 -2 -6 -7 8 9 10 13 -12 -9 -1
right_child=1 2 -4 -5 5 6 -8 12 -10 -11 11 -13 -14 -15
leaf_value=-0.0043403454695974631 -0.0060097438764633842 0.0032029955610771909 0.0028758176864949569 -0.0054189294240191734 0.0067448737321520978 -0.0050206138093747913 0.0038705070883137977 0.0066412277341038675 -0.0096008581378664755 0.0068086865329178951 -0.0089525608804841804 -0.00047636353900653921 0.00086842934603573846 0.0028949734695669005
leaf_weight=73.553657948970795 56.022860810160637 73.498036980628967 126.83051757514477 463.106549218297 126.73571060597897 67.778782084584236 85.21431390941143 106.54915010929108 62.665630310773849 62.542124599218369 106.32848384976387 194.99731136858463 2041.2224503159523 261.77311089634895
leaf_count=299 226 297 513 1874 513 274 345 433 254 254 430 791 8256 1061
internal_value=6.82085e-05 -0.00139466 -0.00285157 -0.00421933 0.00148375 0.00306369 -0.000102656 0.000572097 -0.0011089 -0.000285038 -0.00102952 -0.00356466 0.00116957 0.00126746
internal_weight=3908.82 999.187 663.435 536.605 335.752 279.729 152.993 2909.63 761.86 699.195 636.653 301.326 2147.77 335.327
internal_count=15820 4042 2684 2171 1358 1132 619 11778 3089 2835 2581 1221 8689 1360
is_linear=0
shrinkage=0.02


Tree=100
num_leaves=15
num_cat=0
split_feature=5 24 32 35 2 49 6 44 2 7 45 23 21 13
split_gain=8.72383 8.09611 11.1188 8.22718 7.5928 7.44545 9.86893 10.0987 7.73478 7.70553 7.26766 11.6972 10.1878 8.13775
threshold=-0.025378579712341257 0.3106140705285903 -0.40789467371134752 -0.72464750470846617 -0.0062847614038768259 -0.22252093395631442 0.0050039092789875414 -0.24966386535511517 1.0000000180025095e-35 -0.00099151909800398791 -0.47410159087133047 1.6809235272069689 0.12892548451888711 0.0076517732600256327
decision_type=2 2 2 2 2 2 2 2 2 2 2 2 2 2
left_child=-1 3 -3 4 -2 8 -7 -8 -5 -10 12 -12 -4 -13
right_child=1 2 10 5 -6 6 7 -9 9 -11 11 13 -14 -15
leaf_value=0.0048200809473458129 0.002971327428808609 -0.0090591695812382092 -0.0025443966434976497 0.0077487785215647944 -0.0046458442750136192 0.0025083001814214033 -0.01002612070045242 0.00096564842888403088 -0.0030618396016541482 0.0050770796195277199 -0.0016368278803908581 0.010003661035957788 0.0028009328776035848 0.00091153506958830538
leaf_weight=138.89394578337669 76.102479234337807 57.994776383042336 197.69212694466114 154.74081000685692 145.3956836014986 310.53780338168144 55.49917434155941 72.969198167324066 76.433783501386642 104.65454529225826 1858.6059106439352 50.362174719572067 479.28325162827969 140.46977315843105
leaf_count=565 310 234 799 634 591 1262 226 297 313 429 7504 202 1935 564
internal_value=-1.34351e-05 -0.000197137 -0.000750676 0.00134584 -0.00202091 0.00231506 0.000585988 -0.00398058 0.0045336 0.00165184 -0.000557682 -0.00115067 0.00123277 0.00350517
internal_weight=3919.64 3780.74 2784.41 996.333 221.498 774.835 439.006 128.468 335.829 181.088 2726.41 2049.44 676.975 190.832
internal_count=15865 15300 11238 4062 901 3161 1785 523 1376 742 11004 8270 2734 766
is_linear=0
shrinkage=0.02


Tree=101
num_leaves=15
num_cat=0
split_feature=5 5 8 46 7 31 8 20 8 15 8 12 47 37
split_gain=12.358 9.77727 7.97368 12.243 9.77215 10.6855 7.04842 5.841 5.15598 9.22092 7.30141 9.836 11.2288 8.84723
threshold=0.0076029072555080244 -0.025378579712341257 -0.007622920723998749 -1.0000000180025095e-35 -0.0094550933473807417 0.56128071773138999 0.017982818985233462 0.070806346263980455 0.032935924656429964 0.011888816994773505 0.00064816452419068804 0.019682553426473456 0.75000000000000011 3.2014059002912472
decision_type=2 2 2 2 2 2 2 2 2 2 2 2 2 2
left_child=1 -1 3 -2 -4 -6 7 -7 10 -10 -3 -12 13 -13
right_child=2 8 4 -5 5 6 -8 -9 9 -11 11 12 -14 -15
leaf_value=0.0054181291188075643 0.0069019241359553705 0.00081821165362260819 0.0017534672178817908 -0.0027280570561469975 -0.0083356778631234561 -0.0029160461951933492 -0.0062535792123950473 0.0057630822294714966 -0.0025071174408828395 0.0060376830194658303 -0.0029577314253877059 0.000334725840717761 -0.0050732385657904734 0.0064264490083940397
leaf_weight=141.50139148533344 75.698957175016403 1556.9297301769257 95.771445155143738 147.95531621575356 210.25164097547531 58.920645102858543 77.495779827237129 55.704801335930824 74.121913328766823 139.71469049155712 640.67338626086712 403.68318636715412 111.82645559310913 120.1103463023901
leaf_count=576 307 6315 388 598 852 238 313 226 299 565 2586 1629 452 485
internal_value=-0.00016468 0.000371222 -0.00251831 0.000610998 -0.0039154 -0.00526965 -0.00178795 0.00136636 0.000128358 0.0030862 -9.99272e-05 -0.00121877 0.000543417 0.00177917
internal_weight=3910.36 3188.56 721.799 223.654 498.144 402.373 192.121 114.625 3047.06 213.837 2833.22 1276.29 635.62 523.794
internal_count=15829 12907 2922 905 2017 1629 777 464 12331 864 11467 5152 2566 2114
is_linear=0
shrinkage=0.02


Tree=102
num_leaves=15
num_cat=0
split_feature=1 46 19 35 35 24 46 19 42 18 24 43 10 9
split_gain=9.08525 14.0679 11.6272 10.7636 9.8074 9.57322 10.3285 9.00228 8.96551 10.579 8.82124 11.4852 11.5497 8.68518
threshold=-0.00118702920491573 1.0000000180025095e-35 -1.0000000180025095e-35 -0.84868809872959983 1.0703713270767079 0.68604919089510974 1.0000000180025095e-35 -0.42854140307412342 0.46667112552739243 0.011761823985478785 0.28459306523104938 0.072840621820937021 0.041500484986325283 -0.0025804742593504666
decision_type=2 2 2 2 2 2 2 2 2 2 2 2 2 2
left_child=5 2 13 -3 -4 6 -1 -8 -7 -10 -5 -12 -13 -2
right_child=1 3 4 10 -6 8 7 -9 9 -11 11 12 -14 -15
leaf_value=0.0044316610968780316 0.0022742864034442328 -0.0075320465120860772 -0.0055577694328846306 0.0043605355183701667 0.0016661971495381244 -0.0079200366944538487 -0.0038096066907567345 0.0020764430359048974 0.0055151299418079629 -0.001295504877229533 -0.00092412949612086085 0.0091490466362427834 -0.0024127328990542099 -0.0025062800539274784
leaf_weight=488.01227889955044 264.49113704264164 54.20136833190918 468.84483925998211 265.15585613250732 86.983728647232056 58.047562554478645 143.30701829493046 342.557641685009 108.17337818443775 465.474081158638 670.08056956529617 94.698745295405388 50.22108767926693 343.91924864053726
leaf_count=1989 1078 219 1899 1080 350 233 583 1387 434 1872 2704 381 202 1394
internal_value=5.63787e-07 -0.000805122 -0.00234498 0.000778658 -0.00442249 0.00115293 0.00239208 0.000319217 -0.000761235 2.53426e-05 0.00122847 0.000189089 0.00519554 -0.000426451
internal_weight=3904.17 2298.6 1164.24 1134.36 555.829 1605.57 973.877 485.865 631.695 573.647 1080.16 815 144.92 608.41
internal_count=15805 9307 4721 4586 2249 6498 3959 1970 2539 2306 4367 3287 583 2472
is_linear=0
shrinkage=0.02


Tree=103
num_leaves=15
num_cat=0
split_feature=24 38 1 22 15 1 0 17 21 29 37 23 41 38
split_gain=7.85302 8.9336 10.2331 11.1873 10.9055 8.3146 11.6422 9.84656 8.54011 10.6578 8.40993 8.05416 10.2033 7.31698
threshold=0.56150000444509274 8.1074345452445673 -0.0022078478960486981 0.090676011670346807 0.012474814330748605 0.00030509206318898814 -0.021625442715538779 0.49712854366827691 0.52112843082835203 -1.5762915338864321 9.3651442382607168 0.53476075037030535 0.47857151347874455 10.775488516407471
decision_type=2 2 2 2 2 2 2 2 2 2 2 2 2 2
left_child=5 -2 4 -4 13 6 -1 -7 9 10 -8 12 -9 -3
right_child=1 2 3 -5 -6 7 8 11 -10 -11 -12 -13 -14 -15
leaf_value=-0.0040467752670637191 -0.0018880306355218643 0.0053640891454066978 0.0057660154278990862 -0.0026086721071077886 0.010166183091899698 -0.0044491195553226703 0.010033506921483677 0.0114767803672752 -0.00026606995479240705 0.0019220046981759031 0.0024253464789477561 -0.00026903183802083212 0.00028712671429239023 -0.0045819531731938461
leaf_weight=102.95070718228817 1293.3461926430464 56.490869134664536 76.340384513139725 291.96135269105434 80.957593530416489 189.95728892087936 159.02270928025246 51.689074873924255 239.4407462477684 361.81349849700928 96.215702921152115 791.96605150401592 77.32064850628376 52.087894320487976
leaf_count=418 5215 227 307 1178 325 767 650 210 974 1479 391 3215 313 209
internal_value=-3.26172e-05 -0.000977733 0.00113081 -0.000818815 0.00484295 0.000812758 0.00217155 -0.000365213 0.00293814 0.00417364 0.00726721 0.000496595 0.00503131 0.000601067
internal_weight=3921.56 1851.18 557.838 368.302 189.536 2070.38 959.443 1110.93 856.493 617.052 255.238 920.976 129.01 108.579
internal_count=15878 7461 2246 1485 761 8417 3912 4505 3494 2520 1041 3738 523 436
is_linear=0
shrinkage=0.02


Tree=104
num_leaves=15
num_cat=0
split_feature=5 5 4 3 13 6 40 6 9 10 41 41 35 10
split_gain=11.0847 7.48874 8.3871 7.95001 8.05191 7.1598 12.9691 7.4752 7.11895 7.19295 7.07005 7.73988 7.0528 6.79533
threshold=-0.022767891501884765 0.0050040779542411297 0.02522499772909231 0.011262560776572497 0.0092292485915680973 0.0058650297360408428 0.5887172806557982 0.0046507836350292804 -0.0062563161524382778 0.01886841386003937 0.44437503804166661 0.45830089306411642 1.0927955447792332 -0.038996715063432573
decision_type=2 2 2 2 2 2 2 2 2 2 2 2 2 2
left_child=13 3 12 4 5 7 -7 -2 -5 -10 -6 -12 -3 -1
right_child=1 2 -4 8 10 6 -8 -9 9 -11 11 -13 -14 -15
leaf_value=0.00081896889482542957 0.00092337742960877007 -0.0026644603109062036 0.0057051527356161928 0.0090025807320257521 -0.0071676744472565414 0.0058042229749956575 -0.0051918520052469629 0.0076524459449290108 -0.0029307973745573662 0.0043261023537878359 0.0058505170585301794 -0.0016078496660866107 0.0047251005091083686 0.0088673286009848216
leaf_weight=84.833369642496109 1238.4073545485735 900.63738270103931 51.402445152401924 63.092726901173592 79.51065993309021 52.17282797396183 171.2175859361887 64.941567420959473 84.383818343281746 137.03058785200119 55.025424644351006 779.75484046339989 50.308375731110573 80.269028410315514
leaf_count=345 5006 3646 208 257 323 212 694 263 342 556 224 3157 203 327
internal_value=-0.000115643 -0.00034302 -0.00181656 0.000201227 -0.000170082 0.000718338 -0.00255287 0.00128663 0.00333492 0.00155676 -0.00164946 -0.00108432 -0.00225086 0.00487753
internal_weight=3892.99 3727.89 1002.35 2725.54 2441.03 1526.74 223.39 1303.35 284.507 221.414 914.291 834.78 950.946 165.102
internal_count=15763 15091 4057 11034 9879 6175 906 5269 1155 898 3704 3381 3849 672
is_linear=0
shrinkage=0.02


Tree=105
num_leaves=15
num_cat=0
split_feature=24 48 5 38 40 21 1 6 24 41 37 39 38 4
split_gain=11.4568 9.67522 8.39803 9.07162 7.44583 11.8728 8.68267 8.61897 8.28429 7.73336 10.2298 7.49394 7.34493 8.63006
threshold=0.38951872546585009 1.0000000180025095e-35 -0.025378579712341257 11.497207655136705 1.517380493293117 0.19837372023981567 -0.0027546053385901878 1.0000000180025095e-35 0.68604919089510974 0.47210857297014913 4.1331445388241272 0.89230254757506133 8.5471725471870297 -6.0418915990438356e-05
decision_type=2 2 2 2 2 2 2 2 2 2 2 2 2 2
left_child=1 -1 -2 4 6 -6 8 -8 -4 10 -9 -7 13 -10
right_child=2 -3 3 -5 5 11 7 9 12 -11 -12 -13 -14 -15
leaf_value=0.0029720236233675718 0.0050358521153455894 -0.00043457376352501291 0.0032246197768242058 0.0024349488805908578 -0.0089430008029018782 -0.0049242578068199438 -0.0036757749439126444 0.0095076499674698403 0.00070542886119205812 -0.0014480996054352787 -0.0016685462955767854 0.0040870101502958568 0.004930229365593607 -0.0057753870428950797
leaf_weight=750.19023585319519 89.932628855109215 595.19004699587822 304.2930630594492 265.31912712752819 124.09618358314037 69.642076447606087 618.31857883930206 61.270103976130486 171.16154544055462 517.54721194505692 62.27722704410553 68.088025614619255 61.28089639544487 151.41995133459568
leaf_count=3071 363 2416 1230 1068 500 281 2497 247 688 2091 251 274 246 609
internal_value=-2.26056e-05 0.00146893 -0.000806382 -0.00102842 -0.00144888 -0.00458483 -0.00101663 -0.00200098 0.000786283 -0.000369733 0.00402823 -0.000482346 -0.00116323 -0.00237839
internal_weight=3910.03 1345.38 2564.65 2474.71 2209.39 261.826 1947.57 1259.41 688.155 641.095 123.547 137.73 383.862 322.581
internal_count=15832 5487 10345 9982 8914 1055 7859 5086 2773 2589 498 555 1543 1297
is_linear=0
shrinkage=0.02


Tree=106
num_leaves=15
num_cat=0
split_feature=24 19 6 1 9 26 40 4 20 16 49 6 35 9
split_gain=8.45124 7.98251 8.4237 8.18192 8.25836 12.531 9.46554 6.74427 13.879 8.72873 6.7761 9.46462 7.75568 9.15211
threshold=0.4967858774437301 -0.80177242980264529 0.00018004627097037142 0.0036907882691579459 -0.0019805370451651916 0.74750306156009083 0.91336425385804276 -0.0092199689297182922 0.51836540054292857 0.013511728135500181 -0.22252093395631442 0.011552361673846318 1.160171781138825 0.026814792383728383
decision_type=2 2 2 2 2 2 2 2 2 2 2 2 2 2
left_child=1 2 -1 -3 -5 6 -6 8 -2 -10 -9 12 13 -12
right_child=7 3 -4 4 5 -7 -8 10 9 -11 11 -13 -14 -15
leaf_value=-0.0057171419996390202 0.004781971501433978 0.0025553554056852667 0.0011305102466098445 0.0026501776329096193 -0.0010440428119924733 0.0037030717267319854 -0.0089456492731806586 -0.0028906636196689857 -0.0095924104169668508 0.0014350367737416807 0.0005101384840428731 -0.006120919200826129 0.0057217944908925771 -0.0051950978427136238
leaf_weight=133.99805514514446 201.43451534211636 966.70771290361881 145.93901325762272 199.84685781598091 129.44646403193474 91.964107051491737 111.64909029006958 755.50133407115936 50.732949152588844 56.904817804694176 727.81178429722786 99.366501837968826 87.673357173800468 127.88896442949772
leaf_count=542 812 3947 594 815 523 373 452 3048 205 230 2931 401 352 517
internal_value=-0.000129748 0.000883752 -0.00219007 0.00146292 -0.000524114 -0.00243982 -0.00481061 -0.000985679 0.00172376 -0.00395762 -0.00145485 -0.000405727 0.000225356 -0.000367765
internal_weight=3886.87 1779.55 279.937 1499.61 532.907 333.06 241.096 2107.31 309.072 107.638 1798.24 1042.74 943.374 855.701
internal_count=15742 7246 1136 6110 2163 1348 975 8496 1247 435 7249 4201 3800 3448
is_linear=0
shrinkage=0.02


Tree=107
num_leaves=15
num_cat=0
split_feature=41 16 31 6 48 21 26 26 28 30 3 43 26 6
split_gain=9.89143 9.91593 9.00345 8.26618 9.64516 7.48646 7.24516 10.6904 10.2524 9.8195 10.1581 8.84695 8.65853 13.1026
threshold=0.46543807128157449 0.0060583144891597279 0.099465757726517987 -0.0024520920974467476 -0.60785761079279388 0.69541650573104496 -0.46948298246389003 -1.4042461367309811 -2.3852560854506453 -0.57251030907450162 -0.00025479444119305813 0.12033363183897088 0.24946489379718781 -0.0099940933064373641
decision_type=2 2 2 2 2 2 2 2 2 2 2 2 2 2
left_child=3 2 -2 -1 -5 6 7 -3 -9 -8 11 -11 13 -12
right_child=1 5 -4 4 -6 -7 9 8 -10 10 12 -13 -14 -15
leaf_value=-0.0012321649612589039 -0.00078006042566129284 -0.0060721749835887101 0.0084544044861361127 0.0070237735292992126 0.0013096886649545691 0.0039705299744376456 -0.0053448542204947973 0.0065735018351841803 6.0131838790677294e-05 -0.0034505094226269192 0.010314775061911627 0.0035204651761043086 -0.0014315572376997221 0.00073012963086209665
leaf_weight=256.05789098143578 80.757435232400894 70.893902882933617 81.785619959235191 167.53036080300808 384.95669928193092 110.62097953259945 258.58512319624424 133.79389372467995 318.78638865053654 812.39181716740131 61.448112651705742 75.939516067504883 684.65046863257885 410.30045057833195
leaf_count=1038 326 287 330 684 1561 449 1045 543 1297 3290 248 306 2765 1661
internal_value=-0.00024152 -0.000755586 0.00398002 0.00172193 0.00308982 -0.00102395 -0.00122607 0.000891228 0.00203643 -0.00170815 -0.00123632 -0.00283822 1.15927e-06 0.00207367
internal_weight=3908.5 3099.95 162.543 808.545 552.487 2937.41 2826.79 523.474 452.58 2303.32 2044.73 888.331 1156.4 471.749
internal_count=15830 12547 656 3283 2245 11891 11442 2127 1840 9315 8270 3596 4674 1909
is_linear=0
shrinkage=0.02


Tree=108
num_leaves=15
num_cat=0
split_feature=47 6 36 4 37 19 11 28 4 35 42 28 43 25
split_gain=7.01666 10.8544 13.8799 11.8103 9.01539 8.41122 9.98633 8.8824 8.14014 9.69381 8.14327 7.87937 7.75236 7.67665
threshold=-0.5 -0.0031944993485102341 0.1553998372565146 -0.00086592399665350885 4.0250703909323349 0.33615750876149697 0.071435770152705594 2.9278368926270013 -0.0097338198866229811 1.1863441242745909 0.49200633615908312 -1.5731672322292156 -0.079663275394450367 2.5000000000000004
decision_type=2 2 2 2 2 2 2 2 2 2 2 2 2 2
left_child=1 2 3 -1 -5 6 -3 -7 10 13 12 -6 -2 -10
right_child=8 5 -4 4 11 7 -8 -9 9 -11 -12 -13 -14 -15
leaf_value=-0.0072978621009888072 -0.0016434863504941116 0.002565930892774574 0.0068895296530088581 0.0046384958179543894 0.002638247822497389 0.0015793662214249958 0.0093327078105585291 -0.0071220817855761611 -0.00085082713072445791 0.0058914898246904962 -0.00097347759564896488 -0.0071863791530504964 0.0073751556438621671 -0.0050093425826179842
leaf_weight=141.09734512865543 49.554219841957092 554.57647310197353 64.160075768828392 92.853327944874763 50.553547784686089 170.71754892170429 100.3999171257019 59.092471107840538 1980.0065856277943 74.422082543373108 165.46578340232372 77.605068147182465 140.07237827777863 190.53161109983921
leaf_count=571 201 2254 260 375 205 688 410 238 8016 299 671 314 568 772
internal_value=6.93338e-05 0.00125957 -0.00135158 -0.00288572 3.01973e-05 0.00251808 0.00366604 -0.000762103 -0.000532097 -0.000978003 0.00226144 -0.0033574 0.00503668 -0.00122654
internal_weight=3911.11 1311.06 426.269 362.109 221.012 884.786 654.976 229.81 2600.05 2244.96 355.092 128.159 189.627 2170.54
internal_count=15842 5315 1725 1465 894 3590 2664 926 10527 9087 1440 519 769 8788
is_linear=0
shrinkage=0.02


Tree=109
num_leaves=15
num_cat=0
split_feature=5 42 40 42 43 44 6 20 9 1 12 26 22 6
split_gain=11.1852 9.76121 9.2006 9.28558 7.74325 9.15042 7.02746 6.82376 8.9923 8.45319 8.23195 7.54819 7.33141 6.66406
threshold=-0.010532199872001272 0.46606858630651976 1.3757835733423673 0.50715665260686771 -0.020159795418566103 -0.36768969231732512 0.028624706616016588 0.51836540054292857 0.029904269778422404 0.00030509206318898814 0.13954025456972399 -1.460273459592953 0.49350848764738869 0.00030606171775953691
decision_type=2 2 2 2 2 2 2 2 2 2 2 2 2 2
left_child=1 -1 3 4 -3 -6 7 9 -9 11 -11 -2 -13 -12
right_child=6 2 -4 -5 5 -7 -8 8 -10 10 13 12 -14 -15
leaf_value=-0.0051990296012003855 -0.0044205231411642556 0.0046038246884252182 0.0091487116408551349 0.0084921664331474682 -0.0067213738629999511 0.0021794623986650199 -0.0060949887636777278 -0.0036372365073303482 0.0015918753881960274 -0.0016412763097420058 -0.0013965004202597126 0.0026263307055720054 -0.00071081698400744537 0.0055038178769581695
leaf_weight=50.665494009852409 82.415975317358971 109.51773978769779 93.371560320258141 69.149569272994995 82.283184200525284 94.312415465712547 80.112213060259819 451.07801175117493 181.50472404062748 1133.2115251719952 95.562164485454559 904.7667374163866 368.04679466784 124.72998045384884
leaf_count=206 333 447 380 281 333 382 325 1822 733 4588 387 3679 1481 506
internal_value=-1.02545e-05 0.00277069 0.00371812 0.00218367 0.000539324 -0.00203868 -0.000419538 -0.000274559 -0.00213615 0.000163322 -0.000952919 0.00127755 0.00166236 0.00254592
internal_weight=3920.73 499.3 448.634 355.263 286.113 176.596 3421.43 3341.32 632.583 2708.73 1353.5 1355.23 1272.81 220.292
internal_count=15883 2029 1823 1443 1162 715 13854 13529 2555 10974 5481 5493 5160 893
is_linear=0
shrinkage=0.02


Tree=110
num_leaves=15
num_cat=0
split_feature=25 18 46 33 32 43 35 19 0 3 25 21 48 31
split_gain=8.9034 11.0107 11.3747 8.72284 8.29716 8.13983 7.25894 7.87226 6.24223 7.36943 6.15855 8.0942 7.87402 12.1292
threshold=-1.4999999999999998 0.012639234236365066 1.0000000180025095e-35 55.707184209837159 -0.22478352523864634 -0.0043523888548627184 1.1396679825995357 0.84220300820105853 -0.010529623222308887 0.0014203869540515162 2.5000000000000004 0.17640452916733149 0.87837969732492682 -0.012135361707341844
decision_type=2 2 2 2 2 2 2 2 2 2 2 2 2 2
left_child=1 -1 5 4 -4 -3 10 -8 -6 -10 11 12 -2 -14
right_child=6 2 3 -5 8 -7 7 -9 9 -11 -12 -13 13 -15
leaf_value=0.0055269995521669557 -0.001188273281396058 0.0012915864694012008 0.0021735551179123277 0.0047344700463771965 -0.010273597306456834 0.0091403720652536678 0.0086975563295727705 -0.0002535315130557024 0.0017207987863251523 -0.007885364768363344 -0.0032908802486025374 0.00037323008559922037 -0.00021700559749880229 -0.012357726205013957
leaf_weight=223.10730031132698 765.0191567838192 218.38966390490532 67.12195685505867 54.556453824043274 73.009574443101883 65.671316727995872 63.976120784878731 90.71623395383358 64.980131939053535 55.201128005981445 338.68590788543224 1692.6354213058949 63.986191034317017 63.185883536934853
leaf_count=908 3096 895 273 222 297 269 258 364 264 225 1373 6844 258 255
internal_value=-5.53378e-05 0.00178739 0.00036013 -0.00224153 -0.00376523 0.00323284 -0.000549542 0.00360479 -0.00583138 -0.00283019 -0.00077514 -0.000439789 -0.00197571 -0.00648846
internal_weight=3900.24 822.038 598.93 314.869 260.313 284.061 3078.2 154.692 193.191 120.181 2923.51 2584.83 892.191 127.172
internal_count=15801 3353 2445 1281 1059 1164 12448 622 786 489 11826 10453 3609 513
is_linear=0
shrinkage=0.02


Tree=111
num_leaves=15
num_cat=0
split_feature=42 1 5 17 4 6 20 35 29 3 24 1 17 13
split_gain=11.8051 11.9897 12.1471 10.5512 9.09651 7.68757 8.88853 7.50663 7.17616 7.22963 7.16301 9.11017 9.13461 7.32065
threshold=0.48632947986462932 -0.0027546053385901878 0.011554715224083611 1.095089065466637 0.0058650297360408428 0.0037802096935083576 0.60099495504175293 -0.97719955654018797 -5.4172091912547904 0.011262560776572497 0.19056706263784348 0.0057398411298308282 0.90680082036230381 0.0066580371649526656
decision_type=2 2 2 2 2 2 2 2 2 2 2 2 2 2
left_child=-1 5 3 8 -5 6 7 -2 -3 10 -10 12 -12 -13
right_child=1 2 -4 4 -6 -7 -8 -9 9 -11 11 13 -14 -15
leaf_value=0.0013542296010493821 -0.0028497919012152764 -0.0068663374311282504 -0.0059960205951152794 -0.00040543963670789296 0.0062767969259798486 -0.0016528160254588586 -0.0033803799800955383 0.0045318038313424125 0.0022878229242847188 0.0032995237409433084 -0.00045795395973954211 -0.011283811728222213 -0.0076218469462121996 -0.0036841129975367375
leaf_weight=1281.4777587652206 60.508558064699173 111.98021444678307 244.1296746134758 258.7494942843914 113.58125570416451 278.78332844376564 84.938818514347076 392.22224493324757 122.41220244765282 102.96263405680656 520.54117441177368 69.915413871407509 77.620923265814781 184.69937480986118
leaf_count=5194 245 453 991 1048 461 1132 342 1590 500 417 2104 282 314 747
internal_value=-0.000215871 -0.000984054 -0.00189144 -0.00123303 0.00168917 0.00102304 0.00241292 0.00352488 -0.00215048 -0.00163124 -0.00216602 -0.00281495 -0.00144306 -0.00594806
internal_weight=3904.52 2623.05 1806.59 1562.46 372.331 816.453 537.67 452.731 1190.13 1078.15 975.189 852.777 598.162 254.615
internal_count=15820 10626 7317 6326 1509 3309 2177 1835 4817 4364 3947 3447 2418 1029
is_linear=0
shrinkage=0.02


Tree=112
num_leaves=15
num_cat=0
split_feature=5 42 42 10 32 35 1 20 28 6 20 44 42 41
split_gain=7.60972 12.1086 10.8969 15.3347 9.64395 9.58308 11.97 13.3491 10.8459 8.76921 8.53674 8.44889 9.74557 8.09653
threshold=-0.0075089827267958119 0.50869977861760918 0.49103709913474564 -0.034299321144831148 -0.23389387827977035 0.92588223223000543 -0.0027546053385901878 0.60099495504175293 3.5658339499762071 -0.011911897691116917 -0.13059409382816764 1.0437436978498826 0.4704033778249968 0.49296119754455198
decision_type=2 2 2 2 2 2 2 2 2 2 2 2 2 2
left_child=1 11 -2 9 -5 6 7 -6 13 -4 -11 12 -1 -8
right_child=2 -3 3 4 5 -7 8 -9 -10 10 -12 -13 -14 -15
leaf_value=-0.0070656848100709158 0.00093989862498036389 0.0077042082016465533 0.0010542830108917103 0.0062191133286895245 0.0024148966184352051 0.0024209202371284449 -0.0050944376774769541 -0.0076877944433261817 -0.010425335184758614 -0.0037111272897414546 -0.012731021454491325 0.0056649444671588271 0.00070266003697904691 -0.0010429822548692375
leaf_weight=71.458879068493843 1260.7841877639294 110.79224495589733 49.425698950886726 70.141772001981735 370.67366203665733 255.0927102714777 289.88292580842972 55.848328217864037 68.076430082321167 89.122829869389534 85.546222880482674 103.534841760993 412.23731134831905 607.11399954557419
leaf_count=291 5107 450 200 284 1503 1029 1175 225 276 362 346 420 1675 2459
internal_value=-9.25073e-05 0.00179208 -0.000505531 -0.00144445 -0.000793418 -0.00111004 -0.00176365 0.00101831 -0.00299208 -0.00630598 -0.00836008 0.000621017 -0.000505546 -0.00237327
internal_weight=3899.73 698.023 3201.71 1940.92 1716.83 1646.69 1391.6 426.522 965.073 224.095 174.669 587.231 483.696 896.997
internal_count=15802 2836 12966 7859 6951 6667 5638 1728 3910 908 708 2386 1966 3634
is_linear=0
shrinkage=0.02


Tree=113
num_leaves=15
num_cat=0
split_feature=42 5 16 26 39 15 39 7 1 19 16 40 42 6
split_gain=8.00796 11.5045 9.20467 9.20778 7.93591 11.4412 11.3647 13.7754 10.4912 9.57803 9.36589 8.95557 7.76889 7.64395
threshold=0.48873604991393527 -0.016769101167150437 0.0057309419508631389 -1.1278019716630692 -0.0093936272440148776 0.016539456582763869 -0.51223843000099389 -0.0026024222063510084 -0.0022924639598411963 -0.33450024496837044 0.0154374654197459 0.51824353783230703 0.50102750052844691 -0.00092337557930044088
decision_type=2 2 2 2 2 2 2 2 2 2 2 2 2 2
left_child=-1 12 -3 -4 6 10 7 11 -8 -9 -6 -5 -2 -10
right_child=1 2 3 4 5 -7 8 9 13 -11 -12 -13 -14 -15
leaf_value=0.001142154955991943 0.00023917598579361506 0.0049664284017824642 -0.0077208781684968402 -0.011439260169302674 0.0010322176153805252 -0.0040251750176182582 -0.00039356220855138707 0.008747781080322271 -0.0025157436265395012 0.0004422830254847704 0.0096527073958669017 -0.0022050707910376758 0.009433212539018368 -0.0083955436750940277
leaf_weight=1464.8331186175346 76.393252909183502 91.963982164859772 81.883437424898148 49.501298874616623 553.2131465524435 166.11339403688908 201.02244694530964 58.118112131953239 154.37395676970482 468.02342987060547 50.688143342733383 199.63542060554028 66.346186578273773 222.18164192140102
leaf_count=5938 311 371 331 200 2238 673 815 238 626 1894 205 809 270 901
internal_value=-2.44757e-05 -0.000725911 -0.00107179 -0.00133432 -0.00107041 0.000548348 -0.0019904 -0.00040157 -0.00410132 0.00143343 0.0018291 -0.00422879 0.00468725 -0.0060496
internal_weight=3904.29 2439.46 2296.72 2204.75 2122.87 770.015 1352.86 775.278 577.578 526.142 603.901 249.137 142.739 376.556
internal_count=15820 9882 9301 8930 8599 3116 5483 3141 2342 2132 2443 1009 581 1527
is_linear=0
shrinkage=0.02


Tree=114
num_leaves=15
num_cat=0
split_feature=3 21 8 8 12 36 18 39 40 48 47 6 7 18
split_gain=11.9936 10.0492 11.4756 9.08838 11.7979 10.864 8.42485 8.29265 8.14878 7.85853 9.11723 8.61448 7.86435 7.2327
threshold=0.011262560776572497 0.051197066350763952 0.010713854876647647 0.00095262415136305784 0.03931171017565576 0.038937470653654473 0.0091829734843619001 -0.084583289298965983 0.7940653196126245 -0.60785761079279388 -0.5 -0.018994007979956967 -0.0049072305808537759 0.036165997834321298
decision_type=2 2 2 2 2 2 2 2 2 2 2 2 2 2
left_child=3 -2 -3 9 5 6 -5 8 -6 10 -1 -11 -12 -13
right_child=1 2 -4 4 7 -7 -8 -9 -10 11 12 13 -14 -15
leaf_value=0.006041967649321388 -0.0051287255078731444 0.00878902874862586 0.0017416146720772886 -0.0040580878452392945 0.001035612357423901 -0.0046558880436400633 0.0032134209671091755 0.0027398029616580648 -0.0050544826642536225 0.0059601070011108172 -0.0050966239703099589 -0.00032896078449573248 0.0020912481425707811 -0.0066162269763146517
leaf_weight=186.31451033055782 50.742928847670555 130.18002079427242 303.17536790668964 101.7767857760191 192.85642001032829 578.20531402528286 153.15472583472729 315.93490044772625 154.36793012917042 77.473517015576363 71.323465272784233 1228.1896311491728 297.02833427488804 72.875843092799187
leaf_count=760 206 531 1228 410 780 2341 618 1275 625 314 290 4977 1209 295
internal_value=1.18301e-05 0.00294201 0.00393476 -0.000405467 -0.00157314 -0.00315036 0.000288184 0.000417084 -0.00170522 0.000500038 0.00249888 -0.000310338 0.000649854 -0.000705107
internal_weight=3913.6 484.098 433.355 3429.5 1496.3 833.137 254.932 663.159 347.224 1933.21 554.666 1378.54 368.352 1301.07
internal_count=15859 1965 1759 13894 6049 3369 1028 2680 1405 7845 2259 5586 1499 5272
is_linear=0
shrinkage=0.02


Tree=115
num_leaves=15
num_cat=0
split_feature=0 40 40 4 7 23 5 5 31 39 21 22 15 2
split_gain=8.26336 9.26243 9.24756 11.2228 12.1601 10.845 10.2529 12.6721 10.2228 9.39644 8.79333 8.42936 8.36986 7.69164
threshold=-0.041900559281685505 1.5307232123820198 1.1394411692917299 -0.0094565578807281423 0.026688880806545388 0.93532743090779225 0.0028909207272154801 0.0018456548712045607 1.0094399828179712 -0.028343721691093848 0.13970002508049911 0.40652412423662709 0.013745835149478735 0.003275463046603718
decision_type=2 2 2 2 2 2 2 2 2 2 2 2 2 2
left_child=-1 2 3 5 6 -2 7 -5 11 10 -8 -4 -11 -12
right_child=1 -3 8 4 -6 -7 9 -9 -10 12 13 -13 -14 -15
leaf_value=0.007853243957440699 0.0054134812052089622 -0.0029330090655825935 0.0026902111535444988 -0.00071545461440318623 0.0083423558452807699 -0.0024860382280403083 -0.0085019435151125183 0.0055041085525613636 0.0076554986673408581 0.0035922806535704684 -0.0010349065445727265 -0.0024445328502852534 -0.0054545757084425595 -0.0068716588035931782
leaf_weight=46.607387915253639 228.65393504500389 435.46647299826145 410.83199320733547 1446.5239182859659 51.229049235582352 95.486928567290306 140.79045887291431 139.04180145263672 109.74107806384563 132.36192493140697 309.75954461097717 180.17087845504284 53.354878351092339 123.83414462208748
leaf_count=189 927 1765 1668 5859 208 388 571 563 445 535 1255 728 216 502
internal_value=-9.69918e-05 -0.000203097 0.000148092 -0.000380384 -0.000854328 0.00308399 -0.0010725 -0.000154459 0.00218836 -0.002974 -0.00422958 0.00111748 0.000918333 -0.00276121
internal_weight=3903.85 3857.25 3421.78 2721.04 2396.9 324.141 2345.67 1585.57 700.744 760.101 574.384 591.003 185.717 433.594
internal_count=15819 15630 13865 11024 9709 1315 9501 6422 2841 3079 2328 2396 751 1757
is_linear=0
shrinkage=0.02


Tree=116
num_leaves=15
num_cat=0
split_feature=1 36 11 19 24 2 29 4 24 11 35 41 4 41
split_gain=7.37776 8.91442 9.74661 8.51167 8.26666 11.8409 7.65612 7.02191 10.8464 8.22549 9.44596 7.78852 6.93872 11.5406
threshold=-0.0027546053385901878 0.25332934206681113 0.13033791094559147 0.099476806680278904 0.68604919089510974 -0.0075070424658224728 -5.9412007214021978 0.01519280766690043 0.35553349292744602 0.040887428419585717 0.79450151920690704 0.45378730800262973 -0.0035787102790744763 0.48568844432852692
decision_type=2 2 2 2 2 2 2 2 2 2 2 2 2 2
left_child=4 2 6 -4 -1 -6 -2 9 -9 12 11 -11 13 -8
right_child=1 -3 3 -5 5 -7 7 8 -10 10 -12 -13 -14 -15
leaf_value=0.0023142128250133566 -0.004955433950166609 -0.0086906011980255136 0.0093976426669887241 -0.00028241734249523842 -0.0072134038024015005 0.00052260087829654196 0.0054968735854543276 0.010166465995749472 -0.00056297441763395915 0.0019421731343098343 0.00094187388873647154 -0.0062181607339736166 -0.0010966221293306083 -0.00076742491303138016
leaf_weight=776.42342042922974 171.94444420933723 51.404626950621605 65.136670351028442 74.804346561431885 92.984559506177902 408.67781881988049 192.01267419755459 54.625894412398338 101.10334293544292 53.014686703681946 154.24733249843121 294.81852324306965 1121.2205233722925 289.40174527466297
leaf_count=3165 696 209 266 302 374 1643 780 223 409 216 623 1196 4538 1173
internal_value=-0.000216518 -0.000823082 -0.000649305 0.004392 0.00102703 -0.000968325 -0.000947758 -0.000632644 0.00339982 -0.000938359 -0.00315858 -0.00496451 -0.000235138 0.00176192
internal_weight=3901.82 2623.73 2572.33 139.941 1278.09 501.662 2432.39 2260.44 155.729 2104.72 502.081 347.833 1602.63 481.414
internal_count=15813 10631 10422 568 5182 2017 9854 9158 632 8526 2035 1412 6491 1953
is_linear=0
shrinkage=0.02


Tree=117
num_leaves=15
num_cat=0
split_feature=30 34 38 7 8 3 48 20 1 13 41 41 4 24
split_gain=8.38585 13.7337 10.1926 9.35353 6.56254 8.90302 8.2772 10.4125 7.62757 7.34848 12.0874 15.3044 8.63212 8.33015
threshold=-0.1914315589307867 45.215843994845301 8.7960978577754485 0.0010933486023212127 -0.0073965391012679486 -0.00025479444119305813 0.6078576107927941 -0.11830082773008661 -0.00049391146210865731 0.0041615590574274252 0.50949552880290649 0.51823940199329399 0.0085491110164227987 0.45112061445457402
decision_type=2 2 2 2 2 2 2 2 2 2 2 2 2 2
left_child=2 -2 3 -1 6 9 7 8 -3 -6 13 -12 -13 -11
right_child=1 4 -4 -5 5 -7 -8 -9 -10 10 11 12 -14 -15
leaf_value=0.00023123788563418073 0.0065718525157992952 0.0031559077555126493 -0.009757447876642374 -0.0031959556636467672 0.0025569714617440084 0.0007068692380293182 -0.0017346878688297193 -8.4806866734740309e-05 0.012048533801728149 -0.0096460304692542274 0.0092720866691047999 -0.0047388704469838736 0.0045132446556781147 -0.0029250716277351651
leaf_weight=871.0798606723547 138.28298074007034 82.702444463968277 50.701908260583878 496.61219973862171 107.94593365490437 1239.310469865799 125.27916868031025 120.27350540459156 76.270178288221359 121.51882603764534 53.109471678733826 149.38707508146763 50.184852540493011 193.17626371979713
leaf_count=3530 563 342 205 2014 436 5015 508 486 313 493 215 605 203 782
internal_value=-0.000143926 0.000562654 -0.00136579 -0.00102029 0.00019098 -0.000299787 0.0024891 0.00438121 0.00765962 -0.00213876 -0.00304668 0.000218248 -0.00235887 -0.00563063
internal_weight=3875.84 2457.44 1418.39 1367.69 2319.16 1914.63 404.525 279.246 158.973 675.322 567.376 252.681 199.572 314.695
internal_count=15710 9961 5749 5544 9398 7749 1649 1141 655 2734 2298 1023 808 1275
is_linear=0
shrinkage=0.02


Tree=118
num_leaves=15
num_cat=0
split_feature=47 19 31 1 42 29 41 39 8 1 9 35 31 5
split_gain=10.8818 8.69733 8.57416 14.93 9.65688 8.93922 8.24973 7.47644 6.62484 10.4718 8.68555 10.7941 9.04093 7.4353
threshold=-0.5 0.59097987104421579 -0.13718037764709493 -0.0049096954138917433 0.4993245626735921 -2.4661863182771442 0.52392738653559234 1.4892753288866112 0.032935924656429964 0.0033601113805142063 0.0056866184932788172 0.9102807666385262 -0.82290100092100382 0.0057466775344232378
decision_type=2 2 2 2 2 2 2 2 2 2 2 2 2 2
left_child=1 2 3 -1 5 -5 -3 -4 9 -2 12 -12 -11 -14
right_child=8 6 7 4 -6 -7 -8 -9 -10 10 11 -13 13 -15
leaf_value=0.0055423790249130292 -0.00027836153101031441 -0.0056332954006230382 0.0043467223784819367 0.0040096897854529339 -0.0072232272669984854 -0.0039004790765892463 0.0022590086592545909 -0.0024486227455387667 0.0024616234196788568 -0.0077127071032754334 -0.0074982862024501164 0.0019906715947671902 0.0016690003242027002 -0.0062737688129733552
leaf_weight=132.58573897182941 1689.1582899838686 119.21005380153656 575.77212983369827 110.46951718628407 102.45413336157799 108.14220461249352 88.640201598405838 69.661194026470184 220.77555859088898 64.123515605926514 245.681920170784 57.039727181196213 262.24771000444889 52.248349547386169
leaf_count=539 6843 481 2342 448 415 439 357 282 894 260 995 230 1064 212
internal_value=-6.57712e-05 0.00141892 0.0021282 1.76056e-05 -0.00231388 9.69902e-05 -0.00229353 0.00360012 -0.000815882 -0.00112567 -0.00320896 -0.00570705 -0.00116328 0.000271908
internal_weight=3898.21 1306.94 1099.08 453.652 321.066 218.612 207.85 645.433 2591.28 2370.5 681.341 302.722 378.62 314.496
internal_count=15801 5303 4465 1841 1302 887 838 2624 10498 9604 2761 1225 1536 1276
is_linear=0
shrinkage=0.02


Tree=119
num_leaves=15
num_cat=0
split_feature=1 13 24 46 36 18 41 36 12 28 9 15 16 36
split_gain=10.2914 7.76102 7.79647 8.53313 8.11203 11.6823 6.58305 6.38485 6.112 6.60657 11.3734 7.26562 8.7399 6.58106
threshold=-0.0023752836595618936 0.0038612906055759751 0.65337872911852934 1.0000000180025095e-35 0.08741881459425041 0.012568694577723985 0.44539772599445199 0.052828795170153146 0.11028712128188931 -1.5130578630889511 -0.016455834394679601 0.018952574607757268 0.01375537082496108 0.031993237436953301
decision_type=2 2 2 2 2 2 2 2 2 2 2 2 2 2
left_child=1 -1 3 6 5 -5 -3 -7 9 11 -11 12 -2 -12
right_child=8 2 -4 4 -6 7 -8 -9 -10 10 13 -13 -14 -15
leaf_value=0.0075168941890299823 0.00070433479539240703 -0.0018744178282191065 -0.00076187594946984874 0.004553695023394296 0.0036431064613129454 9.3455599691823806e-05 0.0055765593075745379 -0.0083791775900179492 0.0011606729790734659 -0.0065734659008385814 -0.0035172202295376989 -0.0050296261606556101 0.0091933678996773665 -0.00041085410789260722
leaf_weight=73.420165836811066 317.23664121329784 53.13476674258709 554.03271517157555 64.949636325240135 153.67062601447105 55.458206325769424 316.21374915540218 93.701591849327087 526.93627344071865 176.0505605340004 366.96458065509796 64.500135779380798 52.495978817343712 1029.5257620513439
leaf_count=297 1286 218 2228 264 626 225 1294 381 2137 715 1482 261 213 4173
internal_value=5.37874e-06 0.00140266 0.00102733 0.00236818 0.000201715 -0.00229501 0.00449394 -0.00532816 -0.000748436 -0.00125137 -0.00185317 0.000924304 0.00201622 -0.00123677
internal_weight=3898.29 1364.58 1291.16 737.129 367.78 214.109 369.349 149.16 2533.71 2006.77 1572.54 434.233 369.733 1396.49
internal_count=15800 5533 5236 3008 1496 870 1512 606 10267 8130 6370 1760 1499 5655
is_linear=0
shrinkage=0.02


Tree=120
num_leaves=15
num_cat=0
split_feature=24 18 24 43 40 44 18 48 17 7 14 7 6 17
split_gain=6.32581 7.53111 7.62607 7.41546 7.23194 7.90211 7.8522 13.6006 9.67261 7.4358 6.73006 6.45438 6.36398 6.99189
threshold=0.36276976966835267 0.012500733990114804 0.95479925564922452 0.10139832884661888 1.1449670240854315 1.9945753901877119 0.03358165929763305 -1.0000000180025095e-35 0.38238865078544343 -0.0010577151582720889 0.0086233324533825009 -0.0061124768616502246 0.0053461881540616419 0.52914064273029171
decision_type=2 2 2 2 2 2 2 2 2 2 2 2 2 2
left_child=4 11 3 -3 6 9 7 8 -1 -6 -11 -2 13 -9
right_child=1 2 -4 -5 5 -7 -8 12 -10 10 -12 -13 -14 -15
leaf_value=-0.00383654139692704 -0.0040565181669346652 -0.0012668794728365284 -0.0064697016729533905 0.0027390001764310335 0.0013151276978607815 -0.0021581920546529282 -0.0060885935485951847 -0.0054491564224658775 0.0049528578097201284 0.013406334098838308 0.0047085081498485235 0.0019089437277482995 -0.0057423570413328417 0.0014123337275675945
leaf_weight=55.482290714979172 76.692123845219612 1599.0263456404209 95.623702168464661 204.17634823918343 129.96377040445805 74.065451085567474 66.305107399821281 72.199892833828926 316.86248509585857 52.640029191970825 119.22408756613731 661.44985054433346 104.87354296445847 252.76219201087952
leaf_count=226 309 6466 387 823 532 300 270 291 1306 215 492 2666 426 1025
internal_value=0.000112071 -0.000442605 -0.00110839 -0.000806975 0.00128455 0.00358239 0.000275205 0.000835668 0.00360969 0.00500328 0.00767624 0.00126602 -0.0015812 -0.00017162
internal_weight=3881.35 2636.97 1898.83 1803.2 1244.38 375.893 868.486 802.18 372.345 301.828 171.864 738.142 429.836 324.962
internal_count=15734 10651 7676 7289 5083 1539 3544 3274 1532 1239 707 2975 1742 1316
is_linear=0
shrinkage=0.02


Tree=121
num_leaves=15
num_cat=0
split_feature=33 30 35 42 4 4 3 38 35 14 31 2 5 47
split_gain=7.93009 10.2889 8.9216 16.4915 10.1422 12.0252 8.64314 7.57937 7.03044 6.96896 8.28909 10.2269 6.50775 6.47828
threshold=64.593685519306064 0.96552066609299547 0.9102807666385262 0.48229553035303924 0.0058650297360408428 0.012911511967547315 0.010491886226017315 5.4282893567832842 0.69200646468218874 0.010374651677315471 -0.32787646866022752 -0.0049081388094855518 0.0033633076900823149 -0.5
decision_type=2 2 2 2 2 2 2 2 2 2 2 2 2 2
left_child=1 6 3 -2 -4 -6 13 -5 -9 -8 11 -11 -12 -1
right_child=2 -3 4 7 5 -7 9 8 -10 10 12 -13 -14 -15
leaf_value=0.0013703322479669659 0.0054511888176885471 0.0074345219538244911 -0.0014764162513966792 0.00070362122108609418 0.011771537618222333 -0.0010229526441877944 -0.0024789193761815091 -0.0084937574612471718 -0.0030210783249350328 0.0070792616717539284 0.011374659968919039 -0.0046989004362140039 0.0021405086819746839 -0.00074281893943379672
leaf_weight=867.289490416646 72.512912914156914 79.188559398055077 230.5718509554863 89.094531878829002 56.976426050066948 54.47340452671051 59.488313227891922 186.00941762328148 201.77578447759151 49.93830469250679 86.040988221764565 58.754590272903442 50.064879611134529 1728.6707054227591
leaf_count=3521 293 324 930 362 230 220 241 753 818 203 352 239 203 7004
internal_value=4.6164e-05 0.000541589 -0.00160351 -0.00317163 0.000924776 0.00574255 0.000340912 -0.00452575 -0.00572087 0.00350132 0.0049751 0.000785855 0.0081742 -3.5555e-05
internal_weight=3870.85 2979.44 891.414 549.393 342.022 111.45 2900.25 476.88 387.785 304.287 244.799 108.693 136.106 2595.96
internal_count=15693 12087 3606 2226 1380 450 11763 1933 1571 1238 997 442 555 10525
is_linear=0
shrinkage=0.02


Tree=122
num_leaves=15
num_cat=0
split_feature=1 1 6 35 27 47 20 35 4 8 38 23 28 10
split_gain=8.98474 12.0117 8.81773 8.697 9.04791 9.00258 11.5454 8.90804 8.21549 8.07932 9.78699 9.32627 8.73729 7.34992
threshold=-0.0075089827267958119 -0.018283008345801707 -0.011202304489506017 -0.75745768242461409 -0.82769750517370866 1.0000000180025095e-35 -0.53862238390610573 1.0927955447792332 -0.0047955209671489999 0.019121363148726919 6.7681487037384596 1.2098580040547833 1.3293565619216645 0.0064193892106236524
decision_type=2 2 2 2 2 2 2 2 2 2 2 2 2 2
left_child=1 2 -1 -2 -5 -6 -7 8 -8 11 -11 12 -10 -3
right_child=3 13 -4 4 5 6 7 -9 9 10 -12 -13 -14 -15
leaf_value=0.00551869508303482 -0.003662414640893489 0.0061955333242236458 -0.0032405086320121969 0.0032225207646154452 0.00085354926336884919 0.0034064279218303812 0.00057006847732799144 0.0037748427594202277 -0.0017656933500636619 -0.013779481347492198 -0.0029401214317942869 0.0039696297742872486 -0.0067702859317158815 0.0009043914292227352
leaf_weight=54.842642530798912 268.96386280655861 274.69898264110088 195.19582085311413 317.86757849156857 1297.3280484974384 163.71586261689663 235.98847082257271 87.687799692153931 406.97615250945091 59.843770861625671 75.816705882549286 70.302802383899689 211.66951797902584 171.26032115519047
leaf_count=222 1091 1116 792 1291 5254 670 957 353 1647 243 307 284 857 695
internal_value=0.000194483 0.0022451 -0.00124876 -0.00025487 6.3942e-05 -0.000326262 -0.00149169 -0.00220178 -0.0027113 -0.00364815 -0.00804152 -0.00273135 -0.00351857 0.00419615
internal_weight=3892.16 695.998 250.038 3196.16 2927.2 2609.33 1312 1148.29 1060.6 824.609 135.66 688.948 618.646 445.959
internal_count=15779 2825 1014 12954 11863 10572 5318 4648 4295 3338 550 2788 2504 1811
is_linear=0
shrinkage=0.02


Tree=123
num_leaves=15
num_cat=0
split_feature=24 11 44 11 39 49 7 15 18 18 18 42 44 24
split_gain=9.25379 9.31691 7.42499 10.9442 10.593 8.48462 7.51774 6.99213 8.98564 6.63859 7.83225 9.10594 8.51158 7.68943
threshold=0.43597986296644581 0.085536337960623876 0.43756754738466924 0.01957534389004964 1.0000000180025095e-35 -0.56174490092936669 -0.00073030070071485856 0.021688276557345842 0.011304574679341496 0.013908959948210004 0.01775693910250371 0.48826507216820775 -0.25812792154787073 0.25579973001122386
decision_type=2 2 2 2 2 2 2 2 2 2 2 2 2 2
left_child=1 2 4 -4 7 -6 -7 8 -1 13 11 -11 -12 -10
right_child=-2 -3 3 -5 5 6 -8 -9 9 10 12 -13 -14 -15
leaf_value=-0.0023502720465432203 -0.00086002330591614204 0.0057503840510465523 0.00020637091781607907 -0.0076019332970652985 0.011965990262105423 -0.0030462516259752931 0.0069383564390149682 -0.0060823238930539005 0.0012267426688995912 0.0042685394875930441 0.005517244441409652 -0.0051094761298687476 -0.0030340593905470231 0.010161563000582711
leaf_weight=219.48550733923912 2336.1387333422899 152.22950077056885 279.37343417108059 91.520547121763229 56.757954269647598 50.022468790411949 63.368274837732315 54.077645346522331 76.260807514190674 56.979981943964958 178.98724421858788 122.04550524055958 58.717425212264061 76.231947436928749
leaf_count=893 9431 626 1136 373 233 204 259 220 312 233 732 497 241 310
internal_value=-6.7886e-05 0.00113573 0.000609216 -0.00179587 0.00149435 0.00597062 0.00259101 0.000560762 0.00105169 0.00237249 0.0010367 -0.00208978 0.00338593 0.00587411
internal_weight=3872.2 1536.06 1383.83 370.894 1012.93 170.149 113.391 842.786 788.708 569.223 416.73 179.025 237.705 152.493
internal_count=15700 6269 5643 1509 4134 696 463 3438 3218 2325 1703 730 973 622
is_linear=0
shrinkage=0.02


Tree=124
num_leaves=15
num_cat=0
split_feature=3 26 28 39 7 9 7 9 11 24 23 13 40 24
split_gain=6.65011 6.769 12.2555 8.99484 10.1945 8.88161 8.0797 9.71788 8.0204 8.54167 7.75516 7.55823 7.52622 7.36913
threshold=0.011262560776572497 -0.10474766739677764 0.93535305875269292 -0.076125479017105355 0.013785093142083848 0.019636618659766594 0.0014203869540515162 -0.0079689557690260943 0.018855805215600006 0.35172071837692082 0.76362568311884604 0.0070137105847145704 0.8389619239586239 0.65337872911852934
decision_type=2 2 2 2 2 2 2 2 2 2 2 2 2 2
left_child=1 2 8 4 5 -3 7 -5 13 -10 -4 -7 -6 -1
right_child=-2 3 10 6 12 11 -8 -9 9 -11 -12 -13 -14 -15
leaf_value=0.0013190948853052742 0.0019693070854452802 -0.0019512633420107341 -0.00018266118529728915 -0.0048860632596565397 0.0079216313614426208 -0.012448041824970627 -0.0018519583153755268 0.0037531053327049834 -0.009352890243136661 8.0873852706776604e-05 0.0088160219176615512 -0.0040816904222027023 -0.0021072386118122293 -0.0024352007840509112
leaf_weight=871.97100648283958 483.8778078109026 904.97477175295353 59.229592144489288 57.189222544431686 59.738750755786896 56.259007766842842 313.71262019872665 330.89399279654026 68.688260495662689 79.970793768763542 102.42813427746296 179.16328191757202 52.53866995871067 269.73013466596603
leaf_count=3550 1967 3659 242 231 242 228 1268 1335 282 324 420 728 213 1085
internal_value=-0.0002126 -0.000524963 0.000508446 -0.00129204 -0.00230446 -0.00287224 0.000518598 0.00243405 -0.000150183 -0.00444052 0.00561244 -0.0062983 0.003339 0.000425381
internal_weight=3890.37 3406.49 1452.02 1954.47 1252.67 1140.4 701.796 388.083 1290.36 148.659 161.658 235.422 112.277 1141.7
internal_count=15774 13807 5903 7904 5070 4615 2834 1566 5241 606 662 956 455 4635
is_linear=0
shrinkage=0.02


Tree=125
num_leaves=15
num_cat=0
split_feature=5 41 6 11 1 2 17 4 40 23 38 40 24 23
split_gain=12.4116 8.81257 10.483 7.50651 7.29488 7.08218 9.07885 12.1427 7.97989 7.06077 6.68546 6.81488 15.3795 8.2419
threshold=-0.025378579712341257 0.47210857297014913 0.0019231677937156585 0.09936411743863359 0.0008912281281939447 0.001295048181670716 1.3272770422251097 -0.010802078760214001 1.0997342570168089 0.4298966263195112 6.9841852004407015 1.0158141115463617 0.34472222540797209 1.2876302526246659
decision_type=2 2 2 2 2 2 2 2 2 2 2 2 2 2
left_child=4 3 9 10 -1 -4 7 -7 -9 -3 11 13 -13 -2
right_child=1 2 5 -5 -6 6 -8 8 -10 -11 -12 12 -14 -15
leaf_value=0.010189761152124362 0.0051938729367161408 -0.0046084248781579143 -0.0036163918337502243 0.007551681243173348 0.0010462928559068281 0.0093007680631684263 -0.0065195571217879864 -0.0024803292858235739 0.0037964498288427938 0.00063422800213092795 -0.0015885362236275065 0.0042247400164152947 -0.0054992103143939623 -0.0029212083778933492
leaf_weight=69.727138176560402 303.10972841084003 104.88937275111675 619.84482575953007 71.07387301325798 67.88101601600647 52.524668589234352 76.88469173014164 259.95479449629784 111.78808991611004 1581.8789987415075 273.0492477864027 132.71020610630512 118.35005848109722 56.402769699692726
leaf_count=285 1232 424 2513 290 277 213 312 1054 453 6405 1109 542 478 229
internal_value=8.26091e-05 -0.000136727 -0.000701189 0.00151837 0.00587418 -0.00219566 -0.000420078 0.000748318 -0.000567483 0.000295564 0.000993317 0.00215145 -0.000377013 0.00389812
internal_weight=3900.07 3762.46 2807.77 954.696 137.608 1121 501.152 424.268 371.743 1686.77 883.622 610.573 251.06 359.512
internal_count=15816 15254 11374 3880 562 4545 2032 1720 1507 6829 3590 2481 1020 1461
is_linear=0
shrinkage=0.02


Tree=126
num_leaves=15
num_cat=0
split_feature=5 4 3 15 39 35 39 4 39 42 42 35 5 13
split_gain=8.59453 9.38771 6.28521 8.82082 12.2555 7.98062 7.41865 7.18945 11.7984 6.23653 9.88437 8.91931 9.63128 8.32548
threshold=0.01072818815406474 0.017218828985218558 0.011262560776572497 0.013373061697742333 -0.22594263707032367 0.82679506225044619 0.57878297031724701 0.01848939917188289 -0.0093936272440148776 0.48482595205101614 0.48315579841461137 1.1396679825995357 -0.016769101167150437 0.0089922465423028803
decision_type=2 2 2 2 2 2 2 2 2 2 2 2 2 2
left_child=2 -2 7 5 -5 -4 -6 9 -9 10 -1 12 -11 -14
right_child=1 -3 3 4 6 -7 -8 8 -10 11 -12 -13 13 -15
leaf_value=0.00082650235831726812 -0.0035301117248887838 0.0046368028526442093 -0.0031331752829086286 0.011016306607131335 -0.0032044428564246552 0.0057761636805902352 0.0065846219716880414 -0.0091009925383954797 0.001857486208529319 0.004818869420372662 0.0079414627206712204 0.0053583416307808928 -0.00013277161848239774 -0.0030415344321211403
leaf_weight=874.5009371638298 450.29378798604012 59.865898430347443 132.49122279882431 84.896393701434135 65.900200992822647 51.879307150840759 50.181803151965141 83.009588479995728 68.418535992503166 108.33582870662212 80.969011247158051 93.280820488929749 1067.3886592388153 618.96893897652626
leaf_count=3547 1827 243 539 345 269 210 205 337 278 441 329 375 4322 2511
internal_value=-0.000129546 -0.00253604 0.000236864 0.00262391 0.00546893 -0.000539893 0.00112449 -7.4138e-05 -0.0042486 0.000155241 0.00146765 -0.000511065 -0.000830172 -0.00120625
internal_weight=3890.38 510.16 3380.22 385.349 200.978 184.371 116.082 2994.87 151.428 2843.44 955.47 1887.97 1794.69 1686.36
internal_count=15778 2070 13708 1568 819 749 474 12140 615 11525 3876 7649 7274 6833
is_linear=0
shrinkage=0.02


Tree=127
num_leaves=15
num_cat=0
split_feature=0 3 42 6 21 11 5 41 35 32 21 1 12 11
split_gain=8.40136 9.18567 6.58561 6.71787 8.79765 7.19256 7.66841 9.43738 6.34183 6.29103 6.09551 7.4585 7.23592 6.75114
threshold=-0.041900559281685505 -0.00066316937015694613 0.48677743542808566 0.00012429589429968781 0.11905652710754161 0.031313793249080187 -0.0035787102790744763 0.49230563234263702 -0.36117217911051064 0.3355818571727564 0.026100573400286577 -0.0033693935936201114 0.019682553426473456 0.023596392948899588
decision_type=2 2 2 2 2 2 2 2 2 2 2 2 2 2
left_child=-1 9 3 5 -5 6 -3 8 -8 -2 -4 -12 13 -13
right_child=1 2 10 4 -6 -7 7 -9 -10 -11 11 12 -14 -15
leaf_value=0.0080143715616369533 -0.00081181459860505669 0.0037146171824469017 -0.0050004979383284796 -0.00068375672625409375 0.0069584212108941973 0.0058456717456561048 -0.00069284174917498889 0.003514132655389279 -0.0096413636595405125 -0.0073759663743609332 0.0027726897725970107 -0.00089286914795845681 0.0011686188413577046 -0.0065247721362959388
leaf_weight=48.721589595079422 1641.4138113111258 94.372554779052734 80.528295934200287 82.69586393237114 209.04592582583427 79.6301009953022 53.931957319378853 55.686087563633919 74.738209396600723 55.686035826802254 405.27992233633995 371.93714925646782 536.47442047297955 106.24160040915012
leaf_count=198 6660 383 327 336 849 323 219 225 302 226 1646 1506 2173 431
internal_value=0.000159838 5.01063e-05 0.000917275 0.00259037 0.00481718 0.000736171 -0.000800855 -0.00314939 -0.00605682 -0.00104824 0.000186182 0.000496848 -0.000421324 -0.00219873
internal_weight=3896.38 3847.66 2150.56 650.101 291.742 358.359 278.729 184.356 128.67 1697.1 1500.46 1419.93 1014.65 478.179
internal_count=15804 15606 8720 2637 1185 1452 1129 746 521 6886 6083 5756 4110 1937
is_linear=0
shrinkage=0.02


Tree=128
num_leaves=15
num_cat=0
split_feature=5 3 24 23 44 39 39 16 8 5 9 2 42 41
split_gain=9.22682 11.7286 10.6259 9.3945 9.0169 12.1825 15.0355 8.9398 8.75962 9.75292 9.42949 9.24262 8.53302 8.53268
threshold=0.011554715224083611 0.011262560776572497 0.43597986296644581 1.3637973085936774 -0.80053533412160882 -0.25153920301541871 0.6384742279666874 0.012732949045852494 -1.0000000180025095e-35 0.00030606171775953691 -0.0025804742593504666 -0.002753654230507802 0.49260597375224152 0.51024905419596667
decision_type=2 2 2 2 2 2 2 2 2 2 2 2 2 2
left_child=1 2 13 8 -2 -6 -7 -5 11 10 -10 -4 -12 -1
right_child=4 -3 3 7 5 6 -8 -9 9 -11 12 -13 -14 -15
leaf_value=0.00062044360347042146 0.0041952332433896978 0.0036573244884378331 -0.0023106870001525447 0.0043857019639745518 -0.0083902887190729167 0.0028217522004919848 -0.006532445488842833 -0.00312093598003117 -0.005102711359709142 -0.0055373915377816751 0.0048854079593282545 0.0022199279922727371 -0.0017353975511204378 0.0048582859531681975
leaf_weight=959.94523185491562 64.2230084836483 391.52381253242493 343.86673285067081 215.60808119177818 136.97073496878147 158.37512853741646 113.86565372347832 84.957256704568863 153.20242854952812 344.45846796035767 122.89678744971752 367.34292571246624 194.59396202862263 232.57516556978226
leaf_count=3921 261 1594 1387 867 557 643 460 342 617 1397 495 1482 785 948
internal_value=5.91856e-05 0.000423436 -1.24693e-06 -0.000958921 -0.00254214 -0.0036374 -0.00113793 0.00224754 -0.0015956 -0.0030042 -0.00111166 2.85568e-05 0.000863445 0.00146378
internal_weight=3884.41 3410.97 3019.45 1826.93 473.435 409.212 272.241 300.565 1526.36 815.152 470.693 711.21 317.491 1192.52
internal_count=15756 13835 12241 7372 1921 1660 1103 1209 6163 3294 1897 2869 1280 4869
is_linear=0
shrinkage=0.02


Tree=129
num_leaves=15
num_cat=0
split_feature=3 8 21 26 35 27 18 6 17 6 24 41 9 3
split_gain=6.42798 7.32213 8.05663 7.07839 12.2041 11.5549 10.7782 12.1917 9.11849 8.18418 9.54622 8.4676 7.90335 7.62309
threshold=-0.00025479444119305813 0.0020737697702708446 0.11030918847372066 0.39135990051522168 0.92588223223000543 0.751482800141406 0.027619842982235177 -0.0080610692209899838 0.48810619304913522 -0.0029125685488931093 0.62613278388278115 0.52335126763743378 0.0059211080007846402 0.00075235814919723232
decision_type=2 2 2 2 2 2 2 2 2 2 2 2 2 2
left_child=1 -1 -3 5 6 8 7 -5 12 -9 -11 -12 -2 -10
right_child=3 2 -4 4 -6 -7 -8 9 13 10 11 -13 -14 -15
leaf_value=-0.00015147145302463528 -0.004486264488575982 -0.0079244415862472946 -0.0016824621516310374 -0.01217810992665307 0.0028733275366880813 0.0065407261990556367 0.0042248383798575767 0.0037244803249283794 0.0063744965318948531 -0.00035705873367287326 -0.010774708199732141 -0.00062069122852342797 0.0041166341299875737 0.0010297473168449788
leaf_weight=1312.9253609478474 188.13657715916634 99.743036776781082 414.70301550626755 56.36804623901844 227.55677814781666 157.09685945510864 72.785843774676323 65.474823191761971 117.82260340452194 153.83465379476547 96.069779112935066 49.618107676506042 50.594080045819283 841.2004339993
leaf_count=5329 761 405 1681 228 918 639 295 265 479 623 389 201 204 3418
internal_value=-8.35241e-05 -0.000947293 -0.00295731 0.000677042 -0.000918707 0.00152733 -0.00267623 -0.00390387 0.000845313 -0.00247875 -0.00387364 -0.00745182 -0.00261601 0.00171604
internal_weight=3903.93 1827.37 514.446 2076.56 721.708 1354.85 494.151 421.365 1197.75 364.997 299.523 145.688 238.731 959.023
internal_count=15835 7415 2086 8420 2919 5501 2001 1706 4862 1478 1213 590 965 3897
is_linear=0
shrinkage=0.02


Tree=130
num_leaves=15
num_cat=0
split_feature=3 26 11 29 29 36 15 0 12 8 26 31 34 24
split_gain=13.2675 7.49206 9.41503 9.18056 8.94648 7.06572 9.35009 6.56955 7.47449 9.28287 6.52998 7.2495 9.26251 6.7636
threshold=-0.00025479444119305813 -0.12210540620484163 -0.16316167600136847 -4.639224013270618 -2.3086484273395187 0.035448627866106898 0.0064605961480418321 -0.021625442715538779 0.033882977760319885 0.00095262415136305784 0.63969252998370818 0.84515137160443687 57.510128855521906 0.74499485274460797
decision_type=2 2 2 2 2 2 2 2 2 2 2 2 2 2
left_child=1 2 -1 -3 -5 6 -4 -2 9 -9 11 12 13 -10
right_child=7 3 5 4 -6 -7 -8 8 10 -11 -12 -13 -14 -15
leaf_value=-0.007371276917780935 -0.0040157365110402195 -0.0081715289165933454 0.0027826026470547222 0.0031867383701978651 -0.0024166275984942045 0.0017815456684703859 -0.0068576003629646767 0.0027911038826901567 0.0028224827183599395 -0.00094274423787682807 0.00053009483143732442 0.0080737769446228274 -0.0023966424284749405 0.0098196901436676098
leaf_weight=54.327392935752869 83.739491209387779 89.0477464646101 65.32708203792572 129.76810736954212 750.64063964784145 663.18693137168884 91.481690153479576 425.135876044631 243.87944449484348 694.95969063043594 291.05442793667316 142.01506161689758 99.479033932089806 69.430923119187355
leaf_count=220 342 361 265 526 3041 2697 371 1728 994 2812 1177 579 402 279
internal_value=0.000213717 -0.0010158 0.000326554 -0.0022219 -0.00157739 0.000878144 -0.00287958 0.0013195 0.00155636 0.000480556 0.00296977 0.00423347 0.00283144 0.00450298
internal_weight=3893.47 1843.78 874.323 969.456 880.409 819.996 156.809 2049.69 1965.95 1120.1 845.859 554.804 412.789 313.31
internal_count=15794 7481 3553 3928 3567 3333 636 8313 7971 4540 3431 2254 1675 1273
is_linear=0
shrinkage=0.02


Tree=131
num_leaves=15
num_cat=0
split_feature=5 26 24 18 13 32 4 23 19 46 47 37 12 46
split_gain=9.76049 11.0629 8.31971 11.8429 10.6492 7.69769 8.05676 10.48 9.69768 8.05586 7.96369 10.6161 7.75469 7.44355
threshold=-0.010532199872001272 -1.460273459592953 0.53645875187379655 0.031134964323065974 0.0066580371649526656 -0.083330246291914406 0.0081833019507570205 1.5320627510122844 0.65704093510067263 1.0000000180025095e-35 -0.75000000000000011 3.4549222780947324 0.08134095591441394 -1.0000000180025095e-35
decision_type=2 2 2 2 2 2 2 2 2 2 2 2 2 2
left_child=-1 -2 3 4 13 -4 7 8 10 -9 -7 -12 -8 -3
right_child=1 2 5 -5 -6 6 12 9 -10 -11 11 -13 -14 -15
leaf_value=0.0028033368756851451 -0.0067225119020816165 0.0028674017499016658 0.001160216811446132 -0.0045458735257764551 0.002914616241157136 0.0025125524301685162 -0.0016139528758238218 0.0065145113795964694 -0.0089212719528894042 -0.0028780940306211934 -0.0066167423764220421 -0.0012039396519674618 0.0054996179741915582 -0.0020053702371612839
leaf_weight=499.19765643775463 95.30037784576416 174.5848752707243 478.86738608777523 134.26282216608524 901.33998346328735 99.685163155198097 141.69009540975094 76.440618425607681 110.81729137897491 62.227351367473602 247.8159855902195 346.26051194965839 100.85925944149494 411.25514443218708
leaf_count=2032 385 712 1931 545 3676 402 574 307 450 250 1003 1403 407 1667
internal_value=0.000207402 -0.000179409 2.02722e-05 0.00103831 0.001556 -0.000971477 -0.00183359 -0.00266689 -0.00354002 0.0023461 -0.00262277 -0.00349824 0.00139542 -0.00054127
internal_weight=3880.6 3381.41 3286.11 1621.44 1487.18 1664.66 1185.8 943.247 804.579 138.668 693.762 594.076 242.549 585.84
internal_count=15744 13712 13327 6600 6055 6727 4796 3815 3258 557 2808 2406 981 2379
is_linear=0
shrinkage=0.02


Tree=132
num_leaves=15
num_cat=0
split_feature=1 21 47 29 38 5 29 29 39 5 29 0 43 34
split_gain=6.91669 13.9275 9.39834 8.4153 8.29867 7.27455 7.22962 8.26041 10.7067 8.80949 8.58361 7.43058 8.21621 9.0553
threshold=-0.0075089827267958119 0.34946447218122784 0.75000000000000011 4.5064649559899239 4.4564564777272304 0.013324453145829003 -5.7250710054738407 -2.0128973318803447 -0.70693202098913399 -0.001116475741486785 -0.35738876340847997 -0.0043147869263978319 0.010317620501256222 44.598068191497312
decision_type=2 2 2 2 2 2 2 2 2 2 2 2 2 2
left_child=1 2 3 4 -1 6 -2 8 9 -8 -9 12 13 -12
right_child=5 -3 -4 -5 -6 -7 7 10 -10 -11 11 -13 -14 -15
leaf_value=-0.00025525789458527711 -0.0034730083339045261 0.006027956511507301 0.0060373039380513926 0.0048440832524247199 -0.0066249644368750376 -0.0033919606933254854 0.0030425492660387456 -0.0031295392718331144 0.0036337581333912984 -0.0055803055172575734 -0.0016569687679336372 -0.00058606593747980817 -0.004232425788475499 0.0060018037814620296
leaf_weight=223.43252183496952 236.62393817305565 205.24204455316067 77.990974307060242 68.706253603100777 124.46618886291981 303.54733684659004 77.618998453021049 393.7450924217701 478.51503872871399 107.57735192775726 82.252003818750381 1237.5078160762787 54.242398381233215 222.35085140168667
leaf_count=906 958 839 316 278 505 1233 315 1597 1941 436 336 5004 222 914
internal_value=-7.774e-05 0.00171585 -0.000115968 -0.00132584 -0.0025957 -0.000472803 -0.000160911 0.000140384 0.00206387 -0.00198134 -0.000504676 0.000150504 0.00266378 0.00394034
internal_weight=3893.82 699.838 494.596 416.605 347.899 3193.98 2890.43 2653.81 663.711 185.196 1990.1 1596.35 358.845 304.603
internal_count=15800 2844 2005 1689 1411 12956 11723 10765 2692 751 8073 6476 1472 1250
is_linear=0
shrinkage=0.02


Tree=133
num_leaves=15
num_cat=0
split_feature=1 18 21 42 6 22 17 38 28 42 8 7 3 28
split_gain=6.68089 8.84314 10.6523 8.51078 7.8603 7.55076 8.53341 7.48062 8.36275 7.46355 8.08801 11.9425 10.0247 7.00234
threshold=-0.00118702920491573 0.011761823985478785 0.045027544342819005 0.5539319269355415 -0.01157743584758803 0.16553736815234035 0.36998261321530757 2.2257289943286778 -0.71974216264451241 0.46606858630651976 0.0061190235136718779 0.0025099940731071629 0.011552361673846318 1.7295207125321037
decision_type=2 2 2 2 2 2 2 2 2 2 2 2 2 2
left_child=1 -1 -3 5 -4 7 -7 -2 -9 -6 12 -12 13 -11
right_child=3 2 4 -5 9 6 -8 8 -10 10 11 -13 -14 -15
leaf_value=0.0039906325377287426 0.0066143479990083799 -0.0050065374114198636 0.0048711608450535725 -0.0083326572535959119 -0.0056433370847090627 -0.0059779105300358714 -0.00073361676813893243 -0.0046115851231248797 0.0015578039685205825 0.0002098089125020517 0.0016203842825490923 -0.0072717014595560349 0.010006220471862016 0.0059508441466229389
leaf_weight=323.83034119009972 87.302918881177902 129.92613875865936 167.45819066464901 50.768585741519928 74.363317847251892 131.20156779885292 1426.5147275775671 101.26473861932755 504.26336225867271 534.29874630272388 130.73208007216454 105.05181957781315 50.517538890242577 96.14574983716011
leaf_count=1311 355 527 680 206 302 530 5789 411 2047 2171 529 425 208 391
internal_value=7.75514e-05 0.00106297 0.000314599 -0.000613653 0.000930281 -0.00042144 -0.00119304 0.0013095 0.000496756 0.00024332 0.000748848 -0.00241015 0.00185225 0.00112528
internal_weight=3913.64 1612.32 1288.49 2301.32 1158.57 2250.55 1557.72 692.831 605.528 991.109 916.746 235.784 680.962 630.444
internal_count=15882 6544 5233 9338 4706 9132 6319 2813 2458 4026 3724 954 2770 2562
is_linear=0
shrinkage=0.02


Tree=134
num_leaves=15
num_cat=0
split_feature=5 13 40 31 4 34 16 2 42 23 23 44 16 16
split_gain=6.52507 8.61777 7.46896 10.4178 9.06507 7.79043 7.1316 8.42007 8.34137 7.66271 6.74914 5.66019 5.42018 5.39664
threshold=0.0050040779542411297 0.0063249676254528717 1.7140514062741585 0.55329496409658707 0.0048886218813657357 62.9217726641944 0.023526560361509821 -0.00060999411259466242 0.4876455948558282 0.89323553877706929 0.66477296455295454 -0.24966386535511517 0.035737114658620679 0.027119732118157869
decision_type=2 2 2 2 2 2 2 2 2 2 2 2 2 2
left_child=12 -2 3 6 5 -5 7 9 -9 10 -3 -10 13 -1
right_child=1 2 -4 4 -6 -7 -8 8 11 -11 -12 -13 -14 -15
leaf_value=0.00049374872073395712 -0.0059885243684763539 0.00067269280876373352 -0.0058981001188411607 0.0059495506750357379 0.0081554021057377701 -0.0028014693187450347 -0.0073960645045570515 0.0025044096932605869 -0.009033929250039421 -0.0020187998753642689 0.010067339617581232 -0.0016671614337662058 0.0066346018203514972 -0.005459277726700679
leaf_weight=2783.6716253459454 134.98170493543148 60.939288154244423 90.958779513835907 59.288575753569603 91.27507258951664 105.94499009847641 68.369683727622032 69.036052867770195 85.753975287079811 93.851596429944038 58.008873477578163 82.333247050642967 51.2649817019701 57.292494878172874
leaf_count=11297 547 247 368 241 370 430 277 280 349 380 236 335 209 233
internal_value=4.91092e-06 -0.00138304 -0.000634733 1.70225e-05 0.00327653 0.000421064 -0.00161204 -0.000661474 -0.00322169 0.00219985 0.00547558 -0.0055779 0.000486716 0.000364316
internal_weight=3892.97 1000.74 865.76 774.801 256.509 165.234 518.293 449.923 237.123 212.8 118.948 168.087 2892.23 2840.96
internal_count=15799 4060 3513 3145 1041 671 2104 1827 964 863 483 684 11739 11530
is_linear=0
shrinkage=0.02


Tree=135
num_leaves=15
num_cat=0
split_feature=5 1 8 4 3 19 2 5 6 42 42 9 1 17
split_gain=10.9847 6.20671 10.5008 11.0467 5.5471 8.66695 8.59017 7.45464 7.31345 11.2662 9.50658 10.0718 7.58978 7.43244
threshold=0.0055979966650289504 0.003518209185577055 0.027846381943506679 -0.0071305001348375627 0.013321043442512004 0.069668973495686889 -0.022767891501884765 -0.016769101167150437 0.0060196479993124769 0.49817922786152075 0.50869977861760918 0.028644307646377137 -0.0014571381640774144 0.59125694314797406
decision_type=2 2 2 2 2 2 2 2 2 2 2 2 2 2
left_child=4 -2 3 -3 6 -6 -1 -8 10 -10 -9 12 -12 -14
right_child=1 2 -4 -5 5 -7 7 8 9 -11 11 -13 13 -15
leaf_value=-0.0054861270994352243 -0.00102304151462136 0.00081265279662535441 0.0012301476975907989 -0.0090044038833564117 0.0062592546108581303 -0.00094531064811181984 0.0037620006051866601 -0.00031454407993862846 0.0006602614433027582 -0.0053730656933707478 0.0082466313143221646 -0.004611288132147901 -0.0012412376379182279 0.0057306001571271071
leaf_weight=106.49069318175316 594.44251872599125 59.827584072947502 93.156391263008118 180.84322129189968 140.78277076780796 121.13682827353477 208.75605823099613 1522.7912657111883 250.09862676262856 238.28040182590485 122.75975935161114 54.692508861422539 124.04731574654579 112.93955594301224
leaf_count=432 2412 243 378 734 582 487 851 6171 1018 968 497 221 502 458
internal_value=-0.00036909 -0.00226433 -0.00442697 -0.00659714 0.00021959 0.00297188 -4.83546e-05 0.000181437 -0.000133824 -0.00230802 0.000418826 0.00308511 0.00430237 0.00213105
internal_weight=3931.05 928.27 333.827 240.671 3002.78 261.92 2740.86 2634.37 2425.61 488.379 1937.23 414.439 359.747 236.987
internal_count=15954 3767 1355 977 12187 1069 11118 10686 9835 1986 7849 1678 1457 960
is_linear=0
shrinkage=0.02


Tree=136
num_leaves=15
num_cat=0
split_feature=3 20 24 19 43 28 30 6 3 6 43 46 44 46
split_gain=11.9902 9.1881 8.85595 6.82542 9.34321 8.38947 10.494 9.7075 10.4823 7.32004 7.46722 10.2766 8.15021 6.63196
threshold=-0.00025479444119305813 -0.75449715008506912 0.24746324382528093 -0.14052655212909063 0.13384010866365156 -2.894792896727775 -0.69557405884751511 -0.0029125685488931093 -0.0049081388094855518 -0.00073030070071485856 -0.011246533150775487 -1.0000000180025095e-35 0.3417471415668763 1.0000000180025095e-35
decision_type=2 2 2 2 2 2 2 2 2 2 2 2 2 2
left_child=3 -2 -3 5 13 -1 -7 8 -8 -9 11 -11 -13 -5
right_child=1 2 -4 4 -6 6 7 9 -10 10 -12 12 -14 -15
leaf_value=-0.0049708721035628001 -0.0050197403587350729 0.0044245807771285742 0.0007985904587688614 -0.0040631699460354923 0.0042266991022834113 0.0098002761846565072 0.0015451923016068256 0.0086989853228795298 -0.0087699436539387006 0.0089981309152893946 -0.0034275438643335287 0.0037423419596961556 -0.0056404978554970312 -0.00095119249855566681
leaf_weight=90.666309133172035 88.804313212633133 317.603296905756 1656.9528872668743 548.13353015482426 84.365145564079285 49.240499228239059 76.017056554555893 54.944677323102951 74.077808007597923 72.064276367425919 97.732245147228241 86.618348121643066 57.151277989149094 550.57041548192501
leaf_count=368 363 1305 6705 2224 340 202 309 224 301 296 398 354 232 2227
internal_value=5.83902e-05 0.00110413 0.00139153 -0.0011131 -0.00201858 0.000516617 0.00142853 0.000547655 -0.00366434 0.00228929 0.00104725 0.00310522 -5.17375e-05 -0.0025151
internal_weight=3904.94 2063.36 1974.56 1841.58 1183.07 658.512 567.846 518.606 150.095 368.511 313.566 215.834 143.77 1098.7
internal_count=15848 8373 8010 7475 4791 2684 2316 2114 610 1504 1280 882 586 4451
is_linear=0
shrinkage=0.02


Tree=137
num_leaves=15
num_cat=0
split_feature=41 12 26 5 16 28 43 19 7 16 30 19 5 5
split_gain=6.09112 10.3575 6.85891 6.798 6.87904 7.00038 6.83024 7.86718 5.92606 10.5051 5.56506 5.03401 7.4095 11.6568
threshold=0.46543807128157449 -0.15553180267903907 -1.460273459592953 -0.016769101167150437 0.0060583144891597279 0.96057491048356825 0.043565918006643299 0.24160020363111642 -0.0056379415389395037 0.010359237323758468 -0.37195710899485257 0.60238634693315796 0.0019824146205933424 0.0052374249416988336
decision_type=2 2 2 2 2 2 2 2 2 2 2 2 2 2
left_child=1 -1 -2 6 5 -5 7 10 9 -3 -4 -6 -13 -14
right_child=2 8 3 4 11 -7 -8 -9 -10 -11 -12 12 13 -15
leaf_value=-0.005489320169337366 -0.0066059135740612965 -0.008376141340307305 -0.00019808949004650054 -0.00035951410253448233 -0.00037499160782830784 0.0078807531858928852 0.0087543850859925637 -0.0049806994141953879 0.0031439027501954844 0.0028183931485533365 0.0086376991149395062 -0.0052280468863887706 0.0073523764213916142 -0.00315970621338678
leaf_weight=70.646165668964386 64.153562605381012 49.171086668968201 59.840265363454819 88.242722302675247 2249.8891309499741 71.739339083433151 57.138607308268547 54.704094871878624 594.76263035833836 83.588264524936676 49.086224973201752 219.62200298905373 56.739259123802185 128.306136906147
leaf_count=287 260 200 245 357 9129 290 232 220 2422 341 203 885 229 522
internal_value=2.42086e-05 0.00157661 -0.000377458 -0.000235168 -0.000502187 0.00346245 0.00310473 0.000930841 0.00229553 -0.00148134 0.00398798 -0.000747184 -0.00278668 0.00017218
internal_weight=3897.63 798.168 3099.46 3035.31 2814.54 159.982 220.769 163.631 727.522 132.759 108.926 2654.56 404.667 185.045
internal_count=15822 3250 12572 12312 11412 647 900 668 2963 541 448 10765 1636 751
is_linear=0
shrinkage=0.02


Tree=138
num_leaves=15
num_cat=0
split_feature=0 20 21 24 2 44 17 16 29 29 2 4 5 43
split_gain=6.55065 7.64298 6.72551 6.72871 7.15941 6.64984 6.9385 12.7727 7.73396 6.52113 5.6658 5.96812 7.07225 5.65251
threshold=-0.0012545077833534953 -0.11244074298254793 0.69541650573104496 0.37435373963018642 -0.00054821394692556485 0.61464008847595353 0.47875339719494464 0.012256386087351375 -6.9359382412815487 7.3145933676870829 -0.0038909302143938732 -0.0034687990081944697 -0.003015843018960651 -0.11129648121015349
decision_type=2 2 2 2 2 2 2 2 2 2 2 2 2 2
left_child=1 5 3 4 -2 6 7 -1 -8 10 11 -10 -13 -12
right_child=2 -3 -4 -5 -6 -7 8 -9 9 -11 13 12 -14 -15
leaf_value=0.0029590338212710154 -0.00021408712135600328 0.0079289548717998912 0.0040626879010334663 -0.00056474326080341948 -0.0099441011848478787 -0.0014059834376895775 -0.0044576145807839361 -0.007048337358231337 0.010429882139950638 -0.003638704238836772 -0.0031963908727604962 0.0089680473645096723 0.00021225918560483517 0.0028528830138511902
leaf_weight=103.28244556486607 57.070417776703835 57.675416335463524 113.3172902315855 2083.7599655836821 59.907368540763855 400.3848063647747 59.042599335312843 92.03781495988369 73.474473476409912 55.333613157272339 65.689118549227715 53.657441884279251 100.15751470625401 528.658486738801
leaf_count=420 231 234 461 8419 242 1631 240 374 302 227 269 222 409 2164
internal_value=9.31639e-05 0.0010799 -0.000585437 -0.000833439 -0.00540044 0.000797047 0.00157947 -0.00181481 0.00229364 0.00277087 0.00322192 0.00588422 0.00345284 0.00216321
internal_weight=3903.45 1589.39 2314.06 2200.74 116.978 1531.72 1131.33 195.32 936.013 876.971 821.637 227.289 153.815 594.348
internal_count=15845 6492 9353 8892 473 6258 4627 794 3833 3593 3366 933 631 2433
is_linear=0
shrinkage=0.02


Tree=139
num_leaves=15
num_cat=0
split_feature=5 15 26 11 23 36 40 41 7 5 11 0 28 22
split_gain=6.55467 6.84887 8.14016 13.1276 11.4601 10.4877 14.0472 9.22571 8.93669 11.2451 7.90038 8.02278 7.61985 6.75225
threshold=-0.026821606554241633 0.018283200128582495 0.052732260538796351 -0.064161506547748368 2.2040441880729538 0.078441925682060348 1.475407079506007 0.43204952864602769 -0.0022063958553015079 -0.002753654230507802 -0.0073792795268026222 -0.0026745536343215737 -2.677727652322639 0.16553736815234035
decision_type=2 2 2 2 2 2 2 2 2 2 2 2 2 2
left_child=-1 2 4 -4 5 8 -7 -5 9 -2 11 -11 -3 -9
right_child=1 12 3 7 -6 6 -8 13 -10 10 -12 -13 -14 -15
leaf_value=0.0046658865534807787 -0.0069357363853558077 -0.0091892665631675783 -0.0097088095805143299 0.0065459923579313118 -0.006526148031655187 0.0062912135117608849 -0.0020686257961348041 0.0012325918277322247 0.0019281196072452181 -0.0015383239424200243 -0.0030294777860389887 0.0080119299449660751 -0.0012736598315008568 -0.0015994894088682318
leaf_weight=120.01953974366188 113.69663840532303 49.648054540157318 56.593004167079926 70.138658091425896 65.961499273777008 332.75512853264809 102.79909586906433 506.2149558365345 753.54462695121765 61.129970356822014 127.79090975224972 73.735820695757866 468.87660166621208 983.83254952728748
leaf_count=492 463 201 230 284 266 1359 418 2047 3064 249 519 298 1906 3984
internal_value=0.000160561 1.10123e-05 0.000352659 -0.000652151 0.00134741 0.00169889 0.00431705 -0.000293672 0.000675061 -0.00182623 0.000473776 0.00378289 -0.00211209 -0.00063644
internal_weight=3886.74 3766.72 3248.19 1616.78 1631.41 1565.45 435.554 1560.19 1129.9 376.353 262.657 134.866 518.525 1490.05
internal_count=15780 15288 13181 6545 6636 6370 1777 6315 4593 1529 1066 547 2107 6031
is_linear=0
shrinkage=0.02


Tree=140
num_leaves=15
num_cat=0
split_feature=8 5 5 24 10 26 8 38 45 42 42 39 14 12
split_gain=6.3334 8.52174 7.37566 7.32111 8.3364 7.6411 8.90083 8.34916 10.8797 8.05946 8.14386 7.98434 14.9268 8.7367
threshold=0.032935924656429964 0.0092249731562111439 -0.025378579712341257 0.19745629128311984 0.047754008953213911 -1.460273459592953 0.0061190235136718779 5.385105656845341 0.85127104434936618 0.48787063542769199 0.47345216708121657 -0.13121463495218469 0.010833765735150559 0.029773761677728171
decision_type=2 2 2 2 2 2 2 2 2 2 2 2 2 2
left_child=2 -2 -1 4 -4 -5 7 8 9 10 -7 -8 -13 -14
right_child=1 -3 3 5 -6 6 11 -9 -10 -11 -12 12 13 -15
leaf_value=0.0047398282559977965 0.004654066266915227 -0.0023574086264711055 0.00094991300966555854 -0.0069655803143605088 0.0091113439185208783 -0.00039191530301093671 -0.0037586271142093638 -0.0011703032077835442 0.0095313414983943384 -0.00064545030873007633 0.0053995860977320001 0.0032613034696826531 -0.0091332984127342458 -0.0002116358922984419
leaf_weight=113.9002423286438 241.58863680064678 92.882583901286125 496.20171318948269 71.520762160420418 50.909621819853783 161.06550066173077 528.32439284026623 894.54866668581963 58.025002345442772 543.43311789631844 237.20717270672321 231.19825738668442 78.305335998535156 93.344982042908669
leaf_count=467 979 377 2030 289 210 653 2142 3629 235 2203 962 932 318 378
internal_value=9.07651e-05 0.00270094 -0.000158052 -0.000326668 0.00178498 -0.000727854 -0.000557933 0.000229938 0.00148245 0.00093878 0.00308162 -0.00215336 -2.78329e-05 -0.00442493
internal_weight=3892.46 334.471 3557.98 3444.08 547.111 2896.97 2825.45 1894.28 999.731 941.706 398.273 931.173 402.849 171.65
internal_count=15804 1356 14448 13981 2240 11741 11452 7682 4053 3818 1615 3770 1628 696
is_linear=0
shrinkage=0.02


Tree=141
num_leaves=15
num_cat=0
split_feature=5 3 42 8 47 35 24 41 33 36 13 17 2 15
split_gain=9.27224 8.26456 11.3122 6.85944 7.3608 8.35846 8.02218 8.9472 8.63859 7.13234 7.64155 8.85337 7.27039 6.75933
threshold=0.01072818815406474 0.011262560776572497 0.55099940317719487 0.00012971437702986968 1.0000000180025095e-35 1.1396679825995357 0.22154106358618147 0.50949552880290649 74.991296229775458 0.04790825725353056 0.0042180283082528395 0.68053020712232659 0.0096788099513127144 0.013745835149478735
decision_type=2 2 2 2 2 2 2 2 2 2 2 2 2 2
left_child=1 2 3 -1 6 9 -5 -8 -9 10 -6 -12 -11 -14
right_child=-2 -3 -4 4 5 -7 7 8 -10 12 11 -13 13 -15
leaf_value=0.0013975208007976543 -0.0022021406644399683 0.0034180826542170323 -0.0078077050343626298 0.0078251339241282528 -0.0045115046012727958 0.005338299154075795 -0.0019091026865309302 0.0045834644687917994 -0.0037170417177343124 -0.0063538328936691337 0.0078538074439284938 -0.0012878194423640774 -0.0045366921750484117 0.0047841503200555325
leaf_weight=1562.1113778650761 516.19182060658932 381.08825591206551 62.174453794956207 56.269297733902931 96.350149348378181 52.388933852314949 346.42638611793518 228.04958885908127 59.832109123468399 248.02271328866482 65.723809957504272 102.83359618484974 63.032787680625916 52.374689787626266
leaf_count=6355 2097 1555 252 230 389 211 1400 921 241 1005 266 416 256 213
internal_value=0.000281471 0.000663835 0.000308338 0.000493352 -0.000537961 -0.00200681 0.000913949 0.000244455 0.00282432 -0.00265653 -0.000150647 0.00240025 -0.00445625 -0.000283659
internal_weight=3892.87 3376.68 2995.59 2933.42 1371.3 680.727 690.577 634.308 287.882 628.338 264.908 168.557 363.43 115.407
internal_count=15807 13710 12155 11903 5548 2756 2792 2562 1162 2545 1071 682 1474 469
is_linear=0
shrinkage=0.02


Tree=142
num_leaves=15
num_cat=0
split_feature=8 12 23 35 45 35 1 1 18 30 2 12 12 25
split_gain=5.10534 9.59973 10.3429 9.61992 9.29975 7.71317 10.4715 9.28654 9.2753 8.67228 7.41407 7.2549 12.0063 9.12004
threshold=0.00095262415136305784 0.019682553426473456 0.50319417669112154 0.9102807666385262 1.3207365975070369 -0.72464750470846617 -0.0039929981468095005 -0.016760957384685488 0.016417638788654317 -0.83657399723324333 0.0051209179542404453 -0.085306738294260651 -0.01936735558359506 1.5000000000000002
decision_type=2 2 2 2 2 2 2 2 2 2 2 2 2 2
left_child=5 -2 -3 4 -4 6 7 -1 -8 -7 -5 -11 -13 -14
right_child=1 2 3 10 -6 9 8 -9 -10 11 -12 12 13 -15
leaf_value=-0.0027428022125516142 -0.0021787162675080312 0.0068733522103643831 0.00025578604916219957 0.0065263342206319241 -0.004926013366637865 0.0068541812309973506 -0.0079500454995849543 0.0043399268860199068 -0.00014956109896426667 -0.002179417290958567 -0.00034586695057260973 0.0055113445712281295 0.0013623786900970405 -0.0046181373914887906
leaf_weight=128.31890247762203 926.47148717939854 91.345564618706703 465.06898148357868 128.99130430817604 192.04368813335896 105.80611270666122 128.05775938928127 162.29559056460857 112.91095006465912 229.82239927351475 117.27848601341248 249.68141852319241 769.11254072189331 112.53459957242012
leaf_count=522 3757 370 1886 520 780 430 519 661 459 933 474 1015 3134 456
internal_value=1.59768e-05 -0.000719249 0.000644169 -2.00607e-05 -0.00128438 0.000722782 -0.00133263 0.0012191 -0.0043723 0.0014696 0.0033119 0.00102749 0.00168567 0.00057728
internal_weight=3919.74 1921.2 994.728 903.382 657.113 1998.54 531.583 290.614 240.969 1466.96 246.27 1361.15 1131.33 881.647
internal_count=15916 7787 4030 3660 2666 8129 2161 1183 978 5968 994 5538 4605 3590
is_linear=0
shrinkage=0.02


Tree=143
num_leaves=15
num_cat=0
split_feature=24 10 31 39 42 2 16 7 7 7 19 42 11 42
split_gain=7.45132 7.39686 13.5729 8.08807 7.93343 6.6344 8.83547 10.0387 13.3962 11.6828 9.92049 8.58228 8.44549 10.3197
threshold=0.43597986296644581 -0.038996715063432573 -0.61456242193101385 -1.080985797213444 0.48826507216820775 -0.0028330121072027425 0.018895502859578219 -0.0067858478804976108 0.0019220285920864783 -0.0092188343695591233 -0.17990369069820369 0.50001969327703588 0.007192970197344631 0.48315579841461137
decision_type=2 2 2 2 2 2 2 2 2 2 2 2 2 2
left_child=-1 2 4 -3 -2 12 7 9 10 -7 -9 -8 13 -5
right_child=1 3 -4 5 -6 6 11 8 -10 -11 -12 -13 -14 -15
leaf_value=0.00099419051104688151 0.0036126886025718021 -0.0060860912285780212 -0.0088621503068321526 -0.0047535299396103811 -0.0039809527343651167 -0.00044389486076623803 0.010543279801538812 -0.0050325081668398663 -0.0014492936008301202 -0.010927540756469995 0.0039566915921112958 0.00018279794260225922 -0.0039997928199908932 0.0034183142571782101
leaf_weight=1524.1684645861387 97.446932524442673 88.53986069560051 117.2775764465332 86.766909658908844 113.99859280884266 124.50363689661026 63.445700854063034 50.161656185984612 486.36331857740879 59.926753267645836 496.4204980880022 60.369306161999702 319.45691154897213 184.79112248122692
leaf_count=6230 393 358 475 350 461 504 257 203 1967 242 2003 245 1292 747
internal_value=-9.29783e-05 -0.00079887 -0.00355762 -0.000342418 -0.00047873 -6.41959e-05 0.000713755 0.000185916 0.000957888 -0.00404885 0.00309358 0.00569492 -0.00182078 0.000768551
internal_weight=3873.64 2349.47 328.723 2020.75 211.446 1932.21 1341.19 1217.38 1032.95 184.43 546.582 123.815 591.015 271.558
internal_count=15727 9497 1329 8168 854 7810 5421 4919 4173 746 2206 502 2389 1097
is_linear=0
shrinkage=0.02


Tree=144
num_leaves=15
num_cat=0
split_feature=41 13 21 1 13 36 21 46 21 21 30 23 23 22
split_gain=7.5385 8.35081 11.8727 8.93308 9.45239 8.61155 8.43248 8.07798 14.236 8.31975 7.64747 8.06425 10.0373 7.56147
threshold=0.46543807128157449 0.01484207545326066 0.0369159411184058 0.0060204602901320287 0.0064193483316869575 0.066542352310237418 0.70467141535858968 1.0000000180025095e-35 0.25247506979987827 0.30455665767918677 0.73281738988027956 0.50808035585954026 0.88915889220280642 0.39194934367852802
decision_type=2 2 2 2 2 2 2 2 2 2 2 2 2 2
left_child=10 3 -3 6 -5 -4 -2 8 -6 -9 11 -1 -13 -14
right_child=1 2 5 4 7 -7 -8 9 -10 -11 -12 12 13 -15
leaf_value=0.0060244419923101127 -0.0006973221568274396 -0.0066764788803989148 0.0093548976978129767 -0.0092786697063375612 0.0014963241779561334 0.0014408299684794737 0.0065103631227509439 -0.0029201185221577816 -0.0092358132928781339 0.0057806122042873441 0.0063267443837780124 -0.0029862373662236609 0.0042491077957532708 -0.0023408171044093681
leaf_weight=98.197257980704308 1842.502509996295 62.041058853268623 55.677118271589279 87.735207557678223 82.836011335253716 627.20798024535179 62.311979591846466 90.065731391310692 113.29080209136009 77.064511954784393 117.00703144073486 254.11250382661819 226.37502984702587 95.855168700218201
leaf_count=399 7470 252 226 355 337 2552 254 365 460 312 478 1036 924 388
internal_value=-1.97597e-05 -0.000464916 0.00137471 -0.0010483 -0.00356313 0.00214939 -0.000445111 -0.00207545 -0.00477848 0.0011432 0.00171603 0.000875575 -4.59583e-05 0.00228296
internal_weight=3892.28 3100.73 744.926 2355.81 450.992 682.885 1904.81 363.257 196.127 167.13 791.547 674.54 576.343 322.23
internal_count=15808 12583 3030 9553 1829 2778 7724 1474 797 677 3225 2747 2348 1312
is_linear=0
shrinkage=0.02


Tree=145
num_leaves=15
num_cat=0
split_feature=24 26 48 40 4 36 39 20 31 45 45 33 45 8
split_gain=6.1362 9.67716 9.28683 13.7324 9.18495 6.67169 7.22256 5.95074 5.6583 5.6243 10.2487 7.84594 7.39246 7.15373
threshold=0.3106140705285903 -1.4042461367309811 -0.8783796973249266 1.1501910746351198 0.006276713319875794 0.080845963200593701 0.9769326856229964 -0.46735728105168761 0.18157973695521665 -0.51400332730851706 -0.20918102425091914 49.273137275941799 0.39767993663126772 -0.0059557057907449204
decision_type=2 2 2 2 2 2 2 2 2 2 2 2 2 2
left_child=2 -2 -1 4 -4 6 -5 -7 -6 -3 -11 -12 -13 -14
right_child=1 9 3 5 8 7 -8 -9 -10 10 11 12 13 -15
leaf_value=0.0060372176371146103 -0.0083052752618470865 0.0012219982172752481 -0.002372406275648348 0.0044345316009364701 -0.00020700499858050393 0.010040008234547608 -0.0048546287554109488 0.0018862297106576735 0.0083234115187971833 -0.0045567979851065636 0.0035772435346786082 -0.0031266689136724983 0.005396287654199603 -0.00042641775291276654
leaf_weight=136.72583912312984 57.425417482852936 688.44721578061581 491.8775337934494 78.759493842720985 67.496107324957848 90.65851391851902 50.862362131476402 61.639961957931519 52.314055576920509 256.97593112289906 180.28300729393959 396.71052218973637 85.781907945871353 1195.6105397045612
leaf_count=566 232 2789 2008 324 276 373 206 254 215 1039 730 1605 348 4840
internal_value=-3.97531e-05 -0.000516402 0.00128 0.000522586 -0.00116226 0.00413478 0.000744627 0.00690477 0.00370195 -0.000342376 -0.000853185 -0.0003302 -0.000759367 -1.71614e-05
internal_weight=3891.57 2861.23 1030.33 893.608 611.688 281.92 129.622 152.298 119.81 2803.81 2115.36 1858.39 1678.1 1281.39
internal_count=15805 11583 4222 3656 2499 1157 530 627 491 11351 8562 7523 6793 5188
is_linear=0
shrinkage=0.02


Tree=146
num_leaves=15
num_cat=0
split_feature=4 19 8 35 8 20 7 45 7 9 6 15 11 42
split_gain=5.99431 13.3307 9.93946 6.86367 9.28492 10.0198 11.6157 11.5156 8.81971 8.71934 8.51048 9.61182 8.41135 7.85997
threshold=-0.0097338198866229811 0.60238634693315796 -0.03766611282504418 0.92588223223000543 0.0055607183147313903 -0.46735728105168761 0.0081833019507570205 0.15778224510957312 0.0043429847168334765 0.017376859982343573 -0.01749278525466182 0.016539456582763869 -0.0050974888281301962 0.48787063542769199
decision_type=2 2 2 2 2 2 2 2 2 2 2 2 2 2
left_child=1 2 -1 4 8 -6 7 -7 10 -9 -2 -12 -11 -13
right_child=3 -3 -4 -5 5 6 -8 9 -10 12 11 13 -14 -15
leaf_value=-0.0044450993813304482 0.0055760512318700417 -0.0061726807932081882 0.0042586909577842589 0.0024684340257384355 0.0040278941019376837 -0.0066468513310833314 -0.0080226560585631625 0.0021390840647753672 0.0022456818948383525 0.0033197296526673099 -0.0004297589303472132 0.00038171130063983504 -0.0051964142840622927 -0.008904276758753547
leaf_weight=55.882481440901756 78.545219570398331 65.156021147966385 413.12670110166073 324.19692119956017 85.882652372121811 146.99767749011517 145.25851702690125 262.35891143977642 575.20951330661774 58.063846603035927 1333.991342663765 55.765098854899406 180.11030395328999 98.198943570256233
leaf_count=227 319 264 1683 1309 352 595 590 1061 2344 236 5416 227 731 399
internal_value=4.03959e-05 0.00199752 0.00318568 -0.000274693 -0.000572723 -0.00229765 -0.00300384 -0.00182514 0.000138658 -0.000357349 -0.000639712 -0.000985402 -0.00309472 -0.00563472
internal_weight=3878.74 534.165 469.009 3344.58 3020.38 878.672 792.789 647.531 2141.71 500.533 1566.5 1487.96 238.174 153.964
internal_count=15753 2174 1910 13579 12270 3565 3213 2623 8705 2028 6361 6042 967 626
is_linear=0
shrinkage=0.02


Tree=147
num_leaves=15
num_cat=0
split_feature=3 45 16 35 37 4 15 14 40 40 30 29 4 9
split_gain=8.45324 6.62161 6.32664 6.08212 5.93368 7.57769 7.15948 12.1233 8.82655 8.29419 7.90644 9.52248 9.17601 7.76858
threshold=-0.00025479444119305813 1.5003003656856546 0.033691372635738542 0.68140356270944402 1.7209509190938388 0.0076017474711908171 0.018712088319153934 0.011235971640881083 1.365945928035768 0.77324023981830214 0.060080462410081546 -2.3086484273395187 -0.0014552292487942031 -0.014063452595324337
decision_type=2 2 2 2 2 2 2 2 2 2 2 2 2 2
left_child=1 3 -2 4 5 -1 7 8 -6 -8 11 13 -13 -9
right_child=2 -3 -4 -5 6 -7 9 10 -10 -11 -12 12 -14 -15
leaf_value=-0.0068685399261305602 0.00074501634963686128 -0.0046620774749749098 0.007091314738764177 0.0044394630365042244 -0.00043030575798344047 0.0021908015261767905 -0.0097187269710982838 0.0078278079928692252 -0.0071750413570026549 -0.0011977599740687715 0.0083208701887050127 -0.0085339614660631131 0.0018325727462787725 -0.001130702949660524
leaf_weight=122.25184628367424 1997.8830211758614 166.4668193757534 59.986965298652649 88.088345482945442 718.29970993101597 49.21409983932972 59.420507311820984 105.37660022079945 82.124542310833931 163.25007812678814 85.687604337930679 52.176446214318275 81.408411830663681 57.889824211597443
leaf_count=496 8115 676 244 357 2915 200 241 428 333 663 350 213 332 236
internal_value=6.81897e-05 -0.000918767 0.000946751 -0.000531716 -0.000822532 -0.00427993 -0.000387107 0.000236996 -0.00116257 -0.00363511 0.00314267 0.00153488 -0.00237827 0.00471215
internal_weight=3889.52 1831.65 2057.87 1665.19 1577.1 171.466 1405.63 1182.96 800.424 222.671 382.539 296.851 133.585 163.266
internal_count=15799 7440 8359 6764 6407 696 5711 4807 3248 904 1559 1209 545 664
is_linear=0
shrinkage=0.02


Tree=148
num_leaves=15
num_cat=0
split_feature=16 16 26 47 33 35 4 4 29 12 2 9 1 23
split_gain=7.84056 5.98592 6.4619 12.2461 7.90158 6.71884 6.9521 12.1839 7.17855 6.74486 7.6632 6.27999 6.17619 6.55429
threshold=0.035737114658620679 0.027774382593338996 0.38382327357743484 0.75000000000000011 83.95068575830301 -1.01450721233788 -0.0097338198866229811 -0.0082746451718219739 -5.332922791105557 -0.016139778385490119 0.0019213404940400882 0.024027843805859535 0.0051212903036007658 0.93532743090779225
decision_type=2 2 2 2 2 2 2 2 2 2 2 2 2 2
left_child=1 2 5 4 -4 -1 8 -8 -7 -10 -11 12 -9 -14
right_child=-2 -3 3 -5 -6 6 7 11 9 10 -12 -13 13 -15
leaf_value=-0.0030016034537791222 0.0055043684005015364 -0.005673461878601317 -0.0011433217173516957 -0.0061262389139432353 0.0046785562749488661 -0.0026307189538089738 -0.00836611438065645 0.00071265289222962539 0.0079703540707729854 -0.0017746814870157721 0.0063658629024103087 0.0048853030742394979 -0.0046488344313721014 0.0015107325845557973
leaf_weight=209.72985936701298 91.663290113210678 75.094981536269188 813.01637102663517 180.1513345092535 100.29087041318417 65.929401874542236 58.889381498098373 1582.8646690696478 124.70483393967152 99.43081396818161 78.893758818507195 117.96368108689785 185.82698951661587 105.22736597061157
leaf_count=851 373 305 3295 732 405 268 239 6433 507 405 322 480 755 428
internal_value=-0.000120852 -0.000263672 -0.000147088 -0.00143558 -0.000482025 0.000390439 0.000690027 0.00023213 0.00319801 0.00448827 0.00190223 0.000506646 0.000218741 -0.00243401
internal_weight=3889.68 3798.01 3722.92 1093.46 913.307 2629.46 2419.73 2050.77 368.959 303.029 178.325 1991.88 1873.92 291.054
internal_count=15798 15425 15120 4432 3700 10688 9837 8335 1502 1234 727 8096 7616 1183
is_linear=0
shrinkage=0.02


Tree=149
num_leaves=15
num_cat=0
split_feature=12 5 30 40 34 43 43 39 5 41 2 30 44 14
split_gain=8.03921 6.43221 8.21634 10.5975 8.26194 7.14785 13.0973 9.58229 8.15001 8.06119 7.30455 10.1408 6.98386 6.15149
threshold=0.32392895934962745 0.01072818815406474 -0.19872078458281792 0.45272227520613578 43.603829593504436 0.053612941005586355 0.037102672604063559 -0.47938669645909116 -0.0030930335719607364 0.47631049821555577 0.002131150945062684 -0.43633377257858125 -0.80053533412160882 0.015368040960085661
decision_type=2 2 2 2 2 2 2 2 2 2 2 2 2 2
left_child=1 2 3 -1 -4 6 7 9 -7 -5 11 -11 -3 -6
right_child=-2 12 4 5 13 8 -8 -9 -10 10 -12 -13 -14 -15
leaf_value=-0.0073923428440072127 0.0057164378267602371 0.0034723186862227018 0.0071985559343610249 0.0068117253130178176 0.00026869687919110112 0.0076868576404586463 -0.0094249925389274462 -0.0020190413494195572 -0.00077690035087155747 0.001595850060353462 0.0048790092043718772 -0.008728477927103977 -0.0032341130296687191 0.0033780162719199364
leaf_weight=91.952998965978622 92.77665764093399 68.802949786186218 77.889270216226578 99.052246570587158 1657.6557307690382 79.549015209078789 66.385025128722191 607.08189807832241 96.769387155771255 94.903381854295731 78.55795331299305 57.178571343421936 410.28589399158955 295.91589605808258
leaf_count=373 377 280 318 404 6727 322 269 2468 392 385 319 232 1668 1207
internal_value=5.43163e-05 -9.19467e-05 0.000223288 -0.00103517 0.00101153 -0.000510443 -0.00116595 -0.000533734 0.00314834 0.00219056 0.000103491 -0.00244009 -0.00224507 0.0007471
internal_weight=3874.76 3781.98 3302.89 1271.43 2031.46 1179.48 1003.16 936.774 176.318 329.692 230.64 152.082 479.089 1953.57
internal_count=15741 15364 13416 5164 8252 4791 4077 3808 714 1340 936 617 1948 7934
is_linear=0
shrinkage=0.02


Tree=150
num_leaves=15
num_cat=0
split_feature=8 8 24 23 3 20 7 31 37 2 31 45 2 20
split_gain=7.71182 8.43375 8.36936 8.75792 8.07711 10.0239 10.1756 12.5163 8.17658 7.19816 10.4852 13.6275 8.14536 10.4212
threshold=0.032935924656429964 0.0061190235136718779 0.19388606500389707 1.7753527927484989 -0.00025479444119305813 -0.75449715008506912 0.0050033340789812685 -0.58065991776958026 1.7209509190938388 0.00063494623643692402 0.30981336833294454 -1.1926850777143414 -0.00060999411259466242 -0.52568996316026539
decision_type=2 2 2 2 2 2 2 2 2 2 2 2 2 2
left_child=1 4 -3 -4 8 -6 7 -7 -1 12 11 -11 13 -10
right_child=-2 2 3 -5 5 6 -8 -9 9 10 -12 -13 -14 -15
leaf_value=-0.0045428829924065491 0.0028409348226535415 0.0039972430194594299 -0.0029215351128075127 0.0041161564416474297 -0.005070055137835542 0.006286231864163389 0.00560490858234275 -0.00032973854086273675 0.0049630997595454546 0.0059463452615272916 0.006670037055334985 -0.0019534766020009474 -0.006397008031774295 -0.0017220661718355913
leaf_weight=185.12888917326927 327.60969045758247 85.546839758753777 894.86470621824265 72.431428119540215 78.076380759477615 136.9583400785923 251.1712491363287 586.51484808325768 109.02739256620407 113.65846191346645 121.41091085970402 326.00981675088406 106.18202742934227 508.30200238525867
leaf_count=752 1329 350 3629 291 319 557 1026 2383 445 463 495 1323 431 2061
internal_value=-7.22385e-05 -0.000342773 -0.00184179 -0.00237609 0.000285311 0.00161853 0.00217748 0.000957259 -0.000671888 -9.85687e-05 0.00159365 0.000132603 -0.0014128 -0.000511001
internal_weight=3902.89 3575.28 1052.84 967.296 2522.44 1052.72 974.644 723.473 1469.72 1284.59 561.079 439.668 723.511 617.329
internal_count=15854 14525 4270 3920 10255 4285 3966 2940 5970 5218 2281 1786 2937 2506
is_linear=0
shrinkage=0.02


Tree=151
num_leaves=15
num_cat=0
split_feature=5 13 2 3 15 40 9 12 19 24 13 1 24 10
split_gain=6.51813 10.6607 7.08761 6.58509 8.4317 8.62748 6.73717 12.006 8.05402 7.63722 8.70348 7.85069 7.59712 9.48549
threshold=0.0051250890369848928 0.006178662215832389 -0.015147314235917054 0.011262560776572497 0.020206765414170529 0.78733557717568203 0.033987963043748314 0.12754546156129379 -0.80177242980264529 0.43597986296644581 0.0064193483316869575 -0.0027546053385901878 0.47371069049157016 -0.038996715063432573
decision_type=2 2 2 2 2 2 2 2 2 2 2 2 2 2
left_child=3 -2 -3 4 6 -6 8 -8 -1 10 11 -10 -11 -14
right_child=1 2 -4 -5 5 -7 7 -9 9 12 -12 -13 13 -15
leaf_value=-0.0030331436820456321 -0.0067652606394816781 -0.0055733752914391898 0.00010882630453703917 0.0031818948643523833 -0.010020714652555614 -0.00096121289602420722 -0.0075844904815578719 0.0040454555855482131 0.0068512048323571733 -0.0052584604703617959 0.0048263816634841732 -0.00099049163888361271 -0.0037609575582812833 0.0013667534401660113
leaf_weight=195.60153757035732 122.0061359256506 94.299305319786072 757.1435794532299 326.47071824967861 56.190618023276329 138.39220085740089 96.077616661787033 50.81766639649868 57.354145258665085 88.018905714154243 388.65842075645924 277.59780368208885 162.15501657128334 1055.0580674260855
leaf_count=796 495 383 3077 1334 228 562 389 206 237 357 1604 1129 655 4256
internal_value=5.24401e-05 -0.00135901 -0.000549355 0.000528996 0.000185927 -0.00376287 0.000517185 -0.00356044 0.00079384 0.00116935 0.00280978 0.000433268 0.000252657 0.000671057
internal_weight=3865.84 973.449 851.443 2892.39 2565.92 194.583 2371.34 146.895 2224.44 2028.84 723.61 334.952 1305.23 1217.21
internal_count=15708 3955 3460 11753 10419 790 9629 595 9034 8238 2970 1366 5268 4911
is_linear=0
shrinkage=0.02


Tree=152
num_leaves=15
num_cat=0
split_feature=28 45 35 26 26 25 6 0 40 20 8 0 0 3
split_gain=6.85222 7.19821 10.3078 9.38566 8.11333 7.10284 6.52162 10.4984 6.83072 9.31298 7.18401 6.87249 8.79585 6.83391
threshold=3.9354851756024827 1.5003003656856546 0.9102807666385262 0.62983114777922211 1.0775518256349716 2.5000000000000004 -0.033561665072606349 0.023838986436907753 1.5018463975868166 -0.58775543381324746 -0.018393362962771595 -0.015692705022522031 -0.013203603615833158 -0.00019174461744138552
decision_type=2 2 2 2 2 2 2 2 2 2 2 2 2 2
left_child=1 2 6 -3 -5 -6 -1 8 11 -10 -11 -8 -13 -14
right_child=-2 3 -4 4 5 -7 7 -9 9 10 -12 12 13 -15
leaf_value=0.0058780042392534686 0.003860280267974124 0.004753112377002793 0.0077483411271582637 -0.0072212561155797616 0.002388701149972557 -0.0052940014035737929 -0.0029643921464368151 -0.0076928517846523315 0.0039910002868436788 -0.0010838294376770629 -0.0080773148122002241 0.0080483171815971481 -0.00051273025122638299 0.0015529681452988494
leaf_weight=71.465944275259972 185.22154076397419 55.371809557080269 67.162154138088226 150.02362364530563 105.33115690946579 80.645778894424438 213.74172405898571 64.993866458535194 61.054144710302353 121.60039553046227 112.03484576940536 59.049306601285934 1251.8539671897888 1302.988318502903
leaf_count=290 750 225 271 611 426 326 873 263 250 494 456 243 5087 5291
internal_value=0.000157915 -3.14989e-05 0.000271732 -0.00257932 -0.00383966 -0.000994155 0.000106008 -3.24156e-05 0.000139088 -0.00273256 -0.00453638 0.000442659 0.000726386 0.000541767
internal_weight=3902.54 3717.32 3325.94 391.372 336.001 185.977 3258.78 3187.32 3122.32 294.689 233.635 2827.63 2613.89 2554.84
internal_count=15856 15106 13518 1588 1363 752 13247 12957 12694 1200 950 11494 10621 10378
is_linear=0
shrinkage=0.02


Tree=153
num_leaves=15
num_cat=0
split_feature=5 35 45 45 34 5 32 45 44 32 42 2 45 47
split_gain=7.06976 6.30107 8.71396 9.2761 12.3349 8.65199 9.46029 7.91275 7.10542 6.74966 6.28361 6.18179 6.14233 8.24804
threshold=-0.026821606554241633 -0.94313375492630114 -0.5542320165912803 -0.13440235851063628 52.461306160077001 0.0017801711576679959 -0.13160273393801439 -0.34021849534149234 0.28793142987420478 0.011882615125072852 0.48744436677404873 -0.001525972957086903 -0.085597049218761337 1.0000000180025095e-35
decision_type=2 2 2 2 2 2 2 2 2 2 2 2 2 2
left_child=-1 8 5 4 7 6 -3 -4 -2 11 -10 -9 -5 -14
right_child=1 2 3 12 -6 -7 -8 9 10 -11 -12 -13 13 -15
leaf_value=0.0048329331495067622 0.001697304404797351 -0.001360117390491159 -0.001505553964900578 0.0062613766510710156 0.0038134323156799794 0.0050086854272163505 0.0040811181523684233 -0.0041434491797759255 -0.0018659336057760586 -0.0023900954123200059 -0.009425864321801378 -0.01394610265715185 0.0013071601062045804 -0.0011745282746962709
leaf_weight=120.11797232925892 87.071624040603638 351.10588397085667 209.09319485723972 60.717261150479317 88.659254506230354 260.34143894910812 194.51294815540314 49.330891311168671 105.98578007519245 78.795520901679993 74.257398292422295 66.32605043053627 1055.1755921393633 1077.8460277616978
leaf_count=493 355 1430 849 247 362 1059 794 200 430 320 300 269 4279 4378
internal_value=0.000155981 3.18196e-07 0.000228512 -0.000319522 -0.00278614 0.0020456 0.000599126 -0.004265 -0.00293002 -0.00712008 -0.00515086 -0.01011 0.000238985 5.33138e-05
internal_weight=3879.34 3759.22 3491.9 2685.94 492.205 805.96 545.619 403.546 267.315 194.452 180.243 115.657 2193.74 2133.02
internal_count=15765 15272 14187 10904 2000 3283 2224 1638 1085 789 730 469 8904 8657
is_linear=0
shrinkage=0.02


Tree=154
num_leaves=15
num_cat=0
split_feature=1 6 41 39 23 4 44 7 6 1 33 0 46 45
split_gain=7.64713 8.70105 7.75216 10.9043 9.66292 9.23503 13.762 12.1368 8.86049 8.36479 7.47316 7.24381 8.47465 10.7033
threshold=-0.0023752836595618936 -0.01749278525466182 0.46543807128157449 -0.0093936272440148776 0.51974748189673392 0.0060196479993124769 -0.059921312189493002 0.0012956986794383236 0.00038056855552254172 0.0062801040483150055 30.227693077594044 0.01926743585315616 1.0000000180025095e-35 0.39767993663126772
decision_type=2 2 2 2 2 2 2 2 2 2 2 2 2 2
left_child=1 -1 4 -4 -2 6 -5 -7 -6 -10 -8 12 -3 -14
right_child=2 11 3 5 8 7 10 -9 9 -11 -12 -13 13 -15
leaf_value=0.0066564262899919038 0.0071648667683406253 0.00297066457255791 -0.0021387918225765647 0.0088301541841019487 -0.0026736872118407781 0.0088704529284468446 -0.0083929797258541928 -0.00096883671334714345 0.00029292555789512287 0.0087368958794621539 -0.00062114623664390688 -0.0052608090617798624 -0.0020872355235190829 0.0039046976509237025
leaf_weight=110.16249248385429 99.719833865761757 583.45901773869991 1278.1403227746487 52.760614946484566 195.31235475838184 108.70986594259739 50.60586804151535 88.10260671377182 136.0480040460825 66.930718258023262 459.95187558233738 67.073619365692139 424.32649853825569 160.15181060135365
leaf_count=448 405 2378 5195 214 794 441 205 358 556 273 1862 271 1722 649
internal_value=0.000179444 0.00139559 -0.00046704 -0.00101376 0.00175841 0.000879575 -0.000431918 0.00455104 0.00033275 0.00322037 -0.00146541 0.000901372 0.00127618 -0.000426203
internal_weight=3881.46 1345.17 2536.28 2038.27 498.011 760.131 563.318 196.812 398.291 202.979 510.558 1235.01 1167.94 584.478
internal_count=15771 5468 10303 8275 2028 3080 2281 799 1623 829 2067 5020 4749 2371
is_linear=0
shrinkage=0.02


Tree=155
num_leaves=15
num_cat=0
split_feature=6 24 10 48 25 43 21 43 13 37 33 33 39 14
split_gain=6.06301 5.85935 9.59732 9.10956 7.63943 8.87291 6.85684 7.02117 6.76233 7.85912 6.69352 8.30916 10.5332 8.96287
threshold=-0.033561665072606349 0.36276976966835267 -0.038996715063432573 1.0000000180025095e-35 -1.4999999999999998 -0.070847829699959744 0.22639070760347443 -0.00083525296566257939 0.0044711467576863976 8.9506541804552295 67.840840928472559 38.363986778102728 0.81333361436628382 0.017831325884319179
decision_type=2 2 2 2 2 2 2 2 2 2 2 2 2 2
left_child=-1 3 6 8 5 -4 -3 -8 -2 -10 11 12 -5 -13
right_child=1 2 4 10 -6 -7 7 -9 9 -11 -12 13 -14 -15
leaf_value=0.0053765700126676983 -0.0018651754579302887 -0.0064197017767656794 -0.0034653300181666405 0.0047589335749680028 -0.00072364589355719945 0.0046610858295277925 0.0038278640552099497 -0.0043503490492029177 0.0044179902085728015 -0.0017532527061071546 0.005505591860125396 -0.0054423005734256817 -0.0046353678746043478 0.0036557183403680927
leaf_weight=74.1308284252882 116.98247988522053 184.12011501193047 66.577090084552765 127.27053521573544 1951.7477589845657 220.04907266795635 70.093793988227844 90.478077501058578 468.19232314825058 97.139395475387573 51.74585796892643 241.94893233478069 69.967964366078377 48.844552829861641
leaf_count=301 478 746 271 521 7893 895 284 366 1935 397 211 983 283 201
internal_value=-0.000103081 -0.00021675 -0.000756189 0.000921868 -0.000274166 0.00274644 -0.00383769 -0.00077256 0.00245006 0.00335153 -0.00101463 -0.00175479 0.00139421 -0.00387814
internal_weight=3879.29 3805.16 2583.07 1222.09 2238.37 286.626 344.692 160.572 682.314 565.332 539.778 488.032 197.238 290.793
internal_count=15765 15464 10455 5009 9059 1166 1396 650 2810 2332 2199 1988 804 1184
is_linear=0
shrinkage=0.02


Tree=156
num_leaves=15
num_cat=0
split_feature=47 23 30 5 22 6 44 2 22 30 33 47 36 12
split_gain=7.39813 11.1284 8.9193 9.99985 8.61102 7.65174 11.3888 8.40628 9.8244 8.3502 11.9881 7.53807 11.1223 11.0393
threshold=-0.5 1.1243000165475323 0.71013108612555997 -0.016162380337541145 0.44432511494456234 -0.0053922426242039483 0.27297068774557465 -0.00060999411259466242 0.49350848764738869 0.34959309297505464 47.693077218981152 -0.75000000000000011 0.084323899559801116 -0.06948421588074144
decision_type=2 2 2 2 2 2 2 2 2 2 2 2 2 2
left_child=1 2 3 -1 -5 6 7 -2 9 10 -9 12 -3 -13
right_child=5 11 -4 4 -6 -7 -8 8 -10 -11 -12 13 -14 -15
leaf_value=0.0095452291558497503 0.0058986258217495246 -0.0060230259481781631 0.0072888110831924972 0.0023825251220995088 -0.0027258850260931927 -0.0014298941091754084 -0.0035601238634060499 0.0012157659518307407 0.0077126038863641212 0.0048712087863104579 -0.010270928326651172 -0.0062929935682312652 0.0019455101302221726 0.0040828049496314019
leaf_weight=52.009517312049866 189.99658794701099 197.43402211368084 125.37402282655239 412.00352731347084 188.35758912563324 2009.9651787877083 146.29601761698723 73.748505264520645 50.433042272925377 49.738857567310333 64.897790268063545 49.40587329864502 104.11787468194962 163.5688042640686
leaf_count=214 772 798 512 1682 762 8165 593 301 204 202 264 201 423 666
internal_value=-0.00023126 0.00100193 0.00250515 0.00153737 0.000770533 -0.000848471 0.00117836 0.00281736 0.00029531 -0.00183846 -0.0043313 -0.00127254 -0.00328484 0.00158669
internal_weight=3877.35 1292.27 777.745 652.371 600.361 2585.08 575.111 428.815 238.818 188.385 138.646 514.527 301.552 212.975
internal_count=15759 5258 3170 2658 2444 10501 2336 1743 971 767 565 2088 1221 867
is_linear=0
shrinkage=0.02


Tree=157
num_leaves=15
num_cat=0
split_feature=8 16 5 40 16 2 31 10 42 6 38 18 22 26
split_gain=7.06878 7.72352 6.43164 8.29892 7.51187 9.23349 13.7526 7.29159 7.05581 10.7132 14.0867 10.1903 9.31058 10.5053
threshold=0.032935924656429964 0.027119732118157869 -0.022767891501884765 1.4886669141532998 0.0061148309604302413 -0.00099151909800398791 0.059051120311068982 -0.055934425574191433 0.48787063542769199 0.00012429589429968781 1.6225059614448893 0.0096231318568923748 0.16553736815234035 0.74750306156009083
decision_type=2 2 2 2 2 2 2 2 2 2 2 2 2 2
left_child=1 2 7 4 5 -4 -7 -1 9 10 -6 -12 -10 -14
right_child=-2 -3 3 -5 8 6 -8 -9 12 -11 11 -13 13 -15
leaf_value=-0.00096279782478828654 0.003031071325919542 -0.0046153902032207211 0.0097471696922073157 -0.0029448067041431903 0.0083314927726035656 -0.0053929711997201795 0.0068095144596823096 0.0089368705930755552 0.001612052185017645 0.0037114259753318279 -0.008622297392915727 -0.00042065475874690403 -0.0010649318348506789 -0.007893423569253058
leaf_weight=50.536783576011658 329.25865156948566 135.00659158825874 67.950165122747421 335.6309701949358 59.457978218793869 66.907779037952423 71.096325471997261 64.425081491470337 501.77260160446167 443.52950786054134 66.000632524490356 417.64662677049637 1173.7566826045513 92.898873224854469
leaf_count=207 1336 549 275 1364 242 271 288 265 2041 1806 267 1697 4767 378
internal_value=0.000250698 -1.13288e-05 0.000177354 1.18054e-05 0.000351336 0.00398873 0.000911739 0.00472627 7.26902e-05 0.00142365 -0.000461491 -0.00161666 -0.00068292 -0.00159481
internal_weight=3875.88 3546.62 3411.61 3296.65 2961.02 205.954 138.004 114.962 2755.06 986.635 543.105 483.647 1768.43 1266.66
internal_count=15753 14417 13868 13396 12032 834 559 472 11198 4012 2206 1964 7186 5145
is_linear=0
shrinkage=0.02


Tree=158
num_leaves=15
num_cat=0
split_feature=47 5 8 23 35 21 21 41 40 40 46 42 10 35
split_gain=7.96646 9.31405 7.72515 10.965 9.87205 9.02324 8.75652 6.93674 6.65404 6.74258 6.45714 6.35719 6.14677 6.02212
threshold=-0.5 -0.0037880342473453504 0.00037256071147588908 1.0064221512400229 0.30465902049074567 0.11210295166655072 0.18053788578846744 0.50738873272746643 0.78733557717568203 1.2351236004653512 1.0000000180025095e-35 0.55099940317719487 -0.0084523443905623885 -0.291436481885401
decision_type=2 2 2 2 2 2 2 2 2 2 2 2 2 2
left_child=1 7 3 4 13 -4 -7 -1 -8 -10 -5 -2 -12 -3
right_child=11 2 5 10 -6 6 8 -9 9 -11 12 -13 -14 -15
leaf_value=0.0017131731451348379 -0.00076259046712173599 0.0055616109945917334 -0.0073169733367937943 0.0024503927476061623 0.011858146565317173 0.0058518172279477263 -0.0059184136743154828 0.0076360898077751085 0.0030912042919834059 -0.0043365453927985218 -7.5831375200908225e-05 -0.007054955466316677 -0.0084763226392910521 -0.0012763586170548059
leaf_weight=239.99880434572697 2536.1130204051733 104.70762856304646 92.312299683690071 96.235314026474953 52.738885700702667 66.429712742567062 103.00833937525749 116.10233893990517 122.6708874553442 74.23085880279541 71.159709364175797 61.002483353018761 63.438329875469208 94.234099790453911
leaf_count=983 10302 428 375 393 215 269 418 471 497 301 288 248 257 384
internal_value=-0.000284879 0.000992593 -5.48029e-05 0.00170324 0.00455106 -0.00190274 -0.000458275 0.00372326 -0.00192899 0.000252938 -0.00143243 -0.000923661 -0.00419691 0.00237074
internal_weight=3894.38 1297.27 941.166 482.514 251.681 458.652 366.34 356.101 299.91 196.902 230.833 2597.12 134.598 198.942
internal_count=15829 5279 3825 1965 1027 1860 1485 1454 1216 798 938 10550 545 812
is_linear=0
shrinkage=0.02


Tree=159
num_leaves=15
num_cat=0
split_feature=21 6 10 21 21 32 28 40 0 41 28 41 30 32
split_gain=6.26711 6.9098 7.93777 9.79312 9.03032 8.34377 9.70598 9.70432 7.01385 8.68665 10.6442 8.06415 7.56992 7.41817
threshold=0.045027544342819005 -0.033561665072606349 -0.024264870975276711 0.28606780149204214 0.39170697666062465 0.037835017438572795 -1.4919584414567282 1.5018463975868166 -0.0042146786823478609 0.50076813015298749 2.8853083274419173 0.51333795894880663 0.86982939895772027 -0.17608310921950518
decision_type=2 2 2 2 2 2 2 2 2 2 2 2 2 2
left_child=-1 -2 3 5 -5 6 7 -3 -4 -10 11 -11 -12 -13
right_child=1 2 8 4 -6 -7 -8 -9 9 10 12 13 -14 -15
leaf_value=-0.002360248063294467 0.0063635595338070276 0.0027371818877810652 0.0027951635309193122 0.0049407591267909617 -0.0015523004658783504 -0.010735707348945833 -0.0063926215646224306 -0.0057662489059722797 -0.0011222495019080612 0.0052006222467299501 -0.0084409251028874331 -0.0054287357635312448 -0.00021976911056394291 0.0018333038534110644
leaf_weight=372.63519568741322 69.837978959083557 166.31734715402126 528.4669763892889 133.68895019590855 219.85188202559948 51.378192275762558 146.49451798200607 73.182327806949615 1000.4858631342649 279.24358734488487 56.257263123989105 57.662834420800209 167.81148019433022 557.51121985912323
leaf_count=1514 284 677 2171 545 897 209 596 297 4054 1131 227 233 679 2259
internal_value=8.81428e-05 0.000351197 0.000220014 -0.00153209 0.000937665 -0.00351649 -0.00243057 7.40614e-05 0.000745349 0.000228753 0.00143684 0.00241191 -0.00242306 0.00111432
internal_weight=3880.83 3508.19 3438.35 790.913 353.541 437.372 385.994 239.5 2647.44 2118.97 1118.49 894.418 224.069 615.174
internal_count=15773 14259 13975 3221 1442 1779 1570 974 10754 8583 4529 3623 906 2492
is_linear=0
shrinkage=0.02


Tree=160
num_leaves=15
num_cat=0
split_feature=2 7 10 39 3 44 43 1 41 16 31 20 6 16
split_gain=4.99148 6.06222 6.13673 5.61801 9.16552 5.0206 9.35509 7.2333 7.50158 7.09682 5.95945 6.55533 11.2844 5.84198
threshold=-0.011197308542953562 -0.018283008345801707 -0.064507341531777743 -1.080985797213444 0.0013629956359728667 -0.62873160646094217 -0.026350184317552167 0.0050033340789812685 0.49262411839477893 0.011848408316359907 0.52647952684246369 0.3884493386221326 0.0025110173716959019 0.0057875433699667994
decision_type=2 2 2 2 2 2 2 2 2 2 2 2 2 2
left_child=-1 2 -2 4 -3 6 9 8 -8 -5 11 12 -10 -7
right_child=1 3 -4 5 -6 13 7 -9 10 -11 -12 -13 -14 -15
leaf_value=-0.0019684711442880384 -0.0087550978185085108 -0.0070161538484397861 -0.00091233655100376348 0.0027833849087713696 0.0031115354725545887 0.0042631809012381675 -0.0021606735619071472 -0.0041132035177751476 0.0075515867746019935 0.010280798656898817 0.0083591350650333348 -0.002200399223644916 -0.0026581272192010542 -0.00010422661177422027
leaf_weight=458.4001886844635 51.121421009302139 91.921794876456261 143.01576246321201 158.40348902344704 52.95400682091713 124.90389536321163 144.3343688249588 101.7699963748455 120.10641315579414 73.377611324191093 66.797703519463539 99.859165653586388 63.042238861322403 2149.1547531187534
leaf_count=1865 208 374 583 644 215 505 586 414 487 299 271 404 256 8739
internal_value=-1.96959e-05 0.000242412 -0.00314551 0.000449524 -0.00333404 0.000631327 0.00196002 0.000618216 0.00162411 0.0053239 0.00319421 0.00185118 0.00406002 0.000144482
internal_weight=3899.16 3440.76 194.137 3246.63 144.876 3101.75 827.691 595.91 494.14 231.781 349.806 283.008 183.149 2274.06
internal_count=15850 13985 791 13194 589 12605 3361 2418 2004 943 1418 1147 743 9244
is_linear=0
shrinkage=0.02


end of trees

feature_importances:
ret_lag6=156
ret_lag2=114
close_pos=108
ret_lag4=84
range_atr=77
ret_lag7=74
ret_4=71
ema8_dist=67
upper_wick_frac=61
vol_z=58
body=56
taker_ratio_8=55
bb_pos=52
tod_sin=50
ret_1=49
ret_lag5=48
vol_rel_4=46
ret_lag8=45
vol_48=45
dist_low_96=45
taker_ratio=45
dow_sin=45
ret_lag3=42
ret_8=42
vol_ratio_8_96=40
taker_delta_z=38
ret_32=36
vol_96=36
body_frac=36
ret_16=34
vol_8=34
ema200_dist=34
vol_16=33
up_streak=32
tod_cos=31
ret_96=30
bb_width=30
vwap_dist=28
atr14_pct=27
dist_high_96=27
ema50_dist=26
lower_wick_frac=25
trades_z=25
rsi7=24
macd=22
ema8_20=20
macd_hist=20
rsi14=16
ema20_dist=8
dow_cos=7

parameters:
[boosting: gbdt]
[objective: binary]
[metric: binary_logloss]
[tree_learner: serial]
[device_type: cpu]
[data_sample_strategy: bagging]
[data: ]
[valid: ]
[num_iterations: 161]
[learning_rate: 0.02]
[num_leaves: 15]
[num_threads: 0]
[seed: 42]
[deterministic: 0]
[force_col_wise: 0]
[force_row_wise: 0]
[histogram_pool_size: -1]
[max_depth: -1]
[min_data_in_leaf: 200]
[min_sum_hessian_in_leaf: 0.001]
[bagging_fraction: 0.8]
[pos_bagging_fraction: 1]
[neg_bagging_fraction: 1]
[bagging_freq: 1]
[bagging_seed: 400]
[bagging_by_query: 0]
[feature_fraction: 0.7]
[feature_fraction_bynode: 1]
[feature_fraction_seed: 30056]
[extra_trees: 0]
[extra_seed: 12879]
[early_stopping_round: 0]
[early_stopping_min_delta: 0]
[first_metric_only: 0]
[max_delta_step: 0]
[lambda_l1: 0]
[lambda_l2: 5]
[linear_lambda: 0]
[min_gain_to_split: 0]
[drop_rate: 0.1]
[max_drop: 50]
[skip_drop: 0.5]
[xgboost_dart_mode: 0]
[uniform_drop: 0]
[drop_seed: 17869]
[top_rate: 0.2]
[other_rate: 0.1]
[min_data_per_group: 100]
[max_cat_threshold: 32]
[cat_l2: 10]
[cat_smooth: 10]
[max_cat_to_onehot: 4]
[top_k: 20]
[monotone_constraints: ]
[monotone_constraints_method: basic]
[monotone_penalty: 0]
[feature_contri: ]
[forcedsplits_filename: ]
[refit_decay_rate: 0.9]
[cegb_tradeoff: 1]
[cegb_penalty_split: 0]
[cegb_penalty_feature_lazy: ]
[cegb_penalty_feature_coupled: ]
[path_smooth: 0]
[interaction_constraints: ]
[verbosity: -1]
[saved_feature_importance_type: 0]
[use_quantized_grad: 0]
[num_grad_quant_bins: 4]
[quant_train_renew_leaf: 0]
[stochastic_rounding: 1]
[linear_tree: 0]
[max_bin: 255]
[max_bin_by_feature: ]
[min_data_in_bin: 3]
[bin_construct_sample_cnt: 200000]
[data_random_seed: 175]
[is_enable_sparse: 1]
[enable_bundle: 1]
[use_missing: 1]
[zero_as_missing: 0]
[feature_pre_filter: 1]
[pre_partition: 0]
[two_round: 0]
[header: 0]
[label_column: ]
[weight_column: ]
[group_column: ]
[ignore_column: ]
[categorical_feature: ]
[forcedbins_filename: ]
[precise_float_parser: 0]
[parser_config_file: ]
[objective_seed: 16083]
[num_class: 1]
[is_unbalance: 0]
[scale_pos_weight: 1]
[sigmoid: 1]
[boost_from_average: 1]
[reg_sqrt: 0]
[alpha: 0.9]
[fair_c: 1]
[poisson_max_delta_step: 0.7]
[tweedie_variance_power: 1.5]
[lambdarank_truncation_level: 30]
[lambdarank_norm: 1]
[label_gain: ]
[lambdarank_position_bias_regularization: 0]
[eval_at: ]
[multi_error_top_k: 1]
[auc_mu_weights: ]
[num_machines: 1]
[local_listen_port: 12400]
[time_out: 120]
[machine_list_filename: ]
[machines: ]
[gpu_platform_id: -1]
[gpu_device_id: -1]
[gpu_device_id_list: ]
[gpu_use_dp: 0]
[num_gpu: 1]

end of parameters

pandas_categorical:[]
