tree
version=v4
num_class=1
num_tree_per_iteration=1
label_index=0
max_feature_idx=51
objective=regression
feature_names=Column_0 Column_1 Column_2 Column_3 Column_4 Column_5 Column_6 Column_7 Column_8 Column_9 Column_10 Column_11 Column_12 Column_13 Column_14 Column_15 Column_16 Column_17 Column_18 Column_19 Column_20 Column_21 Column_22 Column_23 Column_24 Column_25 Column_26 Column_27 Column_28 Column_29 Column_30 Column_31 Column_32 Column_33 Column_34 Column_35 Column_36 Column_37 Column_38 Column_39 Column_40 Column_41 Column_42 Column_43 Column_44 Column_45 Column_46 Column_47 Column_48 Column_49 Column_50 Column_51
feature_infos=[-0.076213426887989044:0.040004704147577286] [-0.076213426887989044:0.040004704147577286] [-0.076213426887989044:0.040004704147577286] [-0.076213426887989044:0.040004704147577286] [-0.076213426887989044:0.040004704147577286] [-0.076213426887989044:0.040004704147577286] [-0.076213426887989044:0.040004704147577286] [-0.076213426887989044:0.026448426768183708] [-0.094383254647254944:0.068971738219261169] [-0.11699657887220383:0.059306826442480087] [-0.11512359231710434:0.072864949703216553] [-0.12179186195135117:0.10456379503011703] [-0.15915682911872864:0.1067887544631958] [5.1008071750402451e-05:0.035718411207199097] [8.3490558608900756e-05:0.024816717952489853] [0.0001308115606661886:0.014378110878169537] [0.00020721767214126885:0.01026088185608387] [0.085424639284610748:3.5533881187438965] [8.7995817011687905e-05:0.019502071663737297] [-7.7677030563354492:8.4810552597045898] [-1:1] [0:1] [0:1] [8.108570909826085e-05:9.2175693511962891] [0:1] [-18:15] [-6.0044369697570801:7.5493655204772949] [-7.4749965667724609:9.2818470001220703] [-9.1577692031860352:10.952458381652832] [-18.141012191772461:19.163711547851562] [-3.1996374130249023:3.9464337825775146] [-2.8689508438110352:3.6260976791381836] [-1.0489686727523804:1.1785489320755005] [1.3587609529495239:98.953224182128906] [4.4142680168151855:94.850852966308594] [-2.0683169364929199:2.0788283348083496] [0.00046296828077174723:0.13247430324554443] [0:35.530666351318359] [0:43.480354309082031] [-1.9153172969818115:9.5895853042602539] [0.082794241607189178:13.131335258483887] [0.014275694265961647:0.9825325608253479] [0.10282841324806213:0.81964832544326782] [-10.872506141662598:13.543124198913574] [-2.7709739208221436:9.4170131683349609] [-7.1405301094055176:7.2027320861816406] [-1:1] [-1:1] [-0.97492790222167969:0.97492790222167969] [-0.90096884965896606:1] [-1:1] [-1:1]
tree_sizes=891 890 875 901 879 877 888 904 887 877 888 892 885 901 885 887 892 903 884 883 887 892 890 903 889 881 878 883 881 893 903 887 882 889 883 885 882 901 884 906 907 906 882 908 891 882 889 887 892 886 881 879 905 909 888 909 910 872 891 898 904 887 889 908 897 884 880 879 908 874 879 899 908 882 870 877 905 898 885 907 907 885 912 910 875 909 888 861 872 875 912 870 911 883 873 911 891 887 885 874 890 878 913 871 912 905 883 878 901 884 881 875 910 881 912 879 911 896 911 884 875 877 910 867 892 876 866 910 879 871 880 874 913 876 878 880 909 879 867 881 912 911 878 881 885 912 889 884 897 888 903 876 890 883 888 895 901 888 903 896 880 893 884 888 895 887 876 880 890 886 871 872 880 883 874 874 891 872 865 912 884 890 884 892 872 906 894 879 889 887 879 900 899 882 886 878 890 883 899 867

Tree=0
num_leaves=7
num_cat=0
split_feature=50 50 4 3 15 3
split_gain=0.00169344 0.00498088 3.25805e-05 2.42593e-05 1.21134e-05 1.17217e-05
threshold=1.0000000180025095e-35 -1.0000000180025095e-35 -0.0035223183222115035 0.0039128102362155923 0.0035729054361581807 0.0011621844605542722
decision_type=2 2 2 2 2 2
left_child=1 2 -1 -4 -2 -3
right_child=4 5 3 -5 -6 -7
leaf_value=-0.00062370934061599284 -0.0006275411864127623 -0.00061906114997955239 -0.00062755486444373827 -0.00063166905078179637 -0.00062990355310366271 -0.00061992679567413978
leaf_weight=5447 350794 308633 347009 3595 5536 47461
leaf_count=5447 350794 308633 347009 3595 5536 47461
internal_value=-0.000624765 -0.000623357 -0.000627538 -0.000627598 -0.000627579 -0.000619176
internal_weight=1.06848e+06 712145 356051 350604 356330 356094
internal_count=1068475 712145 356051 350604 356330 356094
is_linear=0
shrinkage=1


Tree=1
num_leaves=7
num_cat=0
split_feature=51 10 51 10 1 11
split_gain=0.00879951 0.000426235 0.000376518 0.000417767 0.000182375 0.000158652
threshold=1.0000000180025095e-35 -0.015897911041975018 -1.0000000180025095e-35 -0.015897911041975018 8.9989560365211232e-05 -0.015475917607545851
decision_type=2 2 2 2 2 2
left_child=2 -2 3 -1 -5 -3
right_child=1 5 -4 4 -6 -7
leaf_value=-1.3295232991063875e-05 9.230743779923537e-06 -1.3490082719169264e-05 4.4037328991116498e-06 1.2471529498798832e-06 3.5326627578222941e-06 -6.4015107858349442e-06
leaf_weight=4302 4281 8074 355673 190790 160977 343611
leaf_count=4302 4281 8074 355673 190790 160977 343611
internal_value=4.30288e-08 -6.3749e-06 3.25307e-06 2.10323e-06 2.29341e-06 -6.56615e-06
internal_weight=1.06771e+06 355966 711742 356069 351767 351685
internal_count=1067708 355966 711742 356069 351767 351685
is_linear=0
shrinkage=0.05


Tree=2
num_leaves=7
num_cat=0
split_feature=51 51 9 12 14 17
split_gain=0.00771499 0.000412226 0.000253569 0.000245676 0.00021454 0.000157253
threshold=1.0000000180025095e-35 -1.0000000180025095e-35 -0.0091289458796381933 -0.032162282615900033 0.0025920242769643669 0.92398124933242809
decision_type=2 2 2 2 2 2
left_child=1 2 4 5 -1 -2
right_child=3 -3 -4 -5 -6 -7
leaf_value=7.3705010654441747e-07 -3.792535764275884e-06 4.1788288435027423e-06 1.9626862826922494e-06 -6.222957253244354e-06 -1.6623001156670628e-05 1.0959936812455682e-05
leaf_weight=3714 3827 355908 349041 349300 3360 3340
leaf_count=3714 3827 355908 349041 349300 3360 3340
internal_value=-3.07018e-08 2.97544e-06 1.77234e-06 -6.03489e-06 -7.5674e-06 3.11078e-06
internal_weight=1.06849e+06 712023 356115 356467 7074 7167
internal_count=1068490 712023 356115 356467 7074 7167
is_linear=0
shrinkage=0.05


Tree=3
num_leaves=7
num_cat=0
split_feature=51 50 50 50 51 51
split_gain=0.00709415 0.0453634 0.0387765 0.0139402 0.00832708 0.0017976
threshold=1.0000000180025095e-35 1.0000000180025095e-35 1.0000000180025095e-35 -1.0000000180025095e-35 -1.0000000180025095e-35 -1.0000000180025095e-35
decision_type=2 2 2 2 2 2
left_child=2 3 5 -2 -4 -1
right_child=1 -3 4 -5 -6 -7
leaf_value=1.4241140160804476e-05 -3.0487532322545925e-05 1.9474695041258261e-05 -2.294956484087331e-05 -6.2340376350588283e-06 -4.218741383089887e-06 8.0791711726130711e-06
leaf_weight=236900 118692 118719 118785 118308 118565 237083
leaf_count=236900 118692 118719 118785 118308 118565 237083
internal_value=1.65401e-08 -5.74814e-06 2.89951e-06 -1.83843e-05 -1.35957e-05 1.11601e-05
internal_weight=1.06705e+06 355719 711333 237000 237350 473983
internal_count=1067052 355719 711333 237000 237350 473983
is_linear=0
shrinkage=0.05


Tree=4
num_leaves=7
num_cat=0
split_feature=14 8 22 22 24 3
split_gain=5.17665e-05 1.55981e-05 1.4751e-05 1.76034e-05 1.28988e-05 1.43017e-05
threshold=0.0052990007679909476 -0.0039387117139995089 0.45103064179420477 0.39446459710597997 0.10649430379271509 6.488922372227536e-05
decision_type=2 2 2 2 2 2
left_child=1 2 3 4 5 -1
right_child=-2 -3 -4 -5 -6 -7
leaf_value=-1.2449097247294996e-06 -5.5626829214535255e-06 2.3397945549303902e-08 9.6169937568787185e-07 -4.7387214294981661e-06 -2.6649664898150062e-07 -4.8001712133914019e-06
leaf_weight=13037 4183 1005628 9596 3197 27995 3585
leaf_count=13037 4183 1005628 9596 3197 27995 3585
internal_value=-4.43568e-08 -2.23819e-08 -8.23612e-07 -1.18254e-06 -9.22709e-07 -2.0238e-06
internal_weight=1.06722e+06 1.06304e+06 57410 47814 44617 16622
internal_count=1067221 1063038 57410 47814 44617 16622
is_linear=0
shrinkage=0.05


Tree=5
num_leaves=7
num_cat=0
split_feature=50 50 6 39 14 1
split_gain=0.00133329 0.00389353 1.66505e-05 1.30461e-05 1.85339e-05 1.49773e-05
threshold=1.0000000180025095e-35 -1.0000000180025095e-35 -0.0039237292949110261 2.304099559783936 0.001893856446258724 0.0038425490492954855
decision_type=2 2 2 2 2 2
left_child=1 2 -1 5 -5 -3
right_child=-2 3 -4 4 -6 -7
leaf_value=7.0038309319745881e-07 -2.4776431659826912e-06 4.9345607964490925e-06 -2.465088501493005e-06 5.3432941236014503e-06 9.231752053833139e-06 1.5816201167209971e-06
leaf_weight=4184 356545 335267 351746 12441 4248 3423
leaf_count=4184 356545 335267 351746 12441 4248 3423
internal_value=1.76029e-08 1.26844e-06 -2.42778e-06 4.97021e-06 6.35768e-06 4.90091e-06
internal_weight=1.06785e+06 711309 355930 355379 16689 338690
internal_count=1067854 711309 355930 355379 16689 338690
is_linear=0
shrinkage=0.05


Tree=6
num_leaves=7
num_cat=0
split_feature=14 10 8 10 14 23
split_gain=8.13806e-05 1.26876e-05 1.55275e-05 1.40051e-05 8.4091e-06 1.46973e-05
threshold=0.0052990007679909476 0.017655079253017906 0.0042689372785389432 0.012661429122090341 0.0040738687384873637 0.89874437451362621
decision_type=2 2 2 2 2 2
left_child=1 3 -3 4 -1 -6
right_child=-2 2 -4 -5 5 -7
leaf_value=1.4186478537346868e-08 -6.9702198862680657e-06 -5.0364900733263411e-07 4.0601585489651869e-06 -1.6980408160643031e-06 6.0008157603031738e-07 -4.0920634087093897e-06
leaf_weight=1036748 4157 3327 4159 12195 3288 3316
leaf_count=1036748 4157 3327 4159 12195 3288 3316
internal_value=-2.97872e-08 -2.32007e-09 2.04198e-06 -1.69144e-08 2.8155e-09 -1.76898e-06
internal_weight=1.06719e+06 1.06303e+06 7486 1.05555e+06 1.04335e+06 6604
internal_count=1067190 1063033 7486 1055547 1043352 6604
is_linear=0
shrinkage=0.05


Tree=7
num_leaves=7
num_cat=0
split_feature=51 50 50 50 51 51
split_gain=0.00642006 0.041237 0.0341332 0.0125838 0.00753748 0.00152956
threshold=1.0000000180025095e-35 1.0000000180025095e-35 1.0000000180025095e-35 -1.0000000180025095e-35 -1.0000000180025095e-35 -1.0000000180025095e-35
decision_type=2 2 2 2 2 2
left_child=2 3 5 -2 -4 -1
right_child=1 -3 4 -5 -6 -7
leaf_value=1.3273416946382937e-05 -2.9090751930027735e-05 1.8548578377910353e-05 -2.1698401912369889e-05 -6.0479536317919474e-06 -3.8798686877975276e-06 7.5943891657132679e-06
leaf_weight=237091 118509 118461 118632 118503 118772 237748
leaf_count=237091 118509 118461 118632 118503 118772 237748
internal_value=-4.71868e-08 -5.53484e-06 2.69184e-06 -1.75734e-05 -1.27866e-05 1.04311e-05
internal_weight=1.06772e+06 355473 712243 237012 237404 474839
internal_count=1067716 355473 712243 237012 237404 474839
is_linear=0
shrinkage=0.05


Tree=8
num_leaves=7
num_cat=0
split_feature=51 51 10 1 10 1
split_gain=0.00575336 0.000243319 0.000290566 0.00025482 0.000242728 0.000183446
threshold=1.0000000180025095e-35 -1.0000000180025095e-35 -0.012042379006743429 -0.0010636271326802669 -0.015897911041975018 -8.4255381807452054e-05
decision_type=2 2 2 2 2 2
left_child=1 2 3 -1 -2 -6
right_child=4 -3 -4 -5 5 -7
leaf_value=-1.5861776525775968e-05 6.6082735132636295e-06 3.5858293944377934e-06 1.9597470240630264e-06 1.3921969186680388e-06 -4.0204504699487181e-06 -6.3168510466660077e-06
leaf_weight=4296 4313 355497 347271 4201 160247 191318
leaf_count=4296 4313 355497 347271 4201 160247 191318
internal_value=6.38101e-08 2.66067e-06 1.73584e-06 -7.373e-06 -5.12597e-06 -5.27085e-06
internal_weight=1.06714e+06 711265 355768 8497 355878 351565
internal_count=1067143 711265 355768 8497 355878 351565
is_linear=0
shrinkage=0.05


Tree=9
num_leaves=7
num_cat=0
split_feature=50 50 44 15 17 7
split_gain=0.00110013 0.0031365 2.08811e-05 5.2254e-05 1.97329e-05 1.40554e-05
threshold=1.0000000180025095e-35 -1.0000000180025095e-35 2.5447310209274296 0.0016704664449207487 2.196385502815247 0.0039261071942746648
decision_type=2 2 2 2 2 2
left_child=1 2 -1 -4 5 -3
right_child=-2 4 3 -5 -6 -7
leaf_value=-2.2051421985602164e-06 -2.2091504625371422e-06 4.4979929394857775e-06 -1.7640674465063722e-06 5.5300102771774961e-06 7.4463468530082744e-06 1.3712538984433825e-06
leaf_weight=340588 356147 346399 12330 3013 5709 3686
leaf_count=340588 356147 346399 12330 3013 5709 3686
internal_value=5.93517e-08 1.19458e-06 -2.12387e-06 -3.18374e-07 4.51415e-06 4.46527e-06
internal_weight=1.06787e+06 711725 355931 15343 355794 350085
internal_count=1067872 711725 355931 15343 355794 350085
is_linear=0
shrinkage=0.05


Tree=10
num_leaves=7
num_cat=0
split_feature=50 50 18 13 8 8
split_gain=0.00100359 0.0029925 1.8637e-05 1.3039e-05 9.8892e-06 1.02638e-05
threshold=1.0000000180025095e-35 -1.0000000180025095e-35 0.0054437443614006051 0.0041833319701254377 -0.0069237754214555016 -0.0051753232255578032
decision_type=2 2 2 2 2 2
left_child=1 3 4 -1 -2 -6
right_child=2 -3 -4 -5 5 -7
leaf_value=-2.2425795341635595e-06 4.6551940477709456e-08 4.2725150909562405e-06 -5.5390533443031186e-06 5.5461835389167765e-07 -4.3662242021795449e-06 -2.1782012947943619e-06
leaf_weight=352077 4908 355840 4155 4198 5448 341461
leaf_count=352077 4908 355840 4155 4198 5448 341461
internal_value=-5.40357e-08 1.02958e-06 -2.22162e-06 -2.20955e-06 -2.18166e-06 -2.21319e-06
internal_weight=1.06809e+06 712115 355972 356275 351817 346909
internal_count=1068087 712115 355972 356275 351817 346909
is_linear=0
shrinkage=0.05


Tree=11
num_leaves=7
num_cat=0
split_feature=51 51 1 18 37 1
split_gain=0.00517772 0.00029997 0.000242721 0.000237403 0.000323903 0.000195444
threshold=1.0000000180025095e-35 -1.0000000180025095e-35 -8.4255381807452054e-05 0.0036116597475484018 7.8506228923797616 -8.4255381807452054e-05
decision_type=2 2 2 2 2 2
left_child=1 5 3 -2 -5 -1
right_child=2 -3 -4 4 -6 -7
leaf_value=9.1321659698923912e-08 -4.0765909904606654e-06 3.416346942673769e-06 -6.2000585345125471e-06 -2.0498804562531886e-06 1.7055625103535763e-05 2.4420073900133907e-06
leaf_weight=163437 152961 355692 192464 7366 3119 192621
leaf_count=163437 152961 355692 192464 7366 3119 192621
internal_value=-7.28119e-08 2.3894e-06 -4.99639e-06 -3.57755e-06 3.68746e-06 1.36316e-06
internal_weight=1.06766e+06 711750 355910 163446 10485 356058
internal_count=1067660 711750 355910 163446 10485 356058
is_linear=0
shrinkage=0.05


Tree=12
num_leaves=7
num_cat=0
split_feature=51 36 51 30 18 24
split_gain=0.00481207 0.000327356 0.000232814 0.000209769 0.000136313 9.81795e-05
threshold=1.0000000180025095e-35 0.034410839900374419 -1.0000000180025095e-35 -1.4410799145698545 0.0021644540829584007 0.98166733980178844
decision_type=2 2 2 2 2 2
left_child=2 5 3 4 -1 -2
right_child=1 -3 -4 -5 -6 -7
leaf_value=-8.9151456058827808e-07 -5.2626404329517266e-06 9.1181034000155088e-06 3.2443659466439366e-06 1.6085746052766226e-06 -1.4908626098563452e-05 -2.7254340821691253e-06
leaf_weight=3921 307463 4142 356349 349224 3070 43723
leaf_count=3921 307463 4142 356349 349224 3070 43723
internal_value=-2.93469e-08 -4.78197e-06 2.34077e-06 1.43651e-06 -7.10909e-06 -4.94719e-06
internal_weight=1.06789e+06 355328 712564 356215 6991 351186
internal_count=1067892 355328 712564 356215 6991 351186
is_linear=0
shrinkage=0.05


Tree=13
num_leaves=7
num_cat=0
split_feature=51 50 50 50 51 51
split_gain=0.004149 0.0375873 0.0301109 0.0106009 0.00660468 0.00159251
threshold=1.0000000180025095e-35 1.0000000180025095e-35 1.0000000180025095e-35 -1.0000000180025095e-35 -1.0000000180025095e-35 -1.0000000180025095e-35
decision_type=2 2 2 2 2 2
left_child=2 3 5 -2 -4 -1
right_child=1 -3 4 -5 -6 -7
leaf_value=1.238677971545835e-05 -2.6474973162766291e-05 1.8610662049607559e-05 -2.0679589158179419e-05 -5.3187053654358055e-06 -3.9758644139242822e-06 6.5940673397756572e-06
leaf_weight=237029 118281 118383 118509 118577 118215 237998
leaf_count=237029 118281 118383 118509 118577 118215 237998
internal_value=2.32018e-08 -4.38974e-06 2.22589e-06 -1.5887e-05 -1.23407e-05 9.48551e-06
internal_weight=1.06699e+06 355241 711751 236858 236724 475027
internal_count=1066992 355241 711751 236858 236724 475027
is_linear=0
shrinkage=0.05


Tree=14
num_leaves=7
num_cat=0
split_feature=50 50 13 2 4 24
split_gain=0.000795962 0.00237725 1.73233e-05 1.45673e-05 8.93926e-06 8.21143e-06
threshold=-1.0000000180025095e-35 1.0000000180025095e-35 0.0041833319701254377 -0.0039025887381285425 -0.0029946350259706374 0.63873967528343212
decision_type=2 2 2 2 2 2
left_child=3 2 -2 -1 5 -5
right_child=1 -3 -4 4 -6 -7
leaf_value=1.0100000308017291e-06 3.9499323077816425e-06 -1.8672659043549626e-06 7.2259017441422411e-07 -2.2117789243650029e-06 -1.8732380385797659e-06 -5.5542662650335766e-06
leaf_weight=4290 351217 356307 4233 4619 344148 3139
leaf_count=4290 351217 356307 4233 4619 344148 3139
internal_value=5.31288e-08 1.01876e-06 3.91161e-06 -1.87629e-06 -1.91161e-06 -3.59111e-06
internal_weight=1.06795e+06 711757 355450 356196 351906 7758
internal_count=1067953 711757 355450 356196 351906 7758
is_linear=0
shrinkage=0.05


Tree=15
num_leaves=7
num_cat=0
split_feature=50 50 8 17 7 36
split_gain=0.000777397 0.0022335 1.85397e-05 9.83811e-06 1.03347e-05 2.28822e-05
threshold=-1.0000000180025095e-35 1.0000000180025095e-35 -0.0077741632703691712 2.2951763868331914 0.0019243133137933912 0.017725626938045028
decision_type=2 2 2 2 2 2
left_child=-1 2 -2 4 5 -3
right_child=1 3 -4 -5 -6 -7
leaf_value=-1.908608107756193e-06 7.038490717607917e-06 -1.917961892036424e-06 3.7085293527503517e-06 5.4861905305679102e-07 -2.9873596933047864e-06 -1.4111462641290484e-07
leaf_weight=356150 4245 311710 352112 4193 20013 19246
leaf_count=356150 4245 311710 352112 4193 20013 19246
internal_value=-1.76744e-09 9.52766e-07 3.74918e-06 -1.85319e-06 -1.88196e-06 -1.81467e-06
internal_weight=1.06767e+06 711519 356357 355162 350969 330956
internal_count=1067669 711519 356357 355162 350969 330956
is_linear=0
shrinkage=0.05


Tree=16
num_leaves=7
num_cat=0
split_feature=15 10 47 35 28 11
split_gain=1.4181e-05 1.64264e-05 1.51005e-05 1.20612e-05 9.42115e-06 8.17754e-06
threshold=0.0047111632302403459 0.017655079253017906 0.11969653144478799 -1.2039583921432493 -3.7568249702453609 -0.0050534668844193211
decision_type=2 2 2 2 2 2
left_child=1 3 -3 5 -5 -1
right_child=-2 2 -4 4 -6 -7
leaf_value=-2.1607764074337374e-06 2.868184527213854e-06 -4.0288709219088871e-06 4.4306781293554113e-07 8.0881275669410612e-07 -2.3995966885115192e-08 -2.0471132644986333e-07
leaf_weight=10778 4167 4832 3063 35103 999642 10571
leaf_count=10778 4167 4832 3063 35103 999642 10571
internal_value=-2.55775e-08 -3.70449e-08 -2.30204e-06 -2.00044e-08 4.2942e-09 -1.19497e-06
internal_weight=1.06816e+06 1.06399e+06 7895 1.05609e+06 1.03474e+06 21349
internal_count=1068156 1063989 7895 1056094 1034745 21349
is_linear=0
shrinkage=0.05


Tree=17
num_leaves=7
num_cat=0
split_feature=51 50 50 50 51 51
split_gain=0.0037223 0.0343324 0.0265587 0.00875302 0.00604204 0.00140676
threshold=1.0000000180025095e-35 1.0000000180025095e-35 1.0000000180025095e-35 -1.0000000180025095e-35 -1.0000000180025095e-35 -1.0000000180025095e-35
decision_type=2 2 2 2 2 2
left_child=2 3 5 -2 -4 -1
right_child=1 -3 4 -5 -6 -7
leaf_value=1.1611542041975709e-05 -2.4744719774283163e-05 1.7763516910987493e-05 -1.9537188328323435e-05 -5.551127190748251e-06 -3.590725776781017e-06 6.169032698343435e-06
leaf_weight=238129 118849 118759 118920 118775 118690 237228
leaf_count=238129 118849 118759 118920 118775 118690 237228
internal_value=-1.17545e-08 -4.18387e-06 2.07386e-06 -1.51541e-05 -1.15741e-05 8.89638e-06
internal_weight=1.06935e+06 356383 712967 237624 237610 475357
internal_count=1069350 356383 712967 237624 237610 475357
is_linear=0
shrinkage=0.05


Tree=18
num_leaves=7
num_cat=0
split_feature=51 10 10 30 11 51
split_gain=0.00361455 0.000183592 0.000171986 0.000262275 0.000173879 0.000135728
threshold=1.0000000180025095e-35 -0.018511405214667317 -0.012042379006743429 -1.3454401493072508 -0.015475917607545851 -1.0000000180025095e-35
decision_type=2 2 2 2 2 2
left_child=1 -1 3 -2 -4 -3
right_child=2 5 4 -5 -6 -7
leaf_value=-6.8682234987259166e-06 1.268744675802955e-05 1.3872043848802138e-06 -1.2785711082786964e-05 -4.8234548948102443e-06 -4.1881011450185297e-06 2.7737974926749517e-06
leaf_weight=5732 3735 353613 5947 4872 341236 352682
leaf_count=5732 3735 353613 5947 4872 341236 352682
internal_value=-4.91047e-08 2.00722e-06 -4.16405e-06 2.80478e-06 -4.33719e-06 2.07973e-06
internal_weight=1.06782e+06 712027 355790 8607 347183 706295
internal_count=1067817 712027 355790 8607 347183 706295
is_linear=0
shrinkage=0.05


Tree=19
num_leaves=7
num_cat=0
split_feature=51 36 16 24 51 17
split_gain=0.00324089 0.000151645 0.000144609 0.000129666 0.000120811 0.000135916
threshold=1.0000000180025095e-35 0.034410839900374419 0.0045463801361620435 0.98166733980178844 -1.0000000180025095e-35 2.196385502815247
decision_type=2 2 2 2 2 2
left_child=2 3 4 -2 5 -1
right_child=1 -3 -4 -5 -6 -7
leaf_value=1.2098203061931551e-06 -4.3759686958579094e-06 5.6025377481508382e-06 -8.8816105011097184e-06 -1.4645082826807698e-06 2.6409465867153864e-06 9.0053187467405762e-06
leaf_weight=348954 308077 4106 3025 43735 354069 5634
leaf_count=348954 308077 4106 3025 43735 354069 5634
internal_value=-7.37759e-09 -3.90258e-06 1.94078e-06 -4.01429e-06 1.9876e-06 1.33493e-06
internal_weight=1.0676e+06 355918 711682 351812 708657 354588
internal_count=1067600 355918 711682 351812 708657 354588
is_linear=0
shrinkage=0.05


Tree=20
num_leaves=7
num_cat=0
split_feature=50 50 36 4 0 14
split_gain=0.000619696 0.00162296 1.77205e-05 1.38011e-05 1.1417e-05 1.297e-05
threshold=1.0000000180025095e-35 -1.0000000180025095e-35 0.031397357583045966 -0.0039246664382517329 0.001732108124997467 0.0035492700990289454
decision_type=2 2 2 2 2 2
left_child=1 3 -3 -1 5 -5
right_child=-2 2 -4 4 -6 -7
leaf_value=-4.4153586588450812e-06 -1.7117343958405364e-06 3.1825176225810593e-06 6.0187251129186963e-06 -1.5554661110622347e-06 -4.706777697931637e-07 -4.4026894340267669e-06
leaf_weight=4109 355605 350767 5612 322637 24491 4016
leaf_count=4109 355605 350767 5612 322637 24491 4016
internal_value=-7.4694e-09 8.44218e-07 3.22802e-06 -1.54726e-06 -1.51307e-06 -1.59114e-06
internal_weight=1.06724e+06 711632 356379 355253 351144 326653
internal_count=1067237 711632 356379 355253 351144 326653
is_linear=0
shrinkage=0.05


Tree=21
num_leaves=7
num_cat=0
split_feature=50 50 18 9 3 9
split_gain=0.000569475 0.00154838 9.78305e-06 8.41709e-06 8.22881e-06 9.08836e-06
threshold=1.0000000180025095e-35 -1.0000000180025095e-35 0.0050703899469226607 0.0096787284128367918 0.0015608979738317432 0.0040564395021647224
decision_type=2 2 2 2 2 2
left_child=1 -1 -3 4 5 -2
right_child=3 2 -4 -5 -6 -7
leaf_value=-1.524066049408832e-06 -1.6080421200886174e-06 3.1050416884747945e-06 5.2174596621188946e-06 -3.5474214256794558e-06 -2.4368631523105702e-06 -5.2428290506112045e-07
leaf_weight=355938 301647 350369 5632 5685 27813 20735
leaf_count=355938 301647 350369 5632 5685 27813 20735
internal_value=-8.5399e-09 8.07824e-07 3.13919e-06 -1.64156e-06 -1.61012e-06 -1.53843e-06
internal_weight=1.06782e+06 711939 356001 355880 350195 322382
internal_count=1067819 711939 356001 355880 350195 322382
is_linear=0
shrinkage=0.05


Tree=22
num_leaves=7
num_cat=0
split_feature=50 50 15 0 15 2
split_gain=0.000445025 0.00131562 1.55209e-05 8.87299e-06 1.4661e-05 1.23115e-05
threshold=-1.0000000180025095e-35 1.0000000180025095e-35 0.0035729054361581807 -0.0032197522232308979 0.0037583471275866036 -0.0039025887381285425
decision_type=2 2 2 2 2 2
left_child=3 -2 -3 -1 5 -5
right_child=1 2 -4 4 -6 -7
leaf_value=-3.1760753265665562e-06 2.8956591500465448e-06 -1.4448122587328141e-06 1.2066898051806198e-06 1.6753764647080105e-06 1.8051595874409437e-06 -1.4435659634296599e-06
leaf_weight=7013 356147 350125 5572 3154 3531 342107
leaf_count=7013 356147 350125 5572 3154 3531 342107
internal_value=2.59861e-08 7.47684e-07 -1.40311e-06 -1.41779e-06 -1.38198e-06 -1.41484e-06
internal_weight=1.06765e+06 711844 355697 355805 348792 345261
internal_count=1067649 711844 355697 355805 348792 345261
is_linear=0
shrinkage=0.05


Tree=23
num_leaves=7
num_cat=0
split_feature=51 50 50 50 51 51
split_gain=0.00280646 0.0313677 0.0229998 0.00732564 0.00525147 0.0013819
threshold=1.0000000180025095e-35 1.0000000180025095e-35 1.0000000180025095e-35 -1.0000000180025095e-35 -1.0000000180025095e-35 -1.0000000180025095e-35
decision_type=2 2 2 2 2 2
left_child=2 3 5 -2 -4 -1
right_child=1 -3 4 -5 -6 -7
leaf_value=1.0881570131616562e-05 -2.2882808832682826e-05 1.7357592535554107e-05 -1.8312163102160477e-05 -5.3074927299964604e-06 -3.4366955836915662e-06 5.4836291227931048e-06
leaf_weight=237510 118752 118832 118659 118436 118671 237116
leaf_count=237510 118752 118832 118659 118436 118671 237116
internal_value=1.85838e-08 -3.6057e-06 1.83107e-06 -1.41098e-05 -1.08763e-05 8.1857e-06
internal_weight=1.06798e+06 356020 711956 237188 237330 474626
internal_count=1067976 356020 711956 237188 237330 474626
is_linear=0
shrinkage=0.05


Tree=24
num_leaves=7
num_cat=0
split_feature=51 1 51 45 40 1
split_gain=0.00250033 0.000206293 0.00011783 0.000154504 0.000124373 0.000143046
threshold=1.0000000180025095e-35 -8.4255381807452054e-05 -1.0000000180025095e-35 -3.0635524988174434 4.0951404571533212 -8.4255381807452054e-05
decision_type=2 2 2 2 2 2
left_child=2 -2 3 -1 5 -5
right_child=1 -3 -4 4 -6 -7
leaf_value=-8.2799057789746788e-06 -2.0815908857217208e-06 -4.4965909190190625e-06 2.3847133733890367e-06 2.5667003109739727e-09 1.0038285827996608e-05 2.0387164659841659e-06
leaf_weight=4290 163403 193072 355187 158237 3898 189575
leaf_count=4290 163403 193072 355187 158237 3898 189575
internal_value=2.7348e-08 -3.39004e-06 1.74039e-06 1.0973e-06 1.21284e-06 1.1125e-06
internal_weight=1.06766e+06 356475 711187 356000 351710 347812
internal_count=1067662 356475 711187 356000 351710 347812
is_linear=0
shrinkage=0.05


Tree=25
num_leaves=7
num_cat=0
split_feature=50 50 36 13 5 37
split_gain=0.000382733 0.00108423 1.72513e-05 1.33587e-05 1.16201e-05 1.4538e-05
threshold=1.0000000180025095e-35 -1.0000000180025095e-35 0.025987282395362857 0.0036515324609354143 -0.0031893316190689798 5.761916160583497
decision_type=2 2 2 2 2 2
left_child=1 2 -1 -4 5 -2
right_child=4 -3 3 -5 -6 -7
leaf_value=-1.2544299881804008e-06 -1.0359936469586394e-06 2.5893863115373799e-06 -1.9743288372023081e-06 -5.8398352233897207e-06 -1.3266634872103682e-06 -5.5605170678419344e-06
leaf_weight=345705 3489 356267 6270 3500 348781 3625
leaf_count=345705 3489 356267 6270 3500 348781 3625
internal_value=-2.91985e-08 6.40226e-07 -1.31337e-06 -3.38179e-06 -1.36786e-06 -3.36422e-06
internal_weight=1.06764e+06 711742 355475 9770 355895 7114
internal_count=1067637 711742 355475 9770 355895 7114
is_linear=0
shrinkage=0.05


Tree=26
num_leaves=7
num_cat=0
split_feature=50 50 12 12 41 9
split_gain=0.000367453 0.000944038 1.65988e-05 1.32455e-05 1.46907e-05 1.21589e-05
threshold=1.0000000180025095e-35 -1.0000000180025095e-35 -0.03437331318855285 0.028818374499678615 0.53606504201889049 -0.0077983743976801625
decision_type=2 2 2 2 2 2
left_child=1 -1 -3 -2 -5 -4
right_child=3 2 5 4 -6 -7
leaf_value=-1.1644848392193275e-06 -1.3593931544731062e-06 5.1244022773105673e-06 5.49096080277221e-07 -1.0857570129972824e-06 3.1406520106545863e-06 2.4772320387212064e-06
leaf_weight=356115 347204 5809 8410 4984 3429 342013
leaf_count=356115 347204 5809 8410 4984 3429 342013
internal_value=6.51511e-10 6.5594e-07 2.47568e-06 -1.31188e-06 6.45235e-07 2.43104e-06
internal_weight=1.06796e+06 712347 356232 355617 8413 350423
internal_count=1067964 712347 356232 355617 8413 350423
is_linear=0
shrinkage=0.05


Tree=27
num_leaves=7
num_cat=0
split_feature=26 1 10 35 5 17
split_gain=2.5237e-05 9.8675e-06 9.54327e-06 1.21069e-05 8.94076e-06 1.25413e-05
threshold=-2.6526497602462764 0.0056347523350268611 0.017655079253017906 0.75570496916770946 0.002614678931422532 0.84707906842231762
decision_type=2 2 2 2 2 2
left_child=-1 2 4 -4 -2 -6
right_child=1 -3 3 -5 5 -7
leaf_value=-3.8133145892826306e-06 -3.93604288698532e-08 2.3521959909599642e-06 -3.9989334109139635e-09 -3.9845530997468401e-06 3.0818001526005087e-06 3.7005041057240868e-07
leaf_weight=4347 1022658 4325 4288 3395 5102 24838
leaf_count=4347 1022658 4325 4288 3395 5102 24838
internal_value=-3.31032e-08 -1.74895e-08 -2.72661e-08 -1.77734e-06 -1.44084e-08 8.3652e-07
internal_weight=1.06895e+06 1.06461e+06 1.06028e+06 7683 1.0526e+06 29940
internal_count=1068953 1064606 1060281 7683 1052598 29940
is_linear=0
shrinkage=0.05


Tree=28
num_leaves=7
num_cat=0
split_feature=6 42 13 8 14 34
split_gain=1.89048e-05 2.29517e-05 3.17998e-05 2.16741e-05 1.39274e-05 1.30044e-05
threshold=-0.0023765186779201026 0.40542884171009069 0.0030773382168263201 -0.0018955419654957948 0.0044797123409807691 19.546406745910648
decision_type=2 2 2 2 2 2
left_child=1 -1 -3 -4 5 -2
right_child=4 2 3 -5 -6 -7
leaf_value=2.2777004841007405e-06 -3.0233155726970366e-06 -5.5841931008182209e-07 -7.266804333860771e-06 -2.2044343277900434e-06 2.5180023027745553e-06 7.1857654157919257e-08
leaf_weight=4675 3355 27606 3149 6449 5753 1015491
leaf_count=4675 3355 27606 3149 6449 5753 1015491
internal_value=3.28518e-08 -1.00777e-06 -1.42312e-06 -3.8944e-06 7.54326e-08 6.15176e-08
internal_weight=1.06648e+06 41879 37204 9598 1.0246e+06 1.01885e+06
internal_count=1066478 41879 37204 9598 1024599 1018846
is_linear=0
shrinkage=0.05


Tree=29
num_leaves=7
num_cat=0
split_feature=51 10 1 0 51 36
split_gain=0.00230225 0.000168304 0.000139855 0.000123351 0.000116531 0.000212469
threshold=1.0000000180025095e-35 -0.015897911041975018 0.00030568693182431167 -0.0026308012893423434 -1.0000000180025095e-35 0.034410839900374419
decision_type=2 2 2 2 2 2
left_child=4 -2 -3 -4 5 -1
right_child=1 2 3 -5 -6 -7
leaf_value=1.1299083549482345e-06 6.4993981018611841e-06 -2.6599142806160825e-06 -1.3132981640734111e-05 -4.4459680880304836e-06 2.2772178176363086e-06 -1.0266955863020611e-05
leaf_weight=351351 4297 225804 4194 121918 356247 4088
leaf_count=351351 4297 225804 4194 121918 356247 4088
internal_value=-4.27873e-09 -3.2855e-06 -3.40588e-06 -4.73996e-06 1.63815e-06 9.97404e-07
internal_weight=1.0679e+06 356213 351916 126112 711686 355439
internal_count=1067899 356213 351916 126112 711686 355439
is_linear=0
shrinkage=0.05


Tree=30
num_leaves=7
num_cat=0
split_feature=51 50 50 50 51 51
split_gain=0.00200659 0.0294272 0.0201666 0.00667601 0.00455466 0.00130627
threshold=1.0000000180025095e-35 1.0000000180025095e-35 1.0000000180025095e-35 -1.0000000180025095e-35 -1.0000000180025095e-35 -1.0000000180025095e-35
decision_type=2 2 2 2 2 2
left_child=2 3 5 -2 -4 -1
right_child=1 -3 4 -5 -6 -7
leaf_value=1.0178123505481161e-05 -2.1553407137321248e-05 1.7318630068907702e-05 -1.7221610690318213e-05 -4.7738736412762019e-06 -3.3649328795770684e-06 4.9305341060181463e-06
leaf_weight=237304 118564 118772 118638 118573 118585 237377
leaf_count=237304 118564 118772 118638 118573 118585 237377
internal_value=7.3296e-08 -2.9919e-06 1.60581e-06 -1.31661e-05 -1.0297e-05 7.55472e-06
internal_weight=1.06781e+06 355909 711904 237137 237223 474681
internal_count=1067813 355909 711904 237137 237223 474681
is_linear=0
shrinkage=0.05


Tree=31
num_leaves=7
num_cat=0
split_feature=51 36 36 1 11 6
split_gain=0.00179178 0.00032198 0.000146179 0.000108767 0.000147854 8.59697e-05
threshold=1.0000000180025095e-35 0.034410839900374419 0.038305807858705528 -5.0045540774590329e-05 -0.013848829083144663 -0.0030025772284716363
decision_type=2 2 2 2 2 2
left_child=2 3 -1 -2 -5 -6
right_child=1 -3 -4 4 5 -7
leaf_value=1.5291001534302041e-06 -2.1160642571777395e-06 1.0978908925490603e-05 -6.5537351928553112e-06 -1.2459305507700822e-05 4.394625981150674e-06 -3.7911509379395256e-06
leaf_weight=706107 167026 4095 5590 4845 3227 176836
leaf_count=706107 167026 4095 5590 4845 3227 176836
internal_value=1.64801e-08 -2.87921e-06 1.46516e-06 -3.04199e-06 -3.87758e-06 -3.64327e-06
internal_weight=1.06773e+06 356029 711697 351934 184908 180063
internal_count=1067726 356029 711697 351934 184908 180063
is_linear=0
shrinkage=0.05


Tree=32
num_leaves=7
num_cat=0
split_feature=23 39 14 2 17 15
split_gain=3.28479e-05 1.75267e-05 2.58249e-05 1.4441e-05 1.95499e-05 1.22869e-05
threshold=3.4759646654129033 3.3597136735916142 0.0020737031009048228 0.0044801360927522191 1.4253480434417727 0.0047111632302403459
decision_type=2 2 2 2 2 2
left_child=1 3 -3 5 -5 -1
right_child=-2 2 -4 4 -6 -7
leaf_value=2.8025240826862394e-08 -4.4281096780060992e-06 5.4735951388337885e-07 4.6869188105306189e-06 9.5523991705675739e-07 -4.0729693402773702e-06 2.9586629503170167e-06
leaf_weight=1028541 4058 17612 4749 3173 4834 3539
leaf_count=1028541 4058 17612 4749 3173 4834 3539
internal_value=3.43168e-08 5.15686e-08 1.43501e-06 2.17582e-08 -2.08684e-06 3.82172e-08
internal_weight=1.06651e+06 1.06245e+06 22361 1.04009e+06 8007 1.03208e+06
internal_count=1066506 1062448 22361 1040087 8007 1032080
is_linear=0
shrinkage=0.05


Tree=33
num_leaves=7
num_cat=0
split_feature=51 1 0 16 11 6
split_gain=0.00174574 0.000136956 0.000137461 0.000109273 0.000101188 9.60336e-05
threshold=1.0000000180025095e-35 -0.00023555547522846607 -0.0027923976304009552 0.0045463801361620435 -0.013848829083144663 -0.0030025772284716363
decision_type=2 2 2 2 2 2
left_child=3 2 -2 -1 -3 -6
right_child=1 4 -4 -5 5 -7
leaf_value=1.4778720841314045e-06 6.6466237341447748e-06 -9.954331811345005e-06 -1.9200406456893643e-06 -7.9897893035133121e-06 4.5677039222021071e-06 -3.5896051066446886e-06
leaf_weight=708886 4805 6117 133337 3012 3631 207841
leaf_count=708886 4805 6117 133337 3012 3631 207841
internal_value=8.04703e-09 -2.85192e-06 -1.61977e-06 1.43726e-06 -3.63364e-06 -3.4485e-06
internal_weight=1.06763e+06 355731 138142 711898 217589 211472
internal_count=1067629 355731 138142 711898 217589 211472
is_linear=0
shrinkage=0.05


Tree=34
num_leaves=7
num_cat=0
split_feature=51 9 0 51 10 11
split_gain=0.00143375 0.000190696 0.000113959 0.000107371 0.000216912 0.000127827
threshold=1.0000000180025095e-35 -0.0091289458796381933 -0.002172571723349392 -1.0000000180025095e-35 -0.015897911041975018 -0.015475917607545851
decision_type=2 2 2 2 2 2
left_child=3 2 -2 4 -1 -6
right_child=1 -3 -4 -5 5 -7
leaf_value=-1.0445328295346788e-05 1.2529674510347209e-05 -2.7827038553600324e-06 -2.1843975329967996e-07 1.8826280262713735e-06 7.0150452080102045e-06 6.4534922523951057e-07
leaf_weight=4298 3132 348768 3900 356036 8012 343438
leaf_count=4298 3132 348768 3900 356036 8012 343438
internal_value=-2.66612e-08 -2.6181e-06 5.50785e-06 1.26882e-06 6.54328e-07 7.91536e-07
internal_weight=1.06758e+06 355800 7032 711784 355748 351450
internal_count=1067584 355800 7032 711784 355748 351450
is_linear=0
shrinkage=0.05


Tree=35
num_leaves=7
num_cat=0
split_feature=50 50 3 15 1 8
split_gain=0.000284371 0.000721547 1.39391e-05 2.46249e-05 1.63928e-05 1.04075e-05
threshold=1.0000000180025095e-35 -1.0000000180025095e-35 -0.002795779262669384 0.0023729056119918828 -0.0038962356047704812 0.0029123270651325588
decision_type=2 2 2 2 2 2
left_child=1 5 3 -3 -4 -1
right_child=-2 2 4 -5 -6 -7
leaf_value=-1.1149937126853835e-06 -1.1652098153863283e-06 2.2173000670111561e-06 5.595353006966838e-06 -2.9370184140181402e-06 2.1737685304942918e-06 -1.8578280712330405e-07
leaf_weight=322310 356619 6163 3508 3646 342449 33266
leaf_count=322310 356619 6163 3508 3646 342449 33266
internal_value=-1.29872e-08 5.64701e-07 2.15657e-06 2.96264e-07 2.20927e-06 -1.0281e-06
internal_weight=1.06796e+06 711342 355766 9809 345957 355576
internal_count=1067961 711342 355766 9809 345957 355576
is_linear=0
shrinkage=0.05


Tree=36
num_leaves=7
num_cat=0
split_feature=50 50 15 44 19 3
split_gain=0.000252575 0.000719849 3.27237e-05 3.89938e-05 1.21661e-05 1.02623e-05
threshold=1.0000000180025095e-35 -1.0000000180025095e-35 0.0030068258056417112 0.077447630465030684 -0.07972038164734839 0.0029767794767394666
decision_type=2 2 2 2 2 2
left_child=1 2 -1 4 -4 -3
right_child=-2 5 3 -5 -6 -7
leaf_value=-9.9347393720708632e-07 -1.1201484796169113e-06 2.0585608066843018e-06 1.053800127241719e-06 -7.3141244040931719e-06 -3.178541710879598e-06 3.8568614740636012e-06
leaf_weight=344044 355976 347832 3000 4490 3805 8140
leaf_count=344044 355976 347832 3000 4490 3805 8140
internal_value=-3.29528e-08 5.11175e-07 -1.08077e-06 -3.72369e-06 -1.31863e-06 2.10022e-06
internal_weight=1.06729e+06 711311 355339 11295 6805 355972
internal_count=1067287 711311 355339 11295 6805 355972
is_linear=0
shrinkage=0.05


Tree=37
num_leaves=7
num_cat=0
split_feature=51 50 50 50 51 51
split_gain=0.0014175 0.0266888 0.0180899 0.00586451 0.00420984 0.00124286
threshold=1.0000000180025095e-35 1.0000000180025095e-35 1.0000000180025095e-35 -1.0000000180025095e-35 -1.0000000180025095e-35 -1.0000000180025095e-35
decision_type=2 2 2 2 2 2
left_child=2 3 5 -2 -4 -1
right_child=1 -3 4 -5 -6 -7
leaf_value=9.4881687110216643e-06 -2.0121448866636784e-05 1.679448767670518e-05 -1.6659590591028828e-05 -4.3919609010755536e-06 -3.3239202158647425e-06 4.366584877076476e-06
leaf_weight=237498 118478 118561 118294 118573 118439 236592
leaf_count=237498 118478 118561 118294 118573 118439 236592
internal_value=7.37996e-09 -2.56966e-06 1.29672e-06 -1.22561e-05 -9.98978e-06 6.933e-06
internal_weight=1.06644e+06 355612 710823 237051 236733 474090
internal_count=1066435 355612 710823 237051 236733 474090
is_linear=0
shrinkage=0.05


Tree=38
num_leaves=7
num_cat=0
split_feature=50 50 14 3 14 31
split_gain=0.000219663 0.000489954 2.2216e-05 9.89046e-06 9.50068e-06 1.12429e-05
threshold=1.0000000180025095e-35 -1.0000000180025095e-35 0.0040738687384873637 0.0035131627228111033 0.0029341020854189996 -0.28773935139179224
decision_type=2 2 2 2 2 2
left_child=1 2 3 -1 -3 -6
right_child=-2 4 -4 -5 5 -7
leaf_value=-7.8847271818571163e-07 -1.0106587276399135e-06 1.7692544560969547e-06 -4.3972541918078803e-06 1.5236980989590149e-06 4.6052177881518994e-06 1.738424803691944e-06
leaf_weight=347203 356129 342140 4196 4643 6558 7295
leaf_count=347203 356129 342140 4196 4643 6558 7295
internal_value=3.11383e-09 5.10194e-07 -8.01252e-07 -7.57749e-07 1.82175e-06 3.10724e-06
internal_weight=1.06816e+06 712035 356042 351846 355993 13853
internal_count=1068164 712035 356042 351846 355993 13853
is_linear=0
shrinkage=0.05


Tree=39
num_leaves=7
num_cat=0
split_feature=51 50 50 50 51 51
split_gain=0.00126459 0.0243109 0.0160267 0.00519694 0.00372616 0.00111946
threshold=1.0000000180025095e-35 1.0000000180025095e-35 1.0000000180025095e-35 -1.0000000180025095e-35 -1.0000000180025095e-35 -1.0000000180025095e-35
decision_type=2 2 2 2 2 2
left_child=2 3 5 -2 -4 -1
right_child=1 -3 4 -5 -6 -7
leaf_value=8.9680821114275811e-06 -1.9062980603294245e-05 1.6091246875952395e-05 -1.5640466925328588e-05 -4.2612712155401415e-06 -3.1070127573431433e-06 4.1100284842194993e-06
leaf_weight=237329 118358 118343 118591 118872 118624 237267
leaf_count=237329 118358 118343 118591 118872 118624 237267
internal_value=1.96869e-08 -2.41513e-06 1.23604e-06 -1.16486e-05 -9.37484e-06 6.54006e-06
internal_weight=1.06738e+06 355573 711811 237230 237215 474596
internal_count=1067384 355573 711811 237230 237215 474596
is_linear=0
shrinkage=0.05


Tree=40
num_leaves=7
num_cat=0
split_feature=51 50 50 50 51 51
split_gain=0.00112416 0.0217474 0.0144211 0.00457172 0.00335587 0.000991475
threshold=1.0000000180025095e-35 1.0000000180025095e-35 1.0000000180025095e-35 -1.0000000180025095e-35 -1.0000000180025095e-35 -1.0000000180025095e-35
decision_type=2 2 2 2 2 2
left_child=2 3 5 -2 -4 -1
right_child=1 -3 4 -5 -6 -7
leaf_value=8.4811572376176581e-06 -1.7946695131058157e-05 1.5232643630056623e-05 -1.4848353527311867e-05 -4.0616217569141289e-06 -2.9515302143234172e-06 3.9110718880156339e-06
leaf_weight=237302 118621 118292 118557 118533 118561 237681
leaf_count=237302 118621 118292 118557 118533 118561 237681
internal_value=2.14219e-08 -2.27493e-06 1.16773e-06 -1.10091e-05 -8.90172e-06 6.19494e-06
internal_weight=1.06755e+06 355446 712101 237154 237118 474983
internal_count=1067547 355446 712101 237154 237118 474983
is_linear=0
shrinkage=0.05


Tree=41
num_leaves=7
num_cat=0
split_feature=51 50 50 50 51 51
split_gain=0.000981842 0.0197389 0.0131949 0.00418197 0.00308106 0.000917881
threshold=1.0000000180025095e-35 1.0000000180025095e-35 1.0000000180025095e-35 -1.0000000180025095e-35 -1.0000000180025095e-35 -1.0000000180025095e-35
decision_type=2 2 2 2 2 2
left_child=2 3 5 -2 -4 -1
right_child=1 -3 4 -5 -6 -7
leaf_value=8.1335281512007098e-06 -1.7066982627923202e-05 1.4563703566478182e-05 -1.4201197132296989e-05 -3.7882759774957483e-06 -2.8036559638936392e-06 3.735090528961293e-06
leaf_weight=237319 118406 118535 118630 118793 118561 237394
leaf_count=237319 118406 118535 118630 118793 118561 237394
internal_value=5.12509e-08 -2.09357e-06 1.12308e-06 -1.0419e-05 -8.50588e-06 5.93459e-06
internal_weight=1.06764e+06 355734 711904 237199 237191 474713
internal_count=1067638 355734 711904 237199 237191 474713
is_linear=0
shrinkage=0.05


Tree=42
num_leaves=7
num_cat=0
split_feature=10 10 22 44 0 46
split_gain=3.39342e-05 9.17786e-06 3.21598e-05 2.34884e-05 1.59795e-05 8.7737e-06
threshold=-0.023016119375824925 -0.0079026967287063581 0.11629887297749521 1.7838485240936282 -0.0032197522232308979 -0.35222910344600672
decision_type=2 2 2 2 2 2
left_child=-1 2 3 -2 -4 -6
right_child=1 -3 4 -5 5 -7
leaf_value=4.4071065704498681e-06 -1.3790599463375124e-06 -5.532365936034452e-09 3.5150244026846754e-06 -5.5905765685182969e-06 5.6889992732668453e-07 -1.0717373845044989e-06
leaf_weight=4257 14739 1008050 3261 4241 19164 14101
leaf_count=4257 14739 1008050 3261 4241 19164 14101
internal_value=-2.20786e-08 -4.00132e-08 -6.65655e-07 -2.33232e-06 2.02399e-07 -1.27129e-07
internal_weight=1.06781e+06 1.06356e+06 55506 18980 36526 33265
internal_count=1067813 1063556 55506 18980 36526 33265
is_linear=0
shrinkage=0.05


Tree=43
num_leaves=7
num_cat=0
split_feature=51 50 50 50 51 51
split_gain=0.000845561 0.0179493 0.0116896 0.00362861 0.00278552 0.000728925
threshold=1.0000000180025095e-35 1.0000000180025095e-35 1.0000000180025095e-35 -1.0000000180025095e-35 -1.0000000180025095e-35 -1.0000000180025095e-35
decision_type=2 2 2 2 2 2
left_child=2 3 5 -2 -4 -1
right_child=1 -3 4 -5 -6 -7
leaf_value=7.4772439014262838e-06 -1.6160505605145433e-05 1.3853703728414115e-05 -1.3491021544383714e-05 -3.7830517584248022e-06 -2.6625796962581394e-06 3.5498841798905018e-06
leaf_weight=236526 118326 118640 118786 118556 118786 236355
leaf_count=236526 118326 118640 118786 118556 118786 236355
internal_value=-2.71054e-08 -2.01763e-06 9.69056e-07 -9.96788e-06 -8.0785e-06 5.51486e-06
internal_weight=1.06598e+06 355522 710453 236882 237572 472881
internal_count=1065975 355522 710453 236882 237572 472881
is_linear=0
shrinkage=0.05


Tree=44
num_leaves=7
num_cat=0
split_feature=10 13 0 16 15 24
split_gain=1.36841e-05 2.66237e-05 1.06426e-05 9.32611e-06 1.51431e-05 9.98245e-06
threshold=-0.023016119375824925 0.0056576072238385686 0.00014884198026265952 0.0025162956444546585 0.0037583471275866036 0.086312364786863341
decision_type=2 2 2 2 2 2
left_child=-1 2 3 -2 5 -5
right_child=1 -3 -4 4 -6 -7
leaf_value=2.846556086215742e-06 -1.3082351030901411e-07 -4.3602631277597133e-06 2.3263853217795087e-07 -4.3699213214465745e-07 -1.6659548105001461e-06 1.9398651537838908e-06
leaf_weight=4296 578970 3384 453583 5898 5074 17358
leaf_count=4296 578970 3384 453583 5898 5074 17358
internal_value=4.66162e-08 3.51808e-08 4.94062e-08 -8.74551e-08 7.97519e-07 1.33742e-06
internal_weight=1.06856e+06 1.06427e+06 1.06088e+06 607300 28330 23256
internal_count=1068563 1064267 1060883 607300 28330 23256
is_linear=0
shrinkage=0.05


Tree=45
num_leaves=7
num_cat=0
split_feature=50 50 9 11 14 43
split_gain=0.000129304 0.00015937 1.73865e-05 2.1959e-05 1.54043e-05 2.16732e-05
threshold=1.0000000180025095e-35 -1.0000000180025095e-35 -0.010061082430183886 -0.014574171975255011 0.0035492700990289454 -0.03903642296791076
decision_type=2 2 2 2 2 2
left_child=1 4 -3 -4 -1 -6
right_child=-2 2 3 -5 5 -7
leaf_value=-4.1495804357129238e-07 -7.8784512705953213e-07 3.8874527084755823e-06 -1.2669761136809556e-06 1.1502258153492153e-06 5.0211820979550941e-06 -5.5104571289514528e-07
leaf_weight=349088 355917 5576 9623 340340 3111 3876
leaf_count=349088 355917 5576 9623 340340 3111 3876
internal_value=-9.81211e-09 3.79353e-07 1.1281e-06 1.08359e-06 -3.68323e-07 1.94807e-06
internal_weight=1.06753e+06 711614 355539 349963 356075 6987
internal_count=1067531 711614 355539 349963 356075 6987
is_linear=0
shrinkage=0.05


Tree=46
num_leaves=7
num_cat=0
split_feature=50 50 5 36 14 4
split_gain=7.99204e-05 0.000176345 1.50893e-05 1.39965e-05 1.01012e-05 6.9321e-06
threshold=1.0000000180025095e-35 -1.0000000180025095e-35 -0.0038962356047704812 0.034410839900374419 0.0037767776520922784 0.0038860490312799816
decision_type=2 2 2 2 2 2
left_child=1 3 -2 -1 -3 -4
right_child=2 4 5 -5 -6 -7
leaf_value=-4.7171004152140359e-07 2.3027361619598143e-06 1.1022266970571851e-06 -6.9605196013550696e-07 -3.3806052949335479e-06 -1.0146015051810101e-06 1.4505863442507499e-06
leaf_weight=351714 4265 349972 347686 4136 5691 3757
leaf_count=351714 4265 349972 347686 4136 5691 3757
internal_value=-2.50046e-08 2.80927e-07 -6.36904e-07 -5.0599e-07 1.06822e-06 -6.72901e-07
internal_weight=1.06722e+06 711513 355708 355850 355663 351443
internal_count=1067221 711513 355708 355850 355663 351443
is_linear=0
shrinkage=0.05


Tree=47
num_leaves=7
num_cat=0
split_feature=6 47 7 0 13 13
split_gain=1.6838e-05 1.8753e-05 1.03843e-05 9.95705e-06 1.05428e-05 7.89537e-06
threshold=-0.0045046221930533639 -0.22706275433301923 0.0057751282583922156 3.9027796447044245e-05 0.0041833319701254377 0.0038878886261954908
decision_type=2 2 2 2 2 2
left_child=1 -1 3 5 -5 -2
right_child=2 -3 -4 4 -6 -7
leaf_value=1.4501929363659411e-07 -1.563881060968553e-07 -4.5275605441269259e-06 -2.6993806288574552e-06 1.0899519474149219e-07 2.5344341016662378e-06 -1.9386881144499147e-06
leaf_weight=4165 543996 4376 3605 500250 4471 6236
leaf_count=4165 543996 4376 3605 500250 4471 6236
internal_value=-5.67628e-08 -2.2614e-06 -3.88687e-08 -2.96496e-08 1.3073e-07 -1.76762e-07
internal_weight=1.0671e+06 8541 1.05856e+06 1.05495e+06 504721 550232
internal_count=1067099 8541 1058558 1054953 504721 550232
is_linear=0
shrinkage=0.05


Tree=48
num_leaves=7
num_cat=0
split_feature=50 50 5 10 4 2
split_gain=0.00011663 0.000157063 2.10461e-05 1.90138e-05 1.36168e-05 1.27506e-05
threshold=1.0000000180025095e-35 -1.0000000180025095e-35 -0.0022499470505863424 -0.0099025992676615698 -0.0039246664382517329 -0.0034863490145653482
decision_type=2 2 2 2 2 2
left_child=1 4 3 -2 -1 -3
right_child=2 5 -4 -5 -6 -7
leaf_value=2.3599937407265861e-06 -5.7808710948370621e-06 -1.328432521935205e-06 -7.4154732572965393e-07 -1.6462132699480456e-06 -4.9231090562794999e-07 1.064319387551236e-06
leaf_weight=4186 3605 5617 340204 11930 351697 350774
leaf_count=4186 3605 5617 340204 11930 351697 350774
internal_value=-8.47109e-08 2.84546e-07 -8.23986e-07 -2.62116e-06 -4.58434e-07 1.02643e-06
internal_weight=1.06801e+06 712274 355739 15535 355883 356391
internal_count=1068013 712274 355739 15535 355883 356391
is_linear=0
shrinkage=0.05


Tree=49
num_leaves=7
num_cat=0
split_feature=50 50 10 16 3 0
split_gain=9.80408e-05 0.000128729 4.25584e-05 1.35269e-05 1.41091e-05 1.35004e-05
threshold=1.0000000180025095e-35 -1.0000000180025095e-35 -0.015897911041975018 0.0032422689255326991 9.9865847005276023e-05 0.0039299107156693944
decision_type=2 2 2 2 2 2
left_child=1 5 -3 -2 -5 -1
right_child=3 2 -4 4 -6 -7
leaf_value=-2.917867613750538e-07 -6.2496561374714112e-07 -3.930685608148245e-06 1.0797011144943138e-06 -5.025215102705064e-06 -5.3078205169393139e-07 -3.1609317927546185e-06
leaf_weight=351591 349022 4242 351832 3554 3413 4099
leaf_count=351591 349022 4242 351832 3554 3413 4099
internal_value=8.64487e-09 3.47476e-07 1.01947e-06 -6.68767e-07 -2.84295e-06 -3.25291e-07
internal_weight=1.06775e+06 711764 356074 355989 6967 355690
internal_count=1067753 711764 356074 355989 6967 355690
is_linear=0
shrinkage=0.05


Tree=50
num_leaves=7
num_cat=0
split_feature=8 2 28 8 3 11
split_gain=1.56972e-05 1.14963e-05 2.49587e-05 2.22485e-05 2.31474e-05 3.1824e-05
threshold=0.011394719593226911 -0.0044888621196150771 -2.0029970407485957 -0.0063330663833767167 -0.0032242012675851579 -0.016456082463264462
decision_type=2 2 2 2 2 2
left_child=1 2 -1 4 -3 -6
right_child=-2 3 -4 -5 5 -7
leaf_value=4.4417267036470605e-06 -3.0081531776711569e-06 -4.5855347874625643e-06 -9.7152978289656063e-07 2.9022785275932774e-08 3.4757424676719974e-06 -2.1716389393905817e-06
leaf_weight=4383 4264 5103 4069 1036820 3419 8838
leaf_count=4383 4264 5103 4069 1036820 3419 8838
internal_value=1.80955e-09 1.40285e-08 1.84527e-06 -7.40428e-10 -1.77332e-06 -5.88622e-07
internal_weight=1.0669e+06 1.06263e+06 8452 1.05418e+06 17360 12257
internal_count=1066896 1062632 8452 1054180 17360 12257
is_linear=0
shrinkage=0.05


Tree=51
num_leaves=7
num_cat=0
split_feature=50 50 14 1 40 8
split_gain=9.01438e-05 8.66179e-05 2.39627e-05 4.16671e-05 1.20428e-05 8.56591e-06
threshold=1.0000000180025095e-35 -1.0000000180025095e-35 0.0031259679235517983 -0.001673289109021425 1.161036014556885 0.0046872405800968417
decision_type=2 2 2 2 2 2
left_child=1 2 -1 -4 -5 -3
right_child=-2 5 3 4 -6 -7
leaf_value=-3.1628635840539691e-07 -6.6617490913771814e-07 9.0953863662408022e-07 6.6025433452501389e-06 2.3441675782018046e-06 -1.6793044005476892e-06 -3.5783080222463903e-07
leaf_weight=344862 355584 342025 3404 3111 4468 13848
leaf_count=344862 355584 342025 3404 3111 4468 13848
internal_value=-1.61335e-08 3.0866e-07 -2.42945e-07 2.05094e-06 -2.3225e-08 8.60178e-07
internal_weight=1.0673e+06 711718 355845 10983 7579 355873
internal_count=1067302 711718 355845 10983 7579 355873
is_linear=0
shrinkage=0.05


Tree=52
num_leaves=7
num_cat=0
split_feature=51 50 50 50 51 50
split_gain=0.00087425 0.0169411 0.0102232 0.00317864 0.00250672 0.00071872
threshold=1.0000000180025095e-35 1.0000000180025095e-35 1.0000000180025095e-35 -1.0000000180025095e-35 -1.0000000180025095e-35 -1.0000000180025095e-35
decision_type=2 2 2 2 2 2
left_child=2 3 5 -2 -4 -1
right_child=1 -3 4 -5 -6 -7
leaf_value=7.1663515835755266e-06 -1.553976598281526e-05 1.3388367881065825e-05 -1.2632835676879023e-05 -3.9675562871938929e-06 -2.3504910697852142e-06 3.272609288648909e-06
leaf_weight=236974 118780 118432 118606 118623 118495 237337
leaf_count=236974 118780 118432 118606 118623 118495 237337
internal_value=-3.11817e-08 -2.05446e-06 9.80898e-07 -9.75954e-06 -7.49565e-06 5.21854e-06
internal_weight=1.06725e+06 355835 711412 237403 237101 474311
internal_count=1067247 355835 711412 237403 237101 474311
is_linear=0
shrinkage=0.05


Tree=53
num_leaves=7
num_cat=0
split_feature=51 50 50 50 51 51
split_gain=0.000785681 0.014567 0.00944636 0.00280701 0.00235048 0.000740602
threshold=1.0000000180025095e-35 1.0000000180025095e-35 1.0000000180025095e-35 -1.0000000180025095e-35 -1.0000000180025095e-35 -1.0000000180025095e-35
decision_type=2 2 2 2 2 2
left_child=2 3 5 -2 -4 -1
right_child=1 -3 4 -5 -6 -7
leaf_value=6.9819980962857543e-06 -1.4527299534126677e-05 1.2359832674668472e-05 -1.2178944580090114e-05 -3.6557263069130421e-06 -2.2337036177324431e-06 3.0272288759077629e-06
leaf_weight=236829 118833 118541 118872 118705 118777 236916
leaf_count=236829 118833 118541 118872 118705 118777 236916
internal_value=-3.55491e-08 -1.95272e-06 9.24135e-07 -9.09635e-06 -7.20983e-06 5.00478e-06
internal_weight=1.06747e+06 356079 711394 237538 237649 473745
internal_count=1067473 356079 711394 237538 237649 473745
is_linear=0
shrinkage=0.05


Tree=54
num_leaves=7
num_cat=0
split_feature=50 50 3 3 11 9
split_gain=6.62859e-05 7.43362e-05 8.91525e-06 1.07827e-05 3.4055e-05 1.04781e-05
threshold=1.0000000180025095e-35 -1.0000000180025095e-35 -0.0035014589084312315 -0.0011812272714450953 -0.012504472862929104 -0.0091289458796381933
decision_type=2 2 2 2 2 2
left_child=1 -1 -3 4 -4 -5
right_child=-2 2 3 5 -6 -7
leaf_value=-2.1925728829001463e-07 -5.4447136827751673e-07 -1.1788811489070313e-06 5.6785458403271734e-06 -2.0981770679110407e-06 1.0843413783208668e-06 7.6342414813001141e-07
leaf_weight=356013 355483 5546 4500 3186 35972 306571
leaf_count=356013 355483 5546 4500 3186 35972 306571
internal_value=1.30661e-08 2.91532e-07 8.02621e-07 8.34163e-07 1.60154e-06 7.33657e-07
internal_weight=1.06727e+06 711788 355775 350229 40472 309757
internal_count=1067271 711788 355775 350229 40472 309757
is_linear=0
shrinkage=0.05


Tree=55
num_leaves=7
num_cat=0
split_feature=51 50 50 50 51 50
split_gain=0.000690612 0.0133245 0.00836948 0.00247034 0.00204788 0.000703977
threshold=1.0000000180025095e-35 1.0000000180025095e-35 1.0000000180025095e-35 -1.0000000180025095e-35 -1.0000000180025095e-35 -1.0000000180025095e-35
decision_type=2 2 2 2 2 2
left_child=2 3 5 -2 -4 -1
right_child=1 -3 4 -5 -6 -7
leaf_value=6.6892917837762921e-06 -1.3707091984740459e-05 1.1901672047911074e-05 -1.1384468164513885e-05 -3.5070327694030143e-06 -2.0935089094909386e-06 2.8366359459235966e-06
leaf_weight=236918 118704 118759 118612 118777 118631 237572
leaf_count=236918 118704 118759 118612 118777 118631 237572
internal_value=2.74856e-08 -1.76956e-06 9.27012e-07 -8.60731e-06 -6.74004e-06 4.76081e-06
internal_weight=1.06797e+06 356240 711733 237481 237243 474490
internal_count=1067973 356240 711733 237481 237243 474490
is_linear=0
shrinkage=0.05


Tree=56
num_leaves=7
num_cat=0
split_feature=51 50 50 50 51 51
split_gain=0.000662779 0.0123368 0.00760273 0.00239072 0.00188523 0.000662652
threshold=1.0000000180025095e-35 1.0000000180025095e-35 1.0000000180025095e-35 -1.0000000180025095e-35 -1.0000000180025095e-35 -1.0000000180025095e-35
decision_type=2 2 2 2 2 2
left_child=2 3 5 -2 -4 -1
right_child=1 -3 4 -5 -6 -7
leaf_value=6.3705076591391067e-06 -1.3386956119968648e-05 1.1371057691312383e-05 -1.0904812571064982e-05 -3.3499154556046809e-06 -1.9900259662519321e-06 2.6340099547208505e-06
leaf_weight=237675 118665 118672 118793 118685 118427 237147
leaf_count=237675 118665 118672 118793 118685 118427 237147
internal_value=-2.76326e-08 -1.78894e-06 8.53085e-07 -8.36978e-06 -6.45565e-06 4.50481e-06
internal_weight=1.06806e+06 356022 712042 237350 237220 474822
internal_count=1068064 356022 712042 237350 237220 474822
is_linear=0
shrinkage=0.05


Tree=57
num_leaves=7
num_cat=0
split_feature=51 10 38 14 17 34
split_gain=0.000521469 0.000202575 0.000175581 9.22127e-05 8.39314e-05 0.000127572
threshold=1.0000000180025095e-35 -0.018511405214667317 0.18901388347148898 0.0044797123409807691 2.064477920532227 46.363798141479499
decision_type=2 2 2 2 2 2
left_child=1 -1 -2 -3 -4 -6
right_child=2 3 4 -5 5 -7
leaf_value=-8.5869367183574508e-06 7.8990304307166811e-06 8.5348549732298602e-07 -1.5311844760444949e-06 8.1159610770231825e-06 -1.3433421900660809e-05 -9.9561705629526391e-07
leaf_weight=5624 4830 701072 342679 4349 3711 4582
leaf_count=5624 4830 701072 342679 4349 3711 4582
internal_value=4.1249e-08 8.23205e-07 -1.52133e-06 8.98832e-07 -1.65208e-06 -6.60851e-06
internal_weight=1.06685e+06 711045 355802 705421 350972 8293
internal_count=1066847 711045 355802 705421 350972 8293
is_linear=0
shrinkage=0.05


Tree=58
num_leaves=7
num_cat=0
split_feature=50 50 18 0 0 8
split_gain=4.10226e-05 4.54285e-05 3.66612e-05 1.52019e-05 9.41622e-06 1.12864e-05
threshold=1.0000000180025095e-35 -1.0000000180025095e-35 0.0054437443614006051 0.0027554854750633244 -0.0016930028796195982 0.0077628460712730893
decision_type=2 2 2 2 2 2
left_child=1 2 3 -1 -2 -6
right_child=4 -3 -4 -5 5 -7
leaf_value=-1.8595967857519136e-07 -1.3499656316628415e-06 6.097479123202997e-07 -4.82078938985623e-06 1.9298585680957643e-06 -4.0637741562541319e-07 2.2724533207747314e-06
leaf_weight=343188 26685 355515 4172 8655 325412 3931
leaf_count=343188 26685 355515 4172 8655 325412 3931
internal_value=-9.25664e-09 2.09987e-07 -1.89242e-07 -1.33646e-07 -4.47388e-07 -3.74063e-07
internal_weight=1.06756e+06 711530 356015 351843 356028 329343
internal_count=1067558 711530 356015 351843 356028 329343
is_linear=0
shrinkage=0.05


Tree=59
num_leaves=7
num_cat=0
split_feature=27 6 17 8 17 35
split_gain=1.14362e-05 9.62867e-06 9.89389e-06 1.13016e-05 1.05727e-05 1.10669e-05
threshold=-4.0390393733978263 0.0057839262299239644 2.6335871219635014 -0.0089659057557582838 2.4161925315856938 1.4882788658142092
decision_type=2 2 2 2 2 2
left_child=-1 2 3 -2 5 -5
right_child=1 -3 -4 4 -6 -7
leaf_value=2.5611456413376826e-06 -2.1187108094723736e-06 -2.4369427102690109e-06 2.5267730371056509e-06 4.4699402779292729e-08 -2.6907769523090577e-06 -2.6556992013967416e-06
leaf_weight=4372 6131 3945 3879 1041884 3520 3758
leaf_count=4372 6131 3945 3879 1041884 3520 3758
internal_value=2.36774e-08 1.31223e-08 2.23624e-08 1.30376e-08 2.55953e-08 3.48677e-08
internal_weight=1.06749e+06 1.06312e+06 1.05917e+06 1.05529e+06 1.04916e+06 1.04564e+06
internal_count=1067489 1063117 1059172 1055293 1049162 1045642
is_linear=0
shrinkage=0.05


Tree=60
num_leaves=7
num_cat=0
split_feature=51 50 50 50 51 51
split_gain=0.000557054 0.0108166 0.00665632 0.00211684 0.00157029 0.000642862
threshold=1.0000000180025095e-35 1.0000000180025095e-35 1.0000000180025095e-35 -1.0000000180025095e-35 -1.0000000180025095e-35 -1.0000000180025095e-35
decision_type=2 2 2 2 2 2
left_child=2 3 5 -2 -4 -1
right_child=1 -3 4 -5 -6 -7
leaf_value=6.1245615897835378e-06 -1.2440559329713665e-05 1.0783277435730339e-05 -1.0045961736322809e-05 -2.9948702107811e-06 -1.9093091835584692e-06 2.4450121076368784e-06
leaf_weight=237595 118469 118475 118319 118823 118876 237396
leaf_count=237595 118469 118475 118319 118823 118876 237396
internal_value=6.3173e-08 -1.55238e-06 8.70263e-07 -7.7123e-06 -5.96934e-06 4.28601e-06
internal_weight=1.06795e+06 355767 712186 237292 237195 474991
internal_count=1067953 355767 712186 237292 237195 474991
is_linear=0
shrinkage=0.05


Tree=61
num_leaves=7
num_cat=0
split_feature=51 1 12 24 12 1
split_gain=0.000470219 0.000128217 0.000114569 0.000182004 0.000102819 8.1664e-05
threshold=1.0000000180025095e-35 -0.00022680416441289705 -0.022787016816437241 0.32812733948230749 -0.041651504114270203 -8.4255381807452054e-05
decision_type=2 2 2 2 2 2
left_child=4 2 3 -2 -1 -6
right_child=1 -3 -4 -5 5 -7
leaf_value=-5.8933794083590082e-06 1.4037508070618923e-05 -2.226827514731095e-06 -6.5288003523981867e-07 -6.3732995003429068e-07 2.3274860321306963e-07 1.3124685571472106e-06
leaf_weight=5704 3475 215874 130624 5264 323142 382340
leaf_count=5704 3475 215874 130624 5264 323142 382340
internal_value=2.16999e-08 -1.46373e-06 -2.81315e-07 5.24467e-06 7.63722e-07 8.17961e-07
internal_weight=1.06642e+06 355237 139363 8739 711186 705482
internal_count=1066423 355237 139363 8739 711186 705482
is_linear=0
shrinkage=0.05


Tree=62
num_leaves=7
num_cat=0
split_feature=50 13 50 36 12 13
split_gain=4.27437e-05 2.30383e-05 1.97845e-05 1.60347e-05 9.95309e-06 8.31517e-06
threshold=1.0000000180025095e-35 0.0046745804138481626 -1.0000000180025095e-35 0.034410839900374419 0.036402331665158279 0.0038878886261954908
decision_type=2 2 2 2 2 2
left_child=1 2 4 5 -1 -2
right_child=3 -3 -4 -5 -6 -7
leaf_value=-1.3373967675988453e-09 -4.2149756585236001e-07 3.4553944828487991e-06 4.9977372166287997e-07 2.6511198377991512e-06 -2.5250401697808516e-06 -2.7225039238419843e-06
leaf_weight=349243 347668 5548 352872 4176 3901 3923
leaf_count=349243 347668 5548 352872 4176 3901 3923
internal_value=3.66371e-08 2.60367e-07 2.35017e-07 -4.10816e-07 -2.9569e-08 -4.47555e-07
internal_weight=1.06733e+06 711564 706016 355767 353144 351591
internal_count=1067331 711564 706016 355767 353144 351591
is_linear=0
shrinkage=0.05


Tree=63
num_leaves=7
num_cat=0
split_feature=51 50 50 50 51 50
split_gain=0.00035744 0.0102185 0.00607771 0.00185137 0.00158543 0.00063679
threshold=1.0000000180025095e-35 1.0000000180025095e-35 1.0000000180025095e-35 -1.0000000180025095e-35 -1.0000000180025095e-35 -1.0000000180025095e-35
decision_type=2 2 2 2 2 2
left_child=2 3 5 -2 -4 -1
right_child=1 -3 4 -5 -6 -7
leaf_value=5.7073765790223638e-06 -1.1749439850266146e-05 1.0646563208631123e-05 -1.0009008021251063e-05 -2.9145115336645643e-06 -1.8317426417517851e-06 2.0428263454648029e-06
leaf_weight=237078 118364 118612 118742 118859 118363 237238
leaf_count=237078 118364 118612 118742 118859 118363 237238
internal_value=-3.96256e-08 -1.33334e-06 6.07509e-07 -7.32431e-06 -5.92816e-06 3.87489e-06
internal_weight=1.06726e+06 355835 711421 237223 237105 474316
internal_count=1067256 355835 711421 237223 237105 474316
is_linear=0
shrinkage=0.05


Tree=64
num_leaves=7
num_cat=0
split_feature=14 50 13 50 14 2
split_gain=3.8978e-05 2.83938e-05 3.11434e-05 1.56525e-05 1.24165e-05 1.15638e-05
threshold=0.0052990007679909476 1.0000000180025095e-35 0.0041833319701254377 -1.0000000180025095e-35 0.0035492700990289454 0.0020494917407631878
decision_type=2 2 2 2 2 2
left_child=1 3 -3 -1 5 -5
right_child=-2 2 -4 4 -6 -7
leaf_value=-3.5208340719686033e-08 -4.8041321253561924e-06 -3.9309433996227199e-07 4.5249454341094578e-06 4.6102370965634681e-07 2.7550640153127691e-06 -8.9211811248965487e-07
leaf_weight=354575 4159 351646 3199 332398 5624 16531
leaf_count=354575 4159 351646 3199 332398 5624 16531
internal_value=-2.01096e-09 1.69851e-08 -3.48126e-07 1.99697e-07 4.34589e-07 3.96798e-07
internal_weight=1.06813e+06 1.06397e+06 354845 709128 354553 348929
internal_count=1068132 1063973 354845 709128 354553 348929
is_linear=0
shrinkage=0.05


Tree=65
num_leaves=7
num_cat=0
split_feature=39 11 6 6 34 18
split_gain=1.56701e-05 1.23834e-05 8.11648e-06 5.95e-06 1.4711e-05 1.86452e-05
threshold=6.2456829547882089 0.024631293490529064 -0.0055721814278513184 0.0032049420988187198 54.112567901611335 0.0041324372868984946
decision_type=2 2 2 2 2 2
left_child=1 2 -1 -4 5 -5
right_child=-2 -3 3 4 -6 -7
leaf_value=2.2085513460886566e-06 2.9794083161360139e-06 -1.9796301447975215e-06 -1.7896807023329487e-08 -5.7054362335548166e-07 4.4866942073016005e-07 -5.1703733902250447e-06
leaf_weight=4000 4263 8120 1031540 5807 9760 3514
leaf_count=4000 4263 8120 1031540 5807 9760 3514
internal_value=-2.83101e-08 -4.05146e-08 -2.54913e-08 -3.41016e-08 -9.07817e-07 -2.32301e-06
internal_weight=1.067e+06 1.06274e+06 1.05462e+06 1.05062e+06 19081 9321
internal_count=1067004 1062741 1054621 1050621 19081 9321
is_linear=0
shrinkage=0.05


Tree=66
num_leaves=7
num_cat=0
split_feature=50 14 23 18 9 40
split_gain=4.58426e-05 2.28079e-05 2.11254e-05 1.58736e-05 1.25131e-05 1.15269e-05
threshold=1.0000000180025095e-35 0.0033899894915521149 1.0218657255172732 0.0026127704186365013 -0.0091289458796381933 1.2272753715515139
decision_type=2 2 2 2 2 2
left_child=3 4 -3 -1 -2 -5
right_child=1 2 -4 5 -6 -7
leaf_value=1.2697744437917799e-07 -2.8033941876137248e-06 -9.1350847095572637e-07 -6.0349141989136466e-06 3.5070113457448392e-07 -3.6748433369302727e-07 1.3905759495288109e-06
leaf_weight=601994 5306 4851 3419 64601 342259 45370
leaf_count=601994 5306 4851 3419 64601 342259 45370
internal_value=-3.69083e-09 -4.67062e-07 -3.05435e-06 2.27915e-07 -4.05069e-07 7.80152e-07
internal_weight=1.0678e+06 355835 8270 711965 347565 109971
internal_count=1067800 355835 8270 711965 347565 109971
is_linear=0
shrinkage=0.05


Tree=67
num_leaves=7
num_cat=0
split_feature=51 1 12 24 11 12
split_gain=0.000424954 0.000146836 0.000206507 0.000159624 0.00012261 8.69306e-05
threshold=1.0000000180025095e-35 0.00030568693182431167 -0.024754316546022889 0.3814013153314591 -0.013848829083144663 -0.041651504114270203
decision_type=2 2 2 2 2 2
left_child=5 2 3 -2 -3 -1
right_child=1 4 -4 -5 -6 -7
leaf_value=-5.4027790651214746e-06 1.4238176279510992e-05 -1.0506175117181522e-05 -9.7367712074731462e-07 8.1799236706789095e-07 -2.4752621394018373e-06 7.381737270385856e-07
leaf_weight=5761 3927 4901 219520 5018 122462 705513
leaf_count=5761 3927 4901 219520 5018 122462 705513
internal_value=-1.7666e-08 -1.42826e-06 -6.69626e-07 6.75607e-06 -2.7883e-06 6.88058e-07
internal_weight=1.0671e+06 355828 228465 8945 127363 711274
internal_count=1067102 355828 228465 8945 127363 711274
is_linear=0
shrinkage=0.05


Tree=68
num_leaves=7
num_cat=0
split_feature=51 50 50 50 51 51
split_gain=0.000333946 0.00892714 0.00555823 0.00179919 0.00142722 0.000576939
threshold=1.0000000180025095e-35 1.0000000180025095e-35 1.0000000180025095e-35 -1.0000000180025095e-35 -1.0000000180025095e-35 -1.0000000180025095e-35
decision_type=2 2 2 2 2 2
left_child=2 3 5 -2 -4 -1
right_child=1 -3 4 -5 -6 -7
leaf_value=5.5078131859083538e-06 -1.1180803489771853e-05 9.961010553377086e-06 -9.4913251780822805e-06 -2.4739555317464051e-06 -1.7307748248606778e-06 2.0222819994718174e-06
leaf_weight=237328 118709 118707 118421 118646 118560 237694
leaf_count=237328 118709 118707 118421 118646 118560 237694
internal_value=1.86826e-08 -1.23144e-06 6.43892e-07 -6.82997e-06 -5.60996e-06 3.7641e-06
internal_weight=1.06806e+06 356062 712003 237355 236981 475022
internal_count=1068065 356062 712003 237355 236981 475022
is_linear=0
shrinkage=0.05


Tree=69
num_leaves=7
num_cat=0
split_feature=50 3 40 4 18 11
split_gain=1.70237e-05 1.33887e-05 2.0153e-05 1.19009e-05 1.17849e-05 2.44542e-05
threshold=1.0000000180025095e-35 -0.002795779262669384 2.8116652965545659 0.0034893080592155461 0.004250358324497939 -0.016456082463264462
decision_type=2 2 2 2 2 2
left_child=1 2 -1 4 -2 -6
right_child=3 -3 -4 -5 5 -7
leaf_value=-3.7625986736845118e-07 -3.5605047674632496e-07 1.1561485746433725e-07 -4.2967341899219616e-06 -2.6090140871945769e-06 4.992589497266971e-06 -3.7181677817503726e-07
leaf_weight=15474 340282 692303 4113 5660 3146 6318
leaf_count=15474 340282 692303 4113 5660 3146 6318
internal_value=-6.19914e-08 7.91049e-08 -1.20835e-06 -3.44583e-07 -3.0757e-07 1.42827e-06
internal_weight=1.0673e+06 711890 19587 355406 349746 9464
internal_count=1067296 711890 19587 355406 349746 9464
is_linear=0
shrinkage=0.05


Tree=70
num_leaves=7
num_cat=0
split_feature=50 0 5 39 16 4
split_gain=1.98036e-05 1.04998e-05 9.16245e-06 7.46934e-06 3.06719e-05 9.26852e-06
threshold=1.0000000180025095e-35 -0.0039176256395876399 -0.0038962356047704812 4.4397592544555673 0.0011824102839455011 -0.0029946350259706374
decision_type=2 2 2 2 2 2
left_child=3 -2 -3 5 -5 -1
right_child=1 2 -4 4 -6 -7
leaf_value=-1.0724980618516975e-06 -2.8203040110287434e-06 2.0904409789812573e-06 -3.282381640401376e-07 -6.6889286724874195e-07 5.5882734271926481e-06 1.3657601476673866e-07
leaf_weight=16176 4136 3911 347328 5372 3024 685728
leaf_count=16176 4136 3911 347328 5372 3024 685728
internal_value=-2.60275e-08 -3.30726e-07 -3.01013e-07 1.26431e-07 1.6045e-06 1.08637e-07
internal_weight=1.06568e+06 355375 351239 710300 8396 701904
internal_count=1065675 355375 351239 710300 8396 701904
is_linear=0
shrinkage=0.05


Tree=71
num_leaves=7
num_cat=0
split_feature=2 3 11 50 7 33
split_gain=1.94619e-05 1.61596e-05 1.83659e-05 1.37798e-05 1.19314e-05 2.04958e-05
threshold=-0.0055007874034345141 0.0056380382739007482 -0.030815992504358288 1.0000000180025095e-35 -0.0026189420605078335 35.183370590209968
decision_type=2 2 2 2 2 2
left_child=-1 2 -2 4 5 -4
right_child=1 -3 3 -5 -6 -7
leaf_value=3.3521618670318536e-06 -3.5336293030592551e-06 3.1380929325848062e-06 -3.8247178281883707e-06 -2.4616704332824703e-07 1.7276431645272175e-07 -1.5625904160781707e-07
leaf_weight=4321 3621 4060 4973 352279 683083 15753
leaf_count=4321 3621 4060 4973 352279 683083 15753
internal_value=2.26433e-08 8.96196e-09 -3.17398e-09 9.09758e-09 1.36874e-07 -1.04356e-06
internal_weight=1.06809e+06 1.06377e+06 1.05971e+06 1.05609e+06 703809 20726
internal_count=1068090 1063769 1059709 1056088 703809 20726
is_linear=0
shrinkage=0.05


Tree=72
num_leaves=7
num_cat=0
split_feature=51 50 50 50 51 50
split_gain=0.000267971 0.00839705 0.00465583 0.00145594 0.00119012 0.000515652
threshold=1.0000000180025095e-35 1.0000000180025095e-35 1.0000000180025095e-35 -1.0000000180025095e-35 -1.0000000180025095e-35 -1.0000000180025095e-35
decision_type=2 2 2 2 2 2
left_child=2 3 5 -2 -4 -1
right_child=1 -3 4 -5 -6 -7
leaf_value=5.0832683805890574e-06 -1.04404469552403e-05 9.7553149757474365e-06 -8.6844062559003788e-06 -2.6068943768500369e-06 -1.6000090388259942e-06 1.7863618037965161e-06
leaf_weight=237452 118878 118654 118543 118423 118592 237064
leaf_count=237452 118878 118654 118543 118423 118592 237064
internal_value=1.74275e-08 -1.10255e-06 5.77658e-07 -6.53255e-06 -5.14256e-06 3.43652e-06
internal_weight=1.06761e+06 355955 711651 237301 237135 474516
internal_count=1067606 355955 711651 237301 237135 474516
is_linear=0
shrinkage=0.05


Tree=73
num_leaves=7
num_cat=0
split_feature=13 50 43 10 7 12
split_gain=3.5249e-05 1.73066e-05 1.5925e-05 6.97473e-06 9.16552e-06 7.8557e-06
threshold=0.0056576072238385686 1.0000000180025095e-35 1.7771046161651614 0.0078165312297642248 0.0024830707116052513 -0.03437331318855285
decision_type=2 2 2 2 2 2
left_child=1 2 -1 4 5 -3
right_child=-2 3 -4 -5 -6 -7
leaf_value=1.6140952420519085e-07 4.621361255726258e-06 -2.3091699654908404e-06 2.9158830173571066e-06 -1.1715001535744912e-06 1.3956598536187703e-06 -2.0655903247635312e-07
leaf_weight=704235 4164 4455 5237 19194 8795 322354
leaf_count=704235 4164 4455 5237 19194 8795 322354
internal_value=5.74374e-08 3.93646e-08 1.81946e-07 -2.45733e-07 -1.9262e-07 -2.3557e-07
internal_weight=1.06843e+06 1.06427e+06 709472 354798 335604 326809
internal_count=1068434 1064270 709472 354798 335604 326809
is_linear=0
shrinkage=0.05


Tree=74
num_leaves=7
num_cat=0
split_feature=51 36 9 41 38 22
split_gain=0.000269148 0.000187247 0.00010052 0.000145001 0.000187372 0.000110567
threshold=1.0000000180025095e-35 0.034410839900374419 0.0045271678827703008 0.46215111017227178 4.7542386054992685 0.21240691095590594
decision_type=2 2 2 2 2 2
left_child=-1 2 -2 -4 -5 -6
right_child=1 -3 3 4 5 -7
leaf_value=6.2123247492569069e-07 -9.4516631886021677e-07 9.4202171306640748e-06 2.3149415297689973e-06 -1.5083707715529683e-05 -6.9511647228737994e-06 1.6541827622538915e-06
leaf_weight=712569 324783 4160 6555 4566 9518 6094
leaf_count=712569 324783 4160 6555 4566 9518 6094
internal_value=6.05248e-08 -1.06274e-06 -1.18812e-06 -4.13253e-06 -6.2276e-06 -3.59759e-06
internal_weight=1.06824e+06 355676 351516 26733 20178 15612
internal_count=1068245 355676 351516 26733 20178 15612
is_linear=0
shrinkage=0.05


Tree=75
num_leaves=7
num_cat=0
split_feature=2 9 50 0 43 43
split_gain=1.76158e-05 1.30061e-05 1.07673e-05 1.09631e-05 1.95863e-05 1.03228e-05
threshold=0.0055520294699817905 0.012749682180583479 1.0000000180025095e-35 -0.0032197522232308979 -0.48525518178939814 0.26985213160514837
decision_type=2 2 2 2 2 2
left_child=1 2 -1 4 -4 -3
right_child=-2 5 3 -5 -6 -7
leaf_value=5.4892036393865666e-08 -3.1454745231563731e-06 4.0759114059592523e-07 -1.06963058053313e-06 -3.225677237451566e-07 4.3278061513904596e-06 4.2576979727719881e-06
leaf_weight=704398 4547 4005 3227 345335 3422 3046
leaf_count=704398 4547 4005 3227 345335 3422 3046
internal_value=-5.697e-08 -4.3617e-08 -5.79503e-08 -2.83748e-07 1.7198e-06 2.08909e-06
internal_weight=1.06798e+06 1.06343e+06 1.05638e+06 351984 6649 7051
internal_count=1067980 1063433 1056382 351984 6649 7051
is_linear=0
shrinkage=0.05


Tree=76
num_leaves=7
num_cat=0
split_feature=51 50 50 50 51 51
split_gain=0.000246128 0.00736486 0.00427687 0.0013539 0.00108903 0.000506636
threshold=1.0000000180025095e-35 1.0000000180025095e-35 1.0000000180025095e-35 -1.0000000180025095e-35 -1.0000000180025095e-35 -1.0000000180025095e-35
decision_type=2 2 2 2 2 2
left_child=2 3 5 -2 -4 -1
right_child=1 -3 4 -5 -6 -7
leaf_value=4.9358648402092866e-06 -9.90089513317392e-06 9.1219850083362889e-06 -8.3042513188387651e-06 -2.3526659871941555e-06 -1.5272948369516863e-06 1.6677079045860536e-06
leaf_weight=237244 118799 118679 118694 118860 118432 237201
leaf_count=237244 118799 118679 118694 118860 118432 237201
internal_value=2.47731e-08 -1.0478e-06 5.61928e-07 -6.1271e-06 -4.92055e-06 3.30228e-06
internal_weight=1.06791e+06 356338 711571 237659 237126 474445
internal_count=1067909 356338 711571 237659 237126 474445
is_linear=0
shrinkage=0.05


Tree=77
num_leaves=7
num_cat=0
split_feature=6 8 8 14 15 1
split_gain=2.73679e-05 9.18179e-06 1.83799e-05 8.97402e-06 1.34296e-05 7.36151e-06
threshold=-0.0055721814278513184 0.011394719593226911 0.0089797829277813452 0.0044797123409807691 0.0040602397639304408 -0.00065352997626177956
decision_type=2 2 2 2 2 2
left_child=-1 2 3 4 -2 -5
right_child=1 -3 -4 5 -6 -7
leaf_value=-3.980821670983197e-06 3.1800960251699151e-08 2.4044255147901405e-06 -3.2709065248449084e-06 -3.6157671669796002e-06 2.7949462307236515e-06 -1.2781415171471767e-07
leaf_weight=4224 1044492 4000 4178 3003 4366 3006
leaf_count=4224 1044492 4000 4178 3003 4366 3006
internal_value=1.22034e-08 2.82561e-08 1.91682e-08 3.23536e-08 4.34356e-08 -1.88637e-06
internal_weight=1.06727e+06 1.06304e+06 1.05904e+06 1.05487e+06 1.04886e+06 6009
internal_count=1067269 1063045 1059045 1054867 1048858 6009
is_linear=0
shrinkage=0.05


Tree=78
num_leaves=7
num_cat=0
split_feature=51 1 44 11 1 12
split_gain=0.000260124 0.000114491 0.000133145 0.00011662 0.000124772 0.000104653
threshold=1.0000000180025095e-35 -0.00022680416441289705 2.9595087766647343 -0.014574171975255011 0.0034621729282662277 -0.027105535380542275
decision_type=2 2 2 2 2 2
left_child=-1 5 3 -3 -5 -2
right_child=1 2 -4 4 -6 -7
leaf_value=5.4733287955815319e-07 6.4894698622569149e-06 -8.8781724381865837e-06 -9.2912243611800621e-06 -1.6058691940084642e-06 7.1895644310939105e-06 -2.7966549986813703e-07
leaf_weight=712542 5915 5346 5767 201270 4066 133437
leaf_count=712542 5915 5346 5767 201270 4066 133437
internal_value=-3.97981e-09 -1.10798e-06 -1.82751e-06 -1.62105e-06 -1.43e-06 9.88493e-09
internal_weight=1.06834e+06 355801 216449 210682 205336 139352
internal_count=1068343 355801 216449 210682 205336 139352
is_linear=0
shrinkage=0.05


Tree=79
num_leaves=7
num_cat=0
split_feature=51 50 50 50 51 50
split_gain=0.000199782 0.0068764 0.0039065 0.00123713 0.00101768 0.000520631
threshold=1.0000000180025095e-35 1.0000000180025095e-35 1.0000000180025095e-35 -1.0000000180025095e-35 -1.0000000180025095e-35 -1.0000000180025095e-35
decision_type=2 2 2 2 2 2
left_child=2 3 5 -2 -4 -1
right_child=1 -3 4 -5 -6 -7
leaf_value=4.7712509358604364e-06 -9.4811679553419894e-06 8.8684775003381881e-06 -8.027267196846735e-06 -2.2576372089889352e-06 -1.4770732831219596e-06 1.4580181982926664e-06
leaf_weight=237248 118617 118666 118221 118506 118980 237099
leaf_count=237248 118617 118666 118221 118506 118980 237099
internal_value=1.20283e-08 -9.55286e-07 4.95739e-07 -5.87233e-06 -4.74269e-06 3.11548e-06
internal_weight=1.06734e+06 355789 711548 237123 237201 474347
internal_count=1067337 355789 711548 237123 237201 474347
is_linear=0
shrinkage=0.05


Tree=80
num_leaves=7
num_cat=0
split_feature=51 50 50 50 51 50
split_gain=0.000179909 0.00606452 0.00343462 0.00108066 0.000899663 0.000446083
threshold=1.0000000180025095e-35 1.0000000180025095e-35 1.0000000180025095e-35 -1.0000000180025095e-35 -1.0000000180025095e-35 -1.0000000180025095e-35
decision_type=2 2 2 2 2 2
left_child=2 3 5 -2 -4 -1
right_child=1 -3 4 -5 -6 -7
leaf_value=4.4149922647572398e-06 -8.9287431833601925e-06 8.2903968506271437e-06 -7.5618214466465075e-06 -2.1813491210972512e-06 -1.4020699142577e-06 1.348418432810373e-06
leaf_weight=237628 118777 118455 118612 118623 118506 236811
leaf_count=237628 118777 118455 118612 118623 118506 236811
internal_value=-3.01462e-08 -9.47976e-07 4.28902e-07 -5.5584e-06 -4.48427e-06 2.88465e-06
internal_weight=1.06741e+06 355855 711557 237400 237118 474439
internal_count=1067412 355855 711557 237400 237118 474439
is_linear=0
shrinkage=0.05


Tree=81
num_leaves=7
num_cat=0
split_feature=9 2 12 15 0 0
split_gain=1.80971e-05 3.55675e-05 8.00735e-06 1.11227e-05 3.09312e-05 6.02442e-06
threshold=-0.012858465779572724 -0.0024804908316582437 -0.049089692533016198 0.0037583471275866036 0.00065763681777752947 0.0045438690576702365
decision_type=2 2 2 2 2 2
left_child=1 -1 -2 5 -5 -4
right_child=2 -3 3 4 -6 -7
leaf_value=5.7565775588504416e-06 -2.3620051873138527e-06 -6.7487596321244416e-07 4.2244844974886504e-08 -8.0108596924028384e-07 4.8491781206769923e-06 -1.4647966577861922e-06
leaf_weight=3995 3407 4568 1039344 5392 4330 6624
leaf_count=3995 3407 4568 1039344 5392 4330 6624
internal_value=5.902e-08 2.34167e-06 4.04547e-08 4.83195e-08 1.72737e-06 3.26314e-08
internal_weight=1.06766e+06 8563 1.0591e+06 1.05569e+06 9722 1.04597e+06
internal_count=1067660 8563 1059097 1055690 9722 1045968
is_linear=0
shrinkage=0.05


Tree=82
num_leaves=7
num_cat=0
split_feature=51 50 50 50 51 51
split_gain=0.000151331 0.00542524 0.0030754 0.000982971 0.000807867 0.000409261
threshold=1.0000000180025095e-35 1.0000000180025095e-35 1.0000000180025095e-35 -1.0000000180025095e-35 -1.0000000180025095e-35 -1.0000000180025095e-35
decision_type=2 2 2 2 2 2
left_child=2 3 5 -2 -4 -1
right_child=1 -3 4 -5 -6 -7
leaf_value=4.1848491876372161e-06 -8.4602581518869913e-06 7.8391798471511273e-06 -7.1684920397816789e-06 -2.0204604324548855e-06 -1.3374239114478773e-06 1.2472574598194784e-06
leaf_weight=237141 118628 118955 118737 118431 118868 237191
leaf_count=237141 118628 118955 118737 118431 118868 237191
internal_value=-3.05144e-08 -8.72122e-07 3.90375e-07 -5.24414e-06 -4.25225e-06 2.71618e-06
internal_weight=1.06795e+06 356014 711937 237059 237605 474332
internal_count=1067951 356014 711937 237059 237605 474332
is_linear=0
shrinkage=0.05


Tree=83
num_leaves=7
num_cat=0
split_feature=51 50 50 50 51 51
split_gain=0.000135424 0.00488436 0.00286459 0.000927635 0.000743095 0.000397277
threshold=1.0000000180025095e-35 1.0000000180025095e-35 1.0000000180025095e-35 -1.0000000180025095e-35 -1.0000000180025095e-35 -1.0000000180025095e-35
decision_type=2 2 2 2 2 2
left_child=2 3 5 -2 -4 -1
right_child=1 -3 4 -5 -6 -7
leaf_value=4.1032263004284573e-06 -8.0517980169714614e-06 7.5053249542311947e-06 -6.8663828141864241e-06 -1.7954383961632497e-06 -1.2693065585547754e-06 1.2099235897679954e-06
leaf_weight=237250 118502 118512 118742 118514 118468 237394
leaf_count=237250 118502 118512 118742 118514 118468 237394
internal_value=1.62005e-08 -7.80658e-07 4.1421e-07 -4.9245e-06 -4.07193e-06 2.65642e-06
internal_weight=1.06738e+06 355528 711854 237016 237210 474644
internal_count=1067382 355528 711854 237016 237210 474644
is_linear=0
shrinkage=0.05


Tree=84
num_leaves=7
num_cat=0
split_feature=13 8 10 30 23 13
split_gain=1.27609e-05 9.77162e-06 1.01849e-05 8.58861e-06 1.76053e-05 1.20295e-05
threshold=0.0056576072238385686 -0.0028796111000701781 0.0070450000930577525 -1.1071859598159788 1.741591274738312 0.0023963069543242459
decision_type=2 2 2 2 2 2
left_child=1 2 3 4 5 -1
right_child=-2 -3 -4 -5 -6 -7
leaf_value=3.4285869533169309e-07 2.7724755979562731e-06 5.0428221842893525e-08 1.9524244879861388e-06 -8.2150025624694967e-07 2.8823048045899068e-06 -2.8283573534963716e-06
leaf_weight=11011 4122 964306 4109 75095 5045 4051
leaf_count=11011 4122 964306 4109 75095 5045 4051
internal_value=1.26098e-08 1.78427e-09 -4.70334e-07 -5.75873e-07 3.41252e-07 -5.16592e-07
internal_weight=1.06774e+06 1.06362e+06 99311 95202 20107 15062
internal_count=1067739 1063617 99311 95202 20107 15062
is_linear=0
shrinkage=0.05


Tree=85
num_leaves=7
num_cat=0
split_feature=51 50 50 50 51 50
split_gain=0.00013036 0.0045773 0.0026388 0.000763019 0.00072204 0.000434321
threshold=1.0000000180025095e-35 1.0000000180025095e-35 1.0000000180025095e-35 -1.0000000180025095e-35 -1.0000000180025095e-35 -1.0000000180025095e-35
decision_type=2 2 2 2 2 2
left_child=2 3 5 -2 -4 -1
right_child=1 -3 4 -5 -6 -7
leaf_value=4.0058796333692354e-06 -7.6681033469946754e-06 7.1762604847196049e-06 -6.7241059676375497e-06 -2.0023525148088398e-06 -1.2066242977231696e-06 9.8032453212496468e-07
leaf_weight=237044 118912 118902 118594 118829 118590 237453
leaf_count=237044 118912 118902 118594 118829 118590 237453
internal_value=-5.14321e-08 -8.31584e-07 3.39554e-07 -4.83723e-06 -3.96625e-06 2.49206e-06
internal_weight=1.06832e+06 356643 711681 237741 237184 474497
internal_count=1068324 356643 711681 237741 237184 474497
is_linear=0
shrinkage=0.05


Tree=86
num_leaves=7
num_cat=0
split_feature=4 3 1 40 44 13
split_gain=2.38913e-05 1.53638e-05 2.41064e-05 1.49151e-05 1.24303e-05 1.05266e-05
threshold=0.0055718494113534698 0.0039128102362155923 -0.00035914627369493241 5.4730334281921396 0.62070998549461376 0.0022705988958477978
decision_type=2 2 2 2 2 2
left_child=1 3 -3 5 -4 -1
right_child=-2 2 4 -5 -6 -7
leaf_value=-7.2571909801634639e-08 3.6466254980131819e-06 -7.1141700864640033e-07 1.4674789555303671e-06 -3.3256867848556698e-06 5.8621506084315243e-06 5.349001235875069e-07
leaf_weight=970834 4415 5368 3087 3390 3414 76918
leaf_count=970834 4415 5368 3087 3390 3414 76918
internal_value=-3.17701e-09 -1.85065e-08 1.76655e-06 -3.87456e-08 3.80247e-06 -2.79525e-08
internal_weight=1.06743e+06 1.06301e+06 11869 1.05114e+06 6501 1.04775e+06
internal_count=1067426 1063011 11869 1051142 6501 1047752
is_linear=0
shrinkage=0.05


Tree=87
num_leaves=7
num_cat=0
split_feature=36 38 13 14 21 23
split_gain=1.38856e-05 5.41845e-05 2.9856e-05 1.4031e-05 1.3795e-05 4.19113e-05
threshold=0.034410839900374419 1.2820777893066408 0.0038878886261954908 0.0032461676746606831 0.183404415845871 1.0562528967857363
decision_type=2 2 2 2 2 2
left_child=3 -2 -3 -1 -5 -6
right_child=1 2 -4 4 5 -7
leaf_value=1.8620034960279183e-08 3.8943562354950121e-06 -1.0482217579835014e-06 -6.807404169550377e-06 -1.740012484612418e-08 5.6582425447326679e-07 7.4022809345509432e-06
leaf_weight=1034646 3220 5098 4010 9922 7701 3118
leaf_count=1034646 3220 5098 4010 9922 7701 3118
internal_value=2.49389e-08 -1.63999e-06 -3.60715e-06 4.44638e-08 1.33051e-06 2.56106e-06
internal_weight=1.06772e+06 12328 9108 1.05539e+06 20741 10819
internal_count=1067715 12328 9108 1055387 20741 10819
is_linear=0
shrinkage=0.05


Tree=88
num_leaves=7
num_cat=0
split_feature=51 30 24 11 42 12
split_gain=0.000136563 0.000100553 0.000111831 9.63886e-05 0.000164024 9.00795e-05
threshold=1.0000000180025095e-35 -1.4410799145698545 0.32812733948230749 -0.014574171975255011 0.47423672676086431 -0.030372735112905499
decision_type=2 2 2 2 2 2
left_child=-1 2 -2 4 -3 -5
right_child=1 3 -4 5 -6 -7
leaf_value=3.8270869700002266e-07 1.1900310488701487e-05 4.8827455956063182e-07 -6.6180004594059357e-07 6.0646690010892741e-06 -1.2372267760457532e-05 -8.910248531827342e-07
leaf_weight=712333 3202 5068 3881 4671 4797 334363
leaf_count=712333 3202 5068 3881 4671 4797 334363
internal_value=-1.69183e-08 -8.16528e-07 5.06074e-06 -9.36551e-07 -5.79621e-06 -7.94313e-07
internal_weight=1.06832e+06 355982 7083 348899 9865 339034
internal_count=1068315 355982 7083 348899 9865 339034
is_linear=0
shrinkage=0.05


Tree=89
num_leaves=7
num_cat=0
split_feature=51 36 36 51 17 2
split_gain=0.00012571 0.000128071 0.000101518 0.000158202 8.70435e-05 7.69251e-05
threshold=1.0000000180025095e-35 0.034410839900374419 0.034410839900374419 -1.0000000180025095e-35 2.196385502815247 0.002571371966041625
decision_type=2 2 2 2 2 2
left_child=2 4 -1 -4 5 -2
right_child=1 -3 3 -5 -6 -7
leaf_value=4.5559125315330318e-07 -8.9298853840148429e-07 7.9117877890062611e-06 -1.1992936065600367e-05 1.8257607415050128e-06 -7.3050201314899423e-06 3.6406496465021917e-06
leaf_weight=703218 337230 4158 4109 4103 5118 9575
leaf_count=703218 337230 4158 4109 4103 5118 9575
internal_value=7.02634e-09 -7.59848e-07 3.90885e-07 -5.11937e-06 -8.63414e-07 -7.67312e-07
internal_weight=1.06751e+06 356081 711430 8212 351923 346805
internal_count=1067511 356081 711430 8212 351923 346805
is_linear=0
shrinkage=0.05


Tree=90
num_leaves=7
num_cat=0
split_feature=51 50 50 50 51 50
split_gain=0.000127208 0.0039569 0.00231477 0.000657843 0.000573966 0.000423633
threshold=1.0000000180025095e-35 1.0000000180025095e-35 1.0000000180025095e-35 -1.0000000180025095e-35 -1.0000000180025095e-35 -1.0000000180025095e-35
decision_type=2 2 2 2 2 2
left_child=2 3 5 -2 -4 -1
right_child=1 -3 4 -5 -6 -7
leaf_value=3.8893588150327062e-06 -7.1333610255326437e-06 6.6853948993599846e-06 -6.1101068417446325e-06 -1.8677467086665931e-06 -1.1908679600765656e-06 9.0311418444046441e-07
leaf_weight=237587 118611 118493 118570 118695 118627 237491
leaf_count=237587 118611 118493 118570 118695 118627 237491
internal_value=-2.86284e-09 -7.74853e-07 3.82793e-07 -4.50057e-06 -3.65067e-06 2.39679e-06
internal_weight=1.06807e+06 355799 712275 237306 237197 475078
internal_count=1068074 355799 712275 237306 237197 475078
is_linear=0
shrinkage=0.05


Tree=91
num_leaves=7
num_cat=0
split_feature=51 38 44 34 36 21
split_gain=7.47898e-05 0.000120469 0.000125511 9.51896e-05 8.41128e-05 8.39904e-05
threshold=1.0000000180025095e-35 0.18901388347148898 3.3531326055526738 28.719892501831058 0.038305807858705528 0.12644463032484057
decision_type=2 2 2 2 2 2
left_child=4 -2 3 -3 -1 -4
right_child=1 2 5 -5 -6 -7
leaf_value=3.5720807293383471e-07 7.1969545127436052e-06 5.6320347282567952e-06 -1.2548417663938932e-05 -6.5571665220409161e-07 -5.7927397536961291e-06 -2.184235517726804e-06
leaf_weight=706906 4863 6079 3553 337114 5554 4330
leaf_count=706906 4863 6079 3553 337114 5554 4330
internal_value=1.31801e-08 -5.78629e-07 -6.87344e-07 -5.43537e-07 3.08863e-07 -6.90519e-06
internal_weight=1.0684e+06 355939 351076 343193 712460 7883
internal_count=1068399 355939 351076 343193 712460 7883
is_linear=0
shrinkage=0.05


Tree=92
num_leaves=7
num_cat=0
split_feature=51 50 50 50 51 51
split_gain=6.75458e-05 0.00348494 0.00216368 0.000695901 0.00058801 0.000353415
threshold=1.0000000180025095e-35 1.0000000180025095e-35 1.0000000180025095e-35 -1.0000000180025095e-35 -1.0000000180025095e-35 -1.0000000180025095e-35
decision_type=2 2 2 2 2 2
left_child=2 3 5 -2 -4 -1
right_child=1 -3 4 -5 -6 -7
leaf_value=3.5708649023607813e-06 -6.7798424867677143e-06 6.4032729103751826e-06 -6.1255291788057314e-06 -1.3690380809173437e-06 -1.145492183034024e-06 8.4159660807173924e-07
leaf_weight=237154 119109 118845 118862 118603 118240 237329
leaf_count=237154 119109 118845 118862 118603 118240 237329
internal_value=-2.44347e-08 -5.86087e-07 2.57016e-07 -4.08105e-06 -3.64281e-06 2.20596e-06
internal_weight=1.06814e+06 356557 711585 237712 237102 474483
internal_count=1068142 356557 711585 237712 237102 474483
is_linear=0
shrinkage=0.05


Tree=93
num_leaves=7
num_cat=0
split_feature=51 18 10 17 6 1
split_gain=5.76752e-05 0.000147275 0.000126287 9.60016e-05 9.85407e-05 8.12602e-05
threshold=1.0000000180025095e-35 0.0054437443614006051 -0.018511405214667317 1.959410607814789 4.7024786908878022e-06 -0.00023555547522846607
decision_type=2 2 2 2 2 2
left_child=2 3 -1 5 -5 -2
right_child=1 -3 -4 4 -6 -7
leaf_value=-7.0848841835604661e-06 5.2050778379327251e-07 8.7949763460584741e-06 3.481848031495409e-07 -1.0073690772461634e-05 -4.9837317281168865e-07 -1.065994911385539e-06
leaf_weight=5711 131092 4169 706060 5290 5419 209865
leaf_count=5711 131092 4169 706060 5290 5419 209865
internal_value=2.82111e-08 -4.9151e-07 2.88051e-07 -6.02836e-07 -5.25319e-06 -4.56026e-07
internal_weight=1.06761e+06 355835 711771 351666 10709 340957
internal_count=1067606 355835 711771 351666 10709 340957
is_linear=0
shrinkage=0.05


Tree=94
num_leaves=7
num_cat=0
split_feature=51 25 0 31 35 24
split_gain=5.1943e-05 9.21657e-05 0.000213992 0.0002026 0.000111196 8.32786e-05
threshold=1.0000000180025095e-35 -2.4999999999999996 -0.0029890541918575759 -1.0985550284385679 -0.7046767771244048 0.98591756820678722
decision_type=2 2 2 2 2 2
left_child=-1 3 4 -2 -3 -4
right_child=1 2 5 -5 -6 -7
leaf_value=2.4090955847085666e-07 1.2666035689287646e-05 -1.6796822194761503e-05 -9.4214566413143346e-07 5.9991299013514503e-07 -3.206870551037633e-06 1.4347080227445018e-06
leaf_weight=711515 3774 3015 264563 38621 3015 42770
leaf_count=711515 3774 3015 264563 38621 3015 42770
internal_value=-5.73786e-09 -4.98997e-07 -7.95057e-07 1.68769e-06 -1.00841e-05 -6.11191e-07
internal_weight=1.06727e+06 355758 313363 42395 6030 307333
internal_count=1067273 355758 313363 42395 6030 307333
is_linear=0
shrinkage=0.05


Tree=95
num_leaves=7
num_cat=0
split_feature=51 50 50 50 51 50
split_gain=4.00498e-05 0.00330662 0.00186236 0.000557012 0.00047712 0.000327214
threshold=1.0000000180025095e-35 1.0000000180025095e-35 1.0000000180025095e-35 -1.0000000180025095e-35 -1.0000000180025095e-35 -1.0000000180025095e-35
decision_type=2 2 2 2 2 2
left_child=2 3 5 -2 -4 -1
right_child=1 -3 4 -5 -6 -7
leaf_value=3.3781417791969372e-06 -6.2242060482484292e-06 6.4226765791396107e-06 -5.6009744708979093e-06 -1.3796541274908063e-06 -1.1169882922453399e-06 7.5205024884656582e-07
leaf_weight=237161 118525 118595 118661 118831 118652 237337
leaf_count=237161 118525 118595 118661 118831 118652 237337
internal_value=3.96529e-08 -3.93346e-07 2.56192e-07 -3.79961e-06 -3.35977e-06 2.06483e-06
internal_weight=1.06776e+06 355951 711811 237356 237313 474498
internal_count=1067762 355951 711811 237356 237313 474498
is_linear=0
shrinkage=0.05


Tree=96
num_leaves=7
num_cat=0
split_feature=12 18 20 6 12 1
split_gain=2.63488e-05 2.1219e-05 8.51071e-05 2.7374e-05 1.04309e-05 1.07069e-05
threshold=0.052939370274543769 0.0054437443614006051 -0.42440293729305262 0.00049689039587974559 -0.041651504114270203 -0.0020716463914141055
decision_type=2 2 2 2 2 2
left_child=1 4 -3 -4 -1 -6
right_child=-2 2 3 -5 5 -7
leaf_value=2.1271995832961803e-06 -3.9419642512178159e-06 8.7517589920253128e-06 -3.0947215073885514e-06 2.8571880163742739e-06 -7.778667335990879e-07 -2.4912792367287991e-08
leaf_weight=5427 4263 3345 4752 3184 49508 998174
leaf_count=5427 4263 3345 4752 3184 49508 998174
internal_value=-4.18054e-08 -2.60004e-08 2.12616e-06 -7.0382e-07 -4.91544e-08 -6.05289e-08
internal_weight=1.06865e+06 1.06439e+06 11281 7936 1.05311e+06 1.04768e+06
internal_count=1068653 1064390 11281 7936 1053109 1047682
is_linear=0
shrinkage=0.05


Tree=97
num_leaves=7
num_cat=0
split_feature=18 44 29 39 15 6
split_gain=3.14286e-05 1.42184e-05 1.17824e-05 2.03013e-05 1.24829e-05 1.15872e-05
threshold=0.0067288982681930074 5.7413094043731698 -5.5322723388671866 3.6431528329849248 0.002450624131597579 -0.00047810983960516745
decision_type=2 2 2 2 2 2
left_child=1 2 3 4 -1 -6
right_child=-2 -3 -4 -5 5 -7
leaf_value=-2.4119916623536897e-07 -4.3129663720506886e-06 2.85717539675444e-06 4.0921747950838471e-09 -4.2386094283975069e-06 -3.7741158903053107e-06 -3.9500882122052376e-07
leaf_weight=96091 4273 4165 949889 3545 5027 5097
leaf_count=96091 4273 4165 949889 3545 5027 5097
internal_value=-5.83594e-08 -4.10681e-08 -5.25941e-08 -5.42949e-07 -4.17667e-07 -2.08318e-06
internal_weight=1.06809e+06 1.06381e+06 1.05965e+06 109760 106215 10124
internal_count=1068087 1063814 1059649 109760 106215 10124
is_linear=0
shrinkage=0.05


Tree=98
num_leaves=7
num_cat=0
split_feature=51 36 9 11 51 13
split_gain=5.12985e-05 0.000170861 6.58572e-05 0.000112048 0.000111513 6.50537e-05
threshold=1.0000000180025095e-35 0.034410839900374419 -0.0018118961597792802 -0.015475917607545851 -1.0000000180025095e-35 0.0034685194259509449
decision_type=2 2 2 2 2 2
left_child=2 -2 5 4 -4 -1
right_child=1 -3 3 -5 -6 -7
leaf_value=-4.2919956080125431e-07 -6.2949747396460039e-07 9.5119125346817864e-06 1.3270025389538819e-05 4.1214617578013062e-07 4.0246322548105004e-07 -5.2363750761377396e-06
leaf_weight=160657 351663 4153 3352 537345 3340 7311
leaf_count=160657 351663 4153 3352 537345 3340 7311
internal_value=-1.96184e-08 -5.0981e-07 2.25367e-07 4.92558e-07 6.89839e-06 -6.39933e-07
internal_weight=1.06782e+06 355816 712005 544037 6692 167968
internal_count=1067821 355816 712005 544037 6692 167968
is_linear=0
shrinkage=0.05


Tree=99
num_leaves=7
num_cat=0
split_feature=51 18 16 7 44 44
split_gain=4.79331e-05 0.000181873 9.24288e-05 9.20542e-05 7.65923e-05 7.39599e-05
threshold=1.0000000180025095e-35 0.0054437443614006051 0.0045463801361620435 -0.0027833523927256461 3.9266142845153813 0.56227710843086254
decision_type=2 2 2 2 2 2
left_child=2 3 -1 5 -5 -2
right_child=1 -3 -4 4 -6 -7
leaf_value=2.9792354883744137e-07 7.8219878323975716e-07 9.9660260851841979e-06 -8.423530108820361e-06 -6.0890533779960523e-07 -6.6636154140681593e-06 1.0159506214804922e-05
leaf_weight=708471 5367 4092 3001 337540 5256 3417
leaf_count=708471 5367 4092 3001 337540 5256 3417
internal_value=2.36198e-08 -4.5029e-07 2.60547e-07 -5.72924e-07 -7.02699e-07 4.46685e-06
internal_weight=1.06714e+06 355672 711472 351580 342796 8784
internal_count=1067144 355672 711472 351580 342796 8784
is_linear=0
shrinkage=0.05


Tree=100
num_leaves=7
num_cat=0
split_feature=18 1 2 11 39 18
split_gain=1.88593e-05 2.73785e-05 7.91813e-06 1.57178e-05 7.78976e-06 1.45042e-05
threshold=0.0067288982681930074 -0.0055609375704079858 0.0044801360927522191 0.0098321894183754938 2.7431160211563115 0.0028504424262791876
decision_type=2 2 2 2 2 2
left_child=1 -1 4 -4 -3 -6
right_child=-2 2 3 -5 5 -7
leaf_value=4.2910857297961344e-06 3.3095758533046875e-06 -3.0689466403483119e-08 2.8766377194029772e-07 -4.3001718710085509e-06 2.8840019420495543e-07 3.072861091675512e-06
leaf_weight=3651 4267 1017110 4487 3140 30165 5488
leaf_count=3651 4267 1017110 4487 3140 30165 5488
internal_value=1.14866e-08 -1.89428e-09 -1.6877e-08 -1.61683e-06 -5.20945e-09 7.2071e-07
internal_weight=1.06831e+06 1.06404e+06 1.06039e+06 7627 1.05276e+06 35653
internal_count=1068308 1064041 1060390 7627 1052763 35653
is_linear=0
shrinkage=0.05


Tree=101
num_leaves=7
num_cat=0
split_feature=3 4 35 34 36 42
split_gain=2.8454e-05 1.51482e-05 2.22428e-05 1.71602e-05 7.31203e-06 1.34822e-05
threshold=0.0056380382739007482 -0.0039246664382517329 -0.61375564336776722 47.915166854858406 0.014030308462679388 0.58819094300270092
decision_type=2 2 2 2 2 2
left_child=1 2 -1 -4 -3 -6
right_child=-2 4 3 -5 5 -7
leaf_value=4.3730665506964988e-06 -4.0293040423595635e-06 -2.2666530399074057e-08 -2.2929065150776946e-06 2.6717479228735944e-06 2.5289281835608682e-07 2.4229287503058734e-06
leaf_weight=4917 4252 929364 3741 3168 115055 7584
leaf_count=4917 4252 929364 3741 3168 115055 7584
internal_value=2.88649e-08 4.52735e-08 1.82101e-06 -1.36117e-08 2.52262e-08 3.88021e-07
internal_weight=1.06808e+06 1.06383e+06 11826 6909 1.052e+06 122639
internal_count=1068081 1063829 11826 6909 1052003 122639
is_linear=0
shrinkage=0.05


Tree=102
num_leaves=7
num_cat=0
split_feature=51 50 50 50 51 50
split_gain=3.76693e-05 0.00282896 0.00168085 0.000564576 0.000442035 0.000337882
threshold=1.0000000180025095e-35 1.0000000180025095e-35 1.0000000180025095e-35 -1.0000000180025095e-35 -1.0000000180025095e-35 -1.0000000180025095e-35
decision_type=2 2 2 2 2 2
left_child=2 3 5 -2 -4 -1
right_child=1 -3 4 -5 -6 -7
leaf_value=3.2457874258394892e-06 -6.0150650770075061e-06 5.8762503685409351e-06 -5.3934280526531721e-06 -1.1401845619215885e-06 -1.0797130704303671e-06 5.7733323729622313e-07
leaf_weight=237524 118968 118422 118844 118612 118718 236989
leaf_count=237524 118968 118422 118844 118612 118718 236989
internal_value=-1.54877e-08 -4.35404e-07 1.94465e-07 -3.58203e-06 -3.2384e-06 1.91327e-06
internal_weight=1.06808e+06 356002 712075 237580 237562 474513
internal_count=1068077 356002 712075 237580 237562 474513
is_linear=0
shrinkage=0.05


Tree=103
num_leaves=7
num_cat=0
split_feature=51 38 40 42 18 7
split_gain=3.75002e-05 0.00010549 0.000109418 7.6059e-05 0.00010061 9.94091e-05
threshold=1.0000000180025095e-35 0.18901388347148898 4.0951404571533212 0.50046041607856762 0.004250358324497939 -0.0009170541597995906
decision_type=2 2 2 2 2 2
left_child=-1 -2 3 4 -3 -6
right_child=1 2 -4 -5 5 -7
leaf_value=2.3111354316135024e-07 6.9281896369158418e-06 2.0804779880764118e-08 -8.5308740612758852e-06 -1.2911793047734564e-06 1.2916022260028723e-05 1.10229914534199e-07
leaf_weight=711897 4798 199427 4139 141922 3003 3011
leaf_count=711897 4798 199427 4139 141922 3003 3011
internal_value=2.15319e-08 -3.97191e-07 -4.98154e-07 -4.01226e-07 2.13732e-07 6.55838e-06
internal_weight=1.0682e+06 356300 351502 347363 205441 6014
internal_count=1068197 356300 351502 347363 205441 6014
is_linear=0
shrinkage=0.05


Tree=104
num_leaves=7
num_cat=0
split_feature=12 51 50 50 50 51
split_gain=3.90315e-05 3.92583e-05 0.019239 0.00938872 0.000691869 0.000554055
threshold=-0.049089692533016198 -1.0000000180025095e-35 -1.0000000180025095e-35 -1.0000000180025095e-35 1.0000000180025095e-35 1.0000000180025095e-35
decision_type=2 2 2 2 2 2
left_child=-1 2 -2 5 -4 -3
right_child=1 3 4 -5 -6 -7
leaf_value=-4.7088884317542091e-06 1.6895313823306168e-05 -1.0761982041486183e-05 -1.050515052408094e-05 3.8680175325912008e-06 -5.089191341973867e-06 -5.9139350297634335e-06
leaf_weight=4340 118346 118031 118129 472725 118056 118193
leaf_count=4340 118346 118031 118129 472725 118056 118193
internal_value=-3.98147e-09 1.54395e-08 4.44991e-07 -1.99387e-07 -7.79966e-06 -8.33806e-06
internal_weight=1.06782e+06 1.06348e+06 354531 708949 236185 236224
internal_count=1067820 1063480 354531 708949 236185 236224
is_linear=0
shrinkage=0.05


Tree=105
num_leaves=7
num_cat=0
split_feature=10 6 9 0 4 18
split_gain=4.39599e-05 1.23986e-05 1.32208e-05 9.58893e-06 1.18769e-05 9.44592e-06
threshold=-0.023016119375824925 -0.002489700098522007 -0.012858465779572724 -0.00014025096606928852 -0.0039246664382517329 0.0054437443614006051
decision_type=2 2 2 2 2 2
left_child=-1 -2 -3 4 -4 -5
right_child=1 2 3 5 -6 -7
leaf_value=5.0288022383812554e-06 -9.4444850576595558e-07 2.8669198274222299e-06 -3.0434281653629286e-06 1.3879467921306428e-07 -1.6317134440435413e-07 -2.3248735289941034e-06
leaf_weight=4260 35849 3958 3559 580603 435781 3867
leaf_count=4260 35849 3958 3559 580603 435781 3867
internal_value=-1.06317e-08 -3.10511e-08 8.5304e-10 -1.03665e-08 -1.86847e-07 1.22297e-07
internal_weight=1.06788e+06 1.06362e+06 1.02777e+06 1.02381e+06 439340 584470
internal_count=1067877 1063617 1027768 1023810 439340 584470
is_linear=0
shrinkage=0.05


Tree=106
num_leaves=7
num_cat=0
split_feature=51 10 22 24 16 1
split_gain=3.70323e-05 0.000162676 0.000280858 0.000103803 9.68333e-05 9.102e-05
threshold=1.0000000180025095e-35 -0.012042379006743429 0.23955334722995761 0.96504318714141857 0.0045463801361620435 0.00030568693182431167
decision_type=2 2 2 2 2 2
left_child=4 2 -2 5 -1 -3
right_child=1 3 -4 -5 -6 -7
leaf_value=2.0888478327608823e-07 1.416474385737005e-05 -3.0554884413274951e-07 -4.0592770087697953e-06 1.5186550783148003e-06 -8.6788458193244383e-06 -2.1150201033350713e-06
leaf_weight=708355 4866 189136 3678 48657 3028 109839
leaf_count=708355 4866 189136 3678 48657 3028 109839
internal_value=-3.79272e-08 -4.54074e-07 6.34174e-06 -6.21988e-07 1.70447e-07 -9.70564e-07
internal_weight=1.06756e+06 356176 8544 347632 711383 298975
internal_count=1067559 356176 8544 347632 711383 298975
is_linear=0
shrinkage=0.05


Tree=107
num_leaves=7
num_cat=0
split_feature=4 13 0 9 47 24
split_gain=2.91164e-05 1.40838e-05 1.47323e-05 8.3815e-06 8.8873e-06 9.00974e-06
threshold=0.0055718494113534698 0.0046745804138481626 0.00073339694063179206 0.0051535104867070922 0.97854062914848339 0.96900430321693432
decision_type=2 2 2 2 2 2
left_child=1 3 -3 -1 5 -5
right_child=-2 2 -4 4 -6 -7
leaf_value=-4.8727733376751046e-08 -4.0188676280726742e-06 4.2961609816167097e-06 -3.3432773423067639e-07 9.3015802128178465e-07 -1.9471659699311817e-06 -8.927663097096906e-07
leaf_weight=994409 4473 3824 3074 51365 3329 7767
leaf_count=994409 4473 3824 3074 51365 3329 7767
internal_value=-1.56983e-08 1.3226e-09 2.24509e-06 -1.34276e-08 5.48157e-07 6.90165e-07
internal_weight=1.06824e+06 1.06377e+06 6898 1.05687e+06 62461 59132
internal_count=1068241 1063768 6898 1056870 62461 59132
is_linear=0
shrinkage=0.05


Tree=108
num_leaves=7
num_cat=0
split_feature=4 35 2 0 5 15
split_gain=1.69164e-05 1.10939e-05 1.61739e-05 1.27288e-05 2.45869e-05 1.45201e-05
threshold=-0.0055741576943546525 1.4882788658142092 0.0055520294699817905 0.0039299107156693944 -7.3493818490533145e-05 0.0034075255971401934
decision_type=2 2 2 2 2 2
left_child=-1 2 3 5 -5 -2
right_child=1 -3 -4 4 -6 -7
leaf_value=3.1194511041435179e-06 -4.2371048979330413e-08 -2.6640065378508803e-06 3.0734843285793805e-06 -8.8296919195043407e-07 4.1153030351169231e-06 -1.532403994092153e-06
leaf_weight=4185 1029295 3984 4113 4664 5123 16564
leaf_count=4185 1029295 3984 4113 4664 5123 16564
internal_value=-3.43532e-08 -4.6907e-08 -3.69432e-08 -4.9207e-08 1.74099e-06 -6.60419e-08
internal_weight=1.06793e+06 1.06374e+06 1.05976e+06 1.05565e+06 9787 1.04586e+06
internal_count=1067928 1063743 1059759 1055646 9787 1045859
is_linear=0
shrinkage=0.05


Tree=109
num_leaves=7
num_cat=0
split_feature=13 18 24 6 12 18
split_gain=1.79721e-05 1.73867e-05 2.28954e-05 6.72492e-06 8.40715e-06 9.08085e-06
threshold=0.0056576072238385686 0.0054437443614006051 0.55091142654418956 -0.0027996065327897664 -0.025883825495839115 0.0033673169091343884
decision_type=2 2 2 2 2 2
left_child=1 3 -3 4 -1 -6
right_child=-2 2 -4 -5 5 -7
leaf_value=3.1226803390989763e-06 -3.2238911303630472e-06 -5.8135532420609478e-08 4.8610039647510202e-06 2.3212374173342179e-08 1.2256263674930659e-06 -9.0695980980060767e-07
leaf_weight=3451 4127 5178 4303 1028806 14249 7625
leaf_count=3451 4127 5178 4303 1028806 14249 7625
internal_value=4.94188e-08 6.22707e-08 2.18823e-06 4.30467e-08 8.47165e-07 4.81861e-07
internal_weight=1.06774e+06 1.06361e+06 9481 1.05413e+06 25325 21874
internal_count=1067739 1063612 9481 1054131 25325 21874
is_linear=0
shrinkage=0.05


Tree=110
num_leaves=7
num_cat=0
split_feature=36 13 14 22 10 43
split_gain=1.1958e-05 1.68075e-05 1.22353e-05 8.71301e-06 8.25563e-06 1.67639e-05
threshold=0.034410839900374419 0.0041833319701254377 0.0044797123409807691 0.17513611912727359 0.012661429122090341 0.044881142675876624
decision_type=2 2 2 2 2 2
left_child=2 3 4 -2 -1 -6
right_child=1 -3 -4 -5 5 -7
leaf_value=-3.6739652988311682e-09 1.7180772418234181e-06 -3.9908628337239467e-06 2.6809609107293179e-06 -1.6172410673099907e-06 3.0675198794459608e-06 -2.7845250002773749e-07
leaf_weight=1035626 3452 4418 4266 4392 6544 8642
leaf_count=1035626 3452 4418 4266 4392 6544 8642
internal_value=6.15956e-09 -1.54307e-06 2.42368e-08 -1.47844e-07 1.33242e-08 1.16874e-06
internal_weight=1.06734e+06 12262 1.05508e+06 7844 1.05081e+06 15186
internal_count=1067340 12262 1055078 7844 1050812 15186
is_linear=0
shrinkage=0.05


Tree=111
num_leaves=7
num_cat=0
split_feature=8 13 24 46 13 32
split_gain=4.956e-05 1.01512e-05 1.17214e-05 2.05641e-05 1.68613e-05 1.4921e-05
threshold=-0.011516813654452561 0.0026789136463776235 0.48564952611923223 0.31107263267040258 0.0029823903460055594 -0.066420324146747575
decision_type=2 2 2 2 2 2
left_child=-1 -2 -3 4 -4 -6
right_child=1 2 3 -5 5 -7
leaf_value=5.4227852962674032e-06 -3.1875805821791393e-08 1.4355712854138622e-06 1.4561986371707243e-06 2.7657061540130826e-06 4.7591067937557044e-07 -2.5681314476764247e-06
leaf_weight=4187 1007993 25991 6829 5368 6285 11081
leaf_count=4187 1007993 25991 6829 5368 6285 11081
internal_value=2.59029e-08 4.40236e-09 6.62084e-07 -1.9221e-08 -6.41526e-07 -1.46825e-06
internal_weight=1.06773e+06 1.06355e+06 55554 29563 24195 17366
internal_count=1067734 1063547 55554 29563 24195 17366
is_linear=0
shrinkage=0.05


Tree=112
num_leaves=7
num_cat=0
split_feature=51 50 50 50 51 51
split_gain=3.45703e-05 0.00256597 0.00155633 0.000430317 0.000320702 0.000266457
threshold=1.0000000180025095e-35 1.0000000180025095e-35 1.0000000180025095e-35 -1.0000000180025095e-35 -1.0000000180025095e-35 -1.0000000180025095e-35
decision_type=2 2 2 2 2 2
left_child=2 3 5 -2 -4 -1
right_child=1 -3 4 -5 -6 -7
leaf_value=3.071715228676548e-06 -5.5134144504599873e-06 5.6141887628381332e-06 -4.911725340827314e-06 -1.2516584645036743e-06 -1.2362327164083838e-06 6.9986296868793114e-07
leaf_weight=236681 118451 119012 118696 118500 118738 236989
leaf_count=236681 118451 119012 118696 118500 118738 236989
internal_value=2.78086e-08 -3.74404e-07 2.29159e-07 -3.38281e-06 -3.0743e-06 1.88522e-06
internal_weight=1.06707e+06 355963 711104 236951 237434 473670
internal_count=1067067 355963 711104 236951 237434 473670
is_linear=0
shrinkage=0.05


Tree=113
num_leaves=7
num_cat=0
split_feature=13 9 13 38 31 26
split_gain=4.61198e-05 1.83947e-05 1.52311e-05 1.51962e-05 1.34928e-05 1.57631e-05
threshold=0.0056576072238385686 -0.0083761662244796736 0.0028978347545489673 3.292097926139832 -1.0305054783821104 0.70201271772384655
decision_type=2 2 2 2 2 2
left_child=1 3 -3 -1 -4 -6
right_child=-2 2 4 -5 5 -7
leaf_value=-7.5430492896566299e-07 5.2882902654908636e-06 2.9425220219705247e-08 4.2352955441612995e-06 -4.0677718529402059e-06 5.273031379979161e-08 2.5195265593618877e-06
leaf_weight=20131 4141 1005832 3078 4138 21774 9169
leaf_count=20131 4141 1005832 3078 4138 21774 9169
internal_value=5.34763e-08 3.28576e-08 6.46451e-08 -1.32647e-06 1.10435e-06 7.86574e-07
internal_weight=1.06826e+06 1.06412e+06 1.03985e+06 24269 34021 30943
internal_count=1068263 1064122 1039853 24269 34021 30943
is_linear=0
shrinkage=0.05


Tree=114
num_leaves=7
num_cat=0
split_feature=51 50 50 50 51 51
split_gain=4.17808e-05 0.00230668 0.0013579 0.000377986 0.000274299 0.000225793
threshold=1.0000000180025095e-35 1.0000000180025095e-35 1.0000000180025095e-35 -1.0000000180025095e-35 -1.0000000180025095e-35 -1.0000000180025095e-35
decision_type=2 2 2 2 2 2
left_child=2 3 5 -2 -4 -1
right_child=1 -3 4 -5 -6 -7
leaf_value=2.8462218166063561e-06 -5.2848472689143193e-06 5.2446179560576186e-06 -4.5784133678958237e-06 -1.2975582773667253e-06 -1.1776929197409063e-06 6.6482962490837451e-07
leaf_weight=237329 118878 118555 118464 118908 118762 237208
leaf_count=237329 118878 118555 118464 118908 118762 237208
internal_value=-9.35636e-09 -4.51283e-07 2.11909e-07 -3.29164e-06 -2.87652e-06 1.75599e-06
internal_weight=1.0681e+06 356341 711763 237786 237226 474537
internal_count=1068104 356341 711763 237786 237226 474537
is_linear=0
shrinkage=0.05


Tree=115
num_leaves=7
num_cat=0
split_feature=51 40 10 37 13 1
split_gain=5.19785e-05 9.13993e-05 0.000107104 0.000213277 9.77259e-05 7.2263e-05
threshold=1.0000000180025095e-35 4.0951404571533212 -0.012042379006743429 7.4113910198211679 0.0038878886261954908 0.00030568693182431167
decision_type=2 2 2 2 2 2
left_child=5 2 3 -2 -4 -1
right_child=1 -3 4 -5 -6 -7
leaf_value=-1.5456918075965589e-07 -4.8281214967729443e-06 -7.70914851867195e-06 -4.7335837866213142e-07 1.2261097388452912e-05 -8.9156141898335257e-06 8.9583702434643458e-07
leaf_weight=457153 3004 4315 340638 4521 3413 255043
leaf_count=457153 3004 4315 340638 4521 3413 255043
internal_value=-2.49407e-08 -5.18323e-07 -4.28984e-07 5.4522e-06 -5.58389e-07 2.21626e-07
internal_weight=1.06809e+06 355891 351576 7525 344051 712196
internal_count=1068087 355891 351576 7525 344051 712196
is_linear=0
shrinkage=0.05


Tree=116
num_leaves=7
num_cat=0
split_feature=51 50 50 50 51 50
split_gain=3.15972e-05 0.00202887 0.00123999 0.000283814 0.0002612 0.000205836
threshold=1.0000000180025095e-35 1.0000000180025095e-35 1.0000000180025095e-35 -1.0000000180025095e-35 -1.0000000180025095e-35 -1.0000000180025095e-35
decision_type=2 2 2 2 2 2
left_child=2 3 5 -2 -4 -1
right_child=1 -3 4 -5 -6 -7
leaf_value=2.6760445755791396e-06 -4.8091016814083638e-06 4.9218842623262484e-06 -4.4471398843947059e-06 -1.3517695931639189e-06 -1.1303016604791402e-06 5.9521370303507763e-07
leaf_weight=237664 118837 118693 118665 118661 118800 237746
leaf_count=237664 118837 118693 118665 118661 118800 237746
internal_value=-3.02831e-08 -4.14804e-07 1.6186e-07 -3.08236e-06 -2.78837e-06 1.63562e-06
internal_weight=1.06907e+06 356191 712875 237498 237465 475410
internal_count=1069066 356191 712875 237498 237465 475410
is_linear=0
shrinkage=0.05


Tree=117
num_leaves=7
num_cat=0
split_feature=36 4 0 23 36 12
split_gain=2.12821e-05 1.93309e-05 1.10714e-05 1.34266e-05 1.23416e-05 9.26985e-06
threshold=0.046057578176260001 -0.0055741576943546525 0.0045438690576702365 2.1125000715255742 0.034410839900374419 -0.03437331318855285
decision_type=2 2 2 2 2 2
left_child=1 -1 4 -4 5 -3
right_child=-2 2 3 -5 -6 -7
leaf_value=-3.621803142043681e-06 3.5791389521371347e-06 -1.2825457342114087e-06 -1.5044186906621978e-07 4.1287901301470514e-06 -2.0783331844435452e-06 3.0032382333235232e-08
leaf_weight=3622 4119 13579 3731 3547 7053 1031311
leaf_count=3622 4119 13579 3731 3547 7053 1031311
internal_value=1.37174e-08 -2.6796e-10 1.22862e-08 1.94902e-06 -1.20532e-09 1.29141e-08
internal_weight=1.06696e+06 1.06284e+06 1.05922e+06 7278 1.05194e+06 1.04489e+06
internal_count=1066962 1062843 1059221 7278 1051943 1044890
is_linear=0
shrinkage=0.05


Tree=118
num_leaves=7
num_cat=0
split_feature=51 50 50 50 51 51
split_gain=2.77502e-05 0.00196546 0.00106257 0.000232735 0.000214887 0.000184095
threshold=1.0000000180025095e-35 1.0000000180025095e-35 1.0000000180025095e-35 -1.0000000180025095e-35 -1.0000000180025095e-35 -1.0000000180025095e-35
decision_type=2 2 2 2 2 2
left_child=2 3 5 -2 -4 -1
right_child=1 -3 4 -5 -6 -7
leaf_value=2.5050954860734423e-06 -4.5810475040558332e-06 4.8716941777558141e-06 -4.08205150620036e-06 -1.4482158716229868e-06 -1.0732911417471367e-06 5.3479759908000154e-07
leaf_weight=237031 118527 118415 118653 118689 118769 237207
leaf_count=237031 118527 118415 118653 118689 118769 237207
internal_value=-2.74752e-08 -3.88104e-07 1.52753e-07 -3.0142e-06 -2.57748e-06 1.51974e-06
internal_weight=1.06729e+06 355631 711660 237216 237422 474238
internal_count=1067291 355631 711660 237216 237422 474238
is_linear=0
shrinkage=0.05


Tree=119
num_leaves=7
num_cat=0
split_feature=12 16 0 19 42 2
split_gain=1.62442e-05 1.02139e-05 1.27204e-05 1.26332e-05 1.21492e-05 1.06279e-05
threshold=-0.049089692533016198 0.0023765016812831168 0.0024731585290282969 0.93352097272872936 0.59050345420837413 -0.00061710632871836413
decision_type=2 2 2 2 2 2
left_child=-1 2 -2 -4 5 -3
right_child=1 4 3 -5 -6 -7
leaf_value=-3.0682552274690413e-06 -2.6575867353428772e-08 1.2265986888954101e-06 -3.6206941591959831e-06 -6.563792416432174e-07 3.5745590398996437e-06 -8.3432892676961525e-08
leaf_weight=4327 967578 25311 4219 22978 3169 39729
leaf_count=4327 967578 25311 4219 22978 3169 39729
internal_value=-2.85018e-08 -1.59844e-08 -5.65802e-08 -1.12203e-06 5.75681e-07 4.2693e-07
internal_weight=1.06731e+06 1.06298e+06 994775 27197 68209 65040
internal_count=1067311 1062984 994775 27197 68209 65040
is_linear=0
shrinkage=0.05


Tree=120
num_leaves=7
num_cat=0
split_feature=51 30 16 24 30 16
split_gain=2.68489e-05 9.48045e-05 0.000124264 8.1537e-05 5.78047e-05 0.000162405
threshold=1.0000000180025095e-35 -1.4410799145698545 0.0012622738722711804 0.96504318714141857 -1.4410799145698545 0.0015997127047739925
decision_type=2 2 2 2 2 2
left_child=4 2 -2 -3 5 -1
right_child=1 3 -4 -5 -6 -7
leaf_value=-4.899655173088563e-08 -3.5884635413343397e-07 -7.9253635425854917e-07 1.2945598074128258e-05 1.4115978163695654e-06 2.2766620217490866e-07 -1.2762194820339558e-05
leaf_weight=10785 4104 300412 3013 48722 697558 3225
leaf_count=10785 4104 300412 3013 48722 697558 3225
internal_value=-1.36947e-08 -3.68e-07 5.32464e-06 -4.84789e-07 1.63704e-07 -3.01046e-06
internal_weight=1.06782e+06 356251 7117 349134 711568 14010
internal_count=1067819 356251 7117 349134 711568 14010
is_linear=0
shrinkage=0.05


Tree=121
num_leaves=7
num_cat=0
split_feature=10 47 50 26 40 13
split_gain=7.77371e-05 4.38026e-05 1.19578e-05 8.40722e-06 7.2287e-06 9.19338e-06
threshold=-0.018511405214667317 -0.076279435306787477 -1.0000000180025095e-35 -2.0880373716354366 3.1790400743484502 0.0016220826655626299
decision_type=2 2 2 2 2 2
left_child=1 -1 3 -2 -5 -6
right_child=2 -3 -4 4 5 -7
leaf_value=1.4978451022963707e-06 -2.1007116053092671e-06 8.6797575916159322e-06 -1.2205904389265096e-07 2.2438296176972144e-07 -3.8604901555277293e-07 3.0457069926857912e-06
leaf_weight=4703 3764 3859 706213 341204 3159 5013
leaf_count=4703 3764 3859 706213 341204 3159 5013
internal_value=3.51919e-08 4.76642e-06 -3.27046e-09 2.34268e-07 2.59721e-07 1.72483e-06
internal_weight=1.06792e+06 8562 1.05935e+06 353140 349376 8172
internal_count=1067915 8562 1059353 353140 349376 8172
is_linear=0
shrinkage=0.05


Tree=122
num_leaves=7
num_cat=0
split_feature=51 50 50 50 51 51
split_gain=4.48429e-05 0.0164475 0.00782643 0.00107472 0.000796065 0.000559779
threshold=-1.0000000180025095e-35 -1.0000000180025095e-35 -1.0000000180025095e-35 1.0000000180025095e-35 1.0000000180025095e-35 1.0000000180025095e-35
decision_type=2 2 2 2 2 2
left_child=1 -1 4 -3 -2 -4
right_child=2 3 5 -5 -6 -7
leaf_value=1.5660324993621942e-05 -1.0491695718405835e-05 -1.0465722149451663e-05 5.2348323115779969e-06 -3.7399677196666819e-06 -4.700045311008658e-06 1.7986343544735883e-06
leaf_weight=119034 118917 118858 237060 118848 118653 237139
leaf_count=119034 118917 118858 237060 118848 118653 237139
internal_value=3.51255e-08 4.92619e-07 -1.94189e-07 -7.10448e-06 -7.60069e-06 3.51682e-06
internal_weight=1.06851e+06 356740 711769 237706 237570 474199
internal_count=1068509 356740 711769 237706 237570 474199
is_linear=0
shrinkage=0.05


Tree=123
num_leaves=7
num_cat=0
split_feature=36 18 39 32 1 0
split_gain=2.26565e-05 2.72235e-05 2.73121e-05 1.72808e-05 1.57033e-05 1.41979e-05
threshold=0.046057578176260001 0.004018087638542057 0.71362006664276134 0.179891511797905 -0.0026139930123463269 0.00058001236175186943
decision_type=2 2 2 2 2 2
left_child=1 -1 3 -3 -4 -6
right_child=-2 2 4 -5 5 -7
leaf_value=7.6290196112271401e-09 -3.6389570118143907e-06 1.3397227545365791e-06 7.5456679689264036e-07 -1.4320644533549203e-06 7.4820007137549563e-06 2.6438062723701884e-06
leaf_weight=1024628 4114 21263 3015 7593 3174 3021
leaf_count=1024628 4114 21263 3015 7593 3174 3021
internal_value=4.20176e-08 5.64382e-08 1.36851e-06 6.09155e-07 3.73152e-06 5.16271e-06
internal_weight=1.06681e+06 1.06269e+06 38066 28856 9210 6195
internal_count=1066808 1062694 38066 28856 9210 6195
is_linear=0
shrinkage=0.05


Tree=124
num_leaves=7
num_cat=0
split_feature=3 13 45 0 36 36
split_gain=1.21424e-05 9.95551e-06 1.02623e-05 1.00869e-05 1.71768e-05 8.43113e-06
threshold=-0.0055120913311839095 0.0056576072238385686 0.97181022167205822 -0.002172571723349392 0.031397357583045966 0.023804560303688053
decision_type=2 2 2 2 2 2
left_child=-1 2 5 -4 -5 -2
right_child=1 -3 3 4 -6 -7
leaf_value=2.6192170315761966e-06 -1.388964200555725e-07 -2.709620478725229e-06 3.0370976527889308e-06 2.6242755867396515e-07 -2.8099919469932541e-06 8.7764924120338847e-07
leaf_weight=4298 764487 3401 3143 267394 4578 20907
leaf_count=4298 764487 3401 3143 267394 4578 20907
internal_value=-1.7677e-08 -2.84522e-08 -1.97265e-08 2.43045e-07 2.10204e-07 -1.11782e-07
internal_weight=1.06821e+06 1.06391e+06 1.06051e+06 275115 271972 785394
internal_count=1068208 1063910 1060509 275115 271972 785394
is_linear=0
shrinkage=0.05


Tree=125
num_leaves=7
num_cat=0
split_feature=50 13 30 4 15 40
split_gain=1.44455e-05 2.9305e-05 2.32669e-05 1.39637e-05 1.91011e-05 1.25806e-05
threshold=1.0000000180025095e-35 0.0041833319701254377 -0.54457375407218922 -0.0027996065327897664 0.0020770682021975522 2.5414932966232304
decision_type=2 2 2 2 2 2
left_child=1 3 -3 4 -1 -2
right_child=5 2 -4 -5 -6 -7
leaf_value=9.3877866637662422e-08 -2.5475829166539714e-07 -2.0970718175588329e-07 5.0728314791202239e-06 6.5615162144446898e-08 -3.2870816894275549e-06 -1.6031473041489182e-06
leaf_weight=9537 337895 3474 5147 686269 7380 18185
leaf_count=9537 337895 3474 5147 686269 7380 18185
internal_value=-6.38551e-08 6.62133e-08 2.9552e-06 3.05871e-08 -1.3864e-06 -3.23836e-07
internal_weight=1.06789e+06 711807 8621 703186 16917 356080
internal_count=1067887 711807 8621 703186 16917 356080
is_linear=0
shrinkage=0.05


Tree=126
num_leaves=7
num_cat=0
split_feature=17 8 8 22 36 16
split_gain=1.34978e-05 3.30614e-05 2.63329e-05 1.40228e-05 1.29033e-05 1.05327e-05
threshold=2.1224516630172734 -0.011516813654452561 -0.005860984791070222 0.25880011916160589 0.014938752166926863 0.0016100908396765592
decision_type=2 2 2 2 2 2
left_child=1 -1 -2 5 -5 -4
right_child=2 -3 3 4 -6 -7
leaf_value=-5.2028771041257079e-06 5.3627241336702433e-06 8.742522245635001e-09 6.2996095876102124e-07 7.2265800717311247e-07 -3.6928193351966467e-06 4.0269037541327227e-06
leaf_weight=3002 3261 1043002 8350 3546 3030 3103
leaf_count=3002 3261 1043002 8350 3546 3030 3103
internal_value=1.89339e-08 -6.46264e-09 1.26379e-06 5.09613e-07 -1.32436e-06 1.56381e-06
internal_weight=1.06729e+06 1.046e+06 21290 18029 6576 11453
internal_count=1067294 1046004 21290 18029 6576 11453
is_linear=0
shrinkage=0.05


Tree=127
num_leaves=7
num_cat=0
split_feature=5 13 51 50 50 50
split_gain=2.66168e-05 5.89759e-05 1.70236e-05 0.0144843 0.00664743 0.000926705
threshold=0.0056738846469670543 0.0056576072238385686 -1.0000000180025095e-35 -1.0000000180025095e-35 -1.0000000180025095e-35 1.0000000180025095e-35
decision_type=2 2 2 2 2 2
left_child=1 2 3 -1 -4 -5
right_child=-2 -3 4 5 -6 -7
leaf_value=1.465141703108081e-05 3.9553258923987276e-06 -6.5493470178479476e-06 -6.9773281269694087e-06 -9.9842693531423985e-06 3.3099561822876297e-06 -3.7090036266581914e-06
leaf_weight=117368 4223 3375 235505 117658 471031 117810
leaf_count=117368 4223 3375 235505 117658 471031 117810
internal_value=1.7011e-08 1.17611e-09 2.23532e-08 3.05959e-07 -1.19288e-07 -6.84607e-06
internal_weight=1.06697e+06 1.06275e+06 1.05937e+06 352836 706536 235468
internal_count=1066970 1062747 1059372 352836 706536 235468
is_linear=0
shrinkage=0.05


Tree=128
num_leaves=7
num_cat=0
split_feature=13 51 44 26 0 42
split_gain=3.22416e-05 2.15501e-05 6.36034e-05 9.33221e-05 0.000119893 8.34196e-05
threshold=0.0056576072238385686 1.0000000180025095e-35 3.3531326055526738 -1.4934247732162473 -0.0015923504834063349 0.46428652107715612
decision_type=2 2 2 2 2 2
left_child=1 -1 3 4 -3 -4
right_child=-2 2 5 -5 -6 -7
leaf_value=1.4992140377685999e-07 4.3811264437481103e-06 1.0150612036792345e-05 1.3962154776959032e-06 -3.7540898645388559e-07 -2.1325062391454025e-07 -8.8360209200350234e-06
leaf_weight=708537 4148 4831 3342 335283 6511 4837
leaf_count=708537 4148 4831 3342 335283 6511 4837
internal_value=7.90382e-09 -9.36094e-09 -3.27421e-07 -2.24248e-07 4.2263e-06 -4.67197e-06
internal_weight=1.06749e+06 1.06334e+06 354804 346625 11342 8179
internal_count=1067489 1063341 354804 346625 11342 8179
is_linear=0
shrinkage=0.05


Tree=129
num_leaves=7
num_cat=0
split_feature=20 5 21 44 18 30
split_gain=1.0151e-05 1.24129e-05 9.93493e-06 8.05547e-06 9.50978e-06 1.11367e-05
threshold=-0.17362948507070539 -0.0031893316190689798 0.14209552854299548 3.3531326055526738 0.0059495694003999242 1.8109560608863833
decision_type=2 2 2 2 2 2
left_child=1 2 -1 4 5 -2
right_child=3 -3 -4 -5 -6 -7
leaf_value=-3.9074797992316868e-06 9.9946905787790246e-08 -1.459214548447961e-07 -4.994032471952941e-07 1.345780115583411e-06 -2.1419071771940877e-06 2.4720837725985872e-06
leaf_weight=3899 587639 449611 4701 13263 4634 4940
leaf_count=3899 587639 449611 4701 13263 4634 4940
internal_value=-4.17448e-09 -1.82033e-07 -2.05819e-06 1.29326e-07 1.02201e-07 1.19929e-07
internal_weight=1.06869e+06 458211 8600 610476 597213 592579
internal_count=1068687 458211 8600 610476 597213 592579
is_linear=0
shrinkage=0.05


Tree=130
num_leaves=7
num_cat=0
split_feature=1 11 19 2 23 1
split_gain=2.15915e-05 6.14065e-05 3.73522e-05 1.61105e-05 1.32546e-05 1.09125e-05
threshold=-0.0031993350712582465 -0.01196503499522805 0.037846708670258529 -0.0055007874034345141 1.1718922853469851 0.0056347523350268611
decision_type=2 2 2 2 2 2
left_child=1 2 -1 -2 -3 -5
right_child=3 4 -4 5 -6 -7
leaf_value=-8.1989205167613029e-06 3.2991400941563803e-06 -1.0525746367241568e-06 -1.1304294404019206e-06 1.3339705256325462e-08 2.0558618107244764e-06 -2.5977386698343144e-06
leaf_weight=4328 3671 7215 3293 1039122 6449 3967
leaf_count=4328 3671 7215 3293 1039122 6449 3967
internal_value=-1.70927e-08 -1.59174e-06 -5.17193e-06 1.5001e-08 4.16661e-07 3.2854e-09
internal_weight=1.06804e+06 21285 7621 1.04676e+06 13664 1.04309e+06
internal_count=1068045 21285 7621 1046760 13664 1043089
is_linear=0
shrinkage=0.05


Tree=131
num_leaves=7
num_cat=0
split_feature=12 51 12 35 32 8
split_gain=4.47951e-05 1.51868e-05 0.000114834 8.62422e-05 0.000161281 8.58133e-05
threshold=-0.049089692533016198 -1.0000000180025095e-35 -0.032162282615900033 1.1540409326553347 0.32830300927162176 0.0069266583304852256
decision_type=2 2 2 2 2 2
left_child=-1 2 -2 5 -5 -4
right_child=1 -3 3 4 -6 -7
leaf_value=5.1332831671951539e-06 -6.7326250232050645e-06 -1.478646548744e-07 3.24644979342983e-07 -6.8013947774316745e-07 1.3230449242514053e-05 -7.6507310516195728e-06
leaf_weight=4193 5737 709649 336561 4798 3627 3357
leaf_count=4193 5737 709649 336561 4798 3627 3357
internal_value=6.0334e-09 -1.44175e-08 2.53021e-07 3.6902e-07 5.35116e-06 2.44767e-07
internal_weight=1.06792e+06 1.06373e+06 354080 348343 8425 339918
internal_count=1067922 1063729 354080 348343 8425 339918
is_linear=0
shrinkage=0.05


Tree=132
num_leaves=7
num_cat=0
split_feature=51 50 50 50 51 51
split_gain=1.19085e-05 0.00154632 0.000990655 0.000122583 0.000116389 9.33352e-05
threshold=1.0000000180025095e-35 1.0000000180025095e-35 1.0000000180025095e-35 -1.0000000180025095e-35 -1.0000000180025095e-35 -1.0000000180025095e-35
decision_type=2 2 2 2 2 2
left_child=2 3 5 -2 -4 -1
right_child=1 -3 4 -5 -6 -7
leaf_value=2.1152084623630185e-06 -3.7269768685758236e-06 4.404494980995461e-06 -3.6523976781607819e-06 -1.4518931436436826e-06 -1.435060456112426e-06 7.1218214375999709e-07
leaf_weight=237150 118576 118442 118540 118412 118351 237101
leaf_count=237150 118576 118442 118540 118412 118351 237101
internal_value=-2.31023e-08 -2.59404e-07 9.50119e-08 -2.59077e-06 -2.54515e-06 1.41392e-06
internal_weight=1.06657e+06 355430 711142 236988 236891 474251
internal_count=1066572 355430 711142 236988 236891 474251
is_linear=0
shrinkage=0.05


Tree=133
num_leaves=7
num_cat=0
split_feature=51 25 31 4 44 2
split_gain=2.13285e-05 0.000135512 0.000233386 9.6204e-05 8.60851e-05 7.35396e-05
threshold=-1.0000000180025095e-35 -2.4999999999999996 -1.0985550284385679 0.0014721176703460517 3.3531326055526738 0.002571371966041625
decision_type=2 2 2 2 2 2
left_child=1 2 -1 -4 5 -3
right_child=-2 4 3 -5 -6 -7
leaf_value=-1.3970451165320147e-05 -1.386209001693957e-07 7.2392214429068523e-07 -2.9438919993945413e-07 -8.5298246530164541e-06 6.4388534437434909e-06 -3.4704315758194101e-06
leaf_weight=3849 711460 295824 34805 3899 6342 10784
leaf_count=3849 711460 295824 34805 3899 6342 10784
internal_value=1.94019e-08 3.35624e-07 -2.31007e-06 -1.13395e-06 6.95681e-07 5.75857e-07
internal_weight=1.06696e+06 355503 42553 38704 312950 306608
internal_count=1066963 355503 42553 38704 312950 306608
is_linear=0
shrinkage=0.05


Tree=134
num_leaves=7
num_cat=0
split_feature=18 24 0 16 31 47
split_gain=1.88788e-05 2.16638e-05 9.52023e-06 9.27924e-06 1.83251e-05 9.39879e-06
threshold=0.0059495694003999242 0.44634959101676946 -0.0055899848230183116 0.0033935105893760924 -0.014968543313443659 0.43245348334312445
decision_type=2 2 2 2 2 2
left_child=2 -2 -1 -4 -5 -6
right_child=1 -3 3 4 5 -7
leaf_value=2.7073681930017943e-06 -5.0681063673052645e-06 5.240951683736158e-08 -4.3782847318887781e-09 4.037719308617911e-06 -1.7707124515040807e-06 1.8458904189617072e-06
leaf_weight=3234 3880 4352 1044924 4184 3869 3267
leaf_count=3234 3880 4352 1044924 4184 3869 3267
internal_value=8.50333e-10 -2.37708e-06 1.94378e-08 1.10802e-08 1.43176e-06 -1.13638e-07
internal_weight=1.06771e+06 8232 1.05948e+06 1.05624e+06 11320 7136
internal_count=1067710 8232 1059478 1056244 11320 7136
is_linear=0
shrinkage=0.05


Tree=135
num_leaves=7
num_cat=0
split_feature=36 10 20 26 26 1
split_gain=4.40153e-05 1.54927e-05 1.71483e-05 1.24822e-05 1.02866e-05 8.67234e-06
threshold=0.046057578176260001 -0.014218133408576248 -0.68816155195236195 -1.0942903757095335 -0.58975014090538014 0.0038425490492954855
decision_type=2 2 2 2 2 2
left_child=1 2 -1 -4 -5 -3
right_child=-2 5 3 4 -6 -7
leaf_value=-4.479332168804031e-06 5.1703061159531227e-06 1.9941657489945318e-08 -2.4766860282220294e-06 2.8775789464815957e-06 -1.0981631432439232e-06 1.3941667216312259e-06
leaf_weight=3757 4102 1037317 4934 3140 3280 11559
leaf_count=3757 4102 1037317 4934 3140 3280 11559
internal_value=3.22662e-08 1.22154e-08 -1.5747e-06 -5.98142e-07 8.53569e-07 3.51519e-08
internal_weight=1.06809e+06 1.06399e+06 15111 11354 6420 1.04888e+06
internal_count=1068089 1063987 15111 11354 6420 1048876
is_linear=0
shrinkage=0.05


Tree=136
num_leaves=7
num_cat=0
split_feature=2 51 50 50 51 50
split_gain=1.52174e-05 1.73354e-05 0.0131926 0.00597443 0.000876546 0.000860632
threshold=-0.0055007874034345141 -1.0000000180025095e-35 -1.0000000180025095e-35 -1.0000000180025095e-35 1.0000000180025095e-35 1.0000000180025095e-35
decision_type=2 2 2 2 2 2
left_child=-1 2 -2 4 -3 -4
right_child=1 3 5 -5 -6 -7
leaf_value=-2.9476713980455115e-06 1.3956510877239084e-05 -9.6588457944960552e-06 -9.5331288941025751e-06 3.113355095840255e-06 -3.5717294297996325e-06 -3.5001585000449289e-06
leaf_weight=4323 117866 118395 118171 472487 118307 118421
leaf_count=4323 117866 118395 118171 472487 118307 118421
internal_value=-4.1977e-09 7.90351e-09 2.934e-07 -1.348e-07 -6.61782e-06 -6.51483e-06
internal_weight=1.06797e+06 1.06365e+06 354458 709189 236702 236592
internal_count=1067970 1063647 354458 709189 236702 236592
is_linear=0
shrinkage=0.05


Tree=137
num_leaves=7
num_cat=0
split_feature=50 14 3 19 14 16
split_gain=2.44354e-05 1.51896e-05 8.13204e-06 1.58332e-05 6.00544e-06 1.4903e-05
threshold=1.0000000180025095e-35 0.0040738687384873637 -0.0038837043102830644 -0.20076407492160794 0.0031259679235517983 0.0029269286897033457
decision_type=2 2 2 2 2 2
left_child=2 4 3 -1 5 -2
right_child=1 -3 -4 -5 -6 -7
leaf_value=-1.0762515279481543e-06 -2.9588744353434848e-07 -3.3348398039941735e-06 1.3942302428030596e-07 3.3414291335033608e-06 1.1452184395184305e-06 -2.657664543748973e-06
leaf_weight=3218 338300 4160 703538 5347 6871 6765
leaf_count=3218 338300 4160 703538 5347 6871 6765
internal_value=-1.09771e-08 -3.49124e-07 1.5813e-07 1.68503e-06 -3.13363e-07 -3.42568e-07
internal_weight=1.0682e+06 356096 712103 8565 351936 345065
internal_count=1068199 356096 712103 8565 351936 345065
is_linear=0
shrinkage=0.05


Tree=138
num_leaves=7
num_cat=0
split_feature=18 22 17 29 9 27
split_gain=1.90044e-05 2.24201e-05 2.41879e-05 1.87153e-05 1.81635e-05 2.40395e-05
threshold=0.0036818898515775804 0.27623529732227331 1.7766407132148745 -5.6321241855621329 -0.010061082430183886 -0.38760946691036219
decision_type=2 2 2 2 2 2
left_child=-1 3 -3 -2 -5 -6
right_child=1 2 -4 4 5 -7
leaf_value=-3.8451966530793833e-08 2.3789776803377903e-06 1.4194645653334093e-06 5.9684310791429869e-06 -3.9502186552217993e-06 2.5760948293029201e-06 -9.2953861988095372e-07
leaf_weight=1009353 7161 19518 3400 3267 6567 18690
leaf_count=1009353 7161 19518 3400 3267 6567 18690
internal_value=1.23895e-08 8.87347e-07 2.10585e-06 1.02935e-07 -4.71632e-07 -1.47601e-08
internal_weight=1.06796e+06 58603 22918 35685 28524 25257
internal_count=1067956 58603 22918 35685 28524 25257
is_linear=0
shrinkage=0.05


Tree=139
num_leaves=7
num_cat=0
split_feature=50 12 9 6 18 5
split_gain=1.83381e-05 2.32141e-05 9.56476e-06 1.19761e-05 1.41975e-05 9.2735e-06
threshold=1.0000000180025095e-35 -0.041651504114270203 0.010953037533909084 0.0032049420988187198 0.0047936721239238986 0.0029753656126558785
decision_type=2 2 2 2 2 2
left_child=1 -1 3 4 -2 -3
right_child=2 5 -4 -5 -6 -7
leaf_value=-2.967493778818607e-06 -3.082659429852325e-07 2.1373298029383928e-07 2.0594250863280498e-06 -2.543070357550979e-06 2.3895176597024571e-06 -1.0045172624933436e-06
leaf_weight=5834 341389 690189 4270 5843 4898 15934
leaf_count=5834 341389 690189 4270 5843 4898 15934
internal_value=1.35619e-08 1.60125e-07 -2.79198e-07 -3.07845e-07 -2.69768e-07 1.86173e-07
internal_weight=1.06836e+06 711957 356400 352130 346287 706123
internal_count=1068357 711957 356400 352130 346287 706123
is_linear=0
shrinkage=0.05


Tree=140
num_leaves=7
num_cat=0
split_feature=50 51 51 50 51 51
split_gain=1.63509e-05 0.00142054 0.00090338 0.000102044 9.79606e-05 6.24915e-05
threshold=1.0000000180025095e-35 1.0000000180025095e-35 1.0000000180025095e-35 -1.0000000180025095e-35 -1.0000000180025095e-35 -1.0000000180025095e-35
decision_type=2 2 2 2 2 2
left_child=2 4 5 -4 -2 -1
right_child=1 -3 3 -5 -6 -7
leaf_value=1.9872723743848011e-06 -3.5171996599163377e-06 4.2039952979519296e-06 -3.403343105764482e-06 -1.3290920158848462e-06 -1.4823641961973126e-06 8.3870974261907096e-07
leaf_weight=236911 118354 118533 118553 118781 118436 237001
leaf_count=236911 118354 118533 118553 118781 118436 237001
internal_value=1.36614e-08 -2.63294e-07 1.52031e-07 -2.36572e-06 -2.49996e-06 1.41303e-06
internal_weight=1.06657e+06 355323 711246 237334 236790 473912
internal_count=1066569 355323 711246 237334 236790 473912
is_linear=0
shrinkage=0.05


Tree=141
num_leaves=7
num_cat=0
split_feature=51 50 50 50 51 50
split_gain=1.69738e-05 0.0114846 0.00522352 0.000955283 0.000909798 0.00059378
threshold=-1.0000000180025095e-35 -1.0000000180025095e-35 -1.0000000180025095e-35 1.0000000180025095e-35 1.0000000180025095e-35 1.0000000180025095e-35
decision_type=2 2 2 2 2 2
left_child=1 -1 4 -3 -2 -4
right_child=2 3 5 -5 -6 -7
leaf_value=1.3054410791971817e-05 -9.2326519993852939e-06 -9.1629523388724396e-06 4.7252623868615426e-06 -2.8218929581189189e-06 -3.0346816751570247e-06 1.1882645135208497e-06
leaf_weight=118633 118412 118704 237140 118954 118519 237531
leaf_count=118633 118412 118704 237140 118954 118519 237531
internal_value=7.01716e-08 3.51862e-07 -7.08823e-08 -5.99035e-06 -6.13356e-06 2.95562e-06
internal_weight=1.06789e+06 356291 711602 237658 236931 474671
internal_count=1067893 356291 711602 237658 236931 474671
is_linear=0
shrinkage=0.05


Tree=142
num_leaves=7
num_cat=0
split_feature=26 36 8 21 0 45
split_gain=1.60395e-05 1.56351e-05 8.14122e-06 1.50099e-05 9.93346e-06 8.96398e-06
threshold=-2.6526497602462764 0.046057578176260001 0.0042689372785389432 0.28986363112926489 0.0045438690576702365 0.71440887451171886
decision_type=2 2 2 2 2 2
left_child=-1 2 -2 4 5 -4
right_child=1 -3 3 -5 -6 -7
leaf_value=3.079325233353955e-06 1.4945203485413788e-08 -3.0603411662495107e-06 3.0677569046251053e-06 -5.8630366988481429e-07 3.4309948227309538e-06 5.5946193858309123e-07
leaf_weight=4290 1010981 4018 4137 15843 4592 24121
leaf_count=4290 1010981 4018 4137 15843 4592 24121
internal_value=4.58796e-08 3.35012e-08 4.5376e-08 6.76528e-07 1.28554e-06 9.31449e-07
internal_weight=1.06798e+06 1.06369e+06 1.05967e+06 48693 32850 28258
internal_count=1067982 1063692 1059674 48693 32850 28258
is_linear=0
shrinkage=0.05


Tree=143
num_leaves=7
num_cat=0
split_feature=39 27 51 14 14 13
split_gain=2.52612e-05 1.24377e-05 9.25038e-05 0.000113575 5.43121e-05 4.42256e-05
threshold=6.2456829547882089 -2.2576184272766109 -1.0000000180025095e-35 0.0018270350992679598 0.0025920242769643669 0.0013702188152819874
decision_type=2 2 2 2 2 2
left_child=1 2 3 5 -4 -1
right_child=-2 -3 4 -5 -6 -7
leaf_value=-3.0548072394319191e-06 -3.8054395139183126e-06 6.3924826396486093e-08 1.1482573292349994e-07 -1.0939048736595819e-05 6.6817193050791281e-06 3.5081485745744206e-06
leaf_weight=10585 4273 1009645 32377 4062 3438 3338
leaf_count=10585 4273 1009645 32377 4062 3438 3338
internal_value=8.93389e-09 2.44385e-08 -7.15958e-07 -3.63646e-06 7.5364e-07 -1.47443e-06
internal_weight=1.06772e+06 1.06344e+06 53800 17985 35815 13923
internal_count=1067718 1063445 53800 17985 35815 13923
is_linear=0
shrinkage=0.05


Tree=144
num_leaves=7
num_cat=0
split_feature=51 1 13 1 44 11
split_gain=2.85766e-05 7.98963e-05 0.000133868 8.68341e-05 9.7712e-05 8.11413e-05
threshold=1.0000000180025095e-35 -0.00022680416441289705 0.0036515324609354143 -0.0034816814586520191 2.4363042116165166 -0.013848829083144663
decision_type=2 2 2 2 2 2
left_child=-1 2 3 -2 -5 -3
right_child=1 5 -4 4 -6 -7
leaf_value=2.0344375887527184e-07 -6.7738874731702598e-06 -6.5971716238402696e-06 1.0385768709910057e-05 2.6657886763210952e-07 6.7356249803284446e-06 -7.8057564135958447e-07
leaf_weight=710636 4106 6123 3351 126042 6071 210388
leaf_count=710636 4106 6123 3351 126042 6071 210388
internal_value=2.0257e-08 -3.45309e-07 5.87394e-07 3.42631e-07 5.66287e-07 -9.46556e-07
internal_weight=1.06672e+06 356081 139570 136219 132113 216511
internal_count=1066717 356081 139570 136219 132113 216511
is_linear=0
shrinkage=0.05


Tree=145
num_leaves=7
num_cat=0
split_feature=16 8 51 50 50 50
split_gain=2.29683e-05 3.85775e-05 2.65368e-05 0.00113042 0.000783808 5.60776e-05
threshold=0.0045463801361620435 -0.011516813654452561 1.0000000180025095e-35 1.0000000180025095e-35 1.0000000180025095e-35 -1.0000000180025095e-35
decision_type=2 2 2 2 2 2
left_child=1 -1 4 5 -3 -4
right_child=-2 2 3 -5 -6 -7
leaf_value=-4.9124702327713764e-06 3.5228435794124383e-06 1.3642270286489992e-06 -3.1144312615806534e-06 3.658212346109549e-06 -2.1687284518753769e-06 -1.5699926987833096e-06
leaf_weight=3945 4575 471101 117808 117617 235391 117650
leaf_count=3945 4575 471101 117808 117617 235391 117650
internal_value=6.94598e-09 -8.34356e-09 1.01465e-08 -3.43782e-07 1.87037e-07 -2.34323e-06
internal_weight=1.06809e+06 1.06351e+06 1.05957e+06 353075 706492 235458
internal_count=1068087 1063512 1059567 353075 706492 235458
is_linear=0
shrinkage=0.05


Tree=146
num_leaves=7
num_cat=0
split_feature=34 8 6 18 2 21
split_gain=1.98912e-05 1.98041e-05 2.04365e-05 1.8335e-05 1.80886e-05 1.78762e-05
threshold=19.546406745910648 -0.011516813654452561 0.0027577902656048541 0.0059495694003999242 -0.0011484113056212661 0.4480911791324616
decision_type=2 2 2 2 2 2
left_child=-1 -2 3 -3 -4 -6
right_child=1 2 4 -5 5 -7
leaf_value=3.3738454725820158e-06 -3.8474132514283747e-06 -3.535749001379787e-08 3.3217171031661677e-06 -2.9381209753831823e-06 -1.7973185675617013e-07 3.5677987777045943e-06
leaf_weight=4269 3330 1025980 7941 5419 16978 3865
leaf_count=4269 3330 1025980 7941 5419 16978 3865
internal_value=-1.24811e-08 -2.6232e-08 -1.40489e-08 -5.07504e-08 1.29886e-06 5.22063e-07
internal_weight=1.06778e+06 1.06351e+06 1.06018e+06 1.0314e+06 28784 20843
internal_count=1067782 1063513 1060183 1031399 28784 20843
is_linear=0
shrinkage=0.05


Tree=147
num_leaves=7
num_cat=0
split_feature=18 39 6 16 39 8
split_gain=6.60069e-05 1.24144e-05 1.41133e-05 1.15411e-05 2.46523e-05 2.52553e-05
threshold=0.0067288982681930074 4.4397592544555673 0.00045393445179797714 0.0029269286897033457 0.01012565800920129 -0.0032197929685935374
decision_type=2 2 2 2 2 2
left_child=1 3 -3 -1 5 -5
right_child=-2 2 -4 4 -6 -7
leaf_value=-2.9616057299895063e-08 -6.1617089990448419e-06 4.5397481185655467e-07 4.0796898765147591e-06 -3.047920698954117e-06 3.9879189636169295e-06 1.0743449837208217e-06
leaf_weight=1021587 4290 8681 3845 4558 5469 19140
leaf_count=1021587 4290 8681 3845 4558 5469 19140
internal_value=-8.02106e-09 1.70957e-08 1.57873e-06 -1.59466e-09 9.78238e-07 2.76733e-07
internal_weight=1.06757e+06 1.06328e+06 12526 1.05075e+06 29167 23698
internal_count=1067570 1063280 12526 1050754 29167 23698
is_linear=0
shrinkage=0.05


Tree=148
num_leaves=7
num_cat=0
split_feature=11 13 43 18 50 16
split_gain=2.58045e-05 1.5102e-05 1.76361e-05 1.3253e-05 9.90238e-06 8.50535e-06
threshold=0.030810235999524597 0.0046745804138481626 0.018451413139700893 0.0059495694003999242 -1.0000000180025095e-35 0.0039903593715280303
decision_type=2 2 2 2 2 2
left_child=1 3 -3 4 -1 -6
right_child=-2 2 -4 -5 5 -7
leaf_value=2.0062723275296817e-07 -3.9932041445962027e-06 -4.3607824033823223e-06 4.3424803491092234e-07 2.8913826920728146e-06 -1.364157913680093e-07 2.4956286680875969e-06
leaf_weight=350265 4056 4244 3450 3883 698697 3033
leaf_count=350265 4056 4244 3450 3883 698697 3033
internal_value=-3.70645e-08 -2.17905e-08 -2.22176e-06 -5.65528e-09 -1.64854e-08 -1.24863e-07
internal_weight=1.06763e+06 1.06357e+06 7694 1.05588e+06 1.052e+06 701730
internal_count=1067628 1063572 7694 1055878 1051995 701730
is_linear=0
shrinkage=0.05


Tree=149
num_leaves=7
num_cat=0
split_feature=8 51 11 31 0 0
split_gain=3.33005e-05 2.80981e-05 6.50266e-05 0.000149419 0.000190346 8.27934e-05
threshold=-0.011516813654452561 1.0000000180025095e-35 -0.014574171975255011 -0.92627876996994007 -0.00069021942908875633 -0.0032197522232308979
decision_type=2 2 2 2 2 2
left_child=-1 -2 3 4 -3 -4
right_child=1 2 5 -5 -6 -7
leaf_value=-4.4879160494382285e-06 1.3151472313186159e-07 7.8622299889955998e-06 -6.8753620874444319e-06 -1.2506726376414768e-05 -7.1153481109531667e-06 -1.9448008939373332e-07
leaf_weight=4194 709549 3807 4652 3578 4664 337601
leaf_count=4194 709549 3807 4652 3578 4664 337601
internal_value=-6.76999e-08 -5.0064e-08 -4.13673e-07 -4.01616e-06 -3.77553e-07 -2.8628e-07
internal_weight=1.06804e+06 1.06385e+06 354302 12049 8471 342253
internal_count=1068045 1063851 354302 12049 8471 342253
is_linear=0
shrinkage=0.05


Tree=150
num_leaves=7
num_cat=0
split_feature=14 51 50 50 17 50
split_gain=2.57933e-05 2.31598e-05 0.00109819 0.000659482 6.65476e-05 5.51245e-05
threshold=0.0052990007679909476 1.0000000180025095e-35 1.0000000180025095e-35 1.0000000180025095e-35 2.064477920532227 -1.0000000180025095e-35
decision_type=2 2 2 2 2 2
left_child=1 3 4 -1 5 -3
right_child=-2 2 -4 -5 -6 -7
leaf_value=1.219586973424578e-06 3.8946691076594618e-06 -2.9611314197824188e-06 3.5834210615729309e-06 -2.015634795666282e-06 -7.7787644103057757e-06 -1.4157758913650307e-06
leaf_weight=472864 4168 115641 118122 236141 5410 115488
leaf_count=472864 4168 115641 118122 236141 5410 115488
internal_value=-7.5397e-09 -2.30129e-08 -3.52862e-07 1.41999e-07 -2.31889e-06 -2.18944e-06
internal_weight=1.06783e+06 1.06367e+06 354661 709005 236539 231129
internal_count=1067834 1063666 354661 709005 236539 231129
is_linear=0
shrinkage=0.05


Tree=151
num_leaves=7
num_cat=0
split_feature=3 12 13 17 3 33
split_gain=1.92808e-05 2.59398e-05 2.47726e-05 1.11442e-05 7.13436e-06 9.3061e-06
threshold=-0.0035014589084312315 -0.020264154300093647 0.0056576072238385686 1.5466926693916323 -0.002795779262669384 49.729791641235359
decision_type=2 2 2 2 2 2
left_child=1 -1 4 -3 5 -2
right_child=2 3 -4 -5 -6 -7
leaf_value=4.6978596435430546e-06 -2.0572456787727861e-06 -1.1570591155602038e-06 -4.4898541685727135e-06 1.9192320520865761e-06 2.828460544915599e-08 9.5896685473795256e-07
leaf_weight=5019 8727 5727 3012 5957 1035149 3574
leaf_count=5019 8727 5727 3012 5957 1035149 3574
internal_value=2.77442e-08 1.71062e-06 9.0538e-10 4.1286e-07 1.40325e-08 -1.18056e-06
internal_weight=1.06716e+06 16703 1.05046e+06 11684 1.04745e+06 12301
internal_count=1067165 16703 1050462 11684 1047450 12301
is_linear=0
shrinkage=0.05


Tree=152
num_leaves=7
num_cat=0
split_feature=1 51 5 9 29 14
split_gain=3.81547e-05 2.34849e-05 9.47003e-05 8.68449e-05 0.000110293 0.000164246
threshold=-0.0055609375704079858 1.0000000180025095e-35 -0.0034746356541290875 0.0045271678827703008 4.2278885841369638 0.0027071917429566388
decision_type=2 2 2 2 2 2
left_child=-1 -2 -3 -4 5 -5
right_child=1 2 3 4 -6 -7
leaf_value=-4.7256635251267611e-06 1.4686188839653093e-07 6.1686064477616087e-06 -2.2238156009446207e-07 -3.0251099961098249e-06 7.2582445164549943e-07 -1.4945263651208543e-05
leaf_weight=4274 708694 5433 321362 12899 11063 3689
leaf_count=4274 708694 5433 321362 12899 11063 3689
internal_value=-3.8396e-08 -1.9331e-08 -3.51598e-07 -4.53965e-07 -3.14019e-06 -5.71298e-06
internal_weight=1.06741e+06 1.06314e+06 354446 349013 27651 16588
internal_count=1067414 1063140 354446 349013 27651 16588
is_linear=0
shrinkage=0.05


Tree=153
num_leaves=7
num_cat=0
split_feature=8 51 32 0 5 17
split_gain=3.64351e-05 2.95698e-05 8.2026e-05 9.22888e-05 7.60273e-05 9.42176e-05
threshold=-0.011516813654452561 1.0000000180025095e-35 0.41554114222526556 0.0010071207070723178 -0.0034746356541290875 2.064477920532227
decision_type=2 2 2 2 2 2
left_child=-1 -2 4 -4 -3 -6
right_child=1 2 3 -5 5 -7
leaf_value=4.5947864385826187e-06 1.505030959221121e-07 5.5686050314256498e-06 -1.8061304413543339e-06 -1.1956492948785253e-05 -2.5165101909898199e-07 -6.4811234590799414e-06
leaf_weight=4215 709452 5435 8158 3049 331786 6133
leaf_count=4215 709452 5435 8158 3049 331786 6133
internal_value=-1.73501e-08 -3.58358e-08 -4.08656e-07 -4.6085e-06 -2.70922e-07 -3.65654e-07
internal_weight=1.06823e+06 1.06401e+06 354561 11207 343354 337919
internal_count=1068228 1064013 354561 11207 343354 337919
is_linear=0
shrinkage=0.05


Tree=154
num_leaves=7
num_cat=0
split_feature=36 39 0 2 14 18
split_gain=2.07992e-05 1.19147e-05 1.08108e-05 1.19073e-05 1.69363e-05 1.0319e-05
threshold=0.046057578176260001 6.2456829547882089 0.0039299107156693944 -0.0012582099880091844 0.0024127668002620344 0.0059495694003999242
decision_type=2 2 2 2 2 2
left_child=1 2 5 -4 -5 -1
right_child=-2 -3 3 4 -6 -7
leaf_value=1.7273714001504361e-08 3.5438487549991439e-06 -2.6412450752083425e-06 9.6055110761550258e-07 -3.2880005354361784e-08 -4.8068702942515287e-06 2.2753649989306911e-06
leaf_weight=1044601 4110 4198 3227 3378 4080 5034
leaf_count=1044601 4110 4198 3227 3378 4080 5034
internal_value=1.52693e-08 1.48003e-09 1.20671e-08 -1.56659e-06 -2.65918e-06 2.82113e-08
internal_weight=1.06863e+06 1.06452e+06 1.06032e+06 10685 7458 1.04964e+06
internal_count=1068628 1064518 1060320 10685 7458 1049635
is_linear=0
shrinkage=0.05


Tree=155
num_leaves=7
num_cat=0
split_feature=50 51 51 51 45 30
split_gain=1.14097e-05 0.00103243 0.000645943 7.2431e-05 6.05662e-05 5.73327e-05
threshold=1.0000000180025095e-35 1.0000000180025095e-35 1.0000000180025095e-35 -1.0000000180025095e-35 -2.377039790153503 -1.4410799145698545
decision_type=2 2 2 2 2 2
left_child=2 3 -1 4 -2 -4
right_child=1 -3 5 -5 -6 -7
leaf_value=1.1496030223852508e-06 -8.553866788814826e-06 3.5424764518795529e-06 3.4202260546957115e-06 -1.291265943590248e-06 -2.8044319809967877e-06 -2.1570421258141838e-06
leaf_weight=473428 4737 118767 4658 118951 114218 232544
leaf_count=473428 4737 118767 4658 118951 114218 232544
internal_value=-3.32229e-08 -2.63957e-07 8.25957e-08 -2.16454e-06 -3.03688e-06 -2.04682e-06
internal_weight=1.0673e+06 356673 710630 237906 118955 237202
internal_count=1067303 356673 710630 237906 118955 237202
is_linear=0
shrinkage=0.05


Tree=156
num_leaves=7
num_cat=0
split_feature=2 51 50 50 11 12
split_gain=2.36262e-05 1.75319e-05 0.000812722 0.000575673 6.66261e-05 5.65051e-05
threshold=0.0055520294699817905 1.0000000180025095e-35 1.0000000180025095e-35 1.0000000180025095e-35 -0.025734805501997467 -0.032162282615900033
decision_type=2 2 2 2 2 2
left_child=1 3 5 4 -1 -3
right_child=-2 2 -4 -5 -6 -7
leaf_value=-5.4768137029669853e-06 3.5525665369355998e-06 3.4510514172448964e-06 3.0535582450356041e-06 -1.9130815220444468e-06 1.1632145269566713e-06 -2.1327097168472075e-06
leaf_weight=3760 4539 4578 118226 236356 468110 231609
leaf_count=3760 4539 4578 118226 236356 468110 231609
internal_value=-2.73462e-08 -4.2804e-08 -3.29872e-07 1.00864e-07 1.10973e-06 -2.02377e-06
internal_weight=1.06718e+06 1.06264e+06 354413 708226 471870 236187
internal_count=1067178 1062639 354413 708226 471870 236187
is_linear=0
shrinkage=0.05


Tree=157
num_leaves=7
num_cat=0
split_feature=9 39 50 18 6 18
split_gain=3.2144e-05 2.53996e-05 9.4196e-06 1.49993e-05 1.28685e-05 5.73421e-06
threshold=-0.012858465779572724 1.4002630114555361 1.0000000180025095e-35 0.0054437443614006051 -0.0030025772284716363 0.0028177674394100909
decision_type=2 2 2 2 2 2
left_child=1 -1 -2 4 -4 -6
right_child=2 -3 3 -5 5 -7
leaf_value=-2.9387809375691264e-09 1.1480964225843992e-07 -5.4730385042863809e-06 -2.4312997165643519e-06 3.0497093553726648e-06 -1.2309452222475039e-07 -7.9640624515065064e-07
leaf_weight=3799 705485 4758 6491 3462 307370 35202
leaf_count=3799 705485 4758 6491 3462 307370 35202
internal_value=-1.54063e-08 -3.05864e-06 9.35017e-09 -2.01685e-07 -2.34365e-07 -1.92389e-07
internal_weight=1.06657e+06 8557 1.05801e+06 352525 349063 342572
internal_count=1066567 8557 1058010 352525 349063 342572
is_linear=0
shrinkage=0.05


Tree=158
num_leaves=7
num_cat=0
split_feature=3 0 10 51 50 50
split_gain=2.4896e-05 1.41198e-05 2.38636e-05 1.36976e-05 0.000797309 0.000497027
threshold=0.0056380382739007482 0.0039299107156693944 0.0093031264841556566 1.0000000180025095e-35 1.0000000180025095e-35 1.0000000180025095e-35
decision_type=2 2 2 2 2 2
left_child=1 3 -3 5 -5 -1
right_child=-2 2 -4 4 -6 -7
leaf_value=1.0431168121844605e-06 -3.8138447754123065e-06 8.3743962977801606e-08 4.7766134907348838e-06 -1.9673894830172512e-06 3.0892460269820469e-06 -1.7806148547563795e-06
leaf_weight=467767 4259 7871 4082 233590 116939 233631
leaf_count=467767 4259 7871 4082 233590 116939 233631
internal_value=-2.09651e-08 -5.60268e-09 1.6996e-06 -2.50587e-08 -2.80259e-07 1.02491e-07
internal_weight=1.06814e+06 1.06388e+06 11953 1.05193e+06 350529 701398
internal_count=1068139 1063880 11953 1051927 350529 701398
is_linear=0
shrinkage=0.05


Tree=159
num_leaves=7
num_cat=0
split_feature=44 22 51 50 50 11
split_gain=1.43857e-05 1.26465e-05 1.05971e-05 0.000689672 0.000441377 5.90762e-05
threshold=2.4363042116165166 0.61689046025276195 1.0000000180025095e-35 1.0000000180025095e-35 1.0000000180025095e-35 -0.015475917607545851
decision_type=2 2 2 2 2 2
left_child=2 -2 4 5 -1 -4
right_child=1 -3 3 -5 -6 -7
leaf_value=9.8731465612919017e-07 6.0026658442230925e-07 3.4919130348929841e-06 -6.4609494713363337e-06 2.9350763387653425e-06 -1.7154484772822531e-06 -1.7062441204678356e-06
leaf_weight=452550 46043 4074 6691 112882 226673 219784
leaf_count=452550 46043 4074 6691 112882 226673 219784
internal_value=1.19916e-08 8.38574e-07 -2.87177e-08 -2.56859e-07 8.52779e-08 -1.84811e-06
internal_weight=1.0687e+06 50117 1.01858e+06 339357 679223 226475
internal_count=1068697 50117 1018580 339357 679223 226475
is_linear=0
shrinkage=0.05


Tree=160
num_leaves=7
num_cat=0
split_feature=0 18 8 42 20 0
split_gain=1.81121e-05 2.0808e-05 9.64996e-06 2.81083e-05 1.79639e-05 1.32564e-05
threshold=-0.004512546816840767 0.004250358324497939 -0.0069237754214555016 0.46928155422210699 -0.41665500402450556 -0.0034990749554708596
decision_type=2 2 2 2 2 2
left_child=1 -1 3 4 -2 -4
right_child=2 -3 5 -5 -6 -7
leaf_value=-3.7694006159860713e-07 -1.7638972070127547e-06 -5.4728032881940921e-06 2.2647446597508782e-06 -4.4029356932868431e-06 2.9614367685256463e-06 -6.0397943504462801e-09
leaf_weight=5251 4270 3197 6417 4740 3715 1040977
leaf_count=5251 4270 3197 6417 4740 3715 1040977
internal_value=-2.71099e-08 -2.32624e-06 -8.67953e-09 -1.37458e-06 4.393e-07 7.97992e-09
internal_weight=1.06857e+06 8448 1.06012e+06 12725 7985 1.04739e+06
internal_count=1068567 8448 1060119 12725 7985 1047394
is_linear=0
shrinkage=0.05


Tree=161
num_leaves=7
num_cat=0
split_feature=11 8 51 22 51 50
split_gain=1.88876e-05 1.3223e-05 5.12862e-05 0.000214271 1.23754e-05 0.00955374
threshold=0.030810235999524597 -0.0077741632703691712 -1.0000000180025095e-35 0.2204435542225838 -1.0000000180025095e-35 -1.0000000180025095e-35
decision_type=2 2 2 2 2 2
left_child=1 2 -1 -4 5 -3
right_child=-2 4 3 -5 -6 -7
leaf_value=-6.0122846085730975e-06 -3.3379944339769387e-06 1.1955651011364469e-05 7.1968448847659186e-06 -8.9169280551221438e-06 -6.6562685941170489e-08 -5.5536259305773371e-06
leaf_weight=4249 4116 116957 5056 3412 701047 233088
leaf_count=4249 4116 116957 5056 3412 701047 233088
internal_value=2.2089e-08 3.52458e-08 -1.5642e-06 6.89914e-07 5.46707e-08 2.97444e-07
internal_weight=1.06792e+06 1.06381e+06 12717 8468 1.05109e+06 350045
internal_count=1067925 1063809 12717 8468 1051092 350045
is_linear=0
shrinkage=0.05


Tree=162
num_leaves=7
num_cat=0
split_feature=15 16 29 36 12 35
split_gain=3.88173e-05 9.21855e-06 3.65789e-05 1.66077e-05 1.2842e-05 1.18154e-05
threshold=0.0047111632302403459 0.0028470230754464869 -6.029714584350585 0.031397357583045966 -0.041651504114270203 -0.2158144414424896
decision_type=2 2 2 2 2 2
left_child=1 4 -3 5 -1 -4
right_child=-2 2 3 -5 -6 -7
leaf_value=-2.9068457029678171e-06 -4.8309174644587975e-06 4.8974507904855004e-06 2.2834603102326283e-06 -2.8439978913993725e-06 -2.0056511655245635e-08 -8.744849027386041e-08
leaf_weight=3817 4132 4658 7453 3957 1027070 17526
leaf_count=3817 4132 4658 7453 3957 1027070 17526
internal_value=-2.31944e-08 -4.30622e-09 8.10162e-07 1.44894e-07 -3.08857e-08 6.2311e-07
internal_weight=1.06861e+06 1.06448e+06 33594 28936 1.03089e+06 24979
internal_count=1068613 1064481 33594 28936 1030887 24979
is_linear=0
shrinkage=0.05


Tree=163
num_leaves=7
num_cat=0
split_feature=36 8 7 6 17 40
split_gain=1.72049e-05 2.27202e-05 1.52161e-05 1.45697e-05 1.12309e-05 1.01325e-05
threshold=0.046057578176260001 0.011394719593226911 0.0026068667648360138 0.0045345914550125608 1.8793650269508364 1.2069724798202517
decision_type=2 2 2 2 2 2
left_child=1 2 3 -1 5 -4
right_child=-2 -3 4 -5 -6 -7
leaf_value=-4.9014908414595559e-08 3.1966122712342675e-06 -3.9207987464087096e-06 1.3169360493831599e-06 2.4123163930276703e-06 3.3231196562060286e-06 -7.7666086049140343e-07
leaf_weight=1022188 4137 3660 18963 5998 4680 8264
leaf_count=1022188 4137 3660 18963 5998 4680 8264
internal_value=-2.22583e-09 -1.4816e-08 -1.14618e-09 -3.45399e-08 1.07332e-06 6.81224e-07
internal_weight=1.06789e+06 1.06375e+06 1.06009e+06 1.02819e+06 31907 27227
internal_count=1067890 1063753 1060093 1028186 31907 27227
is_linear=0
shrinkage=0.05


Tree=164
num_leaves=7
num_cat=0
split_feature=45 9 6 38 5 15
split_gain=2.32621e-05 4.76904e-05 1.90972e-05 2.08458e-05 7.95442e-06 7.94269e-06
threshold=-3.5908131599426265 -0.016600957140326496 -0.0045046221930533639 2.4804695844650273 0.0056738846469670543 0.0035729054361581807
decision_type=2 2 2 2 2 2
left_child=-1 -2 3 -3 5 -4
right_child=1 2 4 -5 -6 -7
leaf_value=-3.6338923440316704e-06 5.5925602357759325e-06 -2.8663925976294496e-07 -1.106399275721351e-08 5.0512639508283018e-06 -2.2960032802447482e-06 1.2193627157721987e-06
leaf_weight=4290 3795 3427 1036100 3860 3721 13234
leaf_count=4290 3795 3427 1036100 3860 3721 13234
internal_value=1.92441e-08 3.41416e-08 1.3985e-08 2.55606e-06 -3.72629e-09 4.51127e-09
internal_weight=1.06843e+06 1.06414e+06 1.06034e+06 7287 1.05306e+06 1.04933e+06
internal_count=1068427 1064137 1060342 7287 1053055 1049334
is_linear=0
shrinkage=0.05


Tree=165
num_leaves=7
num_cat=0
split_feature=8 10 10 17 18 43
split_gain=7.48617e-05 2.25407e-05 1.9853e-05 1.37125e-05 1.3932e-05 1.15485e-05
threshold=-0.011516813654452561 -0.023016119375824925 0.012661429122090341 0.73695573210716259 0.0045795768965035686 0.49879698455333715
decision_type=2 2 2 2 2 2
left_child=-1 -2 -3 -4 5 -5
right_child=1 2 3 4 -6 -7
leaf_value=6.5993071928234603e-06 -4.2918129226880392e-06 -1.9232022980001033e-08 1.5161467124641732e-06 -4.4322817095046299e-07 -4.6458293139075098e-06 -3.7039475016629706e-06
leaf_weight=4184 3091 1039475 3026 10017 4101 3684
leaf_count=4184 3091 1039475 3026 10017 4101 3684
internal_value=-3.60097e-08 -6.24259e-08 -4.98946e-08 -1.57648e-06 -2.10494e-06 -1.33027e-06
internal_weight=1.06758e+06 1.06339e+06 1.0603e+06 20828 17802 13701
internal_count=1067578 1063394 1060303 20828 17802 13701
is_linear=0
shrinkage=0.05


Tree=166
num_leaves=7
num_cat=0
split_feature=8 3 36 22 13 23
split_gain=1.73787e-05 1.82039e-05 1.08758e-05 2.75558e-05 3.85601e-05 2.20068e-05
threshold=0.011394719593226911 0.0056380382739007482 0.017725626938045028 0.43366210162639623 0.0046745804138481626 1.1718922853469851
decision_type=2 2 2 2 2 2
left_child=1 2 -1 4 -4 -5
right_child=-2 -3 3 5 -6 -7
leaf_value=1.2003832806689946e-08 -3.1369491526579608e-06 3.8288825933155204e-06 5.0159381249812546e-07 1.5147774141771535e-06 -4.3183140510700234e-06 6.0753513744105233e-06
leaf_weight=985333 4198 3157 54094 12858 4444 3300
leaf_count=985333 4198 3157 54094 12858 4444 3300
internal_value=5.4747e-08 6.74964e-08 5.61141e-08 6.37586e-07 1.3231e-07 2.46207e-06
internal_weight=1.06738e+06 1.06319e+06 1.06003e+06 74696 58538 16158
internal_count=1067384 1063186 1060029 74696 58538 16158
is_linear=0
shrinkage=0.05


Tree=167
num_leaves=7
num_cat=0
split_feature=8 9 11 18 18 0
split_gain=5.81752e-05 1.0961e-05 1.31703e-05 1.3703e-05 1.21702e-05 7.23605e-06
threshold=-0.011516813654452561 0.0039446225855499515 -0.014574171975255011 0.0047936721239238986 0.0041324372868984946 -0.002172571723349392
decision_type=2 2 2 2 2 2
left_child=-1 5 -3 4 -4 -2
right_child=1 2 3 -5 -6 -7
leaf_value=-5.7977500245715827e-06 -6.5052364480488688e-07 3.7227610513676869e-06 4.4175921610770121e-07 -1.9176242981188712e-06 2.9620215822514819e-06 2.2638456335570251e-08
leaf_weight=4225 41689 3084 91978 5806 5006 916537
leaf_count=4225 41689 3084 91978 5806 5006 916537
internal_value=2.32879e-08 4.66716e-08 5.2932e-07 4.31744e-07 5.73306e-07 -6.68084e-09
internal_weight=1.06832e+06 1.0641e+06 105874 102790 96984 958226
internal_count=1068325 1064100 105874 102790 96984 958226
is_linear=0
shrinkage=0.05


Tree=168
num_leaves=7
num_cat=0
split_feature=12 51 31 12 51 13
split_gain=1.52448e-05 0.000129362 0.000143433 1.36617e-05 1.38895e-05 9.3042e-05
threshold=-0.037445133551955216 -1.0000000180025095e-35 -1.0120871663093565 -0.03437331318855285 1.0000000180025095e-35 0.0041833319701254377
decision_type=2 2 2 2 2 2
left_child=1 -1 -3 -2 -5 -6
right_child=3 2 -4 4 5 -7
leaf_value=-8.7658239604795999e-06 2.7736941313814967e-06 1.0507048093284718e-05 -2.8945192180748744e-06 1.0468969892200118e-07 -2.0077589582627078e-07 -8.5564705112708401e-06
leaf_weight=4307 4332 3014 5688 699642 346573 3314
leaf_count=4307 4332 3014 5688 699642 346573 3314
internal_value=-3.33488e-08 -1.73121e-06 1.78072e-06 -1.2309e-08 -2.394e-08 -2.81129e-07
internal_weight=1.06687e+06 13009 8702 1.05386e+06 1.04953e+06 349887
internal_count=1066870 13009 8702 1053861 1049529 349887
is_linear=0
shrinkage=0.05


Tree=169
num_leaves=7
num_cat=0
split_feature=15 3 17 42 10 24
split_gain=1.51003e-05 1.2613e-05 9.91511e-06 1.55328e-05 9.81689e-06 2.10037e-05
threshold=0.0047111632302403459 0.0056380382739007482 2.4161925315856938 0.49045856297016149 -0.012042379006743429 0.3133933693170548
decision_type=2 2 2 2 2 2
left_child=1 2 4 -4 5 -1
right_child=-2 -3 3 -5 -6 -7
leaf_value=-2.5463761861901467e-06 -2.9831458080459888e-06 -2.8085835445664881e-06 4.109360255614743e-06 -3.8544764272991505e-07 3.3674358840004151e-08 4.6860509840380741e-07
leaf_weight=11272 4171 3895 3711 3915 1029100 11767
leaf_count=11272 4171 3895 3711 3915 1029100 11767
internal_value=1.51579e-09 1.33594e-08 2.3863e-08 1.81436e-06 1.07998e-08 -1.00882e-06
internal_weight=1.06783e+06 1.06366e+06 1.05976e+06 7626 1.05214e+06 23039
internal_count=1067831 1063660 1059765 7626 1052139 23039
is_linear=0
shrinkage=0.05


Tree=170
num_leaves=7
num_cat=0
split_feature=44 51 42 2 51 37
split_gain=1.40788e-05 5.08312e-05 3.33275e-05 7.63413e-06 1.97067e-05 9.07925e-05
threshold=4.3370518684387216 1.0000000180025095e-35 0.4756320863962174 0.0029187948675826196 1.0000000180025095e-35 7.1030983924865732
decision_type=2 2 2 2 2 2
left_child=3 2 -2 -1 5 -5
right_child=1 -3 -4 4 -6 -7
leaf_value=1.1706838024939563e-08 -2.9001914641874138e-06 -6.2014304249479771e-06 3.4747680989400963e-06 1.6980190994036292e-06 2.8630188078134168e-06 -7.5984873643747719e-06
leaf_weight=1030060 3681 4066 4503 13531 8389 3206
leaf_count=1030060 3681 4066 4503 13531 8389 3206
internal_value=1.31293e-08 -1.66871e-06 6.07239e-07 3.27325e-08 8.92959e-07 -1.0007e-07
internal_weight=1.06744e+06 12250 8184 1.05519e+06 25126 16737
internal_count=1067436 12250 8184 1055186 25126 16737
is_linear=0
shrinkage=0.05


Tree=171
num_leaves=7
num_cat=0
split_feature=2 8 41 11 25 31
split_gain=2.68864e-05 1.72531e-05 1.59249e-05 8.65581e-06 2.20539e-05 1.32858e-05
threshold=0.0055520294699817905 -0.0089659057557582838 0.41718204319477087 -0.012504472862929104 1.5000000000000002 -1.0758641958236692
decision_type=2 2 2 2 2 2
left_child=1 2 -1 4 -3 -6
right_child=-2 3 -4 -5 5 -7
leaf_value=9.8254481914923497e-08 -3.831710518257877e-06 1.8042496698211306e-07 4.41165988265768e-06 -3.50297985005773e-08 1.2257112044629592e-06 5.4903770930832555e-06
leaf_weight=4296 4516 37498 4218 1010363 4081 3312
leaf_count=4296 4516 37498 4218 1010363 4081 3312
internal_value=-3.12404e-09 1.33087e-08 2.24848e-06 -4.83075e-09 6.74143e-07 3.16029e-06
internal_weight=1.06828e+06 1.06377e+06 8514 1.05525e+06 44891 7393
internal_count=1068284 1063768 8514 1055254 44891 7393
is_linear=0
shrinkage=0.05


Tree=172
num_leaves=7
num_cat=0
split_feature=27 45 51 28 9 8
split_gain=1.57259e-05 3.0329e-05 6.29133e-05 8.4095e-05 1.17437e-05 9.02606e-06
threshold=-3.2907814979553218 -2.7791396379470821 -1.0000000180025095e-35 -5.2200722694396964 -0.012858465779572724 -0.0089659057557582838
decision_type=2 2 2 2 2 2
left_child=1 2 -1 -4 -2 -6
right_child=4 -3 3 -5 5 -7
leaf_value=-6.0069216730031461e-06 2.3301593188666474e-06 -5.8880041124723241e-06 8.5399967333714344e-06 -2.8094558830820755e-06 -2.6804586187923227e-06 -1.2268822322040647e-09
leaf_weight=3208 5342 3250 3013 3455 3103 1046732
leaf_count=3208 5342 3250 3013 3455 3103 1046732
internal_value=-1.85944e-08 -1.74862e-06 -3.35152e-07 2.50243e-06 2.68042e-09 -9.27317e-09
internal_weight=1.0681e+06 12926 9676 6468 1.05518e+06 1.04984e+06
internal_count=1068103 12926 9676 6468 1055177 1049835
is_linear=0
shrinkage=0.05


Tree=173
num_leaves=7
num_cat=0
split_feature=17 3 51 40 40 13
split_gain=1.33714e-05 1.75541e-05 1.43351e-05 0.000187216 9.69756e-05 0.000104198
threshold=2.6335871219635014 0.0056380382739007482 1.0000000180025095e-35 4.0951404571533212 4.0951404571533212 0.0021667425753548746
decision_type=2 2 2 2 2 2
left_child=1 2 4 -4 -1 -6
right_child=-2 -3 3 -5 5 -7
leaf_value=5.2483654290255061e-08 2.7506278422704322e-06 -3.4126824047945475e-06 -1.6234599411270713e-07 -1.1680339539335402e-05 5.1330103634991479e-07 1.2710424555068708e-05
leaf_weight=699888 4289 3773 349632 3514 3954 3099
leaf_count=699888 4289 3773 349632 3514 3954 3099
internal_value=-1.9373e-08 -3.06691e-08 -1.84717e-08 -2.78594e-07 1.1148e-07 5.92431e-06
internal_weight=1.06815e+06 1.06386e+06 1.06009e+06 353146 706941 7053
internal_count=1068149 1063860 1060087 353146 706941 7053
is_linear=0
shrinkage=0.05


Tree=174
num_leaves=7
num_cat=0
split_feature=18 13 51 22 13 3
split_gain=2.80608e-05 1.44777e-05 3.82899e-05 0.000141657 8.68193e-06 1.25821e-05
threshold=0.0067288982681930074 0.0041833319701254377 1.0000000180025095e-35 0.18217004090547564 0.0036515324609354143 0.0011109166662208738
decision_type=2 2 2 2 2 2
left_child=1 4 3 -3 -1 -6
right_child=-2 2 -4 -5 5 -7
leaf_value=1.43306123558338e-08 4.0670960151442049e-06 -6.8202868866448028e-06 -6.2507784505323584e-06 7.8649364185674024e-06 9.030729890611446e-08 4.1870117662691231e-06
leaf_weight=1045264 4227 3320 3290 3153 4840 3011
leaf_count=1045264 4227 3320 3290 3153 4840 3011
internal_value=2.52657e-08 9.00104e-09 -1.90264e-06 3.38345e-07 2.68125e-08 1.67802e-06
internal_weight=1.0671e+06 1.06288e+06 9763 6473 1.05312e+06 7851
internal_count=1067105 1062878 9763 6473 1053115 7851
is_linear=0
shrinkage=0.05


Tree=175
num_leaves=7
num_cat=0
split_feature=17 51 24 38 1 5
split_gain=2.3359e-05 6.81499e-05 0.000172056 6.37932e-05 3.34314e-05 1.42496e-05
threshold=2.196385502815247 -1.0000000180025095e-35 0.21381036192178729 2.8392724990844731 -0.0055609375704079858 0.0056738846469670543
decision_type=2 2 2 2 2 2
left_child=4 -2 -3 -4 -1 -6
right_child=1 2 3 -5 5 -7
leaf_value=-5.0759209831087238e-06 6.3081060448800606e-06 8.8107049089989396e-06 -1.008318637365755e-05 -9.081050813957314e-07 -8.5337825538509045e-09 3.3837044475892741e-06
leaf_weight=3202 5660 3492 3020 4977 1042978 3055
leaf_count=3202 5660 3492 3020 4977 1042978 3055
internal_value=1.5758e-08 1.8435e-06 -3.73768e-07 -4.41412e-06 -1.42015e-08 1.5347e-09
internal_weight=1.06638e+06 17149 11489 7997 1.04924e+06 1.04603e+06
internal_count=1066384 17149 11489 7997 1049235 1046033
is_linear=0
shrinkage=0.05


Tree=176
num_leaves=7
num_cat=0
split_feature=18 0 2 34 11 39
split_gain=1.55653e-05 1.7404e-05 1.58694e-05 6.92826e-06 6.53854e-06 1.03868e-05
threshold=0.0067288982681930074 -0.004512546816840767 -0.00022247477318160233 19.546406745910648 -0.014574171975255011 1.2457882165908816
decision_type=2 2 2 2 2 2
left_child=1 2 -1 -3 5 -5
right_child=-2 3 -4 4 -6 -7
leaf_value=4.6178326136924966e-06 -3.0417133266174488e-06 -2.2823524412343805e-06 4.5938158549115765e-08 2.2793169049714438e-07 -6.1865269710696246e-08 2.5380644176052799e-06
leaf_weight=3785 4258 3406 3760 25495 1021096 5967
leaf_count=3785 4258 3406 3760 25495 1021096 5967
internal_value=-4.23167e-08 -3.01655e-08 2.35476e-06 -4.73168e-08 -3.99763e-08 6.69397e-07
internal_weight=1.06777e+06 1.06351e+06 7545 1.05596e+06 1.05256e+06 31462
internal_count=1067767 1063509 7545 1055964 1052558 31462
is_linear=0
shrinkage=0.05


Tree=177
num_leaves=7
num_cat=0
split_feature=9 32 39 39 10 8
split_gain=2.92238e-05 2.31252e-05 2.91245e-05 1.72721e-05 1.0386e-05 9.99203e-06
threshold=-0.011253456585109232 -0.42182449996471399 0.89744138717651378 1.9028326869010928 0.022051856853067878 -0.0077741632703691712
decision_type=2 2 2 2 2 2
left_child=1 3 -3 -1 5 -2
right_child=4 2 -4 -5 -6 -7
leaf_value=-2.4988330750445759e-06 2.0610396668122245e-06 7.973609775006332e-07 7.4551393353233845e-06 2.7804697514566041e-06 -2.482042023219458e-06 -1.451293362938525e-08
leaf_weight=3017 5781 3026 3578 3081 4192 1044878
leaf_count=3017 5781 3026 3578 3081 4192 1044878
internal_value=1.57978e-08 2.39505e-06 4.43341e-06 1.69442e-07 -1.29641e-08 -2.99517e-09
internal_weight=1.06755e+06 12702 6604 6098 1.05485e+06 1.05066e+06
internal_count=1067553 12702 6604 6098 1054851 1050659
is_linear=0
shrinkage=0.05


Tree=178
num_leaves=7
num_cat=0
split_feature=14 51 4 24 4 41
split_gain=2.85421e-05 5.92238e-05 0.000291463 0.000206758 0.000156781 7.30822e-05
threshold=0.0035492700990289454 1.0000000180025095e-35 -0.00029619656561408186 0.18044122308492663 -0.0011476790532469747 0.51269999146461498
decision_type=2 2 2 2 2 2
left_child=-1 3 -3 -2 -5 -6
right_child=1 2 -4 4 5 -7
leaf_value=-3.0442912352288489e-08 -1.1339410780711493e-05 -4.9598785006952447e-06 1.5376428784355535e-05 1.0614622700426967e-05 -6.9581303630831385e-06 3.40233774306671e-06
leaf_weight=1046774 3101 3370 3600 4270 3226 3498
leaf_count=1046774 3101 3370 3600 4270 3226 3498
internal_value=6.26859e-09 1.82631e-06 5.57852e-06 -4.23227e-08 3.18108e-06 -1.58301e-06
internal_weight=1.06784e+06 21065 6970 14095 10994 6724
internal_count=1067839 21065 6970 14095 10994 6724
is_linear=0
shrinkage=0.05


Tree=179
num_leaves=7
num_cat=0
split_feature=36 51 50 50 50 51
split_gain=1.94377e-05 1.38481e-05 0.00877573 0.00468794 0.00109905 0.00104199
threshold=0.046057578176260001 -1.0000000180025095e-35 -1.0000000180025095e-35 -1.0000000180025095e-35 1.0000000180025095e-35 1.0000000180025095e-35
decision_type=2 2 2 2 2 2
left_child=1 2 -1 5 -4 -3
right_child=-2 3 4 -5 -6 -7
leaf_value=1.1393082469533851e-05 -3.4169665079657368e-06 -9.1854446546082329e-06 -8.7064885460449878e-06 2.7601166633064125e-06 -1.8828331363419183e-06 -2.5420893955941042e-06
leaf_weight=118090 4098 118137 118142 472440 117918 118015
leaf_count=118090 4098 118137 118142 472440 117918 118015
internal_value=-8.9098e-10 1.24418e-08 2.67723e-07 -1.15156e-07 -5.29902e-06 -5.86672e-06
internal_weight=1.06684e+06 1.06274e+06 354150 708592 236060 236152
internal_count=1066840 1062742 354150 708592 236060 236152
is_linear=0
shrinkage=0.05


Tree=180
num_leaves=7
num_cat=0
split_feature=16 0 14 43 43 6
split_gain=1.35768e-05 1.41618e-05 1.19012e-05 1.24312e-05 1.51381e-05 1.51238e-05
threshold=0.0045463801361620435 0.0056948214769363412 0.0021920559229329233 -0.26213632524013514 -0.21443347632884976 0.0045345914550125608
decision_type=2 2 2 2 2 2
left_child=1 2 -1 -4 -5 -6
right_child=-2 -3 3 4 5 -7
leaf_value=-7.0089366144720506e-09 2.7780546916900026e-06 -2.9629642100134854e-06 -5.9569807101388632e-07 4.0057475122362079e-06 8.7970463835161726e-07 -1.9800624187135814e-06
leaf_weight=962255 4481 3874 18433 3567 70647 4900
leaf_count=962255 4481 3874 18433 3567 70647 4900
internal_value=4.68876e-08 3.52518e-08 4.63508e-08 5.72453e-07 8.44828e-07 6.93032e-07
internal_weight=1.06816e+06 1.06368e+06 1.0598e+06 97547 79114 75547
internal_count=1068157 1063676 1059802 97547 79114 75547
is_linear=0
shrinkage=0.05


Tree=181
num_leaves=7
num_cat=0
split_feature=26 11 38 13 4 51
split_gain=1.89072e-05 1.41729e-05 1.71174e-05 1.62256e-05 1.23711e-05 1.50601e-05
threshold=-2.6526497602462764 -0.025734805501997467 1.2820777893066408 0.0056576072238385686 -0.0027996065327897664 1.0000000180025095e-35
decision_type=2 2 2 2 2 2
left_child=-1 2 -2 4 5 -3
right_child=1 3 -4 -5 -6 -7
leaf_value=3.2993943580605995e-06 -1.449165347014458e-07 2.2830987318617557e-07 -4.6690378410043851e-06 3.6444973823114892e-06 -2.2259602770226158e-08 2.7988728891701552e-06
leaf_weight=4307 5050 16996 3522 3021 1026139 8529
leaf_count=4307 5050 16996 3522 3021 1026139 8529
internal_value=1.23749e-08 -1.09459e-09 -2.02005e-06 1.54096e-08 4.8119e-09 1.09104e-06
internal_weight=1.06756e+06 1.06326e+06 8572 1.05468e+06 1.05166e+06 25525
internal_count=1067564 1063257 8572 1054685 1051664 25525
is_linear=0
shrinkage=0.05


Tree=182
num_leaves=7
num_cat=0
split_feature=16 14 10 22 8 23
split_gain=3.92054e-05 4.73613e-05 1.55126e-05 2.84557e-05 2.9109e-05 9.96093e-06
threshold=0.0045463801361620435 0.0052990007679909476 -0.015897911041975018 0.15347690880298617 -0.0054901775438338509 3.4759646654129033
decision_type=2 2 2 2 2 2
left_child=1 2 3 -1 -5 -4
right_child=-2 -3 5 4 -6 -7
leaf_value=-1.1033915601623563e-06 4.6482865740503102e-06 -6.0119175098637524e-06 3.1860410312548997e-09 7.4636198211019656e-06 8.1704443225895174e-07 2.5850891310022625e-06
leaf_weight=4673 4533 3201 1045013 3101 3481 3699
leaf_count=4673 4533 3201 1045013 3101 3481 3699
internal_value=3.36886e-08 1.37958e-08 3.22756e-08 1.87453e-06 3.98113e-06 1.24157e-08
internal_weight=1.0677e+06 1.06317e+06 1.05997e+06 11255 6582 1.04871e+06
internal_count=1067701 1063168 1059967 11255 6582 1048712
is_linear=0
shrinkage=0.05


Tree=183
num_leaves=7
num_cat=0
split_feature=13 19 4 25 4 3
split_gain=5.16042e-05 8.44631e-06 1.25799e-05 6.41953e-06 5.63161e-06 6.43459e-06
threshold=0.0056576072238385686 -1.7949079871177671 -0.00029619656561408186 -2.4999999999999996 0.0055718494113534698 -0.0035014589084312315
decision_type=2 2 2 2 2 2
left_child=1 2 -1 -3 5 -5
right_child=-2 3 -4 4 -6 -7
leaf_value=-3.5240661023253859e-06 -5.5946121778656264e-06 -3.3192821361574389e-07 -1.7190498151318342e-07 1.1341523008248388e-06 2.0765441153774569e-06 2.8752513819512784e-08
leaf_weight=4164 4100 123141 8350 13308 3373 911689
leaf_count=4164 4100 123141 8350 13308 3373 911689
internal_value=-2.98919e-08 -8.18756e-09 -1.29691e-06 7.21046e-09 5.221e-08 4.47164e-08
internal_weight=1.06812e+06 1.06402e+06 12514 1.05151e+06 928370 924997
internal_count=1068125 1064025 12514 1051511 928370 924997
is_linear=0
shrinkage=0.05


Tree=184
num_leaves=7
num_cat=0
split_feature=11 18 42 42 2 6
split_gain=1.70434e-05 1.95181e-05 3.94948e-05 1.66625e-05 2.60163e-05 1.28371e-05
threshold=-0.030815992504358288 0.0035411117132753138 0.5530071258544923 0.43278172612190252 -0.00043836317490786309 0.0045345914550125608
decision_type=2 2 2 2 2 2
left_child=-1 -2 3 4 -3 -5
right_child=1 2 -4 5 -6 -7
leaf_value=-3.0644974718604888e-06 -1.1013192775379301e-08 9.1510710261133085e-07 4.4124883454539894e-06 1.0181987445023722e-06 -5.0673344386718118e-06 -1.9774885603042107e-06
leaf_weight=4381 999817 4018 7034 45204 3249 3837
leaf_count=4381 999817 4018 7034 45204 3249 3837
internal_value=3.00341e-08 4.29294e-08 8.93719e-07 4.5063e-07 -1.77593e-06 7.82039e-07
internal_weight=1.06754e+06 1.06316e+06 63342 56308 7267 49041
internal_count=1067540 1063159 63342 56308 7267 49041
is_linear=0
shrinkage=0.05


Tree=185
num_leaves=7
num_cat=0
split_feature=13 51 50 50 1 11
split_gain=1.83088e-05 1.45271e-05 0.000572833 0.000362399 5.5646e-05 8.75435e-05
threshold=0.0056576072238385686 1.0000000180025095e-35 1.0000000180025095e-35 1.0000000180025095e-35 7.2753959102556123e-05 -0.013848829083144663
decision_type=2 2 2 2 2 2
left_child=1 3 4 -1 -3 -6
right_child=-2 2 -4 -5 5 -7
leaf_value=9.2102521652224636e-07 3.2698217254727684e-06 -9.7605045944567404e-07 2.5716517871242991e-06 -1.4777719822108562e-06 -1.0361255557908153e-05 -2.259136036983495e-06
leaf_weight=472759 4226 126718 118206 236008 3397 106337
leaf_count=472759 4226 126718 118206 236008 3397 106337
internal_value=4.62134e-09 -8.50754e-09 -2.69734e-07 1.22216e-07 -1.69043e-06 -2.51456e-06
internal_weight=1.06765e+06 1.06342e+06 354658 708767 236452 109734
internal_count=1067651 1063425 354658 708767 236452 109734
is_linear=0
shrinkage=0.05


Tree=186
num_leaves=7
num_cat=0
split_feature=36 8 25 36 1 14
split_gain=5.96788e-05 1.96026e-05 1.43936e-05 1.19828e-05 8.87213e-06 1.12686e-05
threshold=0.046057578176260001 0.0059060766361653813 2.5000000000000004 0.020609483122825626 -0.0055609375704079858 0.0031259679235517983
decision_type=2 2 2 2 2 2
left_child=1 4 -3 -4 -1 -6
right_child=-2 2 3 -5 5 -7
leaf_value=2.3498422318303332e-06 -6.0545660495268549e-06 1.5309808174492068e-07 1.6242815042905447e-06 5.1286127237239777e-06 -2.1913251193367682e-08 -1.1659742354637524e-06
leaf_weight=3828 4042 11683 8850 3363 1014640 21940
leaf_count=3828 4042 11683 8850 3363 1014640 21940
internal_value=-2.78747e-08 -4.70321e-09 1.40969e-06 2.60622e-06 -3.7255e-08 -4.61832e-08
internal_weight=1.06835e+06 1.0643e+06 23896 12213 1.04041e+06 1.03658e+06
internal_count=1068346 1064304 23896 12213 1040408 1036580
is_linear=0
shrinkage=0.05


Tree=187
num_leaves=7
num_cat=0
split_feature=18 13 13 47 40 12
split_gain=1.73425e-05 3.33704e-05 1.9676e-05 1.81164e-05 1.87189e-05 1.35339e-05
threshold=0.0059495694003999242 0.0041833319701254377 0.0038878886261954908 -0.71473535895347584 1.7401261925697329 0.036402331665158279
decision_type=2 2 2 2 2 2
left_child=2 -2 5 -4 -5 -1
right_child=1 -3 3 4 -6 -7
leaf_value=1.2773055395148823e-08 1.5977620380726893e-06 -4.8312033782905321e-06 -1.2058426761348375e-06 5.3341118748137356e-07 5.300162182085347e-06 -1.7695900124574873e-06
leaf_weight=1037564 3330 4999 3060 3606 4791 10711
leaf_count=1037564 3330 4999 3060 3606 4791 10711
internal_value=-8.64425e-10 -2.26666e-06 1.70497e-08 2.07335e-06 3.26841e-06 -5.5222e-09
internal_weight=1.06806e+06 8329 1.05973e+06 11457 8397 1.04828e+06
internal_count=1068061 8329 1059732 11457 8397 1048275
is_linear=0
shrinkage=0.05


Tree=188
num_leaves=7
num_cat=0
split_feature=15 23 11 39 3 0
split_gain=1.89774e-05 0.000113493 1.39881e-05 9.61635e-06 7.96114e-06 1.74074e-05
threshold=0.0040602397639304408 0.91090276837348949 0.030810235999524597 6.2456829547882089 0.0027752458117902283 0.0018525209161452951
decision_type=2 2 2 2 2 2
left_child=2 -2 3 4 -1 -6
right_child=1 -3 -4 -5 5 -7
leaf_value=1.4332920682303109e-08 2.0853954734675359e-06 -9.8416596744930869e-06 3.356867259556811e-06 2.3927575591313656e-06 -2.8213249023166365e-07 -3.7067521466576047e-06
leaf_weight=1025600 5323 3127 3066 4139 21690 4429
leaf_count=1025600 5323 3127 3066 4139 21690 4429
internal_value=-7.13344e-09 -2.36025e-06 1.17545e-08 1.88247e-09 -7.64003e-09 -8.68818e-07
internal_weight=1.06737e+06 8450 1.05892e+06 1.05586e+06 1.05172e+06 26119
internal_count=1067374 8450 1058924 1055858 1051719 26119
is_linear=0
shrinkage=0.05


Tree=189
num_leaves=7
num_cat=0
split_feature=33 8 5 36 2 13
split_gain=1.06081e-05 1.88047e-05 2.11068e-05 1.33204e-05 1.47549e-05 1.21328e-05
threshold=10.555857181549074 -0.005860984791070222 -0.0026141895214095707 0.020062027499079708 -0.0024804908316582437 0.0046745804138481626
decision_type=2 2 2 2 2 2
left_child=-1 2 -2 -4 -5 -3
right_child=1 5 3 4 -6 -7
leaf_value=2.4868632841379064e-06 -5.2496018816842858e-06 -3.1776903139195374e-09 4.8323097102720218e-08 -5.0079195263045912e-06 -2.1869757480626184e-07 2.2193912021550989e-06
leaf_weight=4182 3078 1033888 13741 3298 3104 6127
leaf_count=4182 3078 1033888 13741 3298 3104 6127
internal_value=-1.14875e-08 -2.14307e-08 -1.42712e-06 -8.31469e-07 -2.70556e-06 1.00221e-08
internal_weight=1.06742e+06 1.06324e+06 23221 20143 6402 1.04002e+06
internal_count=1067418 1063236 23221 20143 6402 1040015
is_linear=0
shrinkage=0.05


Tree=190
num_leaves=7
num_cat=0
split_feature=14 30 10 46 20 15
split_gain=5.09039e-05 6.7593e-06 1.13399e-05 7.00963e-06 9.00709e-06 6.1445e-06
threshold=0.0052990007679909476 1.2495602369308474 0.010969896335154774 -0.66746801137924183 0.20903450995683673 0.0030068258056417112
decision_type=2 2 2 2 2 2
left_child=1 5 -3 -4 -5 -1
right_child=-2 2 3 4 -6 -7
leaf_value=-5.4432404833614374e-09 -5.4837832262672447e-06 6.6120148685026719e-08 3.1652243677852836e-06 -8.4725725789311438e-07 2.3627100508792254e-06 -7.5295564590309908e-07
leaf_weight=987762 4198 31484 5458 4034 4668 28228
leaf_count=987762 4198 31484 5458 4034 4668 28228
internal_value=-2.13513e-08 5.05968e-10 5.95399e-07 1.76785e-06 8.78321e-07 -2.6248e-08
internal_weight=1.06583e+06 1.06163e+06 45644 14160 8702 1.01599e+06
internal_count=1065832 1061634 45644 14160 8702 1015990
is_linear=0
shrinkage=0.05


Tree=191
num_leaves=7
num_cat=0
split_feature=0 51 50 50 16 24
split_gain=2.05201e-05 2.20009e-05 0.000527942 0.000367193 6.72077e-05 5.78035e-05
threshold=-0.0055899848230183116 1.0000000180025095e-35 1.0000000180025095e-35 1.0000000180025095e-35 0.0031219666125252847 0.97329887747764599
decision_type=2 2 2 2 2 2
left_child=-1 3 4 -2 5 -3
right_child=1 2 -4 -5 -6 -7
leaf_value=-3.5543008442360508e-06 9.414170262168356e-07 -2.1426978629193237e-06 2.3861793765790138e-06 -1.4713915495377956e-06 3.8133825642660789e-06 1.8963419509437345e-07
leaf_weight=4080 473297 200863 118064 236404 5345 30604
leaf_count=4080 473297 200863 118064 236404 5345 30604
internal_value=-3.6724e-08 -2.30765e-08 -3.4449e-07 1.37655e-07 -1.7061e-06 -1.83435e-06
internal_weight=1.06866e+06 1.06458e+06 354876 709701 236812 231467
internal_count=1068657 1064577 354876 709701 236812 231467
is_linear=0
shrinkage=0.05


Tree=192
num_leaves=7
num_cat=0
split_feature=36 51 50 50 1 36
split_gain=1.21035e-05 1.81476e-05 0.000502246 0.000303402 9.05073e-05 5.42093e-05
threshold=0.046057578176260001 1.0000000180025095e-35 1.0000000180025095e-35 1.0000000180025095e-35 -0.0034816814586520191 0.024858470074832443
decision_type=2 2 2 2 2 2
left_child=1 3 4 -1 -3 -4
right_child=-2 2 5 -5 -6 -7
leaf_value=8.5742368319775369e-07 2.6780827828837385e-06 -9.4258321744622069e-06 2.5315862333607424e-06 -1.3345243460390144e-06 -1.5193578553249131e-06 -3.9634010965662235e-06
leaf_weight=472984 4123 3629 114778 236898 232631 3262
leaf_count=472984 4123 3629 114778 236898 232631 3262
internal_value=-9.4349e-09 -1.99726e-08 -3.12214e-07 1.25896e-07 -1.64277e-06 2.3505e-06
internal_weight=1.0683e+06 1.06418e+06 354300 709882 236260 118040
internal_count=1068305 1064182 354300 709882 236260 118040
is_linear=0
shrinkage=0.05


Tree=193
num_leaves=7
num_cat=0
split_feature=3 6 0 21 2 15
split_gain=1.58035e-05 1.53643e-05 1.34095e-05 1.90334e-05 2.09211e-05 9.71791e-06
threshold=0.0044884353410452613 -0.00052508930093608786 -0.0039176256395876399 0.053613856434822089 -5.6037488320725963e-05 0.0047111632302403459
decision_type=2 2 2 2 2 2
left_child=2 -2 3 4 -1 -4
right_child=1 -3 5 -5 -6 -7
leaf_value=-2.9089829966126481e-06 -4.6982724427652182e-06 -3.870348732977551e-07 9.3313589291980955e-09 3.894077976842765e-06 2.7459443168120866e-06 2.7832267205571154e-06
leaf_weight=3273 3398 5183 1044353 5364 3171 3117
leaf_count=3273 3398 5183 1044353 5364 3171 3117
internal_value=1.92862e-08 -2.11157e-06 3.66467e-08 1.70861e-06 -1.26557e-07 1.77182e-08
internal_weight=1.06786e+06 8581 1.05928e+06 11808 6444 1.04747e+06
internal_count=1067859 8581 1059278 11808 6444 1047470
is_linear=0
shrinkage=0.05


Tree=194
num_leaves=7
num_cat=0
split_feature=7 16 51 8 29 18
split_gain=1.10368e-05 1.35336e-05 6.97304e-05 7.47135e-05 8.34675e-05 1.62204e-05
threshold=-0.0055859712883830062 0.0033935105893760924 -1.0000000180025095e-35 -0.0021533406106755133 -0.46143694221973414 0.0054437443614006051
decision_type=2 2 2 2 2 2
left_child=-1 5 -3 -4 -5 -2
right_child=1 2 3 4 -6 -7
leaf_value=2.542428860677582e-06 -1.2082390465611593e-08 -6.1187235416458568e-06 6.7828842369133318e-06 -6.8181318273769419e-06 4.0360317712528259e-06 2.8626756506664863e-06
leaf_weight=4167 1042720 5303 3518 3996 3106 4880
leaf_count=4167 1042720 5303 3518 3996 3106 4880
internal_value=-1.0457e-08 -2.05786e-08 -1.46501e-06 8.76559e-07 -2.07612e-06 1.44498e-09
internal_weight=1.06769e+06 1.06352e+06 15923 10620 7102 1.0476e+06
internal_count=1067690 1063523 15923 10620 7102 1047600
is_linear=0
shrinkage=0.05


Tree=195
num_leaves=7
num_cat=0
split_feature=5 18 23 13 8 29
split_gain=1.67146e-05 3.18021e-05 1.51612e-05 1.51037e-05 9.43987e-06 3.03427e-05
threshold=-0.0038962356047704812 0.0050703899469226607 3.0310606956481938 0.0018445494351908567 -0.0069237754214555016 -5.4527699947357169
decision_type=2 2 2 2 2 2
left_child=1 -1 4 -4 5 -2
right_child=2 -3 3 -5 -6 -7
leaf_value=4.3384030961649047e-07 -4.2777179524992256e-06 6.2143345928711641e-06 4.6782856500672868e-07 4.9000881721763596e-06 3.7869995138962825e-08 4.5041087816434745e-07
leaf_weight=9752 5221 3101 4969 3097 1032292 9502
leaf_count=9752 5221 3101 4969 3097 1032292 9502
internal_value=5.84763e-08 1.84716e-06 3.66001e-08 2.18933e-06 1.99121e-08 -1.23506e-06
internal_weight=1.06793e+06 12853 1.05508e+06 8066 1.04702e+06 14723
internal_count=1067934 12853 1055081 8066 1047015 14723
is_linear=0
shrinkage=0.05


Tree=196
num_leaves=7
num_cat=0
split_feature=10 51 18 12 5 42
split_gain=2.17589e-05 2.18063e-05 7.05232e-05 0.000158769 0.000120922 0.000124524
threshold=-0.023016119375824925 1.0000000180025095e-35 0.0028504424262791876 0.00063670662348158668 -0.0016261782729998229 0.4756320863962174
decision_type=2 2 2 2 2 2
left_child=-1 -2 -3 4 -4 -6
right_child=1 2 3 -5 5 -7
leaf_value=3.4951251690847384e-06 8.4753279343659026e-08 -1.3615867985505609e-07 -1.0495225579437452e-05 1.298698577889922e-06 2.6265294313467981e-06 -6.0007000115515863e-06
leaf_weight=4234 708213 312057 6911 17667 6744 10865
leaf_count=4234 708213 312057 6911 17667 6744 10865
internal_value=-6.11175e-08 -7.54533e-08 -3.95709e-07 -2.31317e-06 -4.91291e-06 -2.69851e-06
internal_weight=1.06669e+06 1.06246e+06 354244 42187 24520 17609
internal_count=1066691 1062457 354244 42187 24520 17609
is_linear=0
shrinkage=0.05


Tree=197
num_leaves=7
num_cat=0
split_feature=17 40 0 14 11 0
split_gain=1.12027e-05 2.26465e-05 1.15875e-05 1.39299e-05 7.50215e-06 7.46334e-06
threshold=2.4161925315856938 3.7756646871566777 0.0045438690576702365 0.0029341020854189996 0.030810235999524597 -0.0055899848230183116
decision_type=2 2 2 2 2 2
left_child=2 -2 4 -4 5 -1
right_child=1 -3 3 -5 -6 -7
leaf_value=-2.2249702730083199e-06 3.4686432876804072e-07 -4.8989575299243988e-06 -5.1389542152465135e-08 4.2817282347755804e-06 -2.2574188631204901e-06 6.0936856016276485e-08
leaf_weight=3533 5117 3384 3865 3514 3475 1044263
leaf_count=3533 5117 3384 3865 3514 3475 1044263
internal_value=4.47299e-08 -1.75778e-06 5.92865e-08 2.02704e-06 4.53788e-08 5.31233e-08
internal_weight=1.06715e+06 8501 1.05865e+06 7379 1.05127e+06 1.0478e+06
internal_count=1067151 8501 1058650 7379 1051271 1047796
is_linear=0
shrinkage=0.05


Tree=198
num_leaves=7
num_cat=0
split_feature=4 36 7 22 8 15
split_gain=1.23242e-05 8.68623e-06 8.56548e-06 1.86459e-05 1.10698e-05 9.10496e-06
threshold=0.0055718494113534698 0.046057578176260001 -0.0045336671173572532 0.16289059817790988 -0.011516813654452561 0.0040602397639304408
decision_type=2 2 2 2 2 2
left_child=1 2 3 -1 -4 -6
right_child=-2 -3 4 -5 5 -7
leaf_value=1.2283597718989534e-06 2.6101419665779549e-06 2.4489261147547437e-06 2.7740986586860546e-06 -3.8886362547715682e-06 -1.1777925216408081e-08 -2.0855286596402409e-06
leaf_weight=3046 4435 3511 3501 4171 1044635 5270
leaf_count=3046 4435 3511 3501 4171 1044635 5270
internal_value=-5.36415e-09 -1.63869e-08 -2.4663e-08 -1.73537e-06 -1.28609e-08 -2.22859e-08
internal_weight=1.06857e+06 1.06413e+06 1.06062e+06 7217 1.05341e+06 1.0499e+06
internal_count=1068569 1064134 1060623 7217 1053406 1049905
is_linear=0
shrinkage=0.05


Tree=199
num_leaves=7
num_cat=0
split_feature=8 8 26 7 23 1
split_gain=6.04314e-05 1.38191e-05 1.7821e-05 2.07073e-05 1.35715e-05 1.73493e-05
threshold=-0.011516813654452561 -0.005860984791070222 -1.4496814608573911 0.00046646840928588068 1.3535227179527285 -0.0019859875319525595
decision_type=2 2 2 2 2 2
left_child=-1 2 4 -4 -2 -6
right_child=1 -3 3 -5 5 -7
leaf_value=6.0096582242010961e-06 -3.0000016742750325e-06 1.3847200445737087e-08 4.5449825237769189e-06 1.813272630521431e-07 3.5182366574387706e-06 -1.3145388799311979e-06
leaf_weight=4206 3004 1041720 6330 4745 3454 3910
leaf_count=4206 3004 1041720 6330 4745 3454 3910
internal_value=6.35453e-08 3.97403e-08 1.29469e-06 2.68462e-06 -1.95784e-07 9.60659e-07
internal_weight=1.06737e+06 1.06316e+06 21443 11075 10368 7364
internal_count=1067369 1063163 21443 11075 10368 7364
is_linear=0
shrinkage=0.05


end of trees

feature_importances:
Column_50=212
Column_51=180
Column_13=45
Column_8=42
Column_0=41
Column_18=40
Column_1=38
Column_36=37
Column_10=35
Column_14=33
Column_11=32
Column_12=28
Column_3=27
Column_2=25
Column_6=23
Column_9=23
Column_17=22
Column_4=21
Column_15=21
Column_16=21
Column_24=19
Column_5=16
Column_39=16
Column_44=15
Column_22=14
Column_40=14
Column_23=12
Column_42=12
Column_7=11
Column_30=10
Column_26=9
Column_38=9
Column_43=9
Column_31=8
Column_35=8
Column_34=7
Column_21=6
Column_29=6
Column_45=6
Column_47=6
Column_19=5
Column_20=5
Column_25=5
Column_32=5
Column_27=4
Column_37=4
Column_41=4
Column_28=3
Column_33=3
Column_46=3

parameters:
[boosting: gbdt]
[objective: regression]
[metric: l2]
[tree_learner: serial]
[device_type: cpu]
[data_sample_strategy: bagging]
[data: ]
[valid: ]
[num_iterations: 200]
[learning_rate: 0.05]
[num_leaves: 7]
[num_threads: 0]
[seed: 1]
[deterministic: 0]
[force_col_wise: 0]
[force_row_wise: 0]
[histogram_pool_size: -1]
[max_depth: -1]
[min_data_in_leaf: 3000]
[min_sum_hessian_in_leaf: 0.001]
[bagging_fraction: 0.7]
[pos_bagging_fraction: 1]
[neg_bagging_fraction: 1]
[bagging_freq: 1]
[bagging_seed: 1]
[bagging_by_query: 0]
[feature_fraction: 0.6]
[feature_fraction_bynode: 1]
[feature_fraction_seed: 1]
[extra_trees: 0]
[extra_seed: 15724]
[early_stopping_round: 0]
[early_stopping_min_delta: 0]
[first_metric_only: 0]
[max_delta_step: 0]
[lambda_l1: 0]
[lambda_l2: 50]
[linear_lambda: 0]
[min_gain_to_split: 0]
[drop_rate: 0.1]
[max_drop: 50]
[skip_drop: 0.5]
[xgboost_dart_mode: 0]
[uniform_drop: 0]
[drop_seed: 6334]
[top_rate: 0.2]
[other_rate: 0.1]
[min_data_per_group: 100]
[max_cat_threshold: 32]
[cat_l2: 10]
[cat_smooth: 10]
[max_cat_to_onehot: 4]
[top_k: 20]
[monotone_constraints: ]
[monotone_constraints_method: basic]
[monotone_penalty: 0]
[feature_contri: ]
[forcedsplits_filename: ]
[refit_decay_rate: 0.9]
[cegb_tradeoff: 1]
[cegb_penalty_split: 0]
[cegb_penalty_feature_lazy: ]
[cegb_penalty_feature_coupled: ]
[path_smooth: 0]
[interaction_constraints: ]
[verbosity: -1]
[saved_feature_importance_type: 0]
[use_quantized_grad: 0]
[num_grad_quant_bins: 4]
[quant_train_renew_leaf: 0]
[stochastic_rounding: 1]
[linear_tree: 0]
[max_bin: 255]
[max_bin_by_feature: ]
[min_data_in_bin: 3]
[bin_construct_sample_cnt: 200000]
[data_random_seed: 41]
[is_enable_sparse: 1]
[enable_bundle: 1]
[use_missing: 1]
[zero_as_missing: 0]
[feature_pre_filter: 1]
[pre_partition: 0]
[two_round: 0]
[header: 0]
[label_column: ]
[weight_column: ]
[group_column: ]
[ignore_column: ]
[categorical_feature: ]
[forcedbins_filename: ]
[precise_float_parser: 0]
[parser_config_file: ]
[objective_seed: 19169]
[num_class: 1]
[is_unbalance: 0]
[scale_pos_weight: 1]
[sigmoid: 1]
[boost_from_average: 1]
[reg_sqrt: 0]
[alpha: 0.9]
[fair_c: 1]
[poisson_max_delta_step: 0.7]
[tweedie_variance_power: 1.5]
[lambdarank_truncation_level: 30]
[lambdarank_norm: 1]
[label_gain: ]
[lambdarank_position_bias_regularization: 0]
[eval_at: ]
[multi_error_top_k: 1]
[auc_mu_weights: ]
[num_machines: 1]
[local_listen_port: 12400]
[time_out: 120]
[machine_list_filename: ]
[machines: ]
[gpu_platform_id: -1]
[gpu_device_id: -1]
[gpu_device_id_list: ]
[gpu_use_dp: 0]
[num_gpu: 1]

end of parameters

pandas_categorical:null
