tree
version=v4
num_class=1
num_tree_per_iteration=1
label_index=0
max_feature_idx=58
objective=binary sigmoid:1
feature_names=ret_1 ret_lag2 ret_lag3 ret_lag4 ret_lag5 ret_lag6 ret_lag7 ret_lag8 ret_4 ret_8 ret_16 ret_32 ret_96 vol_8 vol_16 vol_48 vol_96 vol_ratio_8_96 atr14_pct body body_frac upper_wick_frac lower_wick_frac range_atr close_pos up_streak ema8_dist ema20_dist ema50_dist ema200_dist ema8_20 macd macd_hist rsi7 rsi14 bb_pos bb_width dist_high_96 dist_low_96 vol_z vol_rel_4 taker_ratio taker_ratio_8 taker_delta_z trades_z vwap_dist tod_sin tod_cos dow_sin dow_cos p_ret p_ret_atr p_range_atr p_pos p_vol_ratio p_hi_atr p_lo_atr k_min k_frac
feature_infos=[-0.045888061084904667:0.053934205405202447] [-0.045888061084904667:0.053934205405202447] [-0.045888061084904667:0.048971254688436786] [-0.045888061084904667:0.048971254688436786] [-0.045888061084904667:0.053934205405202447] [-0.045888061084904667:0.053934205405202447] [-0.045888061084904667:0.048971254688436786] [-0.045888061084904667:0.053934205405202447] [-0.076715936326498452:0.071785322777419849] [-0.082859737483614707:0.082030314856844547] [-0.088622752950364495:0.10043580697543601] [-0.16266048544580042:0.11889712469450331] [-0.20379443934768335:0.15377224418517885] [8.3329473857900145e-05:0.023781970407554923] [0.00012792929180966274:0.016499265190787961] [0.00027925010500432645:0.012957279996928073] [0.00033069000566015737:0.011426553815658021] [0.08132655658769343:3.4882683878153196] [0.00022853159921821788:0.02163055484406555] [-6.0428796195592751:7.0114818334368527] [-1:1] [0:1] [0:1] [0.00014748801259109186:9.4185185884844262] [0:1] [-16:11] [-5.4435803416029946:6.0451586298802136] [-7.0758397719943371:7.2466304059667817] [-8.2563712471605104:8.2002077078045552] [-15.242441582492408:16.592092497599346] [-2.8767337528869423:2.7793333115901699] [-2.910452059514637:2.4662263215459981] [-0.96797896754179302:0.96837313977083028] [1.2169061556917597:98.903649905028473] [6.9041864030724156:96.697224200866756] [-2.02504220112188:2.0744146767408393] [0.0006929669935431805:0.1562429242045596] [0:59.445795538491389] [0:45.150412088014022] [-1.7998579739781515:9.4573194264147169] [0.071343706217042224:11.208178461842181] [0.077219324885705612:0.94288004520801205] [0.22823834564842876:0.74268856146543416] [-14.848157217170431:8.9250325309054404] [-2.2623706423938823:9.3168706031396482] [-5.0926682269349683:6.2147969395553808] [-1:1] [-1:1] [-0.97492791218182362:0.97492791218182362] [-0.90096886790241903:1] [-0.048279582796349703:0.038966597433561116] [-18.206720325658093:16.242932053864926] [1.7356497147015213e-05:19.894501059513242] [0:1] [0.014652836048007066:97.241690389162514] [0:19.517160161798337] [0:19.761280005718945] [1:14] [0.066666666666666666:0.93333333333333335]
tree_sizes=1821 1850 1845 1845 1844 1843 1846 1837 1846 1856 1858 1846 1839 1842 1837 1851 1824 1857 1843 1839 1843 1845 1848 1857 1853 1836 1828 1830 1835 1856 1845 1839 1847 1847 1817 1837 1834 1849 1844 1855 1823 1851 1835 1829 1835 1844 1840 1838 1842 1837 1823 1845 1830 1830 1843 1833 1839 1826 1857 1826 1842 1844 1855 1826 1842 1842 1834 1846 1829 1810 1826 1826 1834 1849 1847 1837 1837 1835 1835 1833 1820 1827 1821 1840 1806 1830 1847 1834 1827 1822 1822 1856 1831 1851 1842 1827 1830 1828 1835 1819 1829 1829 1823 1846 1843 1846 1829 1839 1816 1814 1824 1836 1821 1839 1827 1799

Tree=0
num_leaves=15
num_cat=0
split_feature=26 51 26 45 19 43 51 40 19 35 51 12 10 46
split_gain=1868.51 381.154 318.803 261.551 223.608 207.985 198.8 193.143 188.316 169.315 165.551 144.308 160.598 165.257
threshold=-0.039953216305293644 -0.20155571860015117 0.60886393573423814 -0.85246581406233413 0.033893383824700307 -0.1633222798624149 -0.38910331859351649 4.4549054835382806 -0.18042786019232523 0.82898213264076293 -0.05328893913329099 -0.0010637493189485682 0.027201914872168758 0.0327015646150716
decision_type=2 2 2 2 2 2 2 2 2 2 2 2 2 2
left_child=1 8 6 4 -3 -4 -2 10 -1 11 -7 -8 -13 -14
right_child=2 3 5 -5 -6 7 9 -9 -10 -11 -12 12 13 -15
leaf_value=0.0095815789651365578 0.0063477676694667961 0.0079658542113422662 0.0065017829861109631 0.0050888782327807502 0.004803648695567919 0.0030204885697529848 0.0048857598497303867 0.011861525144549153 0.0067860077266421372 -0.0074132999586425706 0.00077215730666902859 0.0031052681974748893 0.020582155841655438 -0.0029465339153773055
leaf_weight=23242.603150159121 15473.902233839035 35267.777173519135 4552.7212353050709 50007.184047996998 11982.674291878939 26343.583557754755 37527.012899369001 785.99503397941589 16481.145869940519 522.2467003762722 26086.335183084011 47635.44903293252 403.99744749069214 164.99895751476288
leaf_count=92971 61896 141072 18211 200030 47931 105375 150109 3144 65925 2089 104346 190543 1616 660
internal_value=0.00505818 0.00677141 0.00358678 0.00609708 0.00716398 0.00240027 0.00426066 0.00204927 0.00842208 0.00388618 0.00190154 0.00395573 0.0032318 0.0137492
internal_weight=296478 136981 159496 97257.6 47250.5 57768.6 101728 53215.9 39723.7 86253.7 52429.9 85731.5 48204.4 568.996
internal_count=1185918 547929 637989 389033 189003 231076 406913 212865 158896 345017 209721 342928 192819 2276
is_linear=0
shrinkage=1


Tree=1
num_leaves=15
num_cat=0
split_feature=33 0 51 45 17 0 1 1 12 42 17 49 15 20
split_gain=1728.18 392.162 322.437 284.758 201.458 194.182 182.353 172.801 166.545 154.52 151.566 148.04 146.404 145.967
threshold=49.140652718592783 9.4783604669109966e-05 -0.3413011249473592 -0.86898761704506855 0.58988896887922471 7.7916749173661547e-05 0.0011008570676931788 -0.001306217140135117 -0.0021697568192437168 0.41715153548416389 0.64075867445025747 1.0000000180025095e-35 0.0020694840703390145 -0.35587265351316727
decision_type=2 2 2 2 2 2 2 2 2 2 2 2 2 2
left_child=2 6 13 5 -3 9 -2 10 -5 11 -6 -4 -8 -1
right_child=1 4 3 8 7 -7 12 -9 -10 -11 -12 -13 -14 -15
leaf_value=0.0051788625686842848 0.00074636101925601938 -0.0037217895997197414 0.0082982954612230136 0.0012780485111767077 0.009717972240951913 0.00019421994409176357 -0.0032297082268367585 -0.0021081153898222646 -0.000883926827642587 0.002372982010312134 -6.3774403207197464e-05 0.0023377243551553004 -0.00012094443223656146 0.0022322446335983968
leaf_weight=12605.215080320835 36394.766280010343 25540.651804864407 3817.9376317858696 28283.538139477372 663.24647119641304 13822.40992321074 10775.196921154857 60235.539564475417 28719.791566118598 31971.477283507586 12227.688519179821 2964.4515978246927 13838.419185951352 14437.311342269182
leaf_count=50422 145580 102163 15272 113135 2653 55290 43101 240943 114880 127888 48911 11858 55354 57750
internal_value=-4.71975e-07 -0.00141332 0.00165077 0.001168 -0.00219267 0.00222952 -0.000152816 -0.00165838 0.000188806 0.00295533 0.000443075 0.00569669 -0.00148226 0.00360644
internal_weight=296298 159676 136622 109580 98667.1 52576.3 61008.4 73126.5 57003.3 38753.9 12890.9 6782.39 24613.6 27042.5
internal_count=1185200 638705 546495 438323 394670 210308 244035 292507 228015 155018 51564 27130 98455 108172
is_linear=0
shrinkage=0.02


Tree=2
num_leaves=15
num_cat=0
split_feature=26 0 33 37 50 0 47 50 42 33 48 17 47 29
split_gain=1755.8 294.642 286.993 267.053 254.699 218.041 189.977 181.996 204.965 162.786 148.695 145.747 137.387 139.122
threshold=-0.039953216305293644 7.7916749173661547e-05 57.095794831933055 2.2958663979378051 -0.0016031026933510616 -6.0378783632557976e-05 0.91037613702198772 -0.00040797110537776096 0.41715153548416389 50.100554126831447 -0.8783796973249266 1.5565376417589916 0.065403129230142729 7.6639835747984888
decision_type=2 2 2 2 2 2 2 2 2 2 2 2 2 2
left_child=1 3 -2 12 -4 -6 11 10 -9 -3 -5 -7 13 -1
right_child=2 9 4 7 5 6 -8 8 -10 -11 -12 -13 -14 -15
leaf_value=0.00020313286731986666 -0.00031339585556070448 0.00040835324228387002 0.00073997879860602871 0.007897887646184194 -0.00082157080087319077 -0.0029215817636021103 -0.0058476064198598647 0.0047326954988158258 0.0014450770101434025 -0.0061236028112162597 0.0033145937781787439 0.00079632025213972478 -0.0039335497986986972 0.013853774337377736
leaf_weight=3238.4582491219044 58229.235368907452 35223.39761480689 11398.704131111503 3170.6317196339369 24434.876426339149 52357.411712065339 8379.9839012026787 8816.431177854538 54215.060908839107 1590.2396096289158 26411.276211068034 4584.9848310500383 4004.6987138241529 323.99590392410755
leaf_count=12954 232918 140895 45595 12683 97740 209430 33520 35267 216864 6361 105649 18340 16019 1296
internal_value=-4.87994e-06 0.0016555 -0.00143201 0.00221774 -0.00207589 -0.00243351 -0.00303637 0.00251291 0.00190527 0.000125399 0.00380709 -0.00262217 -0.00139401 0.0014623
internal_weight=296379 136994 159385 100181 101156 89757.3 65322.4 92613.4 63031.5 36813.6 29581.9 56942.4 7567.15 3562.45
internal_count=1185531 547988 637543 400732 404625 359030 261290 370463 252131 147256 118332 227770 30269 14250
is_linear=0
shrinkage=0.02


Tree=3
num_leaves=15
num_cat=0
split_feature=26 53 53 26 43 0 45 57 0 12 26 37 33 46
split_gain=1698.95 440.531 410.369 220.784 202.579 200.546 187.171 161.126 158.915 126.945 126.106 121.193 117.986 117.455
threshold=-0.039953216305293644 0.40673186644348108 0.54975057156149698 0.61866291694875974 -0.16702515088291883 7.7916749173661547e-05 -0.93492250921596554 7.5000000000000009 7.7916749173661547e-05 -0.0075570286537866493 2.7266413099465363 2.1237792002893898 50.100554126831447 -0.58216583101416131
decision_type=2 2 2 2 2 2 2 2 2 2 2 2 2 2
left_child=2 7 5 -3 -5 11 8 -2 -4 13 -6 -1 -7 -8
right_child=1 3 6 4 10 12 9 -9 -10 -11 -12 -13 -14 -15
leaf_value=-0.0005039037371771765 -0.0011787300221626951 -0.0016376981931867593 0.0024735525522681591 0.0018602085836384008 -0.0044664154794148807 0.0013264509315035666 0.0042768478049590927 0.00070165459691503608 -0.00086274032608141748 -0.0012598271048116947 0.0048276795874430184 0.0036472898538662986 -0.0062434248672843841 -2.22472986020725e-05
leaf_weight=2991.9523911625147 36997.610377371311 57051.799371376634 23862.176334038377 2347.4895676970482 26431.623344674706 18185.24169498682 3580.6926191747189 35919.588638529181 7504.1919172555208 24493.720345333219 593.24541898071766 46766.921107217669 857.74800254404545 8733.1063094288111
leaf_count=11968 147991 228208 95453 9390 105727 72742 14323 143679 30017 97976 2373 187077 3431 34933
internal_value=6.7283e-06 -0.00139736 0.00164007 -0.00236326 -0.00377204 0.00272971 0.000540272 -0.000252453 0.00167536 -0.000427113 -0.00426154 0.00339766 0.000983934 0.0012291
internal_weight=296317 159341 136976 86424.2 29372.4 68801.9 68173.9 72917.2 31366.4 36807.5 27024.9 49758.9 19043 12313.8
internal_count=1185288 637368 547920 345698 117490 275218 272702 291670 125470 147232 108100 199045 76173 49256
is_linear=0
shrinkage=0.02


Tree=4
num_leaves=15
num_cat=0
split_feature=26 53 53 33 38 19 12 48 4 26 41 28 13 9
split_gain=1607.6 423.424 421.425 210.503 204.749 189.554 167.468 156.71 148.66 126.853 125.019 122.479 118.627 117.393
threshold=-0.039953216305293644 0.47730281125654755 0.54975057156149698 62.498166348514367 4.2666681655938472 -0.22567333464509912 -0.010660088421176855 -0.60785761079279388 -0.0010115907283395013 2.7266413099465363 0.61781831036873236 0.59503357608421148 0.0032718571974125837 -0.0035829018214730882
decision_type=2 2 2 2 2 2 2 2 2 2 2 2 2 2
left_child=2 4 5 -3 -2 10 8 -5 -4 -9 -1 -7 -6 -8
right_child=1 3 6 7 12 11 13 9 -10 -11 -12 -13 -14 -15
leaf_value=0.003807511594569189 0.0013512738296013284 -0.0015648310706776888 -0.00017051499661068531 -0.0061187374977641155 -0.0012709959944453187 0.002136342169712232 0.001177367767849492 -0.0030582279007250104 0.0032703170006060794 0.0078886365783124544 -0.0050250993248306787 -0.0011121815548149091 0.0014667266560057504 -0.00092326073698820188
leaf_weight=36952.336251378059 21050.64456166327 47307.860249042511 8144.2005135416985 7882.1316956281662 52643.276140913367 25477.838627681136 16347.362942561507 22940.677966475487 13096.791080281138 426.74403448402882 648.20152950286865 5673.3450030386448 7191.9567251503468 30466.382970929146
leaf_count=147821 84203 189232 32578 31529 210574 101915 65392 91764 52389 1707 2593 22694 28768 121868
internal_value=3.92891e-06 -0.00136076 0.00159442 -0.00240653 -0.000345006 0.00269876 0.000478655 -0.00368031 0.00195131 -0.00285667 0.0036546 0.00154463 -0.000941838 -0.000189674
internal_weight=296250 159443 136806 78557.4 80885.9 68751.7 68054.7 31249.6 21241 23367.4 37600.5 31151.2 59835.2 46813.7
internal_count=1185027 637777 547250 314232 323545 275023 272227 125000 84967 93471 150414 124609 239342 187260
is_linear=0
shrinkage=0.02


Tree=5
num_leaves=15
num_cat=0
split_feature=26 53 53 26 45 19 19 38 43 26 37 55 2 35
split_gain=1529.2 425.071 387.286 214.003 182.243 181.291 170.169 151.633 151.511 139.925 134.529 120.387 196.141 111.174
threshold=-0.039953216305293644 0.46265929635098429 0.54975057156149698 0.60886393573423814 -0.93492250921596554 -0.25185457080592538 0.026593910299882857 4.2666681655938472 -0.17397646270639988 2.7266413099465363 8.7897043404598669 0.25697508566131139 0.0025362246506949342 0.70337178498526398
decision_type=2 2 2 2 2 2 2 2 2 2 2 2 2 2
left_child=2 7 5 -3 6 -1 -4 -2 -5 -10 -7 12 13 -9
right_child=1 3 4 8 -6 10 -8 11 9 -11 -12 -13 -14 -15
leaf_value=0.0035424532912005252 0.0011460720581023248 -0.0016423854306467642 0.00239128883809249 0.0012733978039811047 -0.00051010941845253664 0.00080866392463811254 -0.001053617760544024 -0.0012323774896648093 -0.0044629362132962711 0.0057573147302062404 0.0039280666117559445 0.00056051864737244783 0.0023120946270284537 -0.0036706295386162609
leaf_weight=36354.359832242131 20678.856392487884 52685.045700535178 23876.831396117806 2156.7430333048105 36766.687808185816 25452.615985676646 7545.4353434294462 25786.64357355237 24987.134899958968 543.47874304652214 7061.6264351457357 17170.408379122615 4923.4724088162184 10536.940218344331
leaf_count=145434 82716 210741 95514 8627 147069 101815 30182 103147 99952 2174 28248 68682 19694 42148
internal_value=-3.49934e-05 -0.00136648 0.00151421 -0.00239079 0.000445721 0.00257205 0.00156403 -0.000325572 -0.00381433 -0.00424429 0.00148665 -0.000846564 -0.0014323 -0.00194009
internal_weight=296526 159469 137058 80372.4 68189 68868.6 31422.3 79096.3 27687.4 25530.6 32514.2 58417.5 41247.1 36323.6
internal_count=1186143 637881 548262 321494 272765 275497 125696 316387 110753 102126 130063 233671 164989 145295
is_linear=0
shrinkage=0.02


Tree=6
num_leaves=15
num_cat=0
split_feature=27 0 53 19 53 53 17 9 41 56 47 17 55 5
split_gain=1455.71 387.495 346.208 246.062 220.735 176.634 156.156 142.593 223.834 125.423 121.262 121.038 119.358 119.922
threshold=0.10557251848122058 9.4783604669109966e-05 0.54975057156149698 -0.24565225989548164 0.47730281125654755 0.40673186644348108 0.58988896887922471 -0.0036681768064885912 0.42958744110947922 0.1219160552789256 0.91037613702198772 1.451796862183327 0.36320497119226614 -0.00035242703472569285
decision_type=2 2 2 2 2 2 2 2 2 2 2 2 2 2
left_child=2 5 3 -1 6 -2 12 8 9 -4 -6 -5 13 -3
right_child=1 4 7 11 10 -7 -8 -9 -10 -11 -12 -13 -14 -15
leaf_value=0.0035769477358927938 0.0010920128367175165 -0.00081419279619244643 0.0062639445911541339 0.0017118993634113989 -0.0029183087575151922 -0.0011447588954297963 -0.0006117407388843085 -0.0002867595705985423 7.590078135820973e-05 0.0019653537876923237 -0.0061287239935572989 -0.0014337585777169733 0.0011449637931589467 -0.0056584235143297022
leaf_weight=33997.060174971819 25114.687085956335 2919.4693915992975 4544.6320957243443 37984.893561005592 36039.863230392337 32250.099159285426 33149.018327668309 46497.494019553065 17257.751070037484 6751.1794539690018 5414.966871842742 5612.2662541270256 2006.7344641834497 6827.420389816165
leaf_count=136009 100461 11678 18180 151946 144165 129002 132597 185994 69034 27007 21661 22450 8027 27310
internal_value=4.84487e-06 -0.00143968 0.00136493 0.00230163 -0.00228603 -0.000165475 -0.00131426 0.000396399 0.00150873 0.00369681 -0.00333835 0.00130684 -0.00329447 -0.0042086
internal_weight=296368 143722 152645 77594.2 86357.5 57364.8 44902.6 75051.1 28553.6 11295.8 41454.8 43597.2 11753.6 9746.89
internal_count=1185521 574901 610620 310405 345438 229463 179612 300215 114221 45187 165826 174396 47015 38988
is_linear=0
shrinkage=0.02


Tree=7
num_leaves=15
num_cat=0
split_feature=26 53 53 26 19 37 57 43 0 9 41 37 26 44
split_gain=1415.99 359.383 349.257 176.022 161.205 154.566 153.894 145.678 124.607 147.184 156.48 124.365 119.268 116.32
threshold=-0.039953216305293644 0.47219674595563493 0.47730281125654755 0.61866291694875974 -0.24565225989548164 2.3908857178236729 6.5000000000000009 -0.17397646270639988 7.7916749173661547e-05 -0.0035829018214730882 0.42958744110947922 9.488608787235302 2.7266413099465363 0.80640429705904737
decision_type=2 2 2 2 2 2 2 2 2 2 2 2 2 2
left_child=2 6 4 -3 -1 -4 -2 -5 9 10 -7 -6 -9 -12
right_child=1 3 5 7 11 8 -8 12 -10 -11 13 -13 -14 -15
leaf_value=0.0035719283084849661 -0.0013361226782980181 -0.0015558759377709891 -0.002581618142490116 0.0015275052240146998 0.00093299495303288908 0.0042061914875259065 0.00043366165911492389 -0.0041922706220108817 -0.0005693861527591163 0.00042004614345474893 0.0022775423686078843 0.004392259769012378 0.0053290323262641564 -0.0022465793204059013
leaf_weight=32880.454283371568 34463.865417823195 52600.875876069069 5699.4445306658745 2078.7421893924475 24142.796933159232 11445.460410535336 45721.020604163408 23976.285334736109 18343.280813708901 29021.784576401114 7026.1975869834423 5018.0095890462399 533.97069844603539 3354.6922528147697
leaf_count=131548 137857 210406 22798 8315 96577 45788 182886 95914 73374 116092 28107 20074 2136 13420
internal_value=1.06306e-05 -0.00127089 0.00150218 -0.00222652 0.00261187 0.000582776 -0.000327036 -0.00355272 0.000843601 0.00135334 0.00259392 0.00152892 -0.0039838 0.000815148
internal_weight=296307 159375 136932 79189.9 62041.3 74890.9 80184.9 26589 69191.4 50848.1 21826.4 29160.8 24510.3 10380.9
internal_count=1185292 637514 547778 316771 248199 299579 320743 106365 276781 203407 87315 116651 98050 41527
is_linear=0
shrinkage=0.02


Tree=8
num_leaves=15
num_cat=0
split_feature=45 20 53 53 5 45 12 16 20 38 52 44 43 18
split_gain=1311.72 436.622 379.442 276.944 191.254 186.531 174.13 164.318 163.272 159.173 148.396 144.028 139.604 125.375
threshold=0.12230183107722147 0.048669017590447207 0.40673186644348108 0.54975057156149698 -0.0030546351603071985 -0.86898761704506855 -0.002341294576973687 0.0050429046703141314 -0.057104916265404863 3.2980291051454294 0.6286680634970393 0.39786747708446146 -0.15632745181109106 0.001243208509215227
decision_type=2 2 2 2 2 2 2 2 2 2 2 2 2 2
left_child=1 3 9 10 7 13 11 -3 -4 -2 -1 -6 -11 -5
right_child=2 4 8 5 6 -7 -8 -9 -10 12 -12 -13 -14 -15
leaf_value=0.0021260388058527467 0.0022923477449980261 0.0024009292578803933 -0.0010893095773650569 -0.0030275465258083733 0.0017907731500498363 -0.00024360958686801427 -0.0016020522358869745 0.015621322738345917 -0.0030065278863783845 0.0021348695354746886 0.0043389287489097187 -0.0017815220080592098 -0.00099195341830199272 0.0025924123740661072
leaf_weight=26052.069301500916 8530.9681311845779 5237.8736386597157 27605.693590953946 1697.0961464345455 15960.514799132943 23783.372596159577 27330.462629914284 400.49097937345505 49891.968326061964 6438.3057057112455 22696.410184159875 6289.807391166687 50300.383054643869 23821.516613781452
leaf_count=104226 34125 20952 110425 6789 63844 95135 109324 1602 199583 25754 90807 25160 201205 95298
internal_value=1.86719e-06 0.00128673 -0.00137751 0.00208778 -0.00013571 0.00103068 -0.000532745 0.00335298 -0.0023237 -0.000253966 0.00315666 0.00078077 -0.000636987 0.00221814
internal_weight=296037 153270 142767 98050.5 55219.1 49302 49580.8 5638.36 77497.7 65269.7 48748.5 22250.3 56738.7 25518.6
internal_count=1184229 613137 571092 392255 220882 197222 198328 22554 310008 261084 195033 89004 226959 102087
is_linear=0
shrinkage=0.02


Tree=9
num_leaves=15
num_cat=0
split_feature=33 53 53 0 8 13 47 12 56 5 48 8 48 26
split_gain=1305.84 378.692 298.457 270.595 185.008 151.077 148.532 137.482 147.419 133.085 126.993 162.763 125.439 130.889
threshold=57.095794831933055 0.5444806999150309 0.47219674595563493 7.7916749173661547e-05 -0.0027357156618628177 0.0030608578742743063 0.93540483100319638 -0.0021697568192437168 0.095758862774734596 -0.0004281660948297105 -1.0000000180025095e-35 -0.0031988572026472478 -0.60785761079279388 2.7266413099465363
decision_type=2 2 2 2 2 2 2 2 2 2 2 2 2 2
left_child=1 3 5 10 9 -2 12 8 -6 -3 -1 -12 -4 -14
right_child=2 4 6 -5 7 -7 -8 -9 -10 -11 11 -13 13 -15
leaf_value=0.0037082463618856561 -0.0012423527859517726 0.0030560557655299123 -0.0043371010736228026 0.00051525261449151822 0.0020190724791480305 0.0017150533537562214 -0.0061362775054022494 -0.0013282902026673015 -0.0007591172677094139 0.00027029691969273657 0.0038332988226319337 0.00090871385818613404 -0.002067306442330248 0.0094544465579480038
leaf_weight=26279.720088079572 43822.802887544036 11729.952256903052 11770.172847673297 38351.703143954277 13810.290207266808 8197.9090869724751 5222.488221809268 36649.466291293502 17087.64069595933 16513.811917454004 11299.27559876442 23317.217670857906 31929.321749508381 394.46435944736004
leaf_count=105141 175294 46925 47086 153412 55243 32792 20893 146602 68353 66061 45210 93285 127729 1578
internal_value=8.59778e-06 0.000965516 -0.0018331 0.00183128 6.84645e-05 -0.000776177 -0.00294778 -0.000499894 0.000482762 0.00142759 0.00265998 0.00186375 -0.00256948 -0.00192526
internal_weight=296376 195039 101337 99247.9 95791.2 52020.7 49316.4 67547.4 30897.9 28243.8 60896.2 34616.5 44094 32323.8
internal_count=1185604 780232 405372 397048 383184 208086 197286 270198 123596 112986 243636 138495 176393 129307
is_linear=0
shrinkage=0.02


Tree=10
num_leaves=15
num_cat=0
split_feature=27 0 45 47 48 12 10 51 0 4 17 17 6 42
split_gain=1235.28 339.276 274.955 203.981 237.385 203.005 200.694 192.972 170.605 163.971 150.347 157.538 148.384 175.786
threshold=0.10557251848122058 9.4783604669109966e-05 -0.85246581406233413 0.44228869021900119 -0.60785761079279388 -0.00029546612866511018 0.0017655327374959593 -0.33485608334895445 7.7916749173661547e-05 -3.0904299704572487e-05 1.451796862183327 1.3988255360786594 -0.0013411131282663085 0.44688137651504456
decision_type=2 2 2 2 2 2 2 2 2 2 2 2 2 2
left_child=2 9 6 4 -3 -5 8 -4 10 -2 11 -1 13 -9
right_child=1 3 7 5 -6 -7 -8 12 -10 -11 -12 -13 -14 -15
leaf_value=0.0029095923324237607 -0.0014730677768835182 -0.0034786772250890354 0.0024366944016522545 -0.0013681010101137096 -0.00059715057714219944 -0.0047461176503971261 0.0087669830247675603 0.0024331533920814836 0.00031545727032299625 0.00071868417017278659 2.0149131761052352e-05 0.010845347149585493 0.00053116660495836109 -0.0027845267901846723
leaf_weight=39799.557176038623 22455.114761143923 15959.631480753422 16504.621934786439 11532.991196170449 40323.187237873673 18598.822518929839 1809.3952294290066 3265.3183398842812 17249.395988970995 34816.380383715034 7450.5404491424561 1022.2275162041187 53215.108005568385 12292.397484913468
leaf_count=159239 89824 63844 66031 46136 161304 74402 7239 13062 69000 139271 29810 4090 212872 49172
internal_value=-3.6803e-06 -0.00133452 0.00124935 -0.00212566 -0.00141448 -0.00345362 0.0022047 0.000494972 0.00202282 -0.000140716 0.00263283 0.00310962 2.88392e-05 -0.00168899
internal_weight=296295 143686 152609 86414.6 56282.8 30131.8 67331.1 85277.4 65521.7 57271.5 48272.3 40821.8 68772.8 15557.7
internal_count=1185296 574781 610515 345686 225148 120538 269378 341137 262139 229095 193139 163329 275106 62234
is_linear=0
shrinkage=0.02


Tree=11
num_leaves=15
num_cat=0
split_feature=26 53 53 38 19 33 45 19 43 48 28 47 18 5
split_gain=1246.43 313.825 313.593 171.54 167.093 157.073 153.036 153.468 133.284 129.348 127.275 119.193 124.743 115.499
threshold=-0.039953216305293644 0.54975057156149698 0.6158382202140571 4.2666681655938472 -0.22567333464509912 62.498166348514367 -0.93492250921596554 0.026593910299882857 -0.15632745181109106 -0.60785761079279388 0.59503357608421148 0.25881904510252102 0.0047812078993241256 -0.0016352067732998546
decision_type=2 2 2 2 2 2 2 2 2 2 2 2 2 2
left_child=1 4 3 -2 -1 -4 7 -3 -5 -7 -6 -9 -13 -8
right_child=2 6 5 8 10 9 13 11 -10 -11 -12 12 -14 -15
leaf_value=0.0032265571811983867 0.0009151087707345326 0.0022269673803004602 -0.0015150934687536907 0.0016131786478302485 0.0018474696720189375 -0.0060175917448551429 0.0021657502230331828 -0.0030578754604085713 -0.0012944187640276954 -0.0027081847114030677 -0.0014743481675338363 7.4118844639488475e-05 0.010494015392923143 -0.00093949625542534641
leaf_weight=37669.037117406726 25193.746505379677 23842.163807600737 38703.249644622207 6994.6320421695709 25408.200096487999 6339.8085229545832 5659.8174200505018 4593.1958564519882 63715.884045019746 18577.89733107388 5633.1588601917028 2359.7252823710442 565.73906774818897 31067.894043534994
leaf_count=150733 100778 95388 154820 27979 101646 25366 22640 18373 254874 74324 22534 9439 2263 124274
internal_value=-2.29537e-05 0.00137775 -0.00122411 -0.000501831 0.00233128 -0.00231278 0.000415406 0.0014414 -0.00100671 -0.00355124 0.00124451 -0.0010495 0.00210363 -0.000460742
internal_weight=296324 136799 159525 95904.3 68710.4 63621 68088.5 31360.8 70710.5 24917.7 31041.4 7518.66 2925.46 36727.7
internal_count=1185431 547290 638141 383631 274913 254510 272377 125463 282853 99690 124180 30075 11702 146914
is_linear=0
shrinkage=0.02


Tree=12
num_leaves=15
num_cat=0
split_feature=27 0 45 17 6 42 10 8 11 19 4 12 28 26
split_gain=1229.82 301.064 247.064 216.134 186.671 211.284 184.499 177.771 191.571 162.177 159.562 168.987 149.469 149.012
threshold=0.10557251848122058 9.4783604669109966e-05 -0.85246581406233413 0.58988896887922471 -0.0013686354634416642 0.44688137651504456 0.0015309482226608725 0.016119878991453132 0.011322532571399051 0.033893383824700307 -3.0904299704572487e-05 0.0073385674251657002 1.2899483240978025 0.25273007537698677
decision_type=2 2 2 2 2 2 2 2 2 2 2 2 2 2
left_child=2 10 6 -3 5 12 9 -5 -9 -1 -2 13 -4 -12
right_child=1 3 4 7 -6 -7 -8 8 -10 -11 11 -13 -14 -15
leaf_value=0.0025743897315442968 -0.00150844043975689 -0.0037488587756040405 0.0036660763278180881 -0.0016476781067142692 0.0010393303781887884 -0.0023077648240553495 0.0081106060356675221 -0.007286108855701883 0.0084197885615301359 0.00031116173561115626 0.0037191917019817563 -0.00086977069866892617 -0.017877376452660628 0.00017296882241225994
leaf_weight=48156.667929291725 22503.628485769033 22538.033347055316 3752.8561544120312 62104.066505387425 66573.875106289983 14837.779217094183 2019.5351617485285 399.20482318103313 1345.8579089939594 17185.23168194294 9371.974625185132 15880.728430494666 128.49069872498512 9585.0928766876459
leaf_count=192693 90019 90164 15013 248443 266323 59356 8081 1597 5384 68744 37490 63526 514 38342
internal_value=8.21939e-06 -0.00131948 0.00125829 -0.00206521 0.000543201 -0.00122107 0.00216363 -0.00147065 0.00481632 0.00197922 -0.000195937 0.000651974 0.0029308 0.00192667
internal_weight=296383 143729 152654 86387.2 85293 18719.1 67361.4 63849.1 1745.06 65341.9 57341.4 34837.8 3881.35 18957.1
internal_count=1185689 574965 610724 345588 341206 74883 269518 255424 6981 261437 229377 139358 15527 75832
is_linear=0
shrinkage=0.02


Tree=13
num_leaves=15
num_cat=0
split_feature=27 0 45 47 13 6 42 30 37 47 3 4 1 46
split_gain=1114.43 322.391 272.099 203.67 183.618 177.404 188.811 166.962 172.141 182.229 175.169 146.481 146.456 136.764
threshold=0.10557251848122058 9.4783604669109966e-05 -0.85246581406233413 0.91037613702198772 0.0014032432189730979 -0.0013411131282663085 0.44688137651504456 0.10816082260754674 8.7241442924682193 0.35206144883412571 -0.0059215560112205971 -3.0904299704572487e-05 0.0010352278620838257 -0.9103761370219875
decision_type=2 2 2 2 2 2 2 2 2 2 2 2 2 2
left_child=2 11 7 4 -3 6 -4 8 -1 10 -10 -2 -13 -6
right_child=1 3 5 -5 13 -7 -8 -9 9 -11 -12 12 -14 -15
leaf_value=0.0011832343708383197 -0.0013601759698395766 -0.0028857413379254388 0.0026005154237192553 -0.0045190357955402806 0.001427136067998308 0.00092840867566771484 -0.002285927964307492 0.0054478215255251003 -0.009541391074119953 0.0069576706466298582 0.0027660202399489198 0.0017363292547431168 -0.00093111907557694835 -0.0013853593005963977
leaf_weight=44521.582582056522 22463.836723998189 29485.819654792547 3998.4673437774181 11461.930168062449 8502.9242386817932 66170.70668593049 15069.639917522669 5592.1026941537857 476.10222883522511 4574.4024526029825 12126.890316978097 21422.811626642942 13366.840490460396 36966.953714683652
leaf_count=178137 89860 117961 15996 45857 34015 264712 60283 22377 1905 18304 48524 85696 53470 147884
internal_value=-1.3867e-06 -0.00126539 0.00118921 -0.0020365 -0.00165661 0.00043862 -0.00126086 0.00213989 0.00183965 0.00354017 0.00229748 -0.00010141 0.000711459 -0.00085932
internal_weight=296201 143671 152530 86417.6 74955.7 85238.8 19068.1 67291.1 61699 17177.4 12603 57253.5 34789.7 45469.9
internal_count=1184981 574743 610238 345717 299860 340991 76279 269247 246870 68733 50429 229026 139166 181899
is_linear=0
shrinkage=0.02


Tree=14
num_leaves=15
num_cat=0
split_feature=26 53 53 38 37 52 26 43 43 8 19 40 22 32
split_gain=1099.84 327.59 312.004 162.082 155.52 143.666 135.423 121.033 117.279 114.443 130.056 113.046 114.408 111.886
threshold=-0.039953216305293644 0.6158382202140571 0.46718638105420668 4.2666681655938472 2.4246975922467637 0.54345121307566668 0.60886393573423814 -0.15632745181109106 -0.17397646270639988 -0.0027357156618628177 0.10415537180061699 2.3783556989720069 0.37320437295139641 -0.45281397650632532
decision_type=2 2 2 2 2 2 2 2 2 2 2 2 2 2
left_child=2 3 5 -2 -4 -1 -3 -5 -8 10 11 -6 -13 -11
right_child=1 6 4 7 9 -7 8 -9 -10 13 -12 12 -14 -15
leaf_value=0.0013324372720978053 0.00099983568261557986 -0.0015707448521225212 -0.002600579973587782 0.0016331818146435274 0.0028873359315052245 0.0032807372057485811 0.0014912216018664961 -0.0011426632473221824 -0.0039606095574834018 -0.009432276223605136 -0.0010041428755122584 -0.0041681941677582726 0.0048842989780316804 0.00017795632682920313
leaf_weight=27841.186769604683 25189.218027248979 42127.827522158623 6058.8021460026503 6966.8323034346104 20303.748623341322 33207.043209806085 1713.1866093277931 63646.975794672966 19703.145419627428 485.41734856367111 5664.0539832413197 1880.1471487134695 788.78532491624355 40723.54799041152
leaf_count=111397 100761 168524 24236 27868 81238 132884 6853 254606 78841 1942 22657 7523 3156 162911
internal_value=1.36706e-05 -0.00111596 0.00132801 -0.000377384 0.000471849 0.00239239 -0.00222936 -0.000868699 -0.00352425 0.000738535 0.00170957 0.00237873 -0.00148866 6.36229e-05
internal_weight=296300 159347 136953 95803 75904.5 61048.2 63544.2 70613.8 21416.3 69845.7 28636.7 22972.7 2668.93 41209
internal_count=1185397 637453 547944 383235 303663 244281 254218 282474 85694 279427 114574 91917 10679 164853
is_linear=0
shrinkage=0.02


Tree=15
num_leaves=15
num_cat=0
split_feature=27 53 0 53 19 48 45 1 29 17 4 27 34 15
split_gain=1062.67 316.185 297.277 185.541 181.733 173.256 167.953 144.211 141.887 131.36 129.084 164.924 157.083 144.192
threshold=0.10557251848122058 0.56990039181267527 7.7916749173661547e-05 0.47730281125654755 -0.25185457080592538 -0.60785761079279388 -0.86898761704506855 0.0010568478276990268 11.02842987692501 0.58988896887922471 -3.0904299704572487e-05 0.83445993917059968 57.649318749558255 0.0019737917558802589
decision_type=2 2 2 2 2 2 2 2 2 2 2 2 2 2
left_child=1 4 7 9 -1 -5 -3 10 -9 -4 11 13 -12 -2
right_child=2 6 3 5 -6 -7 -8 8 -10 -11 12 -13 -14 -15
leaf_value=0.0031124055768204646 -0.00021473405999145392 0.0012636408203294358 -0.0028957097082032437 -0.005024300335590242 0.0011859213926448489 -0.0021428249463041333 -0.00066459872008866564 -0.0015349140071211622 0.012381904329530227 -0.00044544464872063204 0.0031078817422910345 0.0025156479065500952 -0.00037439307487115083 -0.0054053328738789983
leaf_weight=34661.595654651523 5048.7117726355791 32812.34029507637 11870.575140431523 11538.138194024563 45051.807065784931 30205.975467428565 40199.868528053164 22355.014876842499 291.97664050757885 33280.997651264071 12435.765816241503 3923.2390813827515 8878.5456670075655 3712.2798774987459
leaf_count=138726 20196 131283 47488 46171 180234 120856 160804 89426 1168 133130 49747 15694 35516 14850
internal_value=-8.33726e-06 0.00115288 -0.00124385 -0.00197868 0.00202375 -0.00293978 0.000201997 -0.000116528 -0.0013528 -0.00108988 0.00070705 -0.000890225 0.00165758 -0.00241597
internal_weight=296267 152726 143541 86895.7 79713.4 41744.1 73012.2 56645.5 22647 45151.6 33998.5 12684.2 21314.3 8760.99
internal_count=1185289 611047 574242 347645 318960 167027 292087 226597 90594 180618 136003 50740 85263 35046
is_linear=0
shrinkage=0.02


Tree=16
num_leaves=15
num_cat=0
split_feature=33 19 51 8 33 45 11 1 29 47 19 35 42 5
split_gain=993.76 285.892 224.299 194.148 210.749 167.194 152.138 151.883 171.888 146.753 144.527 154.666 148.405 145.902
threshold=48.219343534154156 0.026593910299882857 -0.3413011249473592 0.016119878991453132 69.244683392349074 -0.85246581406233413 0.011322532571399051 0.0012664414579428831 11.02842987692501 0.91037613702198772 0.026593910299882857 -0.49049895161698437 0.41715153548416389 -0.0019441380111554715
decision_type=2 2 2 2 2 2 2 2 2 2 2 2 2 2
left_child=2 7 -1 4 -3 10 -5 -2 -9 -6 12 -12 13 -4
right_child=1 3 5 6 9 -7 -8 8 -10 -11 11 -13 -14 -15
leaf_value=0.0029885642781569896 0.00078315015714642601 -0.0012493624255022467 0.012062728848316908 -0.0053714010843820548 -0.0027961790667635363 7.9874520901494954e-05 0.0081074168843205847 -0.001436189977758257 0.015085286434883055 -0.0075086502100677249 -0.001080164680231672 0.0041198133652774237 0.0017487314393325878 0.0037785262901703642
leaf_weight=25819.700763329864 40352.63147559762 75871.506835103035 994.36993451416492 439.1555684953928 22566.770355567336 50458.616354346275 1368.0962174534798 22737.115221574903 249.73802480101585 2992.1800745129585 11421.571765497327 2855.797421887517 32497.126965135336 5782.6306775510311
leaf_count=103335 161422 303532 3980 1757 90290 201857 5473 90955 999 11974 45689 11424 130045 23144
internal_value=8.53847e-06 -0.00101381 0.00132025 -0.00166278 -0.00177864 0.000905979 0.00482633 4.39957e-05 -0.00125345 -0.00334923 0.00168429 -3.89731e-05 0.00231068 0.00500204
internal_weight=296407 166577 129830 103238 101430 104010 1807.25 63339.5 22986.9 25559 53551.5 14277.4 39274.1 6777
internal_count=1185876 666402 519474 413026 405796 416139 7230 253376 91954 102264 214282 57113 157169 27124
is_linear=0
shrinkage=0.02


Tree=17
num_leaves=15
num_cat=0
split_feature=33 53 53 45 19 43 37 55 47 5 13 12 13 46
split_gain=979.318 343.026 269.112 251.074 195.708 153.683 142.323 140.422 128.948 128.849 128.224 126.489 198.624 126.114
threshold=57.095794831933055 0.47730281125654755 0.46265929635098429 -0.86898761704506855 -0.22567333464509912 -0.1705296597605486 2.2592720190506119 0.17813352179543043 0.93540483100319638 -0.0010899710104343972 0.0032718571974125837 -0.00057957580903415177 0.00081864846731009866 -0.68322629814330804
decision_type=2 2 2 2 2 2 2 2 2 2 2 2 2 2
left_child=1 4 10 -3 6 -4 -1 13 -7 -5 -2 12 -11 -6
right_child=2 3 5 9 7 8 -8 -9 -10 11 -12 -13 -14 -15
leaf_value=-0.001039725365882748 -0.0010016822742624713 0.0013356097980557172 0.00068041421689255378 0.00082517201032164045 0.0022193289978745799 -0.0026634192522930252 0.003143293429912407 0.0022161290249018517 -0.0061136031820739822 0.0041161008721942024 0.0019227096752603443 -0.0021921939415205506 -0.00093012228323539946 -0.00068133037565289959
leaf_weight=3576.7889798283577 44393.044818028808 37379.89568258822 4936.1214843690395 16539.545108839869 8047.1456323415041 40143.377804532647 35757.211769804358 19575.36830560863 4857.1002478450537 3645.3246592581272 6929.2900727689266 25731.296161979437 21472.429177954793 23469.177810072899
leaf_count=14310 177587 149569 19746 66162 32193 160628 143122 78313 19440 14582 27718 102931 85894 93891
internal_value=-2.78805e-05 0.000800053 -0.00162383 2.11241e-05 0.00170248 -0.00266902 0.00276283 0.000885954 -0.00303645 -0.000708055 -0.000606696 -0.0012068 -0.000197093 5.95372e-05
internal_weight=296453 195194 101259 104768 90425.7 49936.6 39334 51091.7 45000.5 67388.6 51322.3 50849 25117.8 31516.3
internal_count=1186086 780967 405119 419138 361829 199814 157432 204397 180068 269569 205305 203407 100476 126084
is_linear=0
shrinkage=0.02


Tree=18
num_leaves=15
num_cat=0
split_feature=27 53 53 43 20 8 20 4 17 17 8 33 48 28
split_gain=999.846 307.932 284.76 167.093 164.111 153.818 144.954 138.376 129.89 122.309 136.77 116.69 122.411 114.231
threshold=0.10557251848122058 0.40673186644348108 0.5444806999150309 -0.16702515088291883 -0.16172730486390011 -0.0027357156618628177 0.06879358703346862 3.1249814416326158e-05 0.90365447124057863 1.451796862183327 0.0031352467834111406 62.698748244377747 -0.60785761079279388 1.8304808179673864
decision_type=2 2 2 2 2 2 2 2 2 2 2 2 2 2
left_child=2 6 4 -3 -1 -4 7 -2 -8 -6 -11 -5 -13 -10
right_child=1 3 5 11 9 -7 8 -9 13 10 -12 12 -14 -15
leaf_value=0.0028574219106493937 -0.00078926216643771115 0.00042670644013044614 0.0015100852211147959 -0.0016509720668749098 0.0014725722069063422 -0.00039332675263579597 -0.0018502508437775471 0.0022149652179996441 0.0022080140099539646 -0.00038238796931850928 -0.0091097373293745742 -0.0054890453494896166 -0.0025771170357408012 -0.0011844212740494144
leaf_weight=40529.462129384279 10336.638322159648 9565.8690919876099 25728.77326720953 37775.24210254848 31421.3520527035 49933.587645694613 24457.363156348467 15066.97217386961 7755.22680978477 4191.3744256794453 861.93491880595684 7727.4847022742033 22902.125024065375 8124.9243542253971
leaf_count=162234 41349 38266 102947 151126 125706 199753 97841 60274 31022 16768 3448 30932 91647 32502
internal_value=-1.63798e-06 -0.00119891 0.00112541 -0.00204895 0.00198158 0.00025398 -0.000190649 0.000992641 -0.000935888 0.00100811 -0.00187853 -0.00239516 -0.00331254 0.000472481
internal_weight=296378 143712 152666 77970.7 77004.1 75662.4 65741.1 25403.6 40337.5 36474.7 5053.31 68404.9 30629.6 15880.2
internal_count=1185815 574959 610856 311971 308156 302700 262988 101623 161365 145922 20216 273705 122579 63524
is_linear=0
shrinkage=0.02


Tree=19
num_leaves=15
num_cat=0
split_feature=26 53 53 57 26 52 12 56 45 5 2 36 41 8
split_gain=916.589 284.737 238.756 187.383 154.841 144.94 135.039 119.069 95.5544 99.0345 109.688 100.131 111.322 94.416
threshold=-0.039953216305293644 0.3571597848204931 0.46265929635098429 5.5000000000000009 0.61866291694875974 0.54345121307566668 -0.010660088421176855 0.065744247897441807 -0.93492250921596554 0.0047145122720812322 0.0031811606985538933 0.011422166083995539 0.69110745480939773 0.016119878991453132
decision_type=2 2 2 2 2 2 2 2 2 2 2 2 2 2
left_child=2 3 5 -2 -3 -1 7 -4 9 10 11 -8 -13 -6
right_child=1 4 6 -5 13 -7 8 -9 -10 -11 -12 12 -14 -15
leaf_value=0.0010471289487851267 -0.0014425211292537405 -0.0011853472681437203 0.0038187984088942756 0.00074430777864647557 -0.0031405295272759017 0.0030109104056077079 -0.0002207372988459744 0.00074864964587740201 -0.00088348434127788174 0.015971203024846458 -0.009733327433753448 0.002724232651046475 -0.01890644987254873 0.0023908775062110236
leaf_weight=27678.192104831338 24877.050640270114 60508.743056252599 7241.2014720886946 42344.130085632205 30206.73625998199 32922.873800963163 13040.808127164841 16705.052805006504 29649.303323298693 166.67995890974998 389.35523594915867 9145.2922800034285 91.238883063197136 1283.4260632544756
leaf_count=110763 99517 242068 28972 169389 120894 131784 52182 66839 118604 667 1558 36595 365 5135
internal_value=-2.24706e-05 -0.0010545 0.00117667 -6.50356e-05 -0.00177743 0.00211416 0.000433243 0.00167765 -0.000134646 0.000837706 0.000722924 0.000907817 0.00250045 -0.00291475
internal_weight=296250 159220 137030 67221.2 91998.9 60601.1 76428.9 23946.3 52482.7 22833.4 22666.7 22277.3 9236.53 31490.2
internal_count=1185332 637003 548329 268906 368097 242547 305782 95811 209971 91367 90700 89142 36960 126029
is_linear=0
shrinkage=0.02


Tree=20
num_leaves=15
num_cat=0
split_feature=27 0 51 45 47 48 29 32 6 42 4 28 27 41
split_gain=915.741 255.255 228.174 205.287 190.055 210.812 200.328 148.996 141.296 185.071 140.371 152.28 148.621 134.728
threshold=0.10557251848122058 9.4783604669109966e-05 -0.3413011249473592 -0.86898761704506855 0.44228869021900119 -0.60785761079279388 0.54643605540037909 -0.43379645307334591 -0.0012649227739668111 0.44688137651504456 -3.0904299704572487e-05 1.5071585760086028 1.190116876941534 0.59993046025351904
decision_type=2 2 2 2 2 2 2 2 2 2 2 2 2 2
left_child=2 10 -1 7 5 -3 -6 -4 9 -5 -2 12 -12 -7
right_child=1 4 3 8 6 13 -8 -9 -10 -11 11 -13 -14 -15
leaf_value=0.0026209783516014168 -0.0013645951416974248 -0.0031187433446840428 -0.0019298930983345447 0.002390630753534457 -0.0010668059453216049 0.0003083192089707052 -0.0044207734056600986 0.0019432674962288927 0.00047337547641085261 -0.002719830793757622 0.0023548075707346501 -0.00071382734862351796 -0.0058005506955179425 -0.002288875760648912
leaf_weight=30041.618939623237 22435.913306996226 15860.029411703348 4326.7572848200798 3601.3787814974785 11561.648591428995 29393.059504255652 18567.875812008977 48072.9232532233 53332.161878332496 13249.780222132802 17208.3390712291 16715.664023116231 938.09598748385906 10965.983492046595
leaf_count=120250 89753 63466 17315 14408 46263 117600 74302 192386 213357 53004 68841 66870 3753 43876
internal_value=-1.96695e-05 -0.00116578 0.00105903 0.000676149 -0.00185252 -0.00116545 -0.00313414 0.0016233 -3.10698e-05 -0.00162725 -0.000130792 0.000663318 0.00193173 -0.000397563
internal_weight=296271 143647 152625 122583 86348.6 56219.1 30129.5 52399.7 70183.3 16851.2 57298 34862.1 18146.4 40359
internal_count=1185444 574724 610720 490470 345507 224942 120565 209701 280769 67412 229217 139464 72594 161476
is_linear=0
shrinkage=0.02


Tree=21
num_leaves=15
num_cat=0
split_feature=27 53 53 19 43 8 19 17 4 17 47 37 56 29
split_gain=839.053 281.453 244.355 169.58 163.005 136.822 129.728 126.076 125.363 125.346 119.685 124.023 118.035 113.368
threshold=0.10557251848122058 0.40673186644348108 0.5444806999150309 -0.25185457080592538 -0.17397646270639988 -0.0027357156618628177 0.01956702291354992 0.88562882608888682 -1.6339260711365803e-05 1.451796862183327 0.55557023301960218 1.0672867672918138 0.10222426668021291 -2.0848592588581814
decision_type=2 2 2 2 2 2 2 2 2 2 2 2 2 2
left_child=2 6 3 -1 -3 -4 8 -8 -2 -5 -6 -12 -7 -11
right_child=1 4 5 9 10 12 7 -9 -10 13 11 -13 -14 -15
leaf_value=0.0028961251168429926 -0.00075701421995187797 0.00059556570063862269 0.0014083025464160178 0.0014140857342427244 -0.0016826182687528447 0.0006622657467033556 -0.0017387933722838569 0.00050447434191903061 0.0021849382220034928 -0.0042705180730873938 -0.0072991264153399694 -0.0028766082448441039 -0.0012872090872886089 0.0014653718053975152
leaf_weight=33396.071508079767 9552.404376283288 9154.7846492528915 25733.246290236712 37938.916814267635 47347.752439051867 23088.170628383756 24331.267771989107 17034.012271359563 14711.265403747559 3179.5987240672112 2937.054138302803 18556.902952745557 26884.135348588228 2426.5609665215015
leaf_count=133716 38212 36622 102972 151796 189463 92363 97341 68141 58853 12721 11758 74262 107548 9708
internal_value=-2.05907e-06 -0.00109929 0.00103033 0.00182404 -0.00191139 0.000223603 -0.000134092 -0.000815078 0.0010268 0.00100159 -0.00224479 -0.00348248 -0.000386538 -0.00178871
internal_weight=296272 143625 152647 76941.1 77996.5 75705.6 65628.9 41365.3 24263.7 43545.1 68841.7 21494 49972.3 5606.16
internal_count=1185476 574652 610824 307941 312105 302883 262547 165482 97065 174225 275483 86020 199911 22429
is_linear=0
shrinkage=0.02


Tree=22
num_leaves=15
num_cat=0
split_feature=26 51 12 50 12 47 43 15 45 30 47 40 42 9
split_gain=821.61 220.161 178.905 169.01 160.019 186.78 165.1 137.16 132.187 139.782 131.201 130.818 142.737 128.583
threshold=-0.039953216305293644 -0.3413011249473592 -0.013443696637111766 -0.0012024335011094291 -0.00015384664125041054 0.35206144883412571 -0.17801799342051719 0.0025891652599230766 -0.93492250921596554 0.10816082260754674 -0.29012925520284116 1.1679514041865251 0.44896825170638127 -0.016068608716332033
decision_type=2 2 2 2 2 2 2 2 2 2 2 2 2 2
left_child=1 -1 11 -2 -5 7 -7 -6 9 -4 -10 -3 13 -13
right_child=3 2 8 4 5 6 -8 -9 10 -11 -12 12 -14 -15
leaf_value=0.0027512524998571652 0.00053166263816640743 0.0032311688275022958 0.00074838749230329144 -0.00044295871764558952 -0.0016097571988033835 0.002042929908247405 -0.0035679177645421473 0.0010657854442263843 0.0009061070935272547 0.0048403373498052587 -0.0012694113118710518 -0.0016523743086715665 -0.00099365789419825104 0.0059898851884602209
leaf_weight=26943.572101175785 24911.82389318943 16736.849711939692 30226.605565831065 55830.778423458338 40326.058224529028 2274.5622440576553 26539.48028023541 9458.5448304563761 17953.830461353064 3749.4406247586012 28981.411681950092 1283.9543096572161 8263.1457808315754 2785.9553884714842
leaf_count=107873 99657 66975 120969 223375 161350 9099 106203 37843 71828 15009 115947 5139 33066 11150
internal_value=-5.02767e-06 0.00113113 0.000734114 -0.000981349 -0.00126174 -0.00184328 -0.00312472 -0.00110138 0.000250563 0.0012006 -0.000437217 0.00207972 0.000516448 0.00357988
internal_weight=296266 136925 109981 159341 134429 78598.6 28814 49784.6 80911.3 33976 46935.2 29069.9 12333.1 4069.91
internal_count=1185483 547956 440083 637527 537870 314495 115302 199193 323753 135978 187775 116330 49355 16289
is_linear=0
shrinkage=0.02


Tree=23
num_leaves=15
num_cat=0
split_feature=26 53 53 57 52 12 4 55 20 17 2 24 42 13
split_gain=834.466 270.283 246.868 142.9 135.967 128.865 162.068 118.816 172.427 161.856 151.154 128.713 118.171 121.399
threshold=-0.039953216305293644 0.6158382202140571 0.47730281125654755 7.5000000000000009 0.6286680634970393 -0.010660088421176855 -0.0010115907283395013 0.25697508566131139 0.38017690647899438 0.60027440904245821 0.0022422141265257306 0.77817867846716116 0.44688137651504456 0.0017953741413793158
decision_type=2 2 2 2 2 2 2 2 2 2 2 2 2 2
left_child=2 7 4 -3 -1 6 -4 8 10 -10 -2 12 -11 -14
right_child=1 3 5 -5 -6 -7 -8 -9 9 11 -12 -13 13 -15
leaf_value=0.0012119485869039046 -0.00044898448135005409 -0.0010779909839840906 -0.00051202384370051908 -0.0029750266798411031 0.0030936955185185719 -0.00019732308467673246 0.0029066633161120366 0.00070520913319296202 -0.0042586305918092364 0.0043094144988583983 0.0030086433233704412 -1.4429686069518237e-05 -0.0073597814214872541 -0.0017359188739509799
leaf_weight=33805.234201967716 27740.574402198195 32462.513760328293 9013.5282064974308 31111.632666036487 28160.381052777171 51578.069240346551 14410.958223894238 30534.012458235025 8359.9144492149353 732.91176863014698 6179.6728680878878 15926.782714128494 2692.7317773550749 3573.0119508653879
leaf_count=135302 110975 129907 36066 124500 112753 206360 57665 122158 33450 2932 24721 63717 10773 14294
internal_value=-1.15001e-05 -0.000995644 0.0011332 -0.00200651 0.00206729 0.000361378 0.00159136 -0.000324325 -0.000806444 -0.00187722 0.000181285 -0.00100808 -0.00326771 -0.00415674
internal_weight=296282 159314 136968 63574.1 61965.6 75002.6 23424.5 95739.6 65205.6 31285.4 33920.2 22925.4 6998.66 6265.74
internal_count=1185573 637427 548146 254407 248055 300091 93731 383020 260862 125166 135696 91716 27999 25067
is_linear=0
shrinkage=0.02


Tree=24
num_leaves=15
num_cat=0
split_feature=0 8 38 47 1 51 1 11 31 37 7 46 17 47
split_gain=720.554 342.318 306.052 241.19 205.935 197.19 168.222 157.255 191.452 151.207 137.62 129.487 216.369 126.325
threshold=7.7916749173661547e-05 -0.0027357156618628177 3.4883399939117399 0.41248606129204557 0.00074370225904242299 0.046622491486358074 -0.0010650272840465921 0.0079353727432082272 0.27353515825740066 1.0268417523858073 0.00074426537998410704 0.58216583101416142 1.2639546141119991 -0.68322629814330815
decision_type=2 2 2 2 2 2 2 2 2 2 2 2 2 2
left_child=1 -1 10 6 5 -3 -4 -8 -9 -5 11 12 -2 -13
right_child=2 4 3 9 -6 -7 7 8 -10 -11 -12 13 -14 -15
leaf_value=0.0024954559388198037 0.0020556415123153173 0.0020416313681527959 0.00095435225434422971 -0.0059426144776244553 -0.00070426157002072601 -0.00011681891204481095 -0.002169824774681361 0.0073279323302968546 -0.00045472467538894523 -0.0023420659231028155 0.002403631594945858 -0.010756406981167447 -0.0022479429186883231 -0.0017307364984767617
leaf_weight=41761.632659301162 13251.689234912395 37140.271329700947 15602.726070582867 5462.2752550542355 43392.040595784783 31108.174601256847 35230.513187929988 1374.1255489736795 15186.290646210313 31954.829112663865 10954.278112009168 687.12159436941147 7212.1662297397852 6011.6926151514053
leaf_count=167185 53017 148640 62424 21866 173616 124457 140973 5498 60767 127873 43825 2749 28853 24051
internal_value=-1.09932e-06 0.000950844 -0.0010228 -0.0015809 0.000372962 0.00105786 -0.000865912 -0.00141433 0.00019307 -0.00286841 0.000511811 -0.000251432 0.000538732 -0.00266386
internal_weight=296330 153402 142928 104811 111640 68248.4 67393.7 51790.9 16560.4 37417.1 38116.9 27162.7 20463.9 6698.81
internal_count=1185794 613898 571896 419401 446713 273097 269662 207238 66265 149739 152495 108670 81870 26800
is_linear=0
shrinkage=0.02


Tree=25
num_leaves=15
num_cat=0
split_feature=33 0 2 7 51 44 37 17 42 0 26 41 8 5
split_gain=743.48 235.314 161.442 168.728 141.499 140.939 144.259 152.793 139.233 163.072 138.133 141.491 139.734 148.454
threshold=46.115727023147407 7.7916749173661547e-05 -0.0026155896675647034 -0.0028738670618787278 -0.3413011249473592 4.1683549191829199 1.1765414712584406 0.58988896887922471 0.451670956710573 7.7916749173661547e-05 0.39029906625973382 0.53329436956697707 0.016119878991453132 -0.0016735659744975709
decision_type=2 2 2 2 2 2 2 2 2 2 2 2 2 2
left_child=4 -2 3 -3 -1 6 10 -8 9 -6 -4 -12 -13 -14
right_child=1 2 5 -5 8 -7 7 -9 -10 -11 11 12 13 -15
leaf_value=0.0026525746599438405 7.2380050581038146e-05 0.010215287013803127 -0.0098287455276950611 0.00044040123220638627 0.0028421792710900261 0.004907236308920284 -0.002619693561366009 -0.00076179118515627838 0.00031189327990901707 -0.00025668158915717008 -0.00030707660976394277 -0.0047279686623375276 -0.016220990049941774 0.010038841382435919
leaf_weight=22915.958182781935 72599.146728619933 797.59619535505772 1208.7657509148121 5895.2707772403955 23267.190320625901 1312.4124573618174 25486.485984504223 57994.833869084716 58714.138220638037 9591.2872979342937 5770.3220184892416 10211.742963403463 100.22710144519806 475.40622453391552
leaf_count=91772 290449 3191 4837 23587 93137 5252 101995 232053 234952 38370 23093 40874 401 1902
internal_value=-1.53339e-05 -0.000810187 -0.00139663 0.00161204 0.00124718 -0.00159304 -0.00167754 -0.00132912 0.000895357 0.00193773 -0.00331384 -0.00283541 -0.00418709 0.00536627
internal_weight=296341 181852 109253 6692.87 114489 102560 101248 83481.3 91572.6 32858.5 17766.5 16557.7 10787.4 575.633
internal_count=1185865 727634 437185 26778 458231 410407 405155 334048 366459 131507 71107 66270 43177 2303
is_linear=0
shrinkage=0.02


Tree=26
num_leaves=15
num_cat=0
split_feature=33 51 42 11 12 36 0 41 19 37 17 36 21 21
split_gain=741.671 238.102 191.399 169.603 169.174 164.242 143.484 142.128 137.355 163.837 132.809 139.529 128.047 126.841
threshold=57.095794831933055 -0.33485608334895445 0.44967611009201958 0.024498326238050875 0.012366801592626486 0.0047961328693977559 0.0047292838124860835 0.52449402810019341 -0.45798054112408515 2.0894663545040282 0.29972398013220275 0.0037356060581365518 0.43728093790103206 0.027531330489328928
decision_type=2 2 2 2 2 2 2 2 2 2 2 2 2 2
left_child=1 -1 5 4 6 10 -2 -6 9 -7 11 -3 -8 -9
right_child=3 2 -4 -5 7 8 12 13 -10 -11 -12 -13 -14 -15
leaf_value=0.0021903680685238336 -0.0012110842379134126 0.013793433913154221 -3.3814621629097489e-06 0.0012770909454551816 -0.0013210859869627323 -0.0092352772481154276 0.004426715927284784 -0.0087591069888528772 0.0012581931315665896 0.0043218850308779097 -0.0021174049762120793 -0.0071163696573000798 -0.025300243338093838 -0.003455562590895014
leaf_weight=38272.910982608795 61790.960108056664 427.59198677539825 113035.34345141053 9066.8125061839819 12742.042506143451 363.70182368159294 2398.5459441542625 2086.668510556221 25034.772810518742 11218.045546218753 6342.4650644361973 177.42640879750252 54.474200397729874 13266.723760053515
leaf_count=153228 247274 1711 452271 36281 50984 1455 9598 8352 100172 44913 25379 710 218 53098
internal_value=5.45144e-05 0.000776353 0.000430709 -0.00133261 -0.00158891 0.00155691 -0.00102266 -0.00288331 0.00209179 0.00389235 -0.00126163 0.0076534 0.00371645 -0.00417898
internal_weight=296278 194872 156599 101406 92339.4 43564 64244 28095.4 36616.5 11581.7 6947.48 605.018 2453.02 15353.4
internal_count=1185644 779839 626611 405805 369524 174340 257090 112434 146540 46368 27800 2421 9816 61450
is_linear=0
shrinkage=0.02


Tree=27
num_leaves=15
num_cat=0
split_feature=33 13 50 42 18 0 43 37 20 21 38 44 17 11
split_gain=695.521 178.742 176.332 161.22 158.326 136.04 140.991 134.278 126.117 162.101 127.413 139.887 164.979 124.705
threshold=57.095794831933055 0.0032718571974125837 -0.00053052814409518506 0.44896825170638127 0.0023982934362037872 0.00022394760428069637 0.32554004908906192 2.1928446035463787 0.39377411488243569 0.23442071550410346 6.3278630188721605 2.8592638055766773 1.1179032772934001 -0.012321142721440066
decision_type=2 2 2 2 2 2 2 2 2 2 2 2 2 2
left_child=2 8 -1 4 5 -4 -7 -6 -2 -10 -11 12 -12 -3
right_child=1 13 3 -5 7 6 -8 -9 9 10 11 -13 -14 -15
leaf_value=0.0016424004873916568 -0.00092000378239634223 -0.007006967890739112 0.0011982170059248345 -0.00011254706535752357 -0.0046793137585109364 -0.0029833830103330552 0.015741557496582164 0.0030937678821799895 -0.001634002796797982 -0.0018071966663209002 -0.0053479717212250857 0.0039675243267552054 -0.013916675599943765 0.0011807564228632792
leaf_weight=56214.530604183674 43381.899214118719 782.52355356514454 14523.946337297559 99694.710040479898 930.61461247503757 5552.9510051757097 160.73007716238499 18066.74254386127 30385.779419407248 5147.9298339039087 6639.9552884399891 542.14157168567181 1038.2397815734148 13494.312488868833
leaf_count=225036 173584 3131 58130 398887 3723 22215 643 72308 121623 20604 26580 2170 4156 53994
internal_value=-9.05391e-07 -0.00134444 0.000697323 0.000314875 0.00140081 0.00016975 -0.00244333 0.00271186 -0.0016843 -0.00244191 -0.00427697 -0.00582161 -0.00651493 0.000729685
internal_weight=296557 101413 195144 138930 39235 20237.6 5713.68 18997.4 87135.9 43754 13368.3 8220.34 7678.2 14276.8
internal_count=1186784 405842 780942 555906 157019 80988 22858 76031 348717 175133 53510 32906 30736 57125
is_linear=0
shrinkage=0.02


Tree=28
num_leaves=15
num_cat=0
split_feature=33 53 53 41 55 19 5 46 38 41 47 17 47 1
split_gain=677.227 301.88 207.226 154.941 147.026 155.392 141.996 135.886 120.782 119.672 137.399 120.293 115.266 104.629
threshold=57.095794831933055 0.5444806999150309 0.47219674595563493 0.29925923445938191 0.1614304429570301 0.25507320024294139 -0.00090012972429023678 -0.58216583101416131 4.8706974734714201 0.43327907233269042 -0.19509032201612828 1.9966067986498759 0.93540483100319638 0.0023539453851650657
decision_type=2 2 2 2 2 2 2 2 2 2 2 2 2 2
left_child=1 3 -2 -1 5 8 9 -7 -5 13 11 -11 -4 -3
right_child=2 6 12 4 -6 7 -8 -9 -10 10 -12 -13 -14 -15
leaf_value=0.0045943268038599232 -0.00045958502368949002 0.0021653282030333755 -0.0019367299610377154 0.0023162312646390491 0.0021194121017224224 0.0017199401103189858 -0.00064729745841572988 -0.0025669864094697245 2.4731085105702485e-05 -0.0012973925272763537 0.001553852464388317 -0.012500945707643037 -0.0050861623813341864 0.0099245495415042594
leaf_weight=5889.5390583872795 52049.210020452738 9961.0006007254124 44079.523453488946 18994.527306362987 42450.393911629915 4238.8463108092546 65598.409675166011 9758.4311868995428 17840.048723042011 8138.0808369070292 11011.893235713243 397.42878550291061 5194.4636377841234 742.96998469531536
leaf_count=23585 208244 39864 176446 76049 169921 16959 262458 39042 71408 32559 44057 1590 20806 2973
internal_value=-1.32959e-05 0.000675848 -0.00133969 0.0014494 0.00125061 0.000524918 -0.000124552 -0.00126861 0.00120655 0.00100891 7.78991e-05 -0.00182606 -0.00226923 0.00270828
internal_weight=296345 195022 101323 99171.8 93282.2 50831.9 95849.8 13997.3 36834.6 30251.4 19547.4 8535.51 49274 10704
internal_count=1185961 780465 405496 396964 373379 203458 383501 56001 147457 121043 78206 34149 197252 42837
is_linear=0
shrinkage=0.02


Tree=29
num_leaves=15
num_cat=0
split_feature=33 53 53 0 45 48 47 13 8 10 52 55 46 0
split_gain=636.217 255.762 207.252 158.425 142.545 134.215 127.167 121.727 121.04 118.76 115.822 109.011 120.499 103.791
threshold=57.095794831933055 0.6158382202140571 0.47730281125654755 7.7916749173661547e-05 -0.85246581406233413 -1.0000000180025095e-35 0.93540483100319638 0.0030608578742743063 -0.0031988572026472478 0.0015309482226608725 0.67147722953055611 0.15922537943812001 -0.63405362205439475 -0.00013641877162736643
decision_type=2 2 2 2 2 2 2 2 2 2 2 2 2 2
left_child=1 3 7 5 9 -1 -4 -2 -7 10 -3 12 -5 -12
right_child=2 4 6 11 -6 8 -8 -9 -10 -11 13 -13 -14 -15
leaf_value=0.002935399880244579 -0.00084453403045470525 0.0019032500772530405 -0.0018868305507474111 0.0017292949160070781 -0.00077780819317226611 0.0027230251730532801 -0.0052103601281999739 0.001795907463247747 0.00033225368485673363 0.0074281363018292848 0.00038082616004170825 0.0014397368685998401 -0.001514980509571979 -0.0034945661523638968
leaf_weight=28678.927491977811 44179.681156113744 15298.131856814027 43770.307095766068 6358.2400346249342 54711.144372597337 12668.520177781582 5144.3050962090492 8290.0770374536514 25547.209648996592 1076.2510595172644 11203.277305141091 19267.494186982512 16332.448071166873 3664.5001467168331
leaf_count=114831 176765 61222 175217 25439 218869 50749 20609 33163 102265 4309 44845 77087 65344 14660
internal_value=-1.55355e-05 0.000653161 -0.00130038 0.0012971 -0.00016236 0.00190134 -0.00223686 -0.00042722 0.00112505 0.000915362 0.000681808 0.000333634 -0.00060571 -0.000575206
internal_weight=296191 194806 101384 108853 85953.3 66894.7 48914.6 52469.8 38215.7 31242.2 30165.9 41958.2 22690.7 14867.8
internal_count=1185374 779620 405754 435715 343905 267845 195826 209928 153014 125036 120727 167870 90783 59505
is_linear=0
shrinkage=0.02


Tree=30
num_leaves=15
num_cat=0
split_feature=33 53 52 53 5 19 47 43 44 9 25 38 13 34
split_gain=657.222 232.781 197.32 180.425 141.821 138.966 130.231 123.757 122.896 116.126 105.433 105.139 104.963 109.285
threshold=57.095794831933055 0.5444806999150309 1.018499527099084 0.47219674595563493 -0.00090012972429023678 -0.25185457080592538 0.93540483100319638 -0.093475137028239105 0.52577293375346745 -0.0038364378841134472 -1.4999999999999998 0.64486605438840183 0.0040077516305472077 67.869977460735399
decision_type=2 2 2 2 2 2 2 2 2 2 2 2 2 2
left_child=1 2 5 10 7 -1 12 -3 -9 -6 -2 -11 -5 -14
right_child=3 4 -4 6 9 -7 -8 8 -10 11 -12 -13 13 -15
leaf_value=0.001975169523064966 0.0030234922546493511 0.0028162848242440286 0.0034031687737668542 -0.0021167715403368698 0.0010048343029406708 0.00030711291138370555 -0.0051610687813274936 0.0008623093704507222 -0.0034369220535552603 0.0068400648193009221 -0.00070917165288726495 -0.0011045653440000217 -0.0012778703946240027 0.0056311152761829141
leaf_weight=33316.961623907089 3221.8157136589289 10930.288457736373 15951.574959143996 40189.703065603971 15010.13490536809 49892.192566797137 5192.2439543008804 16117.43076698482 3180.0276858061552 670.41884304583073 48870.948591664433 49842.559953093529 2431.9650355875492 1462.5663850307465
leaf_count=133428 12888 43746 63888 160896 60073 199635 20805 64483 12723 2683 195533 199403 9733 5853
internal_value=7.36574e-06 0.000686673 0.00136583 -0.00129877 -1.67043e-05 0.000975082 -0.00216626 0.00111643 0.000153132 -0.000539498 -0.000478047 -0.000998456 -0.00181298 0.00132065
internal_weight=296281 194912 99160.7 101369 95750.9 83209.2 49276.5 30227.7 19297.5 65523.1 52092.8 50513 44084.2 3894.53
internal_count=1185770 780062 396951 405708 383111 333063 197287 120952 77206 262159 208421 202086 176482 15586
is_linear=0
shrinkage=0.02


Tree=31
num_leaves=15
num_cat=0
split_feature=33 53 53 19 45 55 43 41 46 32 13 32 38 41
split_gain=602.215 258.119 190.365 150.119 139.886 132.318 127.734 126.628 118.202 114.137 112.366 112.161 129.114 125.651
threshold=57.095794831933055 0.5233913838175791 0.40673186644348108 -0.22567333464509912 -0.86898761704506855 0.15922537943812001 -0.17801799342051719 0.61781831036873236 -0.68322629814330804 -0.47824395609354481 0.0030608578742743063 0.19784587915573085 7.7279314700948305 0.41896019814428259
decision_type=2 2 2 2 2 2 2 2 2 2 2 2 2 2
left_child=1 3 10 7 9 8 11 -1 -5 -3 -2 13 -13 -4
right_child=2 4 6 5 -6 -7 -8 -9 -10 -11 -12 12 -14 -15
leaf_value=0.0024300061922701414 -0.00074598019855271272 -0.003993902050121686 -0.0043104011611938171 0.0019411427146295332 -0.00063780011352401397 0.0018318313828454365 -0.0023789764064672181 -0.0055555735716544532 -0.0008852546800894338 0.0012005028745677706 0.0019494686576611805 0.0071742726840771463 -0.0016438504573197225 0.0084909062938515814
leaf_weight=41309.002173364162 39936.966529414058 1777.7657189816236 1945.0164777040482 7937.2118598669767 63221.138001441956 23111.825740903616 48996.91581325233 805.2811142206192 23224.540329113603 33311.905659243464 7315.206396356225 1664.4626221209764 1100.3553414642811 359.16997563838959
leaf_count=165471 159790 7115 7782 31761 252916 92483 196186 3224 92930 133330 29263 6659 4402 1437
internal_value=-5.44194e-06 0.000645298 -0.00125591 0.00138071 -7.57639e-05 0.000685335 -0.00206631 0.00227667 -0.000165147 0.000936805 -0.00032853 0.000955246 0.00366816 -0.00230091
internal_weight=296017 194699 101318 96387.9 98310.8 54273.6 54065.9 42114.3 31161.8 35089.7 47252.2 5069 2764.82 2304.19
internal_count=1184749 779230 405519 385869 393361 217174 216466 168695 124691 140445 189053 20280 11061 9219
is_linear=0
shrinkage=0.02


Tree=32
num_leaves=15
num_cat=0
split_feature=33 0 17 1 1 50 12 4 46 50 20 11 7 43
split_gain=627.822 216.934 158.094 155.506 146.155 136.215 164.512 133.337 137.904 129.416 119.971 182.634 214.473 119.362
threshold=46.115727023147407 7.7916749173661547e-05 1.451796862183327 -0.0012558637551852274 0.0012664414579428831 -0.00040797110537776096 -0.010660088421176855 -0.00044690606979778659 -0.63405362205439475 -0.00071436933262288081 0.9171987488887765 -0.0072399354923319515 -0.0018340157469403276 0.69186232579562457
decision_type=2 2 2 2 2 2 2 2 2 2 2 2 2 2
left_child=2 4 5 -3 9 -1 7 -7 -9 -2 -5 -12 -13 -14
right_child=1 3 -4 10 -6 6 -8 8 -10 -11 11 12 13 -15
leaf_value=0.0025327312652111034 0.0027518762402986919 0.00036450728662334222 -0.00071303671351760384 -0.0018557648040358088 -0.0011386131037509116 0.00077305275312024486 0.00028560093804333892 0.0077621494678041117 0.0026044395708748795 0.000209346853376393 -0.010765578625142496 0.014194826097822875 -0.0001196809569110449 0.010434208560848516
leaf_weight=31367.537979587913 10178.767777442932 18491.808171600103 15754.494493559003 83841.361148163676 24871.618515834212 9902.6967643499374 46950.874230414629 2848.2560923546553 7624.162186473608 37483.284829050303 493.33879572153091 508.9523616284132 5393.3122767060995 460.6495383232832
leaf_count=125649 40734 73995 63067 335576 99514 39636 187902 11401 30518 149965 1974 2037 21590 1844
internal_value=-1.30262e-05 -0.000743782 0.00114727 -0.00130697 0.00010405 0.00144425 0.000936967 0.00243749 0.00401025 0.000752564 -0.00164776 0.000895342 0.0018072 0.000719003
internal_weight=296171 181723 114448 109189 72533.7 98693.5 67326 20375.1 10472.4 47662.1 90697.6 6856.25 6362.91 5853.96
internal_count=1185402 727229 458173 437016 290213 395106 269457 81555 41919 190699 363021 27445 25471 23434
is_linear=0
shrinkage=0.02


Tree=33
num_leaves=15
num_cat=0
split_feature=0 8 38 53 47 1 39 30 5 10 0 38 42 11
split_gain=545.046 285.516 268.73 204.807 195.303 168.665 166.6 156.555 150.865 150.385 211.341 142.516 140.016 136.092
threshold=7.7916749173661547e-05 -0.0027357156618628177 3.4883399939117399 0.45189234473474077 0.44228869021900119 -0.0010650272840465921 -0.69148294359838725 -0.069970746466882783 -0.00039789351204489294 -0.0013616540682160471 0.0028393873662452399 3.215615496388962 0.44023975005115357 0.024498326238050875
decision_type=2 2 2 2 2 2 2 2 2 2 2 2 2 2
left_child=1 -1 6 -3 5 -4 7 11 -8 10 -6 -2 -5 -7
right_child=2 3 4 12 9 13 8 -9 -10 -11 -12 -13 -14 -15
leaf_value=0.0022352537053271673 0.004210083953711188 0.0012300455639714868 0.00102468652976098 0.0016165104619302365 -0.0013309716887258015 -0.0015882888461242147 0.0013923278166418532 -0.0027728917644277741 -0.0013188875975237238 -0.0032964097230068863 0.0090304246112612903 0.015387731551133035 -0.00092894447858915487 0.0026960079867033282
leaf_weight=41756.913905873895 3668.650462642312 51020.171470925212 15816.902183324099 10440.690845683217 7379.0693876445293 49356.97975859046 16127.73263579607 1128.8193665295839 16710.828585207462 28119.695794075727 876.41459083557129 517.61827145516872 50111.254335418344 3150.8577891439199
leaf_count=167240 14678 204237 63288 41781 29525 197549 64529 4517 66862 112585 3507 2071 200500 12609
internal_value=-3.50164e-06 0.000824619 -0.000892346 0.000296599 -0.00141597 -0.000785608 0.000544571 0.00382782 1.26586e-05 -0.00259974 -0.00022619 0.00560887 -0.000489946 -0.00133097
internal_weight=296183 153329 142854 111572 104700 68324.7 38153.6 5315.09 32838.6 36375.2 8255.48 4186.27 60551.9 52507.8
internal_count=1185478 613758 571720 446518 419063 273446 152657 21266 131391 145617 33032 16749 242281 210158
is_linear=0
shrinkage=0.02


Tree=34
num_leaves=15
num_cat=0
split_feature=45 53 57 57 30 37 47 3 25 21 9 34 17 9
split_gain=561.957 296.062 166.867 165.965 139.1 170.139 153.675 172.616 143.254 129.686 135.454 139.53 115.039 114.987
threshold=-0.85246581406233413 0.47219674595563493 6.5000000000000009 7.5000000000000009 0.10816082260754674 8.7241442924682193 0.35206144883412571 -0.0059215560112205971 -8.4999999999999982 0.34388564781773207 3.9358603787671531e-05 45.69286760872253 1.6119788368434147 -0.0038364378841134472
decision_type=2 2 2 2 2 2 2 2 2 2 2 2 2 2
left_child=4 2 -2 -3 5 8 7 -7 -1 13 11 -11 -10 -6
right_child=1 3 -4 -5 9 6 -8 -9 12 10 -12 -13 -14 -15
leaf_value=-0.017825951301762368 -0.00064345827962831732 -0.0004381165405666244 0.00091460005344553457 -0.0019501080416611419 0.0093673815536370469 -0.0099064991123034782 0.0061221586781979222 0.0023141545330056675 0.0011051564405133395 0.019707926585739097 0.025469247898817472 -0.0050555323471942904 -0.0019644010362462432 0.0031265031230239882
leaf_weight=162.24997682869434 48372.131620571017 57725.90564596653 63696.21562564373 58435.745801091194 2175.643835708499 475.863849401474 4593.6672116965055 12067.231621876359 38806.720369115472 94.590981066226959 66.195449709892273 1061.3470710217953 5582.0853352844715 2592.7783179432154
leaf_count=650 193574 231034 254908 233878 8718 1905 18402 48331 155388 379 265 4250 22347 10385
internal_value=-1.6656e-05 -0.000491275 0.000242096 -0.00119878 0.00158381 0.00130102 0.00299427 0.00184676 0.000649437 0.00449232 -0.00131601 -0.00295297 0.000718968 0.0059808
internal_weight=295908 228230 112068 116162 67678.4 61687.8 17136.8 12543.1 44551.1 5990.56 1222.13 1155.94 44388.8 4768.42
internal_count=1184414 913394 448482 464912 271020 247023 68638 50236 178385 23997 4894 4629 177735 19103
is_linear=0
shrinkage=0.02


Tree=35
num_leaves=15
num_cat=0
split_feature=33 53 57 53 55 20 34 51 21 46 4 19 33 28
split_gain=550.784 240.378 154.446 152.874 150.634 171.01 125.421 120.738 119.397 126.177 116.632 110.63 156.472 104.697
threshold=46.115727023147407 0.6158382202140571 7.5000000000000009 0.47730281125654755 0.24868436373015443 0.38017690647899438 59.225693830835326 -0.88293393444375379 0.25672244694202956 -0.9103761370219875 4.7563532616285676e-05 1.3091838794477657 68.644429623904387 -1.8930450193464139
decision_type=2 2 2 2 2 2 2 2 2 2 2 2 2 2
left_child=3 4 -3 -1 5 7 -6 -2 9 -7 13 12 -11 -9
right_child=1 2 -4 -5 6 8 -8 10 -10 11 -12 -13 -14 -15
leaf_value=0.0019072689992960295 0.0041815450287397641 -0.00065888855901593938 -0.0024944507670131288 0.00043768794919576021 0.0019849790191525485 0.0026903409337889913 -0.00045448955042741044 0.0082056823062846545 -0.0038365194229788213 -0.0010665809408932272 0.00091824293946958209 0.0031300205267228071 -0.0055359884601972461 -0.0015292915571444906
leaf_weight=51357.07907256484 2890.1205538064241 37446.308087170124 35932.516546830535 63107.93238453567 20936.868473723531 3205.4328651726246 14107.809385463595 448.84451618790627 7900.8550522178411 14313.216854870319 21949.735912561417 1811.2915958613157 4007.6945519894361 16910.709002047777
leaf_count=205728 11566 149891 143840 252560 83775 12825 56457 1796 31619 57273 87829 7248 16042 67663
internal_value=1.02786e-05 -0.000673787 -0.00155784 0.0010971 -7.5756e-05 -0.000590576 0.00100301 0.000239807 -0.00171218 -0.000992329 -5.04948e-05 -0.0015792 -0.00204551 -0.0012753
internal_weight=296326 181861 73378.8 114465 108483 73437.9 35044.7 42199.4 31238.5 23337.6 39309.3 20132.2 18320.9 17359.6
internal_count=1186112 727824 293731 458288 434093 293861 140232 168854 125007 93388 157288 80563 73315 69459
is_linear=0
shrinkage=0.02


Tree=36
num_leaves=15
num_cat=0
split_feature=0 45 38 47 1 39 28 17 34 42 37 56 1 29
split_gain=520.183 249.383 244.955 202.683 187.986 146.915 212.748 145.69 189.247 153.949 145.223 144.809 144.784 141.454
threshold=7.7916749173661547e-05 -0.85246581406233413 3.4883399939117399 0.41248606129204557 0.0012664414579428831 -0.69148294359838725 -0.63516848438633355 1.451796862183327 44.104859986603444 0.52657245298405853 1.0268417523858073 0.46692393293438478 -0.0010650272840465921 11.02842987692501
decision_type=2 2 2 2 2 2 2 2 2 2 2 2 2 2
left_child=1 7 5 12 11 6 -2 -1 -9 -10 -5 -3 -4 -6
right_child=2 4 3 10 13 -7 -8 8 9 -11 -12 -13 -14 -15
leaf_value=0.0024319621832203635 0.0063626309804082374 0.00031224067745021559 0.00097465148337061685 -0.0055684055763652943 -0.001232346273823998 3.8815637824854519e-06 -0.0021805505121145585 -0.0016780216205959124 0.012189185928935727 -0.0095539081738223435 -0.0020344548123664139 0.0024352275208216509 -0.0012229242979374237 0.013220070332196734
leaf_weight=42164.465057224035 3584.5020846277475 57419.639758914709 15613.762810632586 5442.1953326016665 29306.90753275156 32793.514245063066 1723.8452061712742 6827.4415964782238 707.18418352305889 155.47981612384319 31951.543722644448 16553.317546084523 51649.286190211773 268.44795852899551
leaf_count=168926 14342 229756 62477 21804 117274 131215 6898 27346 2833 623 127907 66274 206736 1074
internal_value=-3.82083e-07 0.000808195 -0.000869245 -0.0013691 0.000248627 0.000503745 0.00358886 0.00197028 -0.000561038 0.00823791 -0.00254945 0.000787445 -0.000712767 -0.00109895
internal_weight=296162 153403 142759 104657 103548 38101.9 5308.35 49854.6 7690.11 862.664 37393.7 73973 67263 29575.4
internal_count=1185485 614106 571379 418924 414378 152455 21240 199728 30802 3456 149711 296030 269213 118348
is_linear=0
shrinkage=0.02


Tree=37
num_leaves=15
num_cat=0
split_feature=20 8 38 53 47 39 28 5 29 3 42 47 13 43
split_gain=498.429 259.652 216.647 182.206 182.018 156.924 185.339 177.084 140.125 138.416 132.421 160.221 131.793 177.484
threshold=0.048669017590447207 -0.0027357156618628177 3.4883399939117399 0.45722768960534005 0.44228869021900119 -0.69148294359838725 -0.63516848438633355 -0.00039789351204489294 -0.24569142887472498 0.0066885134737337329 0.39186615333543057 -0.99465189230620676 0.0014032432189730979 0.11371575584078593
decision_type=2 2 2 2 2 2 2 2 2 2 2 2 2 2
left_child=1 10 5 -3 12 6 -2 -7 -6 -10 11 -1 -4 -14
right_child=2 3 4 -5 8 7 -8 -9 9 -11 -12 -13 13 -15
leaf_value=-0.026262485030259138 0.0062013649636168998 0.0011650208487707515 -0.0017229071565517124 -0.00045941488011616279 -0.00047868383407811347 0.0014332063122284384 -0.0017321859161379281 -0.0015221401389802494 -0.0033850344639284108 0.010969135060355135 0.0018687363346851238 0.0078126937208108007 0.0011592414854192854 -0.0015913446015722837
leaf_weight=51.887760251760483 3610.3037450760603 51045.314094379544 29323.647873491049 60172.940342023969 10257.469763800502 15872.724375203252 1744.3128412365913 16572.430371314287 25910.705961376429 266.78951781988144 39882.545071333647 2116.8334560990334 23298.224091693759 15704.332260385156
leaf_count=208 14446 204360 117383 240777 41062 63511 6980 66310 103752 1068 159761 8486 93233 62857
internal_value=6.45479e-07 0.000792373 -0.000850551 0.000286164 -0.00131886 0.000447366 0.00361774 -7.63361e-05 -0.0024604 -0.00323668 0.00213101 0.00693889 -0.000710004 5.16593e-05
internal_weight=295830 153270 142561 111218 104761 37799.8 5354.62 32445.2 36435 26177.5 42051.3 2168.72 68326.2 39002.6
internal_count=1184194 613592 570602 445137 419355 151247 21426 129821 145882 104820 168455 8694 273473 156090
is_linear=0
shrinkage=0.02


Tree=38
num_leaves=15
num_cat=0
split_feature=0 45 1 53 30 11 1 44 10 31 47 11 1 31
split_gain=468.239 228.439 195.165 189.447 173.146 160.949 149.805 145.21 145.264 145.135 140.075 133.048 175.748 152.102
threshold=7.7916749173661547e-05 -0.85246581406233413 -0.0012558637551852274 0.63034206419178107 0.12838072688723398 0.0086062541890096992 0.00074370225904242299 4.1683549191829199 -0.0056091823242893253 0.82978981499608229 0.35206144883412571 0.0079353727432082272 0.0033142727196148335 0.2060946656794678
decision_type=2 2 2 2 2 2 2 2 2 2 2 2 2 2
left_child=1 -1 -2 6 5 -4 -3 8 -6 -9 11 12 -10 -13
right_child=2 3 4 -5 7 -7 -8 9 10 -11 -12 13 -14 -15
leaf_value=0.0018961976437445794 0.00050830743239977879 0.0018140869792199275 -0.00063792498729747554 -0.00075421194933191036 0.016087224295551129 0.0054618344397191609 -0.00021790898982926529 -0.000913866049929179 -0.0022606567628959051 0.013813807970326494 -0.0036128744039835244 0.012337788292031906 -0.013428188237831835 -0.00039661231567293226
leaf_weight=49797.950199082494 34244.019327223301 35261.158923223615 53674.432440817356 43654.216021090746 168.42018008232117 1782.9683975726366 24658.819454446435 650.21128344535828 17222.191425427794 449.21724829077721 19103.875177174807 380.06358207762241 578.0491419583559 14608.825108617544
leaf_count=199528 137031 141157 214791 174657 674 7135 98678 2603 68955 1798 76524 1521 2314 58478
internal_value=1.56928e-05 0.000783098 -0.000808166 0.00024786 -0.00122321 -0.000441342 0.000977913 -0.00203875 -0.0021908 0.00513903 -0.00225167 -0.00145816 -0.00262698 -6.97077e-05
internal_weight=296234 153372 142862 103574 108618 55457.4 59920 53160.9 52061.4 1099.43 51893 32789.1 17800.2 14988.9
internal_count=1185844 614020 571824 414492 434793 221926 239835 212867 208466 4401 207792 131268 71269 59999
is_linear=0
shrinkage=0.02


Tree=39
num_leaves=15
num_cat=0
split_feature=20 8 5 47 31 1 23 6 37 33 7 7 7 44
split_gain=464.124 240.989 174.93 141.168 183.888 142.417 140.584 150.919 139.812 142.611 139.1 172.15 200.178 173.009
threshold=0.048669017590447207 -0.0027357156618628177 -0.0012806887973447827 0.88144907265856365 -0.0063091563458907455 -0.00050645522909997516 0.46397555883127345 0.00025594297392829039 4.1413612417955674 70.862497132206627 0.0022460784264585177 0.00076372035333059608 0.00036622600658981158 -0.22169454294055174
decision_type=2 2 2 2 2 2 2 2 2 2 2 2 2 2
left_child=1 -1 -2 5 -5 -4 7 -7 -3 10 11 12 13 -10
right_child=2 8 3 4 -6 6 -8 -9 9 -11 -12 -13 -14 -15
leaf_value=0.0020253782399686565 0.00048199303309425656 -0.00056286271318031745 7.497292535762966e-05 -0.00060502025107348921 -0.0047790452939480352 0.0049739895937981875 -0.0018079501023945653 -0.0024079062666897385 0.0016038541497486018 -0.008101044537222454 0.0042575890213966605 -0.0014211231047224079 0.0044994872385911459 -0.0012872238248906192
leaf_weight=42144.701110556722 30967.514026522636 48090.914344459772 36000.805813193321 7706.9345851242542 9335.6449323445559 2618.4930426329374 53965.489183887839 1913.4789620786905 27028.014147952199 696.16413390636444 4749.5245978832245 12104.886125221848 6536.8320491164923 11930.66594517231
leaf_count=168853 123933 192454 144069 30846 37401 10480 216034 7659 108192 2786 19009 48452 26167 47768
internal_value=-2.61828e-05 0.000737694 -0.000847805 -0.00121701 -0.00289221 -0.000914749 -0.0015238 0.001858 0.000249317 0.000868836 0.00096963 0.00069817 0.00126214 0.000718442
internal_weight=295790 153282 142508 111541 17042.6 94498.3 58497.5 4531.97 111137 63046.1 62349.9 57600.4 45495.5 38958.7
internal_count=1184103 613681 570422 446489 68247 378242 234173 18139 444828 252374 249588 230579 182127 155960
is_linear=0
shrinkage=0.02


Tree=40
num_leaves=15
num_cat=0
split_feature=27 53 53 17 40 52 43 52 42 6 32 57 35 44
split_gain=462.712 199.418 167.558 144.269 138.597 134.7 117.263 116.256 104.652 102.196 104.806 97.5129 95.3829 94.8673
threshold=0.10557251848122058 0.47219674595563493 0.54975057156149698 1.5213589364032629 1.0348878102758123 0.55011940610713428 -0.16702515088291883 0.32945633139774938 0.45604227379076723 -0.0028627324319085087 0.29241277295695395 6.5000000000000009 0.12685055417708127 -0.83780126203253225
decision_type=2 2 2 2 2 2 2 2 2 2 2 2 2 2
left_child=2 7 3 5 -5 -1 9 -2 12 10 -3 -8 -4 -14
right_child=1 6 8 4 -6 -7 11 -9 -10 -11 -12 -13 13 -15
leaf_value=0.00084182021330586403 -0.0015769856240367018 0.01555083848149387 0.0012973148270075106 0.0060446294560946509 -0.00197560403218502 0.0026103002394592583 -0.00092985345615836414 0.00037230915536935847 -0.00044247209200496275 0.00017651342602565713 -0.014185358923507745 -0.0025256476294482173 0.0055716885356936674 -0.011446225031826431
leaf_weight=33707.196296915412 15609.989870026708 302.94049203395844 26405.837211698294 971.05365182459354 7368.3726097345352 35247.399710804224 26757.6296749264 56589.642128556967 47956.467227607965 8447.5764075964689 51.993370249867439 35845.320111304522 180.73561315238476 448.43912406265736
leaf_count=134957 62468 1212 105697 3888 29509 141235 107150 226449 191892 33799 208 143554 723 1794
internal_value=2.40151e-05 -0.00079042 0.000792027 0.00144545 -0.00103866 0.00174593 -0.00153981 -4.922e-05 0.000118489 0.000621317 0.0110583 -0.00184371 0.00111346 -0.0065523
internal_weight=295891 143605 152286 77294 8339.43 68954.6 71405.5 72199.6 74991.5 8802.51 354.934 62602.9 27035 629.175
internal_count=1184535 574840 609695 309589 33397 276192 285923 288917 300106 35219 1420 250704 108214 2517
is_linear=0
shrinkage=0.02


Tree=41
num_leaves=15
num_cat=0
split_feature=26 53 53 58 37 21 5 4 18 4 19 41 0 1
split_gain=446.389 199.453 171.792 140.232 116.433 101.586 95.2409 90.8995 86.7447 96.6346 104.784 115.279 86.4313 130.265
threshold=-0.067375758749754197 0.47730281125654755 0.64567511917126108 0.50000000000000011 2.3288381372415019 0.41883509014595749 -0.0003349486057400844 0.0059403745602593754 0.0027382474862132967 -0.0013758848079109688 0.64794834280575364 0.6388884329572585 0.00012535172460348702 0.00097451398024878371
decision_type=2 2 2 2 2 2 2 2 2 2 2 2 2 2
left_child=1 -1 6 -4 5 -3 -2 12 -6 10 11 -10 13 -8
right_child=2 4 3 -5 8 -7 7 -9 9 -11 -12 -13 -14 -15
leaf_value=0.0017049340221802936 0.0005844590588929057 -0.0043452203175599466 -0.00061756242680060093 -0.0025189869828337657 -0.00039011804693174821 0.0028556038133318042 0.001626916423513159 0.0044618417935006534 -0.00056147929074063007 0.0018134703882209794 0.0069539970263768833 -0.015058705550317882 -0.0013457275333063113 -0.001437718186855037
leaf_weight=59695.339473813772 38043.180476367474 3809.4009944796562 31914.288272306323 30195.834613248706 32392.355552494526 982.54900799691677 11971.269639447331 1341.3526076674461 11447.875390991569 22883.305734589696 728.42330871522427 218.70484517514706 40111.559599339962 10331.122201085091
leaf_count=239183 152236 15240 127777 120915 129635 3931 47897 5367 45822 91599 2914 875 160548 41333
internal_value=-1.58902e-05 0.000848954 -0.00071321 -0.0015421 0.00014372 -0.00286731 -0.000207431 -0.000679965 0.000357136 0.00104322 -0.000378954 -0.000839583 -0.000790818 0.000207284
internal_weight=296067 132158 163909 62110.1 72462.6 4791.95 101798 63755.3 67670.7 35278.3 12395 11666.6 62414 22302.4
internal_count=1185272 529199 656073 248692 290016 19171 407381 255145 270845 141210 49611 46697 249778 89230
is_linear=0
shrinkage=0.02


Tree=42
num_leaves=15
num_cat=0
split_feature=45 0 33 53 42 18 49 45 0 37 30 30 17 33
split_gain=408.344 216.835 230.596 204.356 161.128 146.295 129.077 126.11 149.255 120.42 121.406 191.431 186.173 131.9
threshold=0.12230183107722147 6.2432638671144645e-05 56.17447968413186 0.40673186644348108 0.42024634659022014 0.002674304422358954 1.0000000180025095e-35 -0.5031715565778544 -0.00054596300293775009 2.2958663979378051 0.063909384423990648 -0.037234647468580712 1.451796862183327 31.321352715375181
decision_type=2 2 2 2 2 2 2 2 2 2 2 2 2 2
left_child=1 2 4 -2 6 -3 7 -1 -9 -6 11 12 -11 -12
right_child=3 5 -4 -5 9 -7 -8 8 -10 10 13 -13 -14 -15
leaf_value=0.0061190384158431666 7.4715935335036872e-05 -0.0014136630569560938 0.014154350287212765 -0.0014436364294759354 -0.0019560281396802199 0.00064728164058062965 0.00093794549326026643 -0.0055233094012173767 0.0065149925157941728 0.0015044921232853317 0.012608420648630075 -0.0029143060983119516 -0.0018588483572261627 0.0022398445777931718
leaf_weight=6443.3054730296135 65246.189277306199 24531.028261110187 550.60977752506733 77654.29589523375 5513.5427778959274 31414.209901660681 5757.2598217427731 904.89789408445358 747.80166921019554 46036.308101788163 500.01043058931828 5432.7728489935398 7677.1480173617601 17764.676337122917
leaf_count=25830 261095 98156 2203 310948 22064 125700 23073 3623 2993 184406 2005 21756 30746 71137
internal_value=1.86912e-05 0.000735735 0.00130604 -0.000750401 0.00123221 -0.000256453 0.00322847 0.00485573 -7.30834e-05 0.000898544 0.00110197 0.000661719 0.00102365 0.00252707
internal_weight=296174 153274 97328.3 142900 96777.7 55945.2 13853.3 8096.01 1652.7 82924.5 77410.9 59146.2 53713.5 18264.7
internal_count=1185735 613692 389836 572043 387633 223856 55519 32446 6616 332114 310050 236908 215152 73142
is_linear=0
shrinkage=0.02


Tree=43
num_leaves=15
num_cat=0
split_feature=27 17 51 50 9 2 30 40 56 41 32 47 16 46
split_gain=417.649 173.161 183.324 169.413 160.706 159.673 146.539 212.194 140.068 139.466 153.66 127.261 153.516 118.66
threshold=0.10557251848122058 1.451796862183327 -0.17430422476467153 -0.0016474680309510809 -0.0036681768064885912 0.0029941823735276829 0.38018415791944982 1.5354102536380034 0.074065201045202742 0.40046129415736764 0.12278996421724685 0.97335555334614943 0.0043967295847994331 0.68322629814330826
decision_type=2 2 2 2 2 2 2 2 2 2 2 2 2 2
left_child=1 2 -1 -2 9 6 8 -8 -3 10 -4 -5 -13 -7
right_child=3 5 4 11 -6 13 7 -9 -10 -11 -12 12 -14 -15
leaf_value=0.0020969966740140731 0.0012890147668357696 0.0030914232001003177 0.0040818985110037103 -0.00082755789733892228 -9.4352320337343708e-05 -0.0044008786321077902 -0.00543346854098644 0.018480569777342384 -0.0016172887903161271 0.00080696637557312381 -0.018680665603979883 -0.0027792893745559838 -0.016457108152759335 -0.019694279793709382
leaf_weight=41316.284386962652 14389.233021497726 3126.7440851181746 8840.2568342685699 120138.40419669449 61558.943255886436 2224.1668839007616 240.12423092126846 375.94357892870903 13082.639511197805 21440.133386954665 115.37975266575813 8563.725618943572 336.62048371136189 219.13163006305695
leaf_count=165550 57577 12514 35428 480942 246348 8903 962 1507 52376 85840 462 34305 1348 877
internal_value=5.72551e-06 0.00073423 0.000990456 -0.000769058 0.000493188 -0.00103774 -0.000343233 0.00919091 -0.000708318 0.00168292 0.00377838 -0.000998597 -0.00330555 -0.00580991
internal_weight=295968 152540 133271 143428 91954.7 19268.7 16825.5 616.068 16209.4 30395.8 8955.64 129039 8900.35 2443.3
internal_count=1184939 610767 533628 574172 368078 77139 67359 2469 64890 121730 35890 516595 35653 9780
is_linear=0
shrinkage=0.02


Tree=44
num_leaves=15
num_cat=0
split_feature=33 53 52 53 48 57 55 2 2 40 20 42 28 6
split_gain=430.934 191.703 159.393 135.624 119.938 111.876 108.951 88.6982 97.6564 84.3852 101.169 81.8349 80.8737 78.5977
threshold=57.095794831933055 0.6158382202140571 0.54658211063456019 0.32430951173436057 -1.0000000180025095e-35 6.5000000000000009 0.36320497119226614 0.0023521902410156953 -0.0028584280492101647 2.8708719430891367 0.7237713689204246 0.44967611009201958 2.153972870516601 0.0038116688041045696
decision_type=2 2 2 2 2 2 2 2 2 2 2 2 2 2
left_child=1 2 -1 6 -5 -3 7 8 12 -4 -11 -7 13 -2
right_child=3 5 9 4 -6 11 -8 -9 -10 10 -12 -13 -14 -15
leaf_value=0.0003352703345343324 0.0036738397888232133 0.00067658480846333028 0.00203524917499077 -0.0027200967764506871 -0.00090689788541755138 0.00051873410594689728 0.0020203818022831031 0.0017258198313875892 -0.0013157386118776879 -0.00070451516023612066 -0.017511680059592916 -0.0012976821088526154 0.011292754853682576 -0.015069610046443072
leaf_weight=53271.498002395034 432.67563527822495 37323.783094346523 53027.669891148806 24795.962640509009 35470.673166021705 13882.718969464302 7472.6176340132952 5297.9794158041477 27367.662237286568 2325.4821143597364 147.70140904188156 34743.820263519883 448.63951651751995 107.4899617433548
leaf_count=213262 1731 149367 212443 99343 142060 55574 29900 21197 109524 9318 591 139031 1795 430
internal_value=8.42272e-06 0.000558976 0.00111678 -0.00104887 -0.00165308 -0.000146969 -0.000163377 -0.000648486 -0.00109232 0.00186681 -0.00174157 -0.000779101 0.005067 -0.000160006
internal_weight=296116 194723 108772 101394 60266.6 85950.3 41127.1 33654.4 28356.5 55500.9 2473.18 48626.5 988.805 540.166
internal_count=1185566 779586 435614 405980 241403 343972 164577 134677 113480 222352 9909 194605 3956 2161
is_linear=0
shrinkage=0.02


Tree=45
num_leaves=15
num_cat=0
split_feature=0 42 2 8 12 36 38 47 5 37 43 7 5 48
split_gain=465.662 202.414 192.559 163.62 168.997 175.374 161.508 163.514 146.48 138.029 174.164 174.142 138.279 133.807
threshold=7.7916749173661547e-05 0.42024634659022014 -0.0036609158979896881 -0.0027357156618628177 -0.0009002160100719472 0.058161777939016522 3.9471151154481992 0.44228869021900119 -0.0018982065050148205 1.1053651666411797 0.1110287643932855 -0.0011939807489022075 -0.0038222929300304582 -0.8783796973249266
decision_type=2 2 2 2 2 2 2 2 2 2 2 2 2 2
left_child=1 8 -2 -3 -5 -6 -4 -8 -1 -9 12 -12 -11 -10
right_child=2 3 6 4 5 -7 7 9 13 10 11 -13 -14 -15
leaf_value=0.0080156691046109202 0.0023190611430881102 0.0016650690434530486 5.1373653073817875e-05 0.0010482829842266205 -0.00070311718494382323 0.011757739600118298 -0.00085294812541255281 -0.0054847191337897075 0.005791868294592971 0.0069312393376064624 0.0063652234801182045 -0.0010157893595573069 -0.0033281834710425845 0.0011272655871475395
leaf_weight=1945.8974395692348 7363.990894317627 36052.196557581425 40785.102825656533 42908.636798009276 57788.486651644111 450.35446351766586 62169.495046108961 5517.9504244029522 3162.7216515392065 536.20868681371212 1604.5179563313723 6214.1686670482159 18630.536206156015 11024.553088903427
leaf_count=7804 29469 144466 163215 171768 231300 1802 248882 22125 12672 2146 6426 24895 74600 44180
internal_value=-7.8428e-06 0.000757541 -0.000829552 0.000508304 9.59342e-05 -0.000605758 -0.0010008 -0.00145406 0.00287629 -0.0026035 -0.00201344 0.000502011 -0.00303943 0.0021688
internal_weight=296155 153333 142822 137200 101147 58238.8 135458 94672.9 16133.2 32503.4 26985.4 7818.69 19166.7 14187.3
internal_count=1185750 613992 571758 549336 404870 233102 542289 379074 64656 130192 108067 31321 76746 56852
is_linear=0
shrinkage=0.02


Tree=46
num_leaves=15
num_cat=0
split_feature=0 8 38 47 5 49 11 29 31 43 28 11 45 20
split_gain=396.988 214.184 196.857 199.592 171.213 158.484 157.436 159.101 176.422 139.72 165.188 163.62 123.818 146.634
threshold=7.7916749173661547e-05 -0.0027357156618628177 6.6070887230890554 0.44228869021900119 -0.0004281660948297105 1.0000000180025095e-35 0.017707657976454464 -2.6868668266281688 0.24675468956376737 0.043273789668967312 -1.921895074017496 -0.0048237342030398268 -1.9532525801700327 -0.79548606075528483
decision_type=2 2 2 2 2 2 2 2 2 2 2 2 2 2
left_child=1 -1 4 6 -2 9 -4 -8 -9 -3 -11 -12 13 -7
right_child=2 5 3 -5 -6 12 7 8 -10 10 11 -13 -14 -15
leaf_value=0.0019327822286282356 0.00096858798262001392 0.0013036802025102974 -0.0013934029244313619 -0.003303185335300985 -0.00089241935086194538 0.0040257455584359267 -0.018078018278106744 0.034006448383220762 0.001972314913196104 0.0057463408506571428 -0.0085836632833492348 -0.0010494476700718311 -0.00045274588246198988 -0.011160130336661056
leaf_weight=41726.683819055557 34196.149278074503 54031.373168215156 35333.860132962465 19130.293726503849 46872.917556241155 352.66629859805107 151.87245486676693 64.475885853171349 6998.90752376616 1172.4034122228622 1363.911832049489 7322.0470318347216 46406.186141774058 887.63626262545586
leaf_count=167245 136862 216298 141465 76645 187626 1413 608 258 28015 4695 5459 29305 185760 3556
internal_value=3.64833e-06 0.000710494 -0.00075526 -0.0016067 -0.000107407 0.00025316 -0.000843648 0.00184766 0.00228858 0.000904179 -0.00128494 -0.00223676 -0.000619803 -0.00684337
internal_weight=296011 153263 142748 61679.4 81069.1 111536 42549.1 7215.26 7063.38 63889.7 9858.36 8685.96 47646.5 1240.3
internal_count=1185210 613731 571479 246991 324488 446486 170346 28881 28273 255757 39459 34764 190729 4969
is_linear=0
shrinkage=0.02


Tree=47
num_leaves=15
num_cat=0
split_feature=33 51 5 8 7 3 20 42 44 8 31 19 51 19
split_gain=367.982 189.611 146.83 124.373 115.76 132.108 113.75 128.194 120.158 112.04 163.836 138.309 108.62 113.187
threshold=57.095794831933055 -0.3413011249473592 -0.0016352067732998546 -0.0026869517642888309 0.0008369937690776456 0.0042409803674200554 0.078406331353891842 0.43775989661706743 0.98936716795245272 0.016119878991453132 0.84382882259660963 0.29829301216066223 0.34418412347838406 -0.044707360359181054
decision_type=2 2 2 2 2 2 2 2 2 2 2 2 2 2
left_child=1 -1 4 -2 -3 -6 7 -4 -8 12 11 -11 13 -5
right_child=3 2 6 9 5 -7 8 -9 -10 10 -12 -13 -14 -15
leaf_value=0.0017946649984007109 0.0047425791405682014 0.00058303859476723104 0.0018810231286505818 0.0004435805395962627 0.0036962617735107599 -0.0068516904856997865 -0.00058337963293069578 -5.7225154087011009e-05 -0.0042681203940391019 -0.013184252687065488 0.0093057322646473688 0.0025122853456834337 -0.0025419513354782769 -0.0012820630490149563
leaf_weight=37411.34336450696 1496.2222917377949 20574.496980264783 17286.398184761405 20514.509496793151 9757.554562240839 494.74653831124306 40681.704243168235 64799.74497038126 3872.6794621348381 304.05623061954975 1008.1376525461674 817.01151709258556 18372.572536855936 58702.003390192986
leaf_count=149927 5988 82369 69251 82084 39060 1980 162780 259402 15494 1217 4034 3270 73626 235084
internal_value=6.75228e-06 0.000514872 0.000210769 -0.00097156 0.00144849 0.00318416 -9.05609e-05 0.000351037 -0.000904101 -0.00105753 0.00347597 -0.00178457 -0.00115662 -0.000835177
internal_weight=296093 194879 157467 101215 30826.8 10252.3 126641 82086.1 44554.4 99718.3 2129.21 1121.07 97589.1 79216.5
internal_count=1185566 780263 630336 405303 123409 41040 506927 328653 178274 399315 8521 4487 390794 317168
is_linear=0
shrinkage=0.02


Tree=48
num_leaves=15
num_cat=0
split_feature=45 53 57 52 10 39 18 42 1 17 34 43 30 23
split_gain=374.719 232.279 189.595 137.475 125.376 118.051 173.762 125.726 124.584 130.661 109.132 121.182 114.541 109.091
threshold=-0.8083310600759902 0.6158382202140571 6.5000000000000009 0.4953423374864861 0.0015309482226608725 -0.018465466636946752 0.0046182424728206601 0.44896825170638127 -0.009800423235558341 1.8400573366810873 59.680306045194378 -0.46551191877799203 -0.80436354023301415 0.6102261460602717
decision_type=2 2 2 2 2 2 2 2 2 2 2 2 2 2
left_child=4 3 -3 -2 5 6 -1 -7 9 -9 11 -5 -13 -10
right_child=1 2 -4 10 -6 7 -8 8 13 -11 -12 12 -14 -15
leaf_value=0.0014385049420563871 -0.00060116915926160957 -0.00015163011797000116 -0.0019771962373679114 0.0073090369076988914 0.0055635396562289151 0.0018325359627302182 0.0061628347426001522 -0.0013669211176497741 -0.0086880862906287132 0.01719577541069001 -0.00044222041146174245 -0.0031465056539887815 0.0012734341185216805 -0.0006939796308930565
leaf_weight=31763.85801255703 57918.752027630806 40536.881646052003 51875.808636248112 1266.4012887477875 2601.8363079428673 12445.626767784357 3448.5391020774841 292.36024557054043 702.54928620159626 308.68681772053242 23166.723468706012 2461.8189908713102 47698.651915177703 19594.667179450393
leaf_count=127251 231820 162285 207710 5073 10432 49895 13817 1171 2813 1236 92734 9855 190961 78507
internal_value=-6.67121e-06 -0.000406867 -0.00117646 0.000129865 0.00125825 0.00109447 0.00190199 0.000241532 -0.000706177 0.00822976 0.000697484 0.00121089 0.00105622 -0.000972752
internal_weight=296083 224925 92412.7 132512 71158.1 68556.3 35212.4 33343.9 20898.3 601.047 74593.6 51426.9 50160.5 20297.2
internal_count=1185560 900438 369995 530443 285122 274690 141068 133622 83727 2407 298623 205889 200816 81320
is_linear=0
shrinkage=0.02


Tree=49
num_leaves=15
num_cat=0
split_feature=33 5 21 20 11 40 8 17 44 3 21 10 37 42
split_gain=355.666 150.141 165.406 145.851 141.044 138.292 129.199 122.455 120.893 145.086 139.869 123.023 124.803 120.751
threshold=57.095794831933055 -0.0012806887973447827 0.57765442529557831 0.078406331353891842 0.024498326238050875 1.4507667412802816 -0.0037555069401804032 2.7028404062229896 0.98936716795245272 0.0023388571938642057 0.52698053795610711 -0.0064484349415050244 2.4246975922467637 0.43775989661706743
decision_type=2 2 2 2 2 2 2 2 2 2 2 2 2 2
left_child=1 2 6 13 7 -4 -1 -2 9 -5 -10 -11 -13 -3
right_child=4 3 5 8 -6 -7 -8 -9 10 11 -12 12 -14 -15
leaf_value=0.0038423611744900035 -0.0012322153379985404 0.0020370431181344997 -0.00028055854421165602 -0.00061248706840154137 0.0014244556103325159 -0.0086309987955027565 0.0012551675514762438 0.012109871135108037 -0.0048795587504522299 -0.0019957195679414881 0.0064152401441575913 -0.0026391354426834822 0.011355396927159559 0.00028241944212312078
leaf_weight=10018.816629394889 91915.587570175529 19790.716591715813 3534.9151919037104 44304.82292445004 9043.4506047964096 1017.9848340451717 33647.315825968981 271.02836310863495 4252.6552198529243 724.29326540231705 484.58956059813499 329.84059950709343 1092.6500753313303 75627.137852475047
leaf_count=40160 368099 79318 14150 177288 36206 4076 134699 1085 17016 2898 1939 1320 4372 302853
internal_value=3.15369e-06 0.000502836 0.00147088 0.000184405 -0.000958504 -0.00215506 0.00184915 -0.00119233 -0.000676814 -0.000366236 -0.00371863 0.00470544 0.00811253 0.000646435
internal_weight=296056 194826 48219 146607 101230 4552.9 43666.1 92186.6 51188.9 46451.6 4737.24 2146.78 1422.49 95417.9
internal_count=1185479 780089 193085 587004 405390 18226 174859 369184 204833 185878 18955 8590 5692 382171
is_linear=0
shrinkage=0.02


Tree=50
num_leaves=15
num_cat=0
split_feature=45 53 19 5 33 16 37 54 20 53 8 26 55 41
split_gain=338.271 175.981 166.41 254.704 189.244 158.752 148.779 159.505 139.026 136.2 127.19 117.386 112.226 103.362
threshold=0.12230183107722147 0.40673186644348108 0.21654220849804703 -0.0032754221988359872 56.17447968413186 0.0052230818000995613 2.3288381372415019 0.4932880265037094 0.20764771865641599 0.46718638105420668 0.007356523187513452 0.43024011362454911 0.36320497119226614 0.28350823386402529
decision_type=2 2 2 2 2 2 2 2 2 2 2 2 2 2
left_child=2 12 4 5 6 10 7 -1 -5 13 -4 -10 -2 -8
right_child=1 -3 3 8 -6 -7 9 -9 11 -11 -12 -13 -14 -15
leaf_value=-0.0061438049059191306 -0.00032277606789431852 -0.0013488760607176476 0.0042563364940802501 -0.0095662669225176893 0.010286567826945498 0.01985592074549385 0.0056064408850445046 0.00017137589610342674 -0.00059985942918529907 0.00051838439387029921 -0.013132895548219845 -0.0069558310979072726 0.0018564130833752988 0.0017202514470233282
leaf_weight=2294.2646358013153 53726.289888337255 77613.194575801492 3305.3253085613251 737.95235039293766 872.2760371863842 246.0784208625555 2917.3452509790659 5257.8485527634621 33323.043580263853 59190.342740803957 172.46761633455753 1199.3762899339199 11465.973694309592 43624.650666743517
leaf_count=9181 215023 310866 13227 2953 3491 985 11707 21044 133341 236975 690 4801 45883 174902
internal_value=-5.25149e-06 -0.00070545 0.000647692 -0.000480447 0.00103295 0.00449052 0.000961251 -0.00174992 -0.001006 0.00115497 0.00337637 -0.000821654 6.06113e-05 0.00196442
internal_weight=295946 142805 153141 38984.2 114157 3723.87 113284 7552.11 35260.4 105732 3477.79 34522.4 65192.3 46542
internal_count=1185069 571772 613297 155997 457300 14902 453809 30225 141095 423584 13917 138142 260906 186609
is_linear=0
shrinkage=0.02


Tree=51
num_leaves=15
num_cat=0
split_feature=33 53 53 55 19 5 48 2 46 23 17 43 44 35
split_gain=325.988 174.93 145.467 128.055 149.946 121.569 114.696 107.885 91.1131 90.6839 89.9246 85.1457 111.841 89.1316
threshold=57.095794831933055 0.5444806999150309 0.47219674595563493 0.1614304429570301 0.26675400354176787 -0.00088099257021240034 -1.0000000180025095e-35 -0.0028584280492101647 -0.63405362205439475 0.28442392842830844 1.4367170163041045 -0.24235976197654205 0.52577293375346745 -1.1683718421714355
decision_type=2 2 2 2 2 2 2 2 2 2 2 2 2 2
left_child=1 3 7 4 -1 11 -4 -2 -6 -9 -5 -3 13 -13
right_child=2 5 6 10 8 -7 -8 9 -10 -11 -12 12 -14 -15
leaf_value=0.0010405038241219858 0.0049669351831280167 0.0033269493769596519 -0.0028331672078745506 0.0022333556643852372 0.0012061265939913178 -0.00060300546368882073 -0.00087235677877713959 -0.01158031901409998 -0.0024108188807421566 -0.00026415164644590626 -0.00033355774336467288 -0.011475439029682059 -0.0023541895327762515 0.0012157538916974749
leaf_weight=40394.768850699067 1582.6127906292677 4944.8025054037571 20349.062729731202 38701.522621497512 3890.036392480135 65151.042914837599 28857.015751674771 279.87706071138382 9786.7543479055166 50155.11640702188 6353.9763241112232 218.77096469700336 4620.1274869441986 20802.381577268243
leaf_count=161860 6332 19811 81578 155063 15567 260748 115624 1120 39161 200733 25450 877 18491 83253
internal_value=1.67622e-05 0.000495055 -0.00090397 0.00108393 0.000427688 -0.000114697 -0.00168345 -0.000166529 -0.001382 -0.00032809 0.00187136 0.000925371 0.000461679 0.00108098
internal_weight=296088 194864 101224 99127.1 54071.6 95737.1 49206.1 52017.6 13676.8 50435 45055.5 30586.1 25641.3 21021.2
internal_count=1185668 780281 405387 397101 216588 383180 197202 208185 54728 201853 180513 122432 102621 84130
is_linear=0
shrinkage=0.02


Tree=52
num_leaves=15
num_cat=0
split_feature=0 8 49 2 43 47 37 39 29 4 3 24 41 37
split_gain=347.028 163.09 157.622 157.025 144.931 143.376 139.34 130.721 143.096 151.235 159.826 128.457 124.856 114.639
threshold=7.7916749173661547e-05 -0.0027357156618628177 1.0000000180025095e-35 -0.0036609158979896881 0.044932545238399339 -0.58216583101416164 14.095996243186425 -0.69679365030754514 2.1069430537714431 -0.0044324061565506664 0.0047148614970166126 0.75858408893543916 0.64495173190722543 2.2958663979378051
decision_type=2 2 2 2 2 2 2 2 2 2 2 2 2 2
left_child=1 7 4 5 -3 -2 -6 11 9 10 -9 13 -10 -1
right_child=3 2 -4 -5 6 -7 -8 8 12 -11 -12 -13 -14 -15
leaf_value=-0.01362971002787873 -0.0018599794661592745 0.0013328817581810431 -0.00058780962368628123 -0.00084339953538833349 -0.0018619577284864628 0.0040855901935927435 0.0096505029188168126 -0.0057557195399636218 0.0045353948753033037 0.0017642614616055002 0.022672527637460783 0.025237308961112016 -0.02404615124742232 -0.001379922774914673
leaf_weight=338.58020885288715 2401.6101036667824 54274.136238411069 47618.371724456549 135444.74923317134 9152.3932193219662 4979.7637098282576 435.84789852797985 1616.5316437184811 8604.1708461791277 28096.664231836796 78.293592482805252 62.135070100426674 56.690043956041336 2778.9456183761358
leaf_count=1355 9611 217299 190636 542328 36637 19930 1745 6480 34483 112673 314 249 227 11138
internal_value=2.05294e-05 0.000681987 0.000283067 -0.000688567 0.000932423 0.00215118 -0.00133388 0.00175004 0.00207234 0.00141406 -0.00437963 -0.00214472 0.00433455 -0.00273001
internal_weight=295939 153113 111481 142826 63862.4 7381.37 9588.24 41632 38452.4 29791.5 1694.83 3179.66 8660.86 3117.53
internal_count=1185105 613236 446317 571869 255681 29541 38382 166919 154177 119467 6794 12742 34710 12493
is_linear=0
shrinkage=0.02


Tree=53
num_leaves=15
num_cat=0
split_feature=33 53 57 53 19 46 2 1 29 2 40 12 36 19
split_gain=309.551 187.806 133.605 118.907 93.4602 112.74 101.113 97.0325 111.379 92.1505 169.077 115.788 112.356 93.4372
threshold=46.115727023147407 0.6158382202140571 4.5000000000000009 0.47730281125654755 -0.025675113552923321 -0.58216583101416131 -0.0038288305863357812 0.0012664414579428831 -7.4232866314255626 0.0031811606985538933 1.2718342192842229 -0.01826613967322183 0.011948485091951346 -0.18042786019232523
decision_type=2 2 2 2 2 2 2 2 2 2 2 2 2 2
left_child=3 4 -3 -1 7 6 -6 8 -2 -5 -11 13 -13 -12
right_child=1 2 -4 9 5 -7 -8 -9 -10 10 11 12 -14 -15
leaf_value=0.0015424111583829628 0.012223053160868034 3.5520958434431204e-05 -0.0018366271428134936 0.0003834261399933886 0.0073296722603127208 -0.00092610560986303202 0.00052357944572075266 -0.00051895834902744738 0.0014199457372171859 0.002571929318498417 0.0038153014575400585 0.0034518899114314139 -0.019887382303417901 -0.012905854290093699
leaf_weight=51335.727374240756 383.09194964170456 21649.312442913651 51558.312531620264 61045.358060181141 907.26389965415001 49305.861481487751 20380.112060204148 13589.803636357188 23723.406594231725 871.62101721763611 339.6892059892416 99.196823924779892 448.77461493015289 213.69891387224197
leaf_count=205833 1534 86697 206512 244398 3630 197379 81566 54378 94956 3489 1360 397 1796 855
internal_value=1.29125e-05 -0.000500595 -0.00128302 0.000827913 2.83887e-05 -0.000400962 0.000815307 0.000832374 0.00159412 0.000245795 -0.00400282 -0.00919422 -0.0156694 -0.00269956
internal_weight=295851 181497 73207.6 114354 108290 70593.2 21287.4 37696.3 24106.5 63018.3 1972.98 1101.36 547.971 553.388
internal_count=1184780 726652 293209 458128 433443 282575 85196 150868 96490 252295 7897 4408 2193 2215
is_linear=0
shrinkage=0.02


Tree=54
num_leaves=15
num_cat=0
split_feature=20 38 8 49 43 28 39 10 31 10 9 36 6 39
split_gain=275.078 169.801 162.289 142.229 137.515 164.097 136.169 153.879 136.058 144.897 129.792 123.277 119.602 117.552
threshold=0.048669017590447207 3.4883399939117399 -0.0027357156618628177 1.0000000180025095e-35 0.043273789668967312 -1.921895074017496 -0.38470762680525222 0.0064408466809263458 0.63002665256143409 0.0063166400392695781 0.0035063101579491441 0.0023324537945978263 -0.0021883725756220297 -0.69679365030754514
decision_type=2 2 2 2 2 2 2 2 2 2 2 2 2 2
left_child=2 6 13 4 -4 12 -2 11 -7 -10 -11 -8 -6 -1
right_child=1 -3 3 -5 5 8 7 -9 9 10 -12 -13 -14 -15
leaf_value=-0.0020491613075332964 0.0020782936699199916 -0.0010687637739424619 0.0011804227147496418 -0.00066305800626172216 -0.0067606269583040833 -0.0037279006116133179 0.024078758529670403 0.0095108059614180621 0.0084891521954113223 -0.012512918663575259 0.0018308026309208543 -0.00075926102063175792 0.0089660938183558046 0.0019278220889722387
leaf_weight=3215.1390674710274 13791.018074348569 104844.89160211384 53864.239958032966 47484.884978830814 240.92166905105114 6628.5680107474327 75.208669245243073 603.82603904604912 844.71197792887688 347.02730631828308 887.59650647640228 23291.699713483453 915.6077277213335 38859.185513049364
leaf_count=12884 55192 419890 215669 190106 965 26533 301 2417 3381 1389 3553 93211 3668 155827
internal_value=-2.23878e-05 -0.000654604 0.000565777 0.000165484 0.000782843 -0.00138762 0.000495294 -0.000415692 -0.00232835 0.00213143 -0.00223513 -0.000674183 0.00567499 0.00162371
internal_weight=295895 142607 153288 111214 63728.7 9864.43 37761.8 23970.7 8707.9 2079.34 1234.62 23366.9 1156.53 42074.3
internal_count=1184986 571011 613975 445264 255158 39489 151121 95929 34856 8323 4942 93512 4633 168711
is_linear=0
shrinkage=0.02


Tree=55
num_leaves=15
num_cat=0
split_feature=45 53 57 35 52 19 49 42 10 44 40 18 18 41
split_gain=280.588 228.049 154.132 145.413 141.785 137.494 125.508 193.871 110.474 131.25 117.708 119.706 112.34 119.288
threshold=-0.85246581406233413 0.6205978580522522 6.5000000000000009 -0.52086999839696402 0.4953423374864861 0.033893383824700307 1.0000000180025095e-35 0.41715153548416389 -0.0038748785919133668 -0.40716232544746128 0.51921082688822817 0.0022461675728831349 0.0019246123358984367 0.30828944913945205
decision_type=2 2 2 2 2 2 2 2 2 2 2 2 2 2
left_child=3 4 -3 5 -2 6 7 -1 9 12 -11 -12 -9 -14
right_child=1 2 -4 -5 -6 -7 -8 8 -10 10 11 -13 13 -15
leaf_value=0.0061831840342560706 -0.00054123597533288405 -0.00017029389355041057 -0.0018091836042005845 0.0031425558715065661 0.00076488981368881461 -0.0010629741369714437 8.5549209109028016e-05 0.016031633620586926 -0.0010700176204196279 -0.009698419195203865 -0.0043070560840102147 0.0024739013805815165 -0.0078215430513346972 0.0058940684881358075
leaf_weight=4138.1122984439135 58998.594149947166 40855.231207236648 52383.52005673945 11896.734869360924 76145.34318614006 13346.929184436798 19540.95584487915 381.95859794318676 5216.8802264630795 372.22508333623409 1174.6028819978237 8901.6534662544727 277.98205244541168 2492.6467685103416
leaf_count=16618 236167 163578 209784 47673 304878 53413 78358 1531 20918 1493 4711 35700 1115 9994
internal_value=5.03509e-06 -0.000330258 -0.0010911 0.00113539 0.000194687 0.000707553 0.00126368 0.0022663 0.00140356 0.00235238 0.00127183 0.00168169 0.00592589 0.00450635
internal_weight=296123 228383 93238.8 67740.7 135144 55843.9 42497 22956.1 18817.9 13601.1 10448.5 10076.3 3152.59 2770.63
internal_count=1185931 914407 373362 271524 541045 223851 170438 92080 75462 54544 41904 40411 12640 11109
is_linear=0
shrinkage=0.02


Tree=56
num_leaves=15
num_cat=0
split_feature=0 42 53 5 5 5 18 22 40 45 44 9 6 6
split_gain=289.651 166.356 142.8 130.63 127.822 119.167 119.659 106.856 103.393 136.784 157.665 142.063 131.269 115.545
threshold=7.7916749173661547e-05 0.42024634659022014 0.45189234473474077 -0.00012089596656295908 -1.5897574334920633e-05 -0.0018982065050148205 0.0032070209748752258 0.10732482815503137 0.39869254632155343 0.048931998293302074 -0.80650106535267374 0.00064736797986648996 -0.0014527386591954097 -0.00054245427752234847
decision_type=2 2 2 2 2 2 2 2 2 2 2 2 2 2
left_child=1 5 -3 -2 -5 -1 -7 -8 9 10 11 -6 -11 -14
right_child=3 2 -4 4 8 6 7 -9 -10 12 -12 -13 13 -15
leaf_value=0.0071241227492109798 -3.0655973934518236e-05 0.0010748523689392984 -0.00022307658842868347 -0.0048494796725338466 -0.0083304955808256639 0.0027143153766197403 0.0043483615545862895 -0.0047530403801105603 -0.00080084256020533163 -0.013399215007036946 0.0066093191145514063 0.01007825120762636 0.0022344517637066176 -0.0055317434571596829
leaf_weight=1957.3796906620264 67439.403443619609 61206.314226359129 76009.63409806788 3729.9889348745346 802.35359941422939 11644.182890892029 722.97378090023994 1770.140982195735 64498.7754894346 655.3025938719511 1016.5156534016132 207.11933772265911 977.59331193566322 3501.401375412941
leaf_count=7860 270011 245265 304286 14938 3211 46687 2902 7101 258291 2625 4068 829 3917 14030
internal_value=-2.21464e-05 0.000581572 0.000355893 -0.000670169 -0.00124221 0.00250489 0.00186304 -0.00211032 -0.00105412 -0.00333341 0.00106532 -0.00452241 -0.00506849 -0.00383608
internal_weight=296139 153311 137216 142828 75389.1 16094.7 14137.3 2493.11 71659.1 7160.29 2025.99 1009.47 5134.3 4478.99
internal_count=1186021 614101 549551 571920 301909 64550 56690 10003 286971 28680 8108 4040 20572 17947
is_linear=0
shrinkage=0.02


Tree=57
num_leaves=15
num_cat=0
split_feature=27 43 2 17 5 2 40 2 32 39 47 28 39 35
split_gain=317.193 167.894 146.328 132.911 184.928 145.829 157.351 137.449 135.149 145.549 123.591 147.976 155.672 123.548
threshold=0.10557251848122058 -0.1633222798624149 -0.0028584280492101647 1.451796862183327 -0.0019887865246323308 -0.0035078081078074477 1.880261173035946 0.0029941823735276829 -0.43379645307334591 -0.45217219177133167 0.91037613702198772 1.4332560540345085 -0.8000847693522285 -1.0322291760379596
decision_type=2 2 2 2 2 2 2 2 2 2 2 2 2 2
left_child=3 -2 -3 4 -1 6 13 -5 9 -7 -4 -12 -13 -6
right_child=1 2 10 7 5 8 -8 -9 -10 -11 11 12 -14 -15
leaf_value=0.0026743385047313427 0.0011819223141010474 0.002392126680126414 -0.00081281379775096534 -0.00027017751330764029 0.013730110589628671 -0.015587638061580613 -0.0032969854501623819 -0.0053386171459961201 0.0004902797674414133 -0.0020771582276973418 -0.00093261373667143359 -0.013066132308278871 -0.0037501621955365939 0.0040058872443241179
leaf_weight=19257.903098359704 17184.36965945363 5099.9609717279673 104869.48027461767 16746.852879211307 598.35305815935135 391.2867856323719 1045.3840613663197 2448.8872403204441 106317.31823724508 1645.4382542818785 8833.6861334741116 800.69853830337524 6658.6025461256504 3984.9117257595062
leaf_count=77162 68773 20415 419946 67065 2401 1568 4190 9804 425839 6597 35390 3209 26702 15962
internal_value=2.50218e-06 -0.000672527 -0.000924955 0.000637725 0.000861882 0.000555555 0.00369284 -0.000918003 0.00039242 -0.00470455 -0.00106467 -0.002685 -0.00475824 0.00528898
internal_weight=295883 143447 126262 152436 133241 113983 5628.65 19195.7 108354 2036.73 121162 16293 7459.3 4583.26
internal_count=1185023 574435 505662 610588 533719 456557 22553 76869 434004 8165 485247 65301 29911 18363
is_linear=0
shrinkage=0.02


Tree=58
num_leaves=15
num_cat=0
split_feature=33 53 57 12 48 47 53 56 43 32 12 56 2 37
split_gain=264.548 166.105 132.295 118.872 130.492 117.422 113.563 106.343 105.822 105.053 109.603 113.235 108.136 105.941
threshold=46.115727023147407 0.34772143631533969 6.5000000000000009 -0.00042602455255168317 -1.0000000180025095e-35 0.35206144883412571 0.47730281125654755 0.00015841808646962843 -0.23602475949633203 -0.47824395609354481 -0.010142646338411427 0.076252987882735615 0.0031811606985538933 4.7077882248096143
decision_type=2 2 2 2 2 2 2 2 2 2 2 2 2 2
left_child=6 2 -2 7 -5 -6 -1 -3 -7 -8 11 -11 -12 -13
right_child=1 3 -4 4 5 8 9 -9 -10 10 12 13 -14 -15
leaf_value=0.0014508703812275239 -0.00069457141599483564 0.0018704152191936383 0.00099876010067064761 -0.0025580685787377055 0.00012098064670390738 0.0044594860171891524 -0.0043867033151951326 -0.00065242636900525138 -0.0026976061051442657 0.0035606562221103116 -0.0001451990487842843 -0.008688089373915386 -0.0075952236171031688 0.0007866410612828497
leaf_weight=51437.822452485561 33124.771576315165 8306.4666510820389 41660.489173442125 27695.275864109397 23247.312351986766 880.09207491576672 1944.0284474492073 34111.381860300899 12556.432768151164 7029.3027587085962 38728.044357433915 483.53834314644337 790.3260034173727 13993.770530492067
leaf_count=206290 132585 33260 166743 110962 93084 3522 7785 136584 50321 28150 155045 1936 3163 56042
internal_value=4.80042e-07 -0.000474122 0.000248733 -0.000980295 -0.00152188 -0.000739344 0.000753739 -0.000158229 -0.00222733 0.0001842 0.000330159 0.00147894 -0.000295134 0.000467297
internal_weight=295989 181582 74785.3 106797 64379.1 36683.8 114407 42417.8 13436.5 62969 61025 21506.6 39518.4 14477.3
internal_count=1185472 727061 299328 427733 257889 146927 458411 169844 53843 252121 244336 86128 158208 57978
is_linear=0
shrinkage=0.02


Tree=59
num_leaves=15
num_cat=0
split_feature=0 38 47 37 24 47 24 20 32 8 44 1 34 29
split_gain=278.322 171.24 204.866 143.802 139.87 158.618 136.26 126.828 125.589 116.128 114.914 111.716 110.198 108.819
threshold=7.7916749173661547e-05 5.4473777877147294 0.44228869021900119 2.3908857178236729 0.93945273423958386 -0.25881904510252068 0.9998410300997661 0.98695075874421045 0.25878490818377803 0.016119878991453132 2.1329362074444833 0.0010352278620838257 45.69286760872253 -3.0251299316333671
decision_type=2 2 2 2 2 2 2 2 2 2 2 2 2 2
left_child=3 4 9 8 -2 13 7 -4 -1 -3 -7 -10 -8 -6
right_child=1 2 6 -5 5 10 12 -9 11 -11 -12 -13 -14 -15
leaf_value=-0.0012926440648310775 -0.00037510491076612166 -0.00068652001749186736 -0.0024026257448567087 0.00089180958503288165 -0.0049689793357301608 0.0037266246920078031 -0.025116899347788144 0.012482956530524243 0.005631275339783237 0.0062153106946046064 -0.0099875951556967022 -0.00043630921320260028 -0.0060986078784693769 0.0011170460840349168
leaf_weight=23507.45186150074 51567.106525018811 50585.536685228348 21995.184309259057 124787.40230585635 1784.9723642617464 9282.8776135593653 123.71865153312683 226.47473211586475 2152.4740670323372 989.34248065948486 246.31682953238487 2773.4772697836161 2551.7796409130096 3417.5018525123596
leaf_count=94085 206424 202578 88161 499986 7144 37163 495 908 8614 3959 986 11101 10231 13679
internal_value=7.34899e-06 -0.000627975 -0.00127288 0.000599343 0.000115924 0.00183428 -0.00276259 -0.00224814 -0.000684151 -0.000553535 0.00336708 0.00221804 -0.00702325 -0.000973839
internal_weight=295992 142771 76472 153221 66298.8 14731.7 24897.2 22221.7 28433.4 51574.9 9529.19 4925.95 2675.5 5202.47
internal_count=1185514 571728 306332 613786 265396 58972 99795 89069 113800 206537 38149 19715 10726 20823
is_linear=0
shrinkage=0.02


Tree=60
num_leaves=15
num_cat=0
split_feature=20 38 8 39 28 5 28 37 12 17 16 6 2 38
split_gain=263.23 153.053 151.036 144.945 205.543 137.71 132.754 138.164 126.335 148.221 141.032 126.777 125.863 126.146
threshold=0.048669017590447207 3.4883399939117399 -0.0027357156618628177 -0.69148294359838725 -0.63516848438633355 -0.00039789351204489294 0.20920151759096658 2.7953580694269209 0.0024356763585233706 0.38439557677080088 0.0006640138338327037 0.00096651243027946851 -0.0032540333250396752 10.571925794624851
decision_type=2 2 2 2 2 2 2 2 2 2 2 2 2 2
left_child=2 3 -1 4 -2 6 7 -5 9 11 -10 -4 13 -3
right_child=1 12 8 5 -6 -7 -8 -9 10 -11 -12 -13 -14 -15
leaf_value=0.0015867677334925464 0.0062296556007884422 0.0037081697147430259 0.0054614315777635029 -0.019765535678038168 -0.0021460287856705121 -0.0013099917087286462 0.010476168951056587 0.0011058664764733103 -0.010805951811968187 0.00052528959801458324 -0.00043354735855319435 -0.0054278642533108299 -0.0011683107410909105 -0.005192582565679311
leaf_weight=42136.710490897298 3610.3916509896517 3810.2069992274046 4011.4727244675159 122.95289056003094 1731.0606964826584 16612.309982165694 601.1017237752676 15101.425396621227 524.76296851038933 54824.375641614199 51412.998757854104 474.60157209634781 100190.95361332595 759.99628676474094
leaf_count=169010 14450 15251 16066 492 6929 66481 2406 60438 2101 219544 205837 1900 401326 3042
internal_value=-7.92078e-06 -0.000626679 0.000567092 0.000464604 0.00351579 -3.82915e-05 0.00129663 0.000930874 0.000180822 0.000811488 -0.000539377 0.00430464 -0.00102022 0.00222397
internal_weight=295925 142540 153385 37779.2 5341.45 32437.8 15825.5 15224.4 111248 59310.4 51937.8 4486.07 104761 4570.2
internal_count=1185273 570815 614458 151196 21379 129817 63336 60930 445448 237510 207938 17966 419619 18293
is_linear=0
shrinkage=0.02


Tree=61
num_leaves=15
num_cat=0
split_feature=0 38 47 37 29 40 1 37 10 9 11 51 42 24
split_gain=267.001 159.651 149.724 148.715 140.105 133.736 133.158 130.309 124.504 119.928 119.217 116.613 144.791 128.026
threshold=7.7916749173661547e-05 3.4883399939117399 0.41248606129204557 2.2958663979378051 0.54643605540037909 0.83388225769615099 -0.0016051590138955942 9.7618622041480929 0.0064408466809263458 0.01742349097104302 0.02242620909561387 -0.33485608334895445 0.44896825170638127 0.60985998507389361
decision_type=2 2 2 2 2 2 2 2 2 2 2 2 2 2
left_child=3 5 6 -1 -4 -2 -3 8 -7 11 -8 -5 13 -13
right_child=1 2 4 9 -6 7 10 -9 -10 -11 -12 12 -14 -15
leaf_value=-0.00076398309449019701 0.0020072747198458928 0.0016603847502822528 -0.0003259676339752167 0.0021362647805948888 -0.0029081153536723702 -0.0013704935948334457 -0.0010687442219926573 0.0028465680524181664 0.0084361722633546077 -0.010448595738377768 0.0025499886780624807 0.0014255773382763337 0.00015788204362356838 0.0061548656837337812
leaf_weight=26520.668327569962 14590.317516937852 10193.456573531032 12782.505628928542 25105.948376700282 24548.118878334761 19015.859492689371 53138.490934669971 4023.6000205874443 527.40395188331604 367.53197126090527 3904.7386848032475 24412.327143445611 74260.339930281043 2522.4992386251688
leaf_count=106143 58396 40797 51208 100748 98402 76100 212819 16104 2111 1471 15632 97872 297348 10106
internal_value=1.79074e-05 -0.000604481 -0.00100854 0.000597779 -0.00202412 0.000502801 -0.00044457 -0.000428852 -0.00110376 0.000882911 -0.000820832 0.000916298 0.00061354 0.00186954
internal_weight=295914 142724 104567 153189 37330.6 38157.2 67236.7 23566.9 19543.3 126669 57043.2 126301 101195 26934.8
internal_count=1185257 571569 418858 613688 149610 152711 269248 94315 78211 507545 228451 506074 405326 107978
is_linear=0
shrinkage=0.02


Tree=62
num_leaves=15
num_cat=0
split_feature=0 38 47 8 39 49 43 5 2 47 14 23 23 13
split_gain=255.96 162.885 154.103 154.016 153.364 143.444 132.678 130.163 122.569 182.475 122.365 144.26 125.655 168.428
threshold=7.7916749173661547e-05 3.4883399939117399 0.41248606129204557 -0.0027357156618628177 -0.69148294359838725 1.0000000180025095e-35 0.043273789668967312 -0.00039789351204489294 -0.0032540333250396752 -0.58216583101416164 0.0012647212889819886 1.1066183932862885 0.66197040604339918 0.0015100670626619014
decision_type=2 2 2 2 2 2 2 2 2 2 2 2 2 2
left_child=3 4 8 -1 -2 6 -5 -6 9 -3 -9 12 13 -12
right_child=1 2 -4 5 7 -7 -8 10 -10 -11 11 -13 -14 -15
leaf_value=0.0015989163165908116 0.0036549026903940005 -0.0014756508824384832 -0.0020546356874433123 0.0011809342206306722 0.0012739757637080479 -0.00065689355752647418 -0.0013432959668479222 -0.0049713892214050641 -0.00063991077744442529 0.0082307420562282539 0.0061526666457727905 -0.0033957591958327922 0.0024683887447302169 -0.0053616930842155467
leaf_weight=41618.215120241046 5306.0984225571156 1529.594693556428 37346.477124914527 54108.182724833488 16134.051791682839 47674.915474623442 9840.0741833895445 2904.2635596990585 64118.344942495227 1562.1521207541227 663.93589873611927 4506.5769523233175 6560.6259144246578 2113.5897090733051
leaf_count=166956 21239 6122 149684 216680 64572 190886 39396 11623 256773 6252 2657 18035 26255 8458
internal_value=-7.02688e-06 -0.000616393 -0.00102468 0.000560605 0.000501439 0.000173421 0.000792442 -7.89103e-06 -0.000452263 0.00343402 -0.00124271 -0.000459013 0.000959315 -0.00260321
internal_weight=295987 142746 104557 153241 38189.1 111623 63948.3 32883 67210.1 3091.75 16749 13844.7 9338.15 2777.53
internal_count=1185588 571670 418831 613918 152839 446962 256076 131600 269147 12374 67028 55405 37370 11115
is_linear=0
shrinkage=0.02


Tree=63
num_leaves=15
num_cat=0
split_feature=33 51 11 29 34 17 53 42 9 36 43 17 44 23
split_gain=257.299 145.464 125.578 124.105 120.799 117.598 108.458 106.401 121.286 160.839 154.048 133.681 117.584 153.352
threshold=57.095794831933055 -0.51308089292455927 0.024498326238050875 -2.6341789028560436 59.680306045194378 2.7028404062229896 0.25870762305527328 0.451670956710573 -0.0015689057822336945 0.0049175116542872453 -0.113028909012882 0.2721817436554782 0.28364413477631473 0.65878214742910346
decision_type=2 2 2 2 2 2 2 2 2 2 2 2 2 2
left_child=1 -1 5 4 -4 6 -2 8 9 10 -3 -10 -9 -14
right_child=2 7 3 -5 -6 -7 -8 12 11 -11 -12 -13 13 -15
leaf_value=0.0019579885825677179 -0.00013573865931573964 0.0012661388274664614 0.0045471015336786989 0.0017807252667964174 -0.028995322087255335 0.012051454288542644 -0.0015703863931510065 0.00027178923876594032 0.0085430665789656482 0.0021491897426956594 -0.008633724782667827 -0.00066676687136543375 -0.0078256982876227597 -0.0008693040223432555
leaf_weight=22438.227192640305 32748.179454132915 1429.4736878275871 71.180697664618492 8850.3089755624533 98.874883785843849 269.50917427241802 59148.863066211343 93400.414749324322 649.92698700726032 30123.774030283093 1115.8420441299677 16843.459293574095 1324.2308301776648 27400.92018738389
leaf_count=90004 131087 5730 285 35442 396 1079 237085 373919 2603 120755 4469 67433 5301 109736
internal_value=1.83429e-05 0.000443466 -0.000799754 0.00145184 -0.0152265 -0.00102019 -0.00105917 0.000246168 0.00102163 0.00174119 -0.00308228 -0.000322253 -7.23787e-05 -0.0011913
internal_weight=295913 194726 101187 9020.36 170.056 92166.6 91897 172288 50162.5 32669.1 2545.32 17493.4 122126 28725.2
internal_count=1185324 779950 405374 36123 681 369251 368172 689946 200990 130954 10199 70036 488956 115037
is_linear=0
shrinkage=0.02


Tree=64
num_leaves=15
num_cat=0
split_feature=45 12 47 43 10 4 13 56 35 18 10 3 22 34
split_gain=254.106 189.021 226.12 197.986 182.796 153.605 150.853 132.096 127.724 140.197 127.379 124.089 122.993 114.203
threshold=-0.85246581406233413 -0.00015384664125041054 0.35206144883412571 -0.34575137244925785 -0.0086406218249153195 -0.00069983492437457686 0.00068982032041784542 1.020619900424151 -0.52086999839696402 0.0012887620299842596 0.0021356764487788695 0.0066885134737337329 0.10732482815503137 73.312201604144619
decision_type=2 2 2 2 2 2 2 2 2 2 2 2 2 2
left_child=8 6 -3 12 5 -5 10 11 9 -1 -2 -6 -4 -8
right_child=1 2 3 4 7 -7 13 -9 -10 -11 -12 -13 -14 -15
leaf_value=-0.002938716454376343 0.0044468288749868554 -0.00014473962753407411 0.013773373154900658 -0.0031484975287934805 -0.0026298628651892138 0.013367234203437004 0.00017335816017956303 0.0031000791255781411 0.0029925575574634585 0.00098062159637905908 -0.0019835078365421101 0.0067480149573474766 0.0015654610524168597 -0.015430762444055954
leaf_weight=3922.0653000771999 5881.4336101263762 79993.262437403202 449.38917633891106 377.06083956360817 43546.42045134306 548.64777889847755 92275.998899459839 1742.1178287267685 11829.147848039865 51898.584903642535 1555.3183992803097 567.17411363124847 1212.7268475592136 182.99421991407871
leaf_count=15720 23554 320297 1799 1509 174477 2196 369470 6979 47418 208123 6232 2271 4855 733
internal_value=2.86367e-05 -0.00029034 -0.000797819 -0.0018761 -0.00211726 0.00665925 0.000362138 -0.00229515 0.00110519 0.000705003 0.00310156 -0.00250854 0.00489754 0.000141642
internal_weight=295982 228333 128437 48443.5 46781.4 925.709 99895.7 45855.7 67649.8 55820.7 7436.75 44113.6 1662.12 92459
internal_count=1185633 914372 514383 194086 187432 3705 399989 183727 271261 223843 29786 176748 6654 370203
is_linear=0
shrinkage=0.02


Tree=65
num_leaves=15
num_cat=0
split_feature=0 2 42 51 5 40 1 1 18 53 57 20 8 40
split_gain=244.359 154.32 142.068 147.84 140.507 131.114 124.971 119.261 111.591 103.012 112.898 98.1281 90.2221 144.203
threshold=7.7916749173661547e-05 -0.0036609158979896881 0.42024634659022014 -0.49272986511651112 -0.0018982065050148205 1.9091198881324305 -0.0012558637551852274 0.0067395601758596943 0.0032070209748752258 0.52878765323853782 6.5000000000000009 -0.16936421797589324 -0.0026869517642888309 2.0851635233795309
decision_type=2 2 2 2 2 2 2 2 2 2 2 2 2 2
left_child=2 5 4 -4 11 7 -3 -2 -6 -8 -11 -1 13 -5
right_child=1 6 3 12 8 -7 9 -9 -10 10 -12 -13 -14 -15
leaf_value=0.0054228387968735126 0.0035424256691652394 0.0003282230245669542 0.0020751563694468293 0.0015465869860120955 0.0024349133495978484 -0.0014992181600719454 -0.00053169059827743391 0.021148186371408518 -0.0022199924042106563 -0.00067951659584772231 -0.0026611814308978607 0.017967224383061538 -0.00024671927597987687 -0.0023380209205878947
leaf_weight=1669.2684287577868 4694.7763466835022 31796.681796729565 16944.819452449679 27090.575608387589 11683.049170047045 2515.903004810214 56653.887253805995 154.40729652345181 2496.6385354250669 20349.456834480166 26450.834571629763 290.44921152293682 88695.94659537077 4445.6794234514236
leaf_count=6712 18793 127284 67987 108617 46864 10069 226822 618 10021 81556 106051 1166 355075 17821
internal_value=-1.89192e-05 -0.000614787 0.000535363 0.000326495 0.00230999 0.00220356 -0.000768336 0.00412423 0.00161482 -0.00110536 -0.00179969 0.00732303 7.99723e-05 0.000998688
internal_weight=295932 142616 153316 137177 16139.4 7365.09 135251 4849.18 14179.7 103454 46800.3 1959.72 120232 31536.3
internal_count=1185456 571193 614263 549500 64763 29480 541713 19411 56885 414429 187607 7878 481513 126438
is_linear=0
shrinkage=0.02


Tree=66
num_leaves=15
num_cat=0
split_feature=26 51 34 45 40 5 23 14 55 8 11 3 46 15
split_gain=237.734 173.906 136.252 137.555 132.981 131.87 130.993 130.056 120.215 118.102 191.171 135.586 153.395 126.384
threshold=0.56939298652761605 -0.3413011249473592 70.975070291995891 -0.86898761704506855 2.0851635233795309 -0.0010453918972567423 0.57596299922689076 0.0014371361692067275 0.049038254196698536 0.016119878991453132 0.011825338027130343 8.0871254206851809e-05 0.98611507088852057 0.0061742903162064948
decision_type=2 2 2 2 2 2 2 2 2 2 2 2 2 2
left_child=1 -1 3 4 7 8 -6 -3 -5 11 -11 12 -2 -12
right_child=9 2 -4 5 6 -7 -8 -9 -10 10 13 -13 -14 -15
leaf_value=0.00139289480585557 0.00021859647094261327 -0.00019514262189500683 0.010175908847312494 -0.0020448507921724535 -0.018757056496180525 -0.00071196829597512808 -0.0012730404393507099 0.0020323888368414698 0.0012777941222870336 -0.0074517343888546731 0.0086335473480133127 -0.0020668843138567016 -0.0073216158299734529 -0.010041873770554923
leaf_weight=44303.923196747899 23154.4185590446 16318.753879263997 519.9744483679533 5176.9910698980093 170.80513629317284 103594.3876568228 6921.4513404816389 29315.968420892954 27318.773439988494 484.42413714528084 1467.7446670681238 35983.159381240606 1126.9540913403034 156.58665542304516
leaf_count=177634 92804 65398 2082 20722 684 414709 27734 117538 109351 1940 5874 144206 4516 627
internal_value=-2.78842e-05 0.000264969 1.01024e-06 -2.72786e-05 0.000839925 -0.000363288 -0.00170703 0.0012359 0.000748221 -0.0011248 0.00352232 -0.00128769 -0.000132797 0.00680793
internal_weight=296014 233641 189337 188817 52727 136090 7092.26 45634.7 32495.8 62373.3 2108.76 60264.5 24281.4 1624.33
internal_count=1185819 935852 758218 756136 211354 544782 28418 182936 130073 249967 8441 241526 97320 6501
is_linear=0
shrinkage=0.02


Tree=67
num_leaves=15
num_cat=0
split_feature=53 57 55 20 12 40 45 51 38 14 47 45 29 2
split_gain=216.434 155.326 151.259 168.607 121.135 135.34 119.241 112.436 107.888 104.211 98.0114 134.011 102.754 96.5043
threshold=0.6205978580522522 7.5000000000000009 0.14341568822276682 0.39377411488243569 -0.002341294576973687 1.4507667412802816 0.42356881176540512 -0.51308089292455927 7.0458214826646959 0.0015755373641738713 0.065403129230142729 -0.90170356019230347 -4.7036183930347848 -0.00069906922407284304
decision_type=2 2 2 2 2 2 2 2 2 2 2 2 2 2
left_child=2 -2 3 7 5 -4 -3 -1 -5 -7 -6 13 -13 -12
right_child=1 6 4 8 10 9 -8 -9 -10 -11 11 12 -14 -15
leaf_value=0.0019067226838978557 5.9027559165703868e-05 -0.00069869390482705412 0.0025898929506169201 -0.00038480909149301949 0.0011942552576342657 0.0052862949969458119 -0.0025414568123083908 -7.6373945122095978e-05 -0.0029125378924680966 -0.0011515630830642243 0.0061917353322705803 -0.017899200963005825 -0.0011572023667799668 -0.00010462387058172374
leaf_weight=15932.527841866016 62960.17195391655 39405.657873407006 28054.874981120229 16571.608665525913 28068.048644989729 1158.2648230791092 21825.347713753581 40488.701970770955 11397.983979597688 7423.4165724664927 1791.2351168990135 142.84823495149612 18347.9609721452 2126.0165589600801
leaf_count=63900 252174 157776 112421 66338 112418 4645 87528 162181 45654 29757 7189 572 73484 8532
internal_value=-2.66125e-06 -0.000638508 0.000457781 -0.000145679 0.00104236 0.00191769 -0.00135569 0.000483743 -0.00141523 -0.000280077 0.0004069 -0.000579376 -0.00129134 0.00277872
internal_weight=295695 124191 171503 84390.8 87112.7 36636.6 61231 56421.2 27969.6 8581.68 50476.1 22408.1 18490.8 3917.25
internal_count=1184569 497478 687091 338073 349018 146823 245304 226081 111992 34402 202195 89777 74056 15721
is_linear=0
shrinkage=0.02


Tree=68
num_leaves=15
num_cat=0
split_feature=28 33 43 8 51 28 1 30 1 42 28 9 9 6
split_gain=235.046 175.619 169.307 163.632 130.425 123.966 124.266 120.057 116.891 110.48 142.481 139.14 133.846 131.37
threshold=1.2431077114190876 71.584366922859203 -0.15026931867110485 0.016119878991453132 -0.3413011249473592 3.2232999473939579 0.0003945397393118619 0.070328842985290019 0.0016304282613060787 0.44967611009201958 1.1987983218511729 -0.001927620806525949 0.0003016619111746429 -0.0012649227739668111
decision_type=2 2 2 2 2 2 2 2 2 2 2 2 2 2
left_child=1 4 -2 7 -1 6 -5 8 -4 11 13 -6 -13 -11
right_child=2 -3 3 5 9 -7 -8 -9 -10 10 -12 12 -14 -15
leaf_value=0.0014627696537524834 0.0011815338741471412 -0.0053835453558598242 -0.0076777875614576106 0.017663966049718871 0.0020317473261485582 0.0084441177267795993 -0.0099660796552070528 -0.0012243654510310346 0.0022154989325580505 -0.0013482747487004445 0.0062587858571861547 -0.0015621704072486095 0.0020448803437351404 0.00018305685420258599
leaf_weight=39922.300343394279 13615.286604434252 2090.6193064302206 2142.699071213603 76.661935821175575 24969.5760397017 1160.3752567470074 319.40127690136433 68056.044577494264 611.89162592589855 29396.111561149359 1384.6703444570303 11546.311934202909 6386.9774165153503 94218.192273780704
leaf_count=160102 54505 8382 8584 307 100118 4644 1279 272705 2451 117704 5546 46234 25575 377273
internal_value=1.65048e-05 0.000377265 -0.000864215 -0.00124916 0.000435344 0.00515552 -0.00446447 -0.00139029 -0.00548011 0.000191016 -0.000109556 0.00106665 -0.0002773 -0.000181141
internal_weight=295897 209915 85982.4 72367.1 207824 1556.44 396.063 70810.6 2754.59 167902 124999 42902.9 17933.3 123614
internal_count=1185409 840934 344475 289970 832552 6230 1586 283740 11035 672450 500523 171927 71809 494977
is_linear=0
shrinkage=0.02


Tree=69
num_leaves=15
num_cat=0
split_feature=0 46 53 29 1 24 39 38 17 17 31 44 43 44
split_gain=232.834 159.417 130.391 116.715 107.275 138.12 98.0738 136.031 121.945 182.309 167.84 117.303 116.339 113.314
threshold=7.7916749173661547e-05 -0.47114434510950071 0.65989895065228399 -9.4149952253558613 0.00072806104086971452 0.80905530782803847 -0.55157082228777876 2.3233675845920287 1.0805295258723808 1.2739840861193221 0.48038439988659426 -0.44242179544206844 0.10827115165450908 3.7956148798937401
decision_type=2 2 2 2 2 2 2 2 2 2 2 2 2 2
left_child=2 3 4 -2 -1 -6 7 12 -9 10 11 -10 -5 -8
right_child=1 -3 -4 6 5 -7 13 8 9 -11 -12 -13 -14 -15
leaf_value=0.0015347335355256786 -0.023939775383735734 -0.0010784439270617532 -0.00015814072617965566 0.010161940486552857 0.00027144434412590228 -0.0094206919718783991 -0.00030032026668716679 0.00022492648060501479 0.01385859049700716 -0.00067263181559223365 0.02861510811274684 -0.0050781436669345157 -0.005809221974069181 0.0063813233004807362
leaf_weight=58425.03408177197 74.196167334914207 92288.7634229213 63163.678525045514 1207.5909339934587 30937.833996713161 594.52992403507233 37764.776450514793 8488.5774696320295 382.4763859808445 753.18233603239059 201.3907335549593 194.33139500021935 211.38087749481201 1038.3095676153898
leaf_count=234311 297 369707 252924 4834 123930 2380 151231 34001 1531 3016 807 778 846 4158
internal_value=-3.21034e-06 -0.000584711 0.000538355 0.000320898 0.00102738 8.72384e-05 0.000359104 0.00198614 0.0011635 0.0063484 0.0131046 0.00748983 0.00777071 -0.000120731
internal_weight=295726 142605 153121 50316.2 89957.4 31532.4 50242 11438.9 10020 1531.38 778.199 576.808 1418.97 38803.1
internal_count=1184751 571206 613545 201499 360621 126310 201202 45813 40133 6132 3116 2309 5680 155389
is_linear=0
shrinkage=0.02


Tree=70
num_leaves=15
num_cat=0
split_feature=20 2 47 22 16 6 51 42 46 20 39 38 37 9
split_gain=206.657 147.076 144.169 132.856 122.416 121.821 120.46 124.25 112.645 145.558 116.517 164.89 111.902 111.371
threshold=0.048669017590447207 -0.0036609158979896881 -0.58216583101416164 0.6633820077364091 0.0021415234544265882 -0.00067893674335189555 -0.33485608334895445 0.41715153548416389 -0.47114434510950071 0.85728079110318456 -0.55157082228777876 2.3233675845920287 8.7241442924682193 -0.0028605505332323028
decision_type=2 2 2 2 2 2 2 2 2 2 2 2 2 2
left_child=6 2 3 -2 5 -4 -1 -8 10 -10 11 -3 -7 -13
right_child=1 8 4 -5 -6 12 7 -9 9 -11 -12 13 -14 -15
leaf_value=0.0016169804551797679 -0.00071488458930370896 0.0083652537161441713 0.0069391825830797142 -0.021605738760308218 0.0057187838856779527 -0.010870136518205299 0.0021752411730646846 6.0414524624407216e-06 -0.0014223131903180813 0.001086439823881112 -0.00048430216102986998 0.0074239349428631852 0.017590441284514188 0.0002628593567442703
leaf_weight=30463.691794157028 2202.2315363287926 1362.6080531328917 348.54862500727177 123.92160874605179 3933.3047181516886 522.63917221128941 11665.948960021138 111186.94007180631 78920.386447042227 10475.389537036419 34708.246706947684 956.95479294657707 57.205700248479843 8966.3451586961746
leaf_count=122257 8814 5455 1395 496 15746 2092 46808 445281 316159 41976 138998 3830 229 35915
internal_value=-1.84007e-05 -0.000566484 0.0022204 -0.00187176 0.00417827 -0.00234408 0.000491295 0.000212106 -0.000714517 -0.00112829 8.9749e-05 0.0018546 -0.00793592 0.00095683
internal_weight=295894 142578 7187.85 2326.15 4861.7 928.393 153317 122853 135390 89395.8 45994.2 11285.9 579.845 9923.3
internal_count=1185451 571105 28772 9310 19462 3716 614346 492089 542333 358135 184198 45200 2321 39745
is_linear=0
shrinkage=0.02


Tree=71
num_leaves=15
num_cat=0
split_feature=33 11 12 41 5 7 53 1 44 5 56 21 3 37
split_gain=203.316 131.237 135.681 127.184 126.952 122.697 118.791 114.16 115.464 128.272 137.27 110.909 106.252 104.484
threshold=57.095794831933055 0.024498326238050875 0.012366801592626486 0.52449402810019341 0.00072739447609143691 0.003570339394945016 0.6205978580522522 -0.003642908086569308 2.2316044018608268 -1.5897574334920633e-05 0.089036888950735305 0.027531330489328928 -0.00094834192338230053 0.29983440667612155
decision_type=2 2 2 2 2 2 2 2 2 2 2 2 2 2
left_child=6 2 -2 4 7 13 -1 -4 9 -9 -11 -5 -7 -6
right_child=1 -3 3 11 5 12 -8 8 -10 10 -12 -13 -14 -15
leaf_value=0.00082241273843707777 -0.00043659938832736947 0.001579619287786542 0.021612488345253433 -0.0076163799521486173 0.008787316992380681 -0.010026140726626357 -0.00017319103346704468 -0.0015387928366653483 0.011874061864640515 -0.0049242905117473481 0.0076220162423649386 -0.0026564117578411635 0.01166480011274443 -0.0043377098325742833
leaf_weight=109394.25773814321 64153.442969292402 9045.8893828094006 102.6564384251833 2087.3831814825535 250.25906372070312 113.59193859994411 85322.694680467248 4654.9299278855324 355.62648521363735 455.1508764475584 1448.3949346989393 13167.392896339297 382.38801039755344 5059.3771060854197
leaf_count=438458 257059 36230 411 8374 1003 455 341593 18646 1424 1824 5802 52800 1531 20264
internal_value=8.12896e-06 -0.000718662 -0.000944149 -0.00210356 -0.000634965 -0.00282155 0.000386158 0.00117493 0.000856082 0.000250053 0.00461707 -0.00333738 0.00664654 -0.0037114
internal_weight=295993 101276 92230.6 28077.2 12822.4 5805.62 194717 7016.76 6914.1 6558.48 1903.55 15254.8 495.98 5309.64
internal_count=1185874 405823 369593 112534 51360 23253 780051 28107 27696 26272 7626 61174 1986 21267
is_linear=0
shrinkage=0.02


Tree=72
num_leaves=15
num_cat=0
split_feature=53 57 33 56 12 29 9 42 22 47 9 31 7 13
split_gain=197.987 168.236 165.473 93.5436 167.162 112.916 111.751 120.596 92.9578 92.526 90.3888 85.234 104.68 86.3919
threshold=0.26333333333337178 7.5000000000000009 57.095794831933055 0.095758862774734596 -0.010660088421176855 -2.2401923173601133 -0.0036681768064885912 0.42320744452746839 0.24396085713424975 0.93540483100319638 0.014623347349229465 0.1651367805056764 -0.0047454709069984892 0.0035407890455501534
decision_type=2 2 2 2 2 2 2 2 2 2 2 2 2 2
left_child=1 -1 3 4 5 -2 7 -6 -9 -4 -5 13 -13 -11
right_child=2 -3 9 10 6 -7 -8 8 -10 11 -12 12 -14 -15
leaf_value=-2.9496038715361111e-05 0.0016882615141346874 0.0016384553365346264 -0.00091507438814710906 -0.00033046178320934877 0.0069642841852462006 0.0061684963979674289 -0.00059969564509029924 0.0030775460276575594 -0.0018124248632904599 0.00074828975098539048 -0.019628022540148785 0.017213344342098279 -0.0053932497338246175 -0.014273257256370287
leaf_weight=51486.542293459177 11655.231609523296 45617.140464708209 58262.993381023407 83699.50585064292 1615.6490904390812 2785.7151134908199 27522.678656101227 3395.1948722153902 2860.9816012829542 2206.4610992670059 92.203321754932404 78.725929200649261 4429.3747209012508 159.54206934571266
leaf_count=206280 46679 182802 233543 335251 6482 11154 110162 13602 11458 8859 369 316 17800 640
internal_value=1.39336e-05 0.000754114 -0.000347682 5.5221e-05 0.000741333 0.00255435 1.36476e-06 0.00210193 0.000841676 -0.00117417 -0.000352866 -0.00336791 -0.00497983 -0.000292592
internal_weight=295868 97103.7 198764 133627 49835.5 14440.9 35394.5 7871.83 6256.18 65137.1 83791.7 6874.1 4508.1 2366
internal_count=1185397 389082 796315 535157 199537 57833 141704 31542 25060 261158 335620 27615 18116 9499
is_linear=0
shrinkage=0.02


Tree=73
num_leaves=15
num_cat=0
split_feature=45 12 50 13 35 18 39 15 3 42 21 27 36 45
split_gain=182.747 157.542 158.205 157.62 131.934 126.717 126.426 121.344 156.841 181.707 133.153 124.294 121.258 121.193
threshold=-0.85246581406233413 -0.00015384664125041054 -0.0023602803857242743 0.00068982032041784542 -0.52086999839696402 0.0012887620299842596 -0.65794015024935149 0.0025891652599230766 -0.00028464572570354569 0.39472358175925165 0.86602152572085045 -0.87894099034511208 0.030124443190364236 -0.57457958260329889
decision_type=2 2 2 2 2 2 2 2 2 2 2 2 2 2
left_child=4 3 -3 -2 5 -1 12 10 9 -9 -8 13 -4 -11
right_child=1 2 6 -5 -6 -7 7 8 -10 11 -12 -13 -14 -15
leaf_value=-0.0029605554092475869 0.0031211477396693725 0.002256075611142455 -0.0019065505135880726 9.4838405087466801e-05 0.0028286645798882562 0.00076397301920379419 -0.0010507522843382305 0.025903555044297057 0.001983120467293405 0.02470346394351261 0.0088887142545860526 -0.0019553169417076215 -0.012146584229671662 -0.0044273563154928735
leaf_weight=3925.9121165424585 7433.0010597854853 6684.3290566802025 27693.650802493095 92441.888043418527 11804.25924962759 51853.574169889092 69061.046715185046 92.135632947087288 14522.663751572371 134.12378765642643 538.40953741967678 9248.0996666103601 465.62666380405426 94.68167944252491
leaf_count=15737 29776 26768 110918 370185 47334 208011 276675 369 58170 537 2156 37041 1865 379
internal_value=-5.33074e-06 -0.000275653 -0.000738649 0.000320211 0.000908218 0.000501589 -0.000903016 -0.000549778 0.000673496 -0.00131408 -0.000973229 -0.00159221 -0.002078 0.012812
internal_weight=295993 228410 128535 99874.9 67583.7 55779.5 121850 93691.2 24091.7 9569.04 69599.5 9476.91 28159.3 228.805
internal_count=1185921 914839 514878 399961 271082 223748 488110 375327 96496 38326 278831 37957 112783 916
is_linear=0
shrinkage=0.02


Tree=74
num_leaves=15
num_cat=0
split_feature=45 53 35 55 12 18 52 56 1 37 15 6 19 42
split_gain=203.224 157.367 129.006 127.94 121.991 121.369 119.171 112.341 109.725 102.469 101.651 106.198 99.678 100.62
threshold=-0.8083310600759902 0.41159885593449941 -0.52086999839696402 0.31923954439435204 -0.00042602455255168317 0.0012887620299842596 1.0277427631390894 0.10467319058107978 -0.0020372137515272683 11.528027578184444 0.0012665520602699067 -0.0017920094759736039 -0.10009208870050769 0.41715153548416389
decision_type=2 2 2 2 2 2 2 2 2 2 2 2 2 2
left_child=2 3 5 6 7 -1 -2 -3 -6 -4 11 -9 13 -7
right_child=1 4 9 -5 8 12 -8 10 -10 -11 -12 -13 -14 -15
leaf_value=-0.0027695714969965951 -0.00031416537668982499 0.00097552859519774832 0.0022846601868588131 0.0017220412578438809 0.0012450536465052507 0.0037185698833785493 0.0021916672858993324 -0.013914401200785152 -0.0015573068076972826 0.0098850004789852088 -0.0013197235805246686 0.0027206543556741679 -0.0004922779959745943 0.00090574461740328723
leaf_weight=4119.8461289852858 72261.820664957166 24010.391723394394 12734.402795374393 20387.046005323529 6124.5554782003164 6096.573529496789 8477.5890076309443 154.82772135734558 63484.443852320313 747.11873990297318 25991.940297648311 3927.2156857550144 16650.093949571252 30630.065349280834
leaf_count=16512 289366 96137 51061 81629 24524 24523 33968 620 254415 2996 104084 15730 66671 122926
internal_value=1.59197e-05 -0.000278637 0.000948868 0.000306564 -0.000757065 0.000535875 -5.0935e-05 -4.44964e-05 -0.00131067 0.00270936 -0.000858888 0.00207345 0.00079124 0.00137311
internal_weight=295798 224820 70978.1 101126 123693 57496.6 80739.4 54084.4 69609 13481.5 30074 4082.04 53376.7 36726.6
internal_count=1185162 900473 284689 404963 495510 230632 323334 216571 278939 54057 120434 16350 214120 147449
is_linear=0
shrinkage=0.02


Tree=75
num_leaves=15
num_cat=0
split_feature=45 12 40 51 30 1 35 13 11 33 12 21 37 25
split_gain=176.848 147.772 153.451 153.072 150.646 137.929 134.032 130.537 129.167 149.705 223.574 127.597 173.816 139.714
threshold=-0.86898761704506855 -0.00015384664125041054 1.1679514041865251 -0.51308089292455927 -0.87005082720006377 -0.0019927723995483101 -0.52086999839696402 0.00068982032041784542 0.0021021334642551816 62.327420293568629 -0.0012308482218243019 0.32619488246015876 12.062241075957044 -4.4999999999999991
decision_type=2 2 2 2 2 2 2 2 2 2 2 2 2 2
left_child=6 2 7 -3 -4 -5 -1 8 9 -2 -11 -8 13 -13
right_child=1 3 4 5 -6 -7 11 -9 -10 10 -12 12 -14 -15
leaf_value=0.00051475099294437095 0.0065535672857495912 0.0011667766271006377 -0.0052407218060869813 0.0012822181602655809 -0.00049061239493288183 -0.0011707465683190516 0.0043722942099177044 0.00045868976578803159 -0.0014509776247455344 -0.005975391149621154 0.018084314787493214 0.017134972772644523 0.020477613639214513 -0.0019954089854077404
leaf_weight=55141.735106959939 4217.7795200198889 15474.374065250158 3196.9221014231443 10056.810053765774 16102.130167603493 103456.22387263179 7644.129540219903 74142.431042894721 1715.3986557722092 887.23559103906155 181.88287116587162 155.10049638152122 150.81557387113571 3308.6878825724125
leaf_count=221208 16891 61980 12796 40266 64475 414468 30669 296923 6874 3556 729 623 605 13262
internal_value=1.1975e-05 -0.000251095 0.000324087 -0.00069899 -0.00127863 -0.000953377 0.000920903 0.000705324 0.00331457 0.00486073 -0.00181713 0.00290899 -0.000187345 -0.00111533
internal_weight=295832 229431 100444 128987 19299.1 113513 66400.5 81144.7 7002.3 5286.9 1069.12 11258.7 3614.6 3463.79
internal_count=1185325 918958 402244 516714 77271 454734 266367 324973 28050 21176 4285 45159 14490 13885
is_linear=0
shrinkage=0.02


Tree=76
num_leaves=15
num_cat=0
split_feature=53 57 33 48 5 40 23 2 8 27 12 17 13 5
split_gain=177.901 164.672 153.254 131.321 108.09 98.6069 150.428 123.132 89.2882 89.9651 103.087 91.6979 82.5345 100.111
threshold=0.26333333333337178 6.5000000000000009 57.095794831933055 -1.0000000180025095e-35 -0.0012311400539305099 2.0851635233795309 0.94221806149973342 -0.0032540333250396752 0.00066689494018313774 1.622543231332336 0.010009007831343902 0.53552125917253945 0.0022222716728592224 -0.0015730765371951953
decision_type=2 2 2 2 2 2 2 2 2 2 2 2 2 2
left_child=1 -1 4 8 5 7 -7 -2 9 10 -4 -11 13 -8
right_child=2 -3 3 -5 -6 6 12 -9 -10 11 -12 -13 -14 -15
leaf_value=-0.00017079149713678768 0.0056472347389086028 0.0014816382097034878 0.00078204931607472493 -0.00036825928696974502 -0.00027013913937313968 -0.0084870251079810551 0.011064651530011689 0.001033699724709953 -0.002801964278765477 0.028692502101438533 -0.0056474937348600599 0.0042875465037462692 -0.0013448811355392149 -0.0089157027303567466
leaf_weight=44696.874611347914 2519.0972738415003 52400.829758808017 3752.2669516652822 38311.369180649519 99302.630811586976 1031.8041831254959 478.86331482231617 27863.345025658607 20959.329097896814 63.536479607224464 1353.1853528320789 640.177389934659 2282.0660861134529 122.49864709377289
leaf_count=179082 10096 210000 15043 153582 397694 4132 1920 111612 84092 255 5426 2567 9144 491
internal_value=1.93976e-05 0.000721008 -0.000323498 -0.00111932 6.41937e-05 0.00103209 -0.0019535 0.00141709 -0.00219398 1.26575e-07 -0.000925941 0.00667789 0.000395096 0.00695466
internal_weight=295778 97097.7 198680 65079.9 133600 34297.7 3915.23 30382.4 26768.5 5809.17 5105.45 703.714 2883.43 601.362
internal_count=1185136 389082 796054 260965 535089 137395 15687 121708 107383 23291 20469 2822 11555 2411
is_linear=0
shrinkage=0.02


Tree=77
num_leaves=15
num_cat=0
split_feature=20 8 49 10 46 20 7 41 28 7 36 40 39 11
split_gain=182.485 130.693 129.098 143.12 127.853 145.15 125.792 115.614 162.028 136.272 113.152 112.934 123.85 181.383
threshold=0.048669017590447207 -0.0027357156618628177 1.0000000180025095e-35 -0.027325124048554156 -0.47114434510950071 0.85728079110318456 0.00070888602033785688 0.52665024492603163 -1.921895074017496 0.0067093474862442307 0.058161777939016522 2.8708719430891367 -0.69679365030754514 0.018724708827142434
decision_type=2 2 2 2 2 2 2 2 2 2 2 2 2 2
left_child=1 11 7 -4 -2 -6 -7 -3 -9 -10 -5 12 13 -1
right_child=4 2 3 10 5 6 -8 8 9 -11 -12 -13 -14 -15
leaf_value=-0.0008060821301641663 0.0002985747986299242 0.0011028107499397395 -0.016372205505127885 -0.00067032864977354431 -0.0012428735350499701 -0.00013628828953399913 0.0046716774853337575 0.0056530294651552619 -0.001724228742515351 -0.025710764306821954 0.012415072879887308 -0.0023450175304115311 0.0020461155164094125 -0.020165680706153086
leaf_weight=2998.8288381844759 49815.540775433183 52296.721735998988 226.17032423615456 46947.29808011651 82056.475352630019 7617.2253567874432 3042.3277310878038 1254.7105394750834 10111.2522020787 90.668881595134735 260.83796095848083 2950.5331100970507 35901.701386898756 201.9806070625782
leaf_count=12027 199517 209484 906 188015 328763 30525 12193 5030 40486 363 1044 11839 144134 809
internal_value=-3.50444e-06 0.000475596 0.000116373 -0.000673657 -0.000518601 -0.000957655 0.00123749 0.000704184 -0.00111514 -0.0019499 -0.000596721 0.00142525 0.00171 -0.00205728
internal_weight=295772 153241 111188 47434.3 142532 92716 10659.6 63753.4 11456.6 10201.9 47208.1 42053 39102.5 3200.81
internal_count=1185135 614137 445328 189965 570998 371481 42718 255363 45879 40849 189059 168809 156970 12836
is_linear=0
shrinkage=0.02


Tree=78
num_leaves=15
num_cat=0
split_feature=28 47 39 33 11 31 51 56 12 39 28 39 33 27
split_gain=187.983 203.467 257.357 188.35 186.374 158.555 119.362 123.829 161.012 133.168 116.611 113.439 122.514 133.492
threshold=1.2431077114190876 0.88144907265856365 -0.63173591404359075 71.584366922859203 0.02242620909561387 0.079797913829015452 -0.33485608334895445 0.095758862774734596 -0.010142646338411427 -0.16178091325749352 1.0076859204906656 4.4065755251998473 73.722088546682045 1.3363266399706919
decision_type=2 2 2 2 2 2 2 2 2 2 2 2 2 2
left_child=3 4 -3 6 5 -2 -1 8 9 -8 -10 12 13 -6
right_child=1 2 -4 -5 11 -7 7 -9 10 -11 -12 -13 -14 -15
leaf_value=0.0013449787979449371 -0.0071112492058483948 -0.0084921122949035872 -0.0016044915571074621 -0.0056107683444830648 0.00026545496409387199 -0.00065709836093564384 0.0034682367271041477 -0.00027760343371160647 -0.00020562671192319115 0.00013060034342746971 0.0036483846822692552 0.013557870889419527 -0.0012160169853874241 0.0058673409625060449
leaf_weight=40797.412156522274 1556.4974811375141 2803.3620184808969 9561.9010137468576 2119.0901090800762 3192.8794263452291 61115.465736433864 13426.920957133174 105495.82636532187 37282.008021295071 7425.6002741605043 3424.1301345080137 324.90584237873554 3827.9562060534954 3639.188084051013
leaf_count=163665 6240 11246 38370 8500 12785 244875 53776 422598 149314 29755 13717 1301 15332 14572
internal_value=-7.94097e-06 -0.000795363 -0.0031688 0.000314666 -0.00039673 -0.000817946 0.00037521 0.000138344 0.000851137 0.00228002 0.000118974 0.0020057 0.00164741 0.00325148
internal_weight=295993 86022.2 12365.3 209971 73656.9 62672 207852 167054 61558.7 20852.5 40706.1 10984.9 10660 6832.07
internal_count=1186046 344721 49616 841325 295105 251115 832825 669160 246562 83531 163031 43990 42689 27357
is_linear=0
shrinkage=0.02


Tree=79
num_leaves=15
num_cat=0
split_feature=53 58 34 56 12 47 47 39 32 22 22 46 9 41
split_gain=181.767 156.063 150.367 125.909 151.993 117.699 114.221 110.801 110.558 102.805 118.932 101.624 100.993 125.076
threshold=0.25870762305527328 0.4333333333333334 55.7028079256472 0.095758862774734596 -0.010142646338411427 0.97335555334614943 -0.99892946161930163 -0.16178091325749352 0.2165742382215359 0.30186431356682425 0.44870396151131381 0.95642797789208711 -0.0034343897663308503 0.3770510311071345
decision_type=2 2 2 2 2 2 2 2 2 2 2 2 2 2
left_child=1 -1 3 4 7 -4 -5 9 -9 -2 11 -11 13 -6
right_child=2 -3 5 6 12 -7 -8 8 -10 10 -12 -13 -14 -15
leaf_value=-0.00017288076722604434 0.0050221940639282679 0.0014451014492215849 -0.00096849556382724118 -0.0072783425328296347 0.0065510751543269956 -0.0046146714195466646 -0.0003858058737531669 0.0010089079400658505 -0.0088269325673162972 -0.0047033840478014214 0.0042290132908670173 0.010576629467324367 -0.0005546025660276313 0.00062997389722831035
leaf_weight=44243.20045337081 6915.2108232527971 51715.876586139202 56069.543559879065 967.47346560657024 1851.4304735660553 3775.5813393294811 87127.280077725649 5791.129267334938 491.25719386339188 1520.5993647426367 1971.6027642935514 191.77255946397781 27088.257652521133 6174.8693255335093
leaf_count=177271 27696 207271 224789 3875 7433 15173 349051 23206 1967 6089 7895 768 108452 24737
internal_value=-1.63583e-05 0.000699139 -0.00035977 -1.2748e-06 0.000779128 -0.0011989 -0.00046191 0.00233835 0.000233377 0.00358532 0.000885013 -0.00296633 2.92937e-05 0.00199903
internal_weight=295895 95959.1 199936 140091 51996.1 59845.1 88094.8 16881.6 6282.39 10599.2 3683.97 1712.37 35114.6 8026.3
internal_count=1185673 384542 801131 561169 208243 239962 352926 67621 25173 42448 14752 6857 140622 32170
is_linear=0
shrinkage=0.02


Tree=80
num_leaves=15
num_cat=0
split_feature=0 46 29 48 3 13 10 2 33 41 4 41 32 3
split_gain=178.49 137.394 117.932 105.148 142.075 191.332 169.495 102.572 121.582 144.126 107.855 107.876 107.681 119.352
threshold=7.7916749173661547e-05 -0.47114434510950071 -9.4149952253558613 -0.8783796973249266 -0.0010118700619591362 0.00095968254266088238 0.011630334644437123 0.0067384915726148445 69.244683392349074 0.6388884329572585 -0.0033970069278847965 0.60926155061606202 0.14486900330647104 0.002994108260838165
decision_type=2 2 2 2 2 2 2 2 2 2 2 2 2 2
left_child=3 2 -2 4 5 -1 -6 8 -4 12 -9 -12 13 -10
right_child=1 -3 7 -5 6 -7 -8 10 9 -11 11 -13 -14 -15
leaf_value=0.014848275185137868 -0.023408071772595948 -0.00098332585875568457 0.00070064643054860369 0.00024255221881559392 0.001262117754542704 0.0031074566437176089 -0.014908983078358654 -0.0062813758320012045 0.0034053381733878361 0.0037485927682922304 0.013609667908717258 -0.0080945511575238431 -0.0042348732981729162 -0.015873743663163003
leaf_weight=686.28780892491341 78.67804442346096 92292.855019852519 40334.137083053589 130900.81151519716 18402.350274175406 2842.8228667974472 257.98664255440235 191.07352714240551 1419.5007250159979 1514.6760286539793 622.05025815963745 103.85894264280796 5932.3925416022539 136.22030816972256
leaf_count=2753 315 369815 161514 524644 73741 11401 1033 765 5693 6074 2491 416 23779 546
internal_value=-1.58745e-05 -0.000524932 0.000315622 0.000458386 0.0017313 0.00540841 0.00103461 0.000355089 0.000231552 -0.0018693 0.00696452 0.0104702 -0.00300741 0.0016718
internal_weight=295716 142625 50332.6 153090 22189.4 3529.11 18660.3 50253.9 49336.9 9002.79 916.983 725.909 7488.11 1555.72
internal_count=1184980 571408 201593 613572 88928 14154 74774 201278 197606 36092 3672 2907 30018 6239
is_linear=0
shrinkage=0.02


Tree=81
num_leaves=15
num_cat=0
split_feature=53 57 55 19 8 15 17 40 17 22 26 29 28 52
split_gain=174.545 170.65 168.546 120.817 125.138 95.9384 93.2133 117.303 115.327 97.8652 92.215 92.1936 98.5164 91.8601
threshold=0.47219674595563493 6.5000000000000009 0.31923954439435204 0.29829301216066223 0.016119878991453132 0.0011193638852961486 0.60027440904245821 1.2966397474595019 2.1086181090227347 0.33251902374733205 0.60886393573423814 -2.9703444975636697 -3.5915745192376058 1.018499527099084
decision_type=2 2 2 2 2 2 2 2 2 2 2 2 2 2
left_child=2 -2 3 5 6 -1 -5 8 -8 11 -3 12 -9 -7
right_child=1 10 -4 4 -6 13 7 9 -10 -11 -12 -13 -14 -15
leaf_value=0.0024113437872705324 0.00030164979811060421 -0.00074714246420679487 0.001778783163435398 -0.0027976353195912629 0.0097385574623186279 1.6124868636879521e-05 0.00033221151912470639 0.0036531025077589491 0.023932360366293599 0.0017145666970650702 -0.0024454537151664089 -0.0024194540955219074 -0.011099777251248283 0.0023025845222044363
leaf_weight=9986.8589049875736 65602.39971396327 73418.780782714486 31927.200924709439 8410.6345409750938 437.73557789623737 55851.553945153952 19311.078963249922 216.53720054030418 78.18336209654808 1682.031013250351 15483.788259193301 4477.8373365998268 1038.1209051460028 8035.2677299976349
leaf_count=40035 262829 294069 127969 33695 1752 223839 77317 867 313 6734 62195 17927 4155 32274
internal_value=-7.37732e-06 -0.000472103 0.000500228 0.00012746 -0.000828644 0.00058891 -0.000961364 -0.000384755 0.00043352 -0.00252342 -0.00104305 -0.00376735 -0.00854923 0.000303859
internal_weight=295958 154505 141453 109526 35652.2 73873.7 35214.4 26803.8 19389.3 7414.53 88902.6 5732.5 1254.66 63886.8
internal_count=1185970 619093 566877 438908 142760 296148 141008 107313 77630 29683 356264 22949 5022 256113
is_linear=0
shrinkage=0.02


Tree=82
num_leaves=15
num_cat=0
split_feature=0 42 5 48 8 5 2 44 37 11 8 43 16 13
split_gain=173.602 126.777 124.798 135.238 126.333 125.932 117.151 111.55 125.799 117.527 116.755 173.234 122.32 172.6
threshold=7.7916749173661547e-05 0.42024634659022014 -0.0018982065050148205 -0.8783796973249266 -0.0036721678801765324 -0.0016352067732998546 -0.0036609158979896881 4.1683549191829199 1.1765414712584406 0.013647162693105072 0.00038147038503122426 0.041581279070434622 0.0024526260040212658 0.001817986823827733
decision_type=2 2 2 2 2 2 2 2 2 2 2 2 2 2
left_child=1 2 -1 4 -4 -5 -2 8 10 -9 12 -12 -8 -14
right_child=6 -3 3 5 -6 -7 7 9 -10 -11 11 -13 13 -15
leaf_value=0.0068998186867170672 0.0019755469841562009 0.00029286404854406834 0.017169793431428781 -0.0098030805438144887 0.0038220524074318086 0.00091225967617878203 -0.010328918334305867 8.241522966744354e-05 -0.00043009752215706796 0.011436046809220097 0.0015490133314366617 -0.0029837785572240541 0.022289053695138991 -0.004572879324610396
leaf_weight=1954.1120730787516 7368.274184525013 136973.30543342233 311.04988895356655 452.7340674251318 2833.3085118383169 10559.799461498857 1305.9952106624842 876.19067448377609 115492.04757425189 619.80453436076641 4751.7237135469913 11593.02191105485 112.67536392807961 506.96667049825191
leaf_count=7868 29499 548866 1253 1819 11371 42391 5239 3511 462640 2483 19055 46522 452 2032
internal_value=2.25584e-05 0.000490295 0.00216821 0.00151288 0.00516762 0.000467495 -0.000479473 -0.000613279 -0.000674096 0.00480875 -0.00221594 -0.00166594 -0.00686791 0.000450995
internal_weight=295711 153084 16111 14156.9 3144.36 11012.5 142627 135258 133762 1496 18270.4 16344.7 1925.64 619.642
internal_count=1185001 613568 64702 56834 12624 44210 571433 541934 535940 5994 73300 65577 7723 2484
is_linear=0
shrinkage=0.02


Tree=83
num_leaves=15
num_cat=0
split_feature=45 43 51 39 8 5 5 23 31 32 13 26 47 28
split_gain=166.332 141.918 131.185 121.919 209.316 208.579 170.175 173.637 123.826 120.43 118.537 130.764 117.954 158.55
threshold=-0.8083310600759902 -0.51405559517576294 -0.36827234606759851 -0.018465466636946752 -0.0035906337597620993 -8.9610671998691384e-05 0.0011701594182542139 0.34650053780225448 0.35553577588088275 -0.18370389068255957 0.0026770964890622103 -0.22234807208021565 0.81241147629689026 0.92061723621163383
decision_type=2 2 2 2 2 2 2 2 2 2 2 2 2 2
left_child=3 -2 -3 6 5 -5 -1 -8 -7 -6 11 -9 -4 -14
right_child=1 2 12 4 9 8 7 10 -10 -11 -12 -13 13 -15
leaf_value=0.0011217149383727018 0.0035372543548061381 0.00072364303607314008 -0.00028266757274039879 0.003074975972260318 -0.0035073269451536544 -0.0017032710129646158 -0.022505264378367182 0.0026879830171050566 0.0058790106925279582 0.00037290658698881671 0.010680530222101785 0.018068792872868628 -0.00049316957439650606 -0.0031777879805320749
leaf_weight=31782.7973947227 3894.4411568343639 40063.045318633318 143916.46858255565 11414.391170531511 7983.3578965067863 8526.3833270519972 84.883350551128387 3401.6993711292744 953.40074150264263 5335.6128811985254 1325.3505487889051 231.77597092092037 22342.660014390945 14514.489125132561
leaf_count=127489 15597 160504 576419 45837 32001 34219 340 13650 3834 21400 5317 928 89477 58255
internal_value=2.16883e-05 -0.000244975 -0.000311753 0.000865224 5.59091e-06 0.00125448 0.00166375 0.00507484 -0.000938009 -0.00195334 0.00556914 0.00369259 -0.000541231 -0.00155067
internal_weight=295771 224731 220837 71039.7 34213.1 20894.2 36826.5 5043.71 9479.78 13319 4958.83 3633.48 180774 36857.1
internal_count=1185267 900252 884655 285015 137291 83890 147724 20235 38053 53401 19895 14578 724151 147732
is_linear=0
shrinkage=0.02


Tree=84
num_leaves=15
num_cat=0
split_feature=20 46 24 25 7 43 43 3 6 44 29 44 2 47
split_gain=151.534 131.473 142.053 115.272 99.3673 104.813 104.188 109.846 102.097 96.9151 98.1798 141.82 94.01 161.333
threshold=0.048669017590447207 -0.88144907265856332 0.82832424986490227 7.5000000000000009 0.0037073562111843024 0.11977528789610871 0.090457058743156529 -0.00084939000216600208 0.0023235044210077236 -0.58340815020721781 -3.1354988514124651 -0.76387169541908417 -0.0042291174624644714 -0.58216583101416164
decision_type=2 2 2 2 2 2 2 2 2 2 2 2 2 2
left_child=-1 2 4 12 -2 6 7 -6 -7 10 11 -4 13 -3
right_child=1 3 9 -5 5 8 -8 -9 -10 -11 -12 -13 -14 -15
leaf_value=0.0004304777920541192 -0.0010314568894202606 -0.0024008156472599238 -0.019750071426383842 -0.012036954916536381 -0.0044442751948674634 0.0022113310256197615 0.029195523034871225 0.012826273357647407 -0.022973573623755229 0.0018503322450699072 0.0091562992769930705 0.012856575515999709 -0.00080959668275406606 0.005665461144295926
leaf_weight=153230.81764104962 11486.17914776504 1704.6336570084095 116.36872780323029 355.13349483907223 226.28851255774498 282.39888751506805 90.411725997924805 406.36452174186707 78.132125720381737 8332.4502144753933 1382.1214157342911 90.658922508358955 115605.5593765378 2359.5718059390783
leaf_count=614187 46000 6823 466 1425 906 1131 362 1627 313 33368 5536 363 463245 9448
internal_value=-6.11523e-06 -0.00047553 0.000927605 -0.000738491 -0.000484542 0.0052909 0.00966117 0.0066625 -0.00348618 0.00271601 0.00723502 -0.00550492 -0.00070446 0.00228346
internal_weight=295747 142516 22491.4 120025 12569.8 1083.6 723.065 632.653 360.531 9921.6 1589.15 207.028 119670 4064.21
internal_count=1185200 571013 90072 480941 50339 4339 2895 2533 1444 39733 6365 829 479516 16271
is_linear=0
shrinkage=0.02


Tree=85
num_leaves=15
num_cat=0
split_feature=53 57 38 47 41 40 13 32 45 32 31 4 32 41
split_gain=174.279 166.083 109.778 138.513 138.812 112.522 104.475 104.134 101.771 89.4345 110.435 88.7174 95.2041 93.4651
threshold=0.6205978580522522 5.5000000000000009 4.8342602179807779 0.22695468355932455 0.42830584235377966 1.005332001902097 0.0028050375077366377 -0.45281397650632532 0.42356881176540512 -0.14034390627777146 -0.72627327383230678 -0.0022546912670461752 -0.29552438405338322 0.61131127900253379
decision_type=2 2 2 2 2 2 2 2 2 2 2 2 2 2
left_child=2 -2 5 4 9 7 11 -1 -3 -4 -11 12 -5 -14
right_child=1 8 3 6 -6 -7 -8 -9 -10 10 -12 -13 13 -15
leaf_value=-0.022865828773910853 0.000399953849817905 -0.00058341373098584766 0.0048937757772069554 0.0044685016341322751 3.9048732230503e-05 0.00011983262069692509 0.0014921008047102586 0.0017403511111298681 -0.0020824578190046495 -0.017423740235831171 0.0015711940481700961 -0.0010859080399522069 -0.0091749957063543813 0.0043661728375048291
leaf_weight=63.935693815350533 45290.717036142945 50654.310932174325 3879.4058054089546 324.55100429058075 43044.908014267683 32206.204571053386 6136.6149220615625 40964.018614605069 28201.879548385739 118.8754888176918 10685.294615879655 32522.424486353993 1460.9073275327682 233.78793621063232
leaf_count=257 181456 202855 15584 1302 172407 129138 24583 164200 113168 477 42811 130352 5854 937
internal_value=5.54983e-06 -0.000565265 0.000418422 -1.79224e-05 0.000611926 0.00100471 -0.000911735 0.00169922 -0.00111963 0.00229073 0.00135423 -0.00133895 -0.00540177 -0.0072996
internal_weight=295788 124147 171641 98406.8 57728.5 73234.2 40678.3 41028 78856.2 14683.6 10804.2 34541.7 2019.25 1694.7
internal_count=1185381 497479 687902 394307 231279 293595 163028 164457 316023 58872 43288 138445 8093 6791
is_linear=0
shrinkage=0.02


Tree=86
num_leaves=15
num_cat=0
split_feature=12 15 44 26 3 51 42 24 41 12 21 51 4 44
split_gain=162.083 154.889 207.817 148.697 136.573 132.973 128.911 128.145 127.921 131.124 170.938 123.589 123.055 139.837
threshold=-0.00015384664125041054 0.0025891652599230766 -1.0452058225953453 -0.57498239104684912 -1.0000000180025095e-35 0.68021459196394518 0.39750986358522378 0.0068752220200882499 0.49694094999640831 0.015905048018190263 0.73751998838890109 -0.51308089292455927 -0.0017650830089127646 1.9697146949868742
decision_type=2 2 2 2 2 2 2 2 2 2 2 2 2 2
left_child=5 11 -3 -4 6 12 -5 -6 -9 10 -10 -2 13 -1
right_child=1 2 3 4 7 -7 -8 8 9 -11 -12 -13 -14 -15
leaf_value=-0.00013611882797259545 0.00088556245929376351 -0.0061664588214271612 0.0042173449326318056 0.015760672163100967 -0.0087705340232277391 -0.0017707613558276924 -0.0011427721490114527 0.0037483653869848418 0.0047432287159905051 -0.0011596423640248222 -0.021322052433888489 -0.0010654161055513309 0.00094879096287561456 -0.0052731291457687526
leaf_weight=20768.997410044074 14897.091194048524 1719.9884767085314 4808.8836824148893 177.67039425671101 458.28817476332188 9650.067008972168 15072.315995752811 8091.6902477443218 2900.3886320739985 6897.9159332364798 99.368355095386505 101152.55871506035 106681.42962037027 2355.5917660146952
leaf_count=83223 59722 6893 19306 712 1835 38668 60383 32404 11622 27644 398 405387 427535 9448
internal_value=-1.95024e-06 -0.000444248 0.000625145 0.00092927 0.000459483 0.000493692 -0.000940737 0.00161693 0.00188392 0.000358556 0.00384576 -0.000814945 0.000662099 -0.000660428
internal_weight=295732 156276 40226.5 38506.5 33697.6 139456 15250 18447.7 17989.4 9897.67 2999.76 116050 129806 23124.6
internal_count=1185180 626306 161197 154304 134998 558874 61095 73903 72068 39664 12020 465109 520206 92671
is_linear=0
shrinkage=0.02


Tree=87
num_leaves=15
num_cat=0
split_feature=53 57 52 37 45 35 13 43 45 8 32 47 14 11
split_gain=171.398 180.915 129.722 102.012 81.2385 80.2981 89.055 88.751 74.4541 73.7043 77.0233 75.1055 105.66 82.1887
threshold=0.6205978580522522 6.5000000000000009 0.51072066166195829 1.1765414712584406 0.54855675396816006 0.47204185657004277 0.00070068919112304588 -0.17801799342051719 3.4198940643534947 0.016119878991453132 -0.14034390627777146 0.22695468355932455 0.00085283552824867942 0.038966483736799305
decision_type=2 2 2 2 2 2 2 2 2 2 2 2 2 2
left_child=2 -2 5 9 -3 6 -1 -7 -5 10 -4 12 -12 -14
right_child=1 4 3 8 -6 7 -8 -9 -10 -11 11 -13 13 -15
leaf_value=0.0027323676606608766 0.00029772762905211624 -0.00077346174477331379 0.0084319718889346706 0.0011402904175048861 -0.0022338324773884953 0.0030231816904758659 -8.3517914093526898e-05 -0.0017466164199285072 -0.015887763154310515 0.0055905306835819391 0.01170781517901796 -0.003907820554846779 -0.0013768872083088567 0.0097613885244247477
leaf_weight=4927.9861942082644 54198.202707767487 47559.382208734751 308.48313151299953 85918.123543858528 22421.265330120921 1706.4989237338305 50308.623180046678 17718.24897891283 97.855952948331833 648.87210094928741 274.26231972873211 3684.4536319226027 5835.8921735733747 272.62149950861931
leaf_count=19746 217146 190470 1236 344514 90007 6829 201536 70987 392 2598 1099 14774 23367 1091
internal_value=-3.6885e-06 -0.000569703 0.000405671 0.000887846 -0.00124148 -0.000221049 0.000167929 -0.00132691 0.00112 -0.000923124 -0.00133297 -0.00163623 -0.000322918 -0.000872212
internal_weight=295881 124179 171702 97040.6 69980.6 74661.4 55236.6 19424.7 86016 11024.6 10375.7 10067.2 6382.78 6108.51
internal_count=1185792 497623 688169 389071 280477 299098 221282 77816 344906 44165 41567 40331 25557 24458
is_linear=0
shrinkage=0.02


Tree=88
num_leaves=15
num_cat=0
split_feature=53 55 20 8 33 30 26 51 48 43 17 26 24 43
split_gain=165.144 145.036 108.652 110.992 116.724 138.959 102.807 97.748 105.813 88.0893 81.9476 81.5594 81.0425 87.2876
threshold=0.47730281125654755 0.31923954439435204 0.39377411488243569 0.016119878991453132 69.244683392349074 0.8728626676947937 0.61866291694875974 -0.51308089292455927 -0.8783796973249266 -0.16702515088291883 1.1459185717398352 2.7266413099465363 0.66525018841703198 -0.33409556937078128
decision_type=2 2 2 2 2 2 2 2 2 2 2 2 2 2
left_child=1 2 7 4 5 12 -2 8 -1 -8 -5 -11 13 -4
right_child=6 -3 3 10 -6 -7 9 -9 -10 11 -12 -13 -14 -15
leaf_value=0.0055168299977149463 -0.000227850355284286 0.0016576021015301784 0.020882767191728671 -0.0047128255485046761 -0.0032268601951185951 0.0068306926721481143 0.0022718837627412327 0.00012944505144656335 0.0012026877234767065 -0.0021176890057696255 0.015090314016848365 0.0057612596076966546 -0.0001461401243311061 -0.0035450609619701074
leaf_weight=2608.1563333272934 127111.05837914348 32403.498626619577 54.460637509822845 113.44961234927177 6855.2814512550831 1041.3171908706427 2155.3187412023544 53818.724841192365 17571.150289610028 23722.308069199324 292.74246275424957 532.75162881612778 23776.773292958736 4029.9209980368614
leaf_count=10472 509136 129900 218 454 27476 4171 8631 215682 70539 95326 1172 2135 95197 16137
internal_value=-8.62881e-06 0.000481512 0.000135513 -0.000762895 -0.000881585 -0.000324855 -0.000463792 0.0005746 0.00176152 -0.0015991 0.00956924 -0.00194348 -0.000593473 -0.00319421
internal_weight=296087 142565 110162 36163.9 35757.8 28902.5 153521 73998 20179.3 26410.4 406.192 24255.1 27861.2 4084.38
internal_count=1186646 571418 441518 144825 143199 115723 615228 296693 81011 106092 1626 97461 111552 16355
is_linear=0
shrinkage=0.02


Tree=89
num_leaves=15
num_cat=0
split_feature=28 47 31 33 11 10 38 16 8 45 16 49 44 51
split_gain=153.91 187.563 176.576 161.706 143.95 115.178 111.093 124.184 105.871 129.851 177.685 150.942 105.119 104.29
threshold=1.2431077114190876 0.88144907265856365 0.079797913829015452 71.584366922859203 0.02242620909561387 0.0065736743031567573 22.741639022022515 0.0021509329165958027 0.0015733752474655009 1.0510667122440676 0.0019794562037573986 0.81174490092936691 -0.47535450890277664 -0.3413011249473592
decision_type=2 2 2 2 2 2 2 2 2 2 2 2 2 2
left_child=3 2 12 6 -4 8 13 -8 -3 10 -10 -11 -2 -1
right_child=1 5 4 -5 -6 -7 7 -9 9 11 -12 -13 -14 -15
leaf_value=0.0012839741406202702 -0.014244472882735741 -0.0068533591990542842 -0.00056963883530851639 -0.0052178209022464492 0.0019225322353383604 -0.0008222617190909243 0.011797998724547683 -0.014332805550880434 0.010949940272547287 -0.0037556749221528607 -0.0029009290608524047 -0.023294639022474351 -0.0032795491531247838 0.00014475127557273727
leaf_weight=39772.462566867471 522.43106688559055 3951.2306717336178 61115.720687448978 2109.2187255769968 10923.419789671898 5439.7871640622616 85.885994508862495 376.19011691212654 566.03178521990776 1159.5773900598288 1050.6301847547293 178.72563362121582 1050.8782368153334 167479.03502991796
leaf_count=159616 2096 15849 244935 8466 43752 21843 344 1508 2273 4666 4219 719 4215 670948
internal_value=-6.56567e-06 -0.000719328 -0.000336636 0.000285443 -0.000191639 -0.00300006 0.00034145 -0.00940157 -0.0047136 -0.00184568 0.0019674 -0.00644203 -0.00695414 0.000363399
internal_weight=295781 85958.4 73612.4 209823 72039.1 12346 207714 462.076 6906.2 2954.96 1616.66 1338.3 1573.31 207251
internal_count=1185449 344567 294998 840882 288687 49569 832416 1852 27726 11877 6492 5385 6311 830564
is_linear=0
shrinkage=0.02


Tree=90
num_leaves=15
num_cat=0
split_feature=0 17 42 5 48 8 5 5 5 1 29 35 37 8
split_gain=146.617 118.087 116.035 133.376 118.97 127.933 121.366 108.344 94.8296 94.3382 182.298 93.909 93.2223 92.2478
threshold=7.7916749173661547e-05 0.58988896887922471 0.42024634659022014 -0.0018982065050148205 -0.8783796973249266 -0.0036721678801765324 -0.0016352067732998546 -0.0029562410726023734 0.0034456942054198049 0.0017703118555691278 11.02842987692501 0.72835889720913183 18.721524283961291 0.016119878991453132
decision_type=2 2 2 2 2 2 2 2 2 2 2 2 2 2
left_child=2 7 3 -1 5 -5 -6 -2 -9 -4 12 -8 -11 -3
right_child=1 13 9 4 6 -7 11 8 -10 10 -12 -13 -14 -15
leaf_value=0.0069535153883572322 0.0085352414254942343 -0.00019637904508669588 0.00049931586469340017 0.01691338254038768 -0.0096907658901347737 0.0034565465580980829 0.00065963224845619925 -0.0014763052763864383 -0.01142002578633931 -0.00096224942407496404 0.018046218222058607 0.021183917182189323 -0.02085593834153383 0.0043493412388539996
leaf_weight=1946.0994999110699 423.15000151097775 106403.96356295049 112922.69928185642 309.70586393773556 452.15684203803539 2826.5159261524677 10517.115747600794 33653.291028320789 383.1779540926218 23716.989422768354 196.84744955599308 84.943100705742836 89.610867023468018 1811.1910330653191
leaf_count=7842 1695 426324 452603 1250 1816 11348 42229 134910 1537 94999 788 340 359 7254
internal_value=1.64217e-05 -0.000444813 0.000446354 0.00205017 0.0013755 0.00481023 0.000399294 -0.00146436 -0.00158991 0.000257279 -0.000881235 0.00083398 -0.0010415 -0.0001201
internal_weight=295737 142675 153063 16136.5 14190.4 3136.22 11054.2 34459.6 34036.5 136926 24003.4 10602.1 23806.6 108215
internal_count=1185294 571720 613574 64825 56983 12598 44385 138142 136447 548749 96146 42569 95358 433578
is_linear=0
shrinkage=0.02


Tree=91
num_leaves=15
num_cat=0
split_feature=45 12 47 10 15 51 36 3 21 2 51 10 37 38
split_gain=158.303 130.17 203.688 150.676 141.498 130.582 129.126 128.335 193.63 143.865 119.895 112.143 117.704 140.787
threshold=-0.86898761704506855 1.0000000180025095e-35 0.35206144883412571 -0.0086406218249153195 0.0025891652599230766 0.68021459196394518 0.0024911539214385425 -0.00025407774830403111 0.21323278001922757 0.0031811606985538933 -0.48320246096936298 0.0017655327374959593 8.7241442924682193 1.7398065195733177
decision_type=2 2 2 2 2 2 2 2 2 2 2 2 2 2
left_child=11 5 4 -4 -3 6 -2 9 -9 -6 -5 12 13 -1
right_child=1 2 3 10 7 -7 -8 8 -10 -11 -12 -13 -14 -15
leaf_value=-0.0014876148466906099 0.0063584110012189932 -0.00047558123131622901 0.0062260091274902165 0.00089591544904935115 0.00089797457361336542 -0.0025415737969237411 0.00038442737528221254 0.0058090172700135554 0.00020638045343326913 -0.0065068052608639008 -0.0022162349393530594 0.0056667628614960313 0.0021537975062727501 0.00091210761573875816
leaf_weight=13771.885823234916 1464.9696692824364 63186.56921453774 938.40637630224228 5615.3906843662262 5444.324811398983 6096.1223065108061 93813.963228449225 5007.7635774165392 4860.1329009085894 1294.9095234423876 41728.069073826075 1887.8979390561581 17029.623203441501 33696.218160331249
leaf_count=55250 5870 253146 3757 22503 21803 24423 375770 20054 19461 5185 167319 7592 68387 135195
internal_value=8.42142e-06 -0.000240433 -0.000664235 -0.00168951 -4.37893e-05 0.000294997 0.00047661 0.00159874 0.00305111 -0.000528585 -0.00184705 0.000868499 0.000727621 0.000215795
internal_weight=295836 229451 128076 48281.9 79793.7 101375 95278.9 16607.1 9867.9 6739.23 47343.5 66385.6 64497.7 47468.1
internal_count=1185715 919291 513228 193579 319649 406063 381640 66503 39515 26988 189822 266424 258832 190445
is_linear=0
shrinkage=0.02


Tree=92
num_leaves=15
num_cat=0
split_feature=45 53 35 18 57 55 52 33 10 43 6 5 1 28
split_gain=157.638 133.685 132.741 134.771 127.121 100.278 103.892 93.8873 134.935 98.499 113.302 99.3013 91.3376 128.909
threshold=-0.86898761704506855 0.6158382202140571 -0.52086999839696402 0.0012887620299842596 8.5000000000000018 0.31923954439435204 1.0277427631390894 33.698863133795065 -0.00037331834494113493 -0.15295419166354948 -0.0011902986261421182 -0.00031830742844329878 -0.00092159057594097885 -0.85704468566505332
decision_type=2 2 2 2 2 2 2 2 2 2 2 2 2 2
left_child=2 5 3 12 -3 6 -2 8 9 10 -4 -11 13 -1
right_child=1 4 7 -5 -6 -7 -8 -9 -10 11 -12 -13 -14 -15
leaf_value=-0.0054340570614950165 -0.0003726016667066606 -0.00020904043564759552 -0.029993283177777431 0.00071778719075393208 -0.0016951779262054051 0.0011092906335648425 0.0017674529937252762 0.0021505361746810129 0.015614739968924972 -0.0011952515661767821 0.00058163919827796989 0.014993205417861831 -0.0018392012252821019 -0.028228097462695678
leaf_weight=467.0224584043026 92211.994338512421 54716.72700676322 63.440002948045731 51271.144214466214 39744.26195153594 32763.579770416021 10059.22384467721 9874.9941725581884 527.46899086236954 300.55124145746231 165.60438697040081 299.36370642483234 3293.6809729933739 122.31165556609631
leaf_count=1872 369364 219234 255 205792 159325 131238 40326 39624 2124 1206 666 1201 13207 490
internal_value=-8.98127e-06 -0.000257269 0.000849307 0.000445613 -0.000834386 0.000146458 -0.000162033 0.00283064 0.00775585 0.00269158 -0.00834675 0.00694011 -0.00314446 -0.0103625
internal_weight=295881 229496 66385.6 55154.2 94461 135035 102271 11231.4 1356.43 828.959 229.044 599.915 3883.02 589.334
internal_count=1185924 919487 266437 221361 378559 540928 409690 45076 5452 3328 921 2407 15569 2362
is_linear=0
shrinkage=0.02


Tree=93
num_leaves=15
num_cat=0
split_feature=53 57 55 19 12 40 2 46 1 47 32 37 33 11
split_gain=138.017 131.004 107.643 115.762 104.003 119.896 92.8263 97.0506 86.1191 95.5851 111.587 86.4933 81.2743 80.4464
threshold=0.69373929635403753 4.5000000000000009 0.14341568822276682 0.28566162029992703 -0.002341294576973687 1.005332001902097 -0.0028584280492101647 0.84874750804349208 0.00041224858340916005 -0.29012925520284116 -0.28581390652612743 7.3772362973841741 62.498166348514367 0.038966483736799305
decision_type=2 2 2 2 2 2 2 2 2 2 2 2 2 2
left_child=2 -2 3 -1 5 -4 -5 -8 9 11 -11 -6 -3 -10
right_child=1 12 4 6 8 -7 7 -9 13 10 -12 -13 -14 -15
leaf_value=0.00033765512753689046 0.00049151963937933024 -0.00069897225515358681 0.0024508276684292751 0.0027485536112765037 0.0026891477340390004 0.00027095858893784057 -0.00092712262583259143 -0.0039382366387602768 -0.00088286531087171426 0.0044558387943893661 -0.00059011924251880642 -0.0020328759588247357 -0.0023603514774215148 0.0057207549940273203
leaf_weight=59348.788929089904 32925.231323897839 60962.647173076868 24412.450005486608 2200.8848548233509 12733.765124171972 17205.731807276607 21832.414052337408 5322.7523465156555 23325.781669601798 1956.0371675342321 16521.680179178715 1763.1272640526295 14596.209421128035 757.0645337253809
leaf_count=237939 131925 244189 97871 8812 51033 69005 87465 21322 93472 7852 66228 7072 58665 3032
internal_value=6.41757e-06 -0.000561281 0.000335093 -0.000170486 0.000789571 0.00154977 -0.00119767 -0.00151795 0.000234989 0.000898961 -5.4897e-05 0.00211435 -0.00102005 -0.000674131
internal_weight=295865 108484 187380 88704.8 98675.6 41618.2 29356.1 27155.2 57057.5 32974.6 18477.7 14496.9 75558.9 24082.8
internal_count=1185882 434779 751103 355538 395565 166876 117599 108787 228689 132185 74080 58105 302854 96504
is_linear=0
shrinkage=0.02


Tree=94
num_leaves=15
num_cat=0
split_feature=46 37 9 0 5 20 11 33 42 39 3 44 5 8
split_gain=145.541 144.147 132.76 124.345 144.336 113.956 112.927 125.777 112.278 123.942 133.672 125.922 123.434 111.025
threshold=-0.47114434510950071 2.4883859012923559 0.014623347349229465 6.2432638671144645e-05 -0.0032754221988359872 0.1394126421864644 0.043438537731705709 58.301635528712829 0.5760467120557663 -0.68191416839512609 0.0010545925542002354 -0.56742776443581044 -0.0016352067732998546 0.0017710509896589903
decision_type=2 2 2 2 2 2 2 2 2 2 2 2 2 2
left_child=6 8 3 -3 5 -5 13 -8 9 10 11 -2 -11 -1
right_child=1 2 -4 4 -6 -7 7 -9 -10 12 -12 -13 -14 -15
leaf_value=0.00099404894973187928 -0.0043831943409792691 0.00052979572573840861 -0.007607685575073379 -0.0078814825143859318 -0.00082194675268380596 0.0046106992385877401 0.022739906756376899 0.0040780219680620865 -0.0052018155436496542 -0.0040265075157749838 0.0012018696022154743 -0.014949994209956449 -0.0001483941934585538 -0.00044060424950628698
leaf_weight=69024.573547378182 3515.6884253621101 83580.379824265838 915.55497781932354 318.43239718675613 65982.79331804812 3049.6670729964972 161.81537359952927 1107.9711569100618 2854.1151545345783 3715.4223058968782 1523.0320731550455 514.34068003296852 27917.914192557335 31384.39988899231
leaf_count=276652 14094 335171 3669 1275 264357 12210 648 4438 11452 14892 6106 2063 111944 125740
internal_value=7.9203e-06 -0.000313471 -3.52517e-05 1.03295e-05 -0.000615714 0.00341971 0.000620754 0.00653606 -0.00138233 -0.00108852 -0.00384298 -0.00574866 -0.000604454 0.000545626
internal_weight=295566 193887 153847 152931 69350.9 3368.1 101679 1269.79 40040.5 37186.4 5553.06 4030.03 31633.3 100409
internal_count=1184711 777233 616682 613013 277842 13485 407478 5086 160551 149099 22263 16157 126836 402392
is_linear=0
shrinkage=0.02


Tree=95
num_leaves=15
num_cat=0
split_feature=2 0 1 1 43 29 48 3 39 20 18 43 3 38
split_gain=160.061 149.595 123.151 122.991 136.763 113.693 112.287 112.484 108.307 111.902 133.279 134.116 111.925 107.44
threshold=-0.0032540333250396752 7.7916749173661547e-05 -0.0012558637551852274 0.0012664414579428831 -1.1426947946155808 11.02842987692501 -0.8783796973249266 -0.00019654590147920423 3.0718319278787822 -0.62936959288515359 0.0022965931866404509 -0.25568142497397661 0.00064666401329115401 0.46067623123545803
decision_type=2 2 2 2 2 2 2 2 2 2 2 2 2 2
left_child=8 3 13 6 -5 -6 7 -2 9 10 -1 -12 -13 -3
right_child=1 2 -4 4 5 -7 -8 -9 -10 -11 11 12 -14 -15
leaf_value=-0.023678727501610895 0.0039604002353917141 0.016740932131786578 -0.00092394477203964055 0.0160567267017626 -0.00095633773112544927 0.012088669109468448 0.00036863166549105762 0.00080866859541234033 -0.0043215294896270804 0.0016277530271913746 0.013800117478944503 -0.0026679313596414391 0.0092522797462418257 0.0004264837134271094
leaf_weight=51.991896614432335 7498.794734403491 157.3141737729311 102160.33687022328 187.60880479216576 31870.207480311394 264.52236647903919 93385.281945943832 11436.090945109725 1062.3272366374731 14541.315968960524 793.21554738283157 627.46517688035965 624.37085449695587 31056.421021595597
leaf_count=209 30086 630 409542 753 127668 1059 374440 45836 4262 58278 3189 2521 2506 124363
internal_value=1.25133e-05 -0.000104908 -0.000588028 0.00034058 -0.000746508 -0.000847092 0.000653431 0.00205757 0.0018563 0.00225192 0.00656586 0.00739065 0.0032906 0.000511375
internal_weight=295717 278017 133374 144643 32322.3 32134.7 112320 18934.9 17700.7 16638.4 2097.04 2045.05 1251.84 31213.7
internal_count=1185342 1114377 534535 579842 129480 128727 450362 75922 70965 66703 8425 8216 5027 124993
is_linear=0
shrinkage=0.02


Tree=96
num_leaves=15
num_cat=0
split_feature=53 57 55 20 52 24 2 37 33 55 35 1 39 45
split_gain=137.529 146.801 137.348 122.349 100.609 96.3717 91.337 88.9327 83.4131 132.365 78.7535 84.1225 77.5662 75.6091
threshold=0.6205978580522522 5.5000000000000009 0.14341568822276682 0.39377411488243569 1.018499527099084 0.41639378925784193 -0.0028584280492101647 0.94495769508193272 70.862497132206627 0.17581539653980957 0.45241798136841754 -0.00088097304613210623 -0.67704509416369651 0.46193667252059595
decision_type=2 2 2 2 2 2 2 2 2 2 2 2 2 2
left_child=2 -2 3 4 -1 -5 -7 8 10 -10 12 -12 -4 -3
right_child=1 13 7 5 -6 6 -8 -9 9 -11 11 -13 -14 -15
leaf_value=-2.0052030621721108e-05 0.00037810019709138876 -0.00059823580903177638 -0.012996208910172216 -0.020902326950501825 0.0024827067749589545 0.0029448361896617886 -0.0015514603180431918 0.0010936231034498001 0.010428260180499686 -0.00081221079027971477 0.0015745080395803521 -0.0076785214865671735 0.014658346968728239 -0.00190083942914584
leaf_weight=49057.411455065012 45398.03213737905 51402.365908503532 50.635309606790543 95.077231049537659 7387.9641555994749 1937.7522022128105 25966.092243343592 80071.943653509021 459.07526940107346 4314.1713970005512 515.83050911128521 1625.5448387116194 149.86933366954327 27286.908763438463
leaf_count=196634 181911 205874 203 381 29684 7759 104025 321027 1840 17290 2067 6514 600 109566
internal_value=-2.03065e-05 -0.000527546 0.000346426 -0.000228458 0.000307717 -0.00130924 -0.00123875 0.000903206 -0.00123897 0.000278642 -0.00432619 -0.00545111 0.0075282 -0.00105003
internal_weight=295719 124087 171631 84444.3 56445.4 27998.9 27903.8 87187.1 7115.13 4773.25 2341.88 2141.38 200.505 78689.3
internal_count=1185375 497351 688024 338483 226318 112165 111784 349541 28514 19130 9384 8581 803 315440
is_linear=0
shrinkage=0.02


Tree=97
num_leaves=15
num_cat=0
split_feature=0 5 42 5 18 24 47 16 5 18 23 41 21 28
split_gain=131.149 107.237 105.739 104.175 112.27 100.607 96.9995 106.041 150.377 124.446 132.872 105.803 141.368 111.527
threshold=7.7916749173661547e-05 -0.00012089596656295908 0.42024634659022014 -0.0018982065050148205 0.0032070209748752258 0.10554863860552198 0.91037613702198772 0.0024329473060554214 -5.9561327467984981e-05 0.0046958796817003646 1.156340530732318 0.74790617680227622 0.22066638313524709 0.23050276215211044
decision_type=2 2 2 2 2 2 2 2 2 2 2 2 2 2
left_child=2 -2 3 -1 -5 -6 7 9 -9 11 -11 -3 -13 -14
right_child=1 6 -4 4 5 -7 -8 8 -10 10 -12 12 13 -15
leaf_value=0.0062718641898318397 0.00014611385540779724 -0.0013166613195386302 0.00022945359405859321 0.0021644310931052853 0.0038119945326737003 -0.0050747707826871878 -0.0027895496016585755 -0.011447019669635253 0.00063820074156571097 -0.0033169264427993965 -0.024629143238044451 0.0092992872621869647 0.0069012466440201356 -0.016283769423547333
leaf_weight=1948.8786033689976 67425.883647039533 40552.401661843061 136925.27464063466 11681.251809969544 711.30579796433449 1765.3515732139349 9965.6761150956154 414.47296534478664 22658.400508791208 323.58726154267788 179.99133931100368 813.39645566046238 143.86123456060886 184.339115858078
leaf_count=7860 270163 162536 548822 46915 2862 7092 40007 1661 90791 1296 721 3262 576 740
internal_value=3.12253e-06 -0.000433112 0.000409797 0.00194237 0.00134439 -0.00251992 -0.000952184 -0.000671457 0.000418673 -0.0012675 -0.0111017 -0.00114741 0.00484449 -0.00616994
internal_weight=295694 142662 153032 16106.8 14157.9 2476.66 75236.1 65270.5 23072.9 42197.6 503.579 41694 1141.6 328.2
internal_count=1185304 571753 613551 64729 56869 9954 301590 261583 92452 169131 2017 167114 4578 1316
is_linear=0
shrinkage=0.02


Tree=98
num_leaves=15
num_cat=0
split_feature=53 57 57 45 43 15 32 53 38 26 26 54 48 41
split_gain=143.772 131.884 123.827 74.5024 71.1756 67.4873 72.3264 65.3554 62.8562 61.2272 58.5577 51.4527 50.5996 64.0349
threshold=0.47219674595563493 5.5000000000000009 7.5000000000000009 0.54855675396816006 -0.1705296597605486 0.0034130503730883904 -0.47824395609354481 0.073749818938437281 0.64486605438840183 2.7266413099465363 -1.0852344937196705 0.56631846050619206 -0.60785761079279388 0.6507400127884676
decision_type=2 2 2 2 2 2 2 2 2 2 2 2 2 2
left_child=2 -2 -1 5 -5 6 10 -4 11 12 -3 -8 13 -6
right_child=1 3 7 4 9 -7 8 -9 -10 -11 -12 -13 -14 -15
leaf_value=-0.0001490446549367173 0.0003457938970929281 -0.0036514766288103296 0.0020015915344993775 0.0010456298052793067 -0.0042712861356412795 0.0012274162316440863 0.013127591330341247 0.00064874229030982458 -0.0007827301782647204 0.0062924654983176976 -0.015867714015998288 0.0016243725563087558 -0.0015783109392132164 0.00069375448806135488
leaf_weight=71309.190014719963 54521.421611964703 825.41706019639969 19986.241215214133 3467.7317106127739 6458.53387619555 7996.2200360894203 160.78938427567482 50061.746221140027 55465.709793150425 348.49350433051586 190.36360575258732 2564.2159251123667 21091.204530194402 1236.5327206254005
leaf_count=285834 218483 3308 80137 13887 25961 32034 645 200728 222158 1397 762 10287 84682 4980
internal_value=-2.31551e-05 -0.000445226 0.00043764 -0.000877338 -0.0016618 -0.000496672 -0.000729606 0.00103486 -0.000636968 -0.00198417 -0.00600738 0.00232592 -0.00208545 -0.00347351
internal_weight=295684 154327 141357 99805.2 32602.5 67202.7 59206.5 70048 58190.7 29134.8 1015.78 2725.01 28786.3 7695.07
internal_count=1185283 618584 566699 400101 130907 269194 237160 280865 233090 117020 4070 10932 115623 30941
is_linear=0
shrinkage=0.02


Tree=99
num_leaves=15
num_cat=0
split_feature=26 34 5 33 40 23 7 8 43 38 12 22 19 44
split_gain=119.279 134.582 129.431 126.802 116.006 159.478 111.674 110.879 120.429 109.331 113.826 108.515 107.373 117.568
threshold=0.56939298652761605 70.975070291995891 -0.0012311400539305099 66.081479564797363 2.0851635233795309 0.80729350007245892 -0.0027835938080239329 -0.0036721678801765324 -0.32376932265595659 16.950137769051491 0.044546257212862254 0.28280656250832387 0.32437903093737036 0.3328744336847404
decision_type=2 2 2 2 2 2 2 2 2 2 2 2 2 2
left_child=1 2 3 4 7 -6 9 8 -1 10 -2 -3 13 -9
right_child=6 11 -4 -5 5 -7 -8 12 -10 -11 -12 -13 -14 -15
leaf_value=0.0080968821247551278 0.0019081080078589838 0.018648941846424596 -7.3964138701264313e-05 0.012064644577034963 -0.0093326927959322351 -0.00027854487036006953 -0.00098439235272550153 0.0007857464597929441 0.002136397647725699 -0.024071983447269577 0.014134911278857432 0.0016568397064143556 0.0026134041318891499 -0.0026082530530835307
leaf_weight=1716.2457714527845 3312.2506189495325 278.72135190665722 177238.31536726654 408.74887299537659 921.40374381840229 4864.7018943876028 58516.489177525043 25952.020825922489 6419.2925273030996 55.547105520963669 330.72511970996857 322.05757223069668 10266.887737825513 4839.4507965147495
leaf_count=6913 13277 1116 710307 1638 3691 19510 234760 103998 25783 223 1326 1290 41107 19398
internal_value=6.73068e-06 0.000214288 0.000189768 0.00103361 0.000950513 -0.00172718 -0.000771303 0.0012656 0.003398 0.00259689 0.00303596 0.0096289 0.000842714 0.00025198
internal_weight=295443 233228 232627 55388.8 54980 5786.11 62215 49193.9 8135.54 3698.52 3642.98 600.779 41058.4 30791.5
internal_count=1184337 934751 932345 222038 220400 23201 249586 197199 32696 14826 14603 2406 164503 123396
is_linear=0
shrinkage=0.02


Tree=100
num_leaves=15
num_cat=0
split_feature=53 57 52 34 8 31 9 35 6 39 8 5 31 33
split_gain=132.075 134.961 122.104 85.2232 94.9022 93.6528 82.6791 87.8343 123.542 92.0472 112.196 91.2535 88.41 82.5597
threshold=0.70780112535004502 5.5000000000000009 0.4953423374864861 59.225693830835326 0.016119878991453132 0.84382882259660963 0.00072020435356405315 0.19587359619192382 -0.0036457166921987669 0.34733133340600408 0.0034199254143583041 0.00371678251185751 0.15112665538089928 62.498166348514367
decision_type=2 2 2 2 2 2 2 2 2 2 2 2 2 2
left_child=2 -2 -1 6 -5 -6 7 11 -9 10 -10 -4 -12 -3
right_child=1 13 3 4 5 -7 -8 8 9 -11 12 -13 -14 -15
leaf_value=-0.00029499534853493512 0.00034576074352820181 -0.0007840114580784874 0.0010220801698128164 -0.00048057645682626765 -0.0013187759787035547 0.010845031916412033 0.0019948729980941268 0.011989591702125754 -0.0023940152501935132 0.0048713482424857036 -0.021993923858126124 -0.0042097110303991681 -0.0017951499210633317 -0.0025830886006261108
leaf_weight=78609.917789638042 39794.073858961463 53041.571521162987 52000.612985759974 25995.486038804054 437.73497928678989 592.36523841321468 25605.387692674994 247.04071685671806 4543.4309235215187 624.97478790581226 213.30274610221386 1363.7949607074261 145.34361161291599 12630.842861369252
leaf_count=314978 159458 212483 208767 104180 1753 2373 102574 989 18198 2503 854 5475 582 50801
internal_value=-5.5695e-06 -0.000573308 0.000308953 0.000733718 -0.000244192 0.00569469 0.00104558 0.000634425 -0.0017078 -0.00233031 -0.00325249 0.000887993 -0.0139455 -0.0011302
internal_weight=295846 105466 190379 111769 27025.6 1030.1 84743.9 59138.5 5774.09 5527.05 4902.08 53364.4 358.646 65672.4
internal_count=1185968 422742 763226 448248 108306 4126 339942 237368 23126 22137 19634 214242 1436 263284
is_linear=0
shrinkage=0.02


Tree=101
num_leaves=15
num_cat=0
split_feature=46 43 31 7 8 18 53 55 40 26 22 41 22 39
split_gain=135.981 103.091 102.252 113.971 105.983 102.963 86.0862 122.28 104.036 84.8973 104.846 105.715 101.847 98.7017
threshold=-0.47114434510950071 -0.44329314298778844 1.8953503577657391 0.0019197296163283647 0.0017710509896589903 0.00088768298323374224 0.31944954502794581 0.13907369400892031 0.77722225265535017 2.7266413099465363 0.055701304478272311 0.6304878487083162 0.022260071722110555 0.10687010203418472
decision_type=2 2 2 2 2 2 2 2 2 2 2 2 2 2
left_child=2 -2 4 -4 -1 -6 7 8 -3 10 11 -7 -11 -13
right_child=1 6 3 -5 5 9 -8 -9 -10 12 -12 13 -14 -15
leaf_value=0.0009832109030945941 0.0017670360503841446 0.00020105468280454139 0.00063705068709192156 0.019721004506909529 -0.025489177642657377 -0.0038430676541364186 -0.00075348620278346584 0.0010678061506492662 -0.001927930272156028 0.022007644032146896 0.0001500888859377813 -0.0032894183125229976 0.00087910344161094367 0.007167890557183392
leaf_weight=69225.939915835857 9067.3619439452887 24015.935334980488 267.64377824962139 230.72835320234299 60.347833335399628 5654.4966854006052 114926.32936105132 31222.228567838669 14857.546744197607 142.7507040053606 24366.660193875432 681.40242408216 239.8220946341753 757.63239003717899
leaf_count=277492 36410 96272 1072 924 242 22663 460742 125177 59548 572 97624 2732 961 3039
internal_value=-4.18904e-06 -0.000314526 0.000588483 0.00958036 0.000543699 -0.000409993 -0.000416582 0.000135807 -0.000612792 -0.000358469 -0.000473009 -0.00261198 0.00894508 0.00222197
internal_weight=295717 194089 101627 498.372 101129 31903.1 185022 70095.7 38873.5 31842.8 31460.2 7093.53 382.573 1439.03
internal_count=1185470 778149 407321 1996 405325 127833 741739 280997 155820 127591 126058 28434 1533 5771
is_linear=0
shrinkage=0.02


Tree=102
num_leaves=15
num_cat=0
split_feature=53 58 55 19 5 38 19 28 38 30 1 35 47 52
split_gain=138.651 128.049 108.957 113.494 92.5063 85.5567 106.892 111.383 106.605 101.748 99.9042 84.2428 83.9823 83.4997
threshold=0.69859976900159804 0.36666666666666675 0.14341568822276682 0.27296673600497445 -0.0004281660948297105 12.944671573889503 0.33726358593464639 2.153972870516601 14.639155761401044 0.46769456029424045 -0.00092159057594097885 0.40915485761747888 -0.95642797789208689 1.018499527099084
decision_type=2 2 2 2 2 2 2 2 2 2 2 2 2 2
left_child=2 -2 3 13 -4 -5 -7 8 -8 11 -10 -9 -11 -1
right_child=1 -3 4 5 -6 6 7 9 10 12 -12 -13 -14 -15
leaf_value=-2.5148717324311895e-06 0.00026690182822949958 -0.001158731220786368 0.0014879598859337106 -0.00088618266523676997 0.00023966159200969437 -0.014803021990708034 -0.015752356204548981 -0.0019310099520073126 0.010641548521096212 -0.015256741086825659 -0.0073992501691123496 0.018793300081812892 4.6929886839377756e-05 0.0022906746595435686
leaf_weight=51387.846173897386 40354.875855177641 67099.539102837443 39195.922411099076 27363.106066733599 60238.478966131806 350.43068028986454 418.33303134143353 130.23741190135479 160.84015998244286 164.37876336276531 469.60318887233734 189.11796905100346 936.26540793478489 7242.0356063097715
leaf_count=205982 161707 269018 157187 109624 241492 1405 1677 522 644 659 1883 759 3756 29108
internal_value=-5.01451e-05 -0.000623342 0.000277054 -0.000232068 0.000731777 -0.00122843 -0.00454282 -0.00305946 -0.00798595 0.000594371 -0.00274912 0.0104422 -0.0022973 0.000280914
internal_weight=295701 107454 188247 88812.2 99434.4 30182.3 2819.21 2468.78 1048.78 1420 630.443 319.355 1100.64 58629.9
internal_count=1185423 430725 754698 356019 398679 120929 11305 9900 4204 5696 2527 1281 4415 235090
is_linear=0
shrinkage=0.02


Tree=103
num_leaves=15
num_cat=0
split_feature=2 44 21 12 36 47 36 28 39 0 13 22 15 48
split_gain=125.088 126.129 164.422 107.501 147.437 137.329 171.284 150.955 126.25 175.935 142.253 134.669 121.788 128.16
threshold=-0.0032540333250396752 1.259401477549279 0.39671383420289935 -0.00015384664125041054 0.065869339994488837 0.097964660725097394 0.01892786093812502 1.2431077114190876 -0.70174467866872503 -0.00057812732932024642 0.00045781619756025943 0.18564264121814042 0.0024203870465688 -1.0000000180025095e-35
decision_type=2 2 2 2 2 2 2 2 2 2 2 2 2 2
left_child=1 -1 -3 4 -2 -5 7 12 9 11 -11 -9 13 -7
right_child=3 2 -4 5 -6 6 -8 8 -10 10 -12 -13 -14 -15
leaf_value=0.0026525757440342655 0.00037392279247838018 0.00075564220283202879 -0.0083645437508731019 9.4797490796953487e-05 -0.0078782638943692591 -0.00024053359586471417 0.00093926119178045365 -0.0075216181264010371 -0.0021403938429141586 0.019149053377676539 -0.0045302799754948697 -0.023167625921060104 0.00120984438358173 -0.0031684059015949203
leaf_weight=12938.359327927232 127800.01126222312 3785.5734870135784 994.23895232379436 79916.150456473231 866.93900637328625 14044.091321468353 13097.689333751798 578.55554656684399 18454.465154871345 99.898803725838661 3234.7744015008211 358.033871114254 9216.2130726724863 10411.019639641047
leaf_count=51876 512296 15186 3985 320305 3474 56293 52522 2317 74074 401 12985 1434 36943 41732
internal_value=-1.89872e-06 0.00162721 -0.00114819 -0.000105728 0.000318017 -0.000470638 -0.00112083 -0.0015993 -0.00285863 -0.00595574 -0.0037933 -0.0135939 -0.000749049 -0.00148738
internal_weight=295796 17718.2 4779.81 278078 128667 149411 69494.7 56397.1 22725.7 4271.26 3334.67 936.589 33671.3 24455.1
internal_count=1185823 71047 19171 1114776 515770 599006 278701 226179 91211 17137 13386 3751 134968 98025
is_linear=0
shrinkage=0.02


Tree=104
num_leaves=15
num_cat=0
split_feature=46 4 28 37 6 32 42 7 35 44 5 23 15 34
split_gain=125.788 118.762 146.323 116.214 162.095 148.125 142.951 153.335 180.552 129.902 131.489 115.916 122.666 115.304
threshold=-0.47114434510950071 -1.0000000180025095e-35 -3.1534709996795662 2.4883859012923559 -0.0012890240633981807 0.33534426271854628 0.44688137651504456 0.0020028704545600648 -0.99387845953581222 0.52577293375346745 0.00030338221840026455 0.56406126233339093 0.0028247437807920684 47.714947708482605
decision_type=2 2 2 2 2 2 2 2 2 2 2 2 2 2
left_child=1 -1 -3 -2 6 -6 -5 8 -8 10 -10 12 -12 -11
right_child=3 2 -4 4 5 -7 7 -9 9 13 11 -13 -14 -15
leaf_value=-0.0001452479054217927 -0.0012799287674708404 0.0062262400337065238 0.00099539957732566872 0.00086881411751388196 0.00040071243446471817 -0.0030863430173894003 0.0057245628396161334 0.0015084531551440542 -0.004564220289035594 -0.010898392428961878 -0.0095310973538845403 0.0003582720297151774 0.0012399349411476585 -0.0010867461971671528
leaf_weight=50052.657969683409 40025.638396114111 2231.3537445217371 49325.116813778877 8415.992756947875 117786.76020126045 5077.9916672706604 917.21737127006054 3758.3625883162022 7789.5803644359112 1542.0061709731817 1100.3042334169149 6280.4495625644922 683.36924575269222 695.76433463394642
leaf_count=200618 160533 8962 197685 33770 472214 20360 3684 15063 31211 6179 4407 25168 2737 2788
internal_value=-2.13794e-05 0.000548708 0.00122237 -0.000319861 -7.03769e-05 0.000256473 -0.00135804 -0.00218122 -0.00291094 -0.00335021 -0.00271179 -0.000920711 -0.00541252 -0.00785699
internal_weight=295683 101609 51556.5 194073 154048 122865 31183 22767.1 19008.7 18091.5 15853.7 8064.12 1783.67 2237.77
internal_count=1185379 407265 206647 778114 617581 492574 125007 91237 76174 72490 63523 32312 7144 8967
is_linear=0
shrinkage=0.02


Tree=105
num_leaves=15
num_cat=0
split_feature=53 55 45 7 47 50 10 12 26 29 8 19 5 8
split_gain=131.424 110.895 87.5235 87.7547 83.2902 82.4364 75.0664 74.4871 96.6819 83.0992 76.5518 115.675 125.123 96.4748
threshold=0.47219674595563493 0.31923954439435204 0.42356881176540512 0.0059723405909140196 0.93540483100319638 -0.0026687931098387167 0.013815611240522751 0.015279793595289139 -0.47440054617429417 3.7174203910122823 0.00049489778269243495 0.35791908734523736 0.0022041831265465499 -0.00019478884655328157
decision_type=2 2 2 2 2 2 2 2 2 2 2 2 2 2
left_child=1 5 3 -2 -4 -1 -5 -7 9 -9 13 12 -12 -10
right_child=2 -3 4 6 -6 7 -8 8 10 -11 11 -13 -14 -15
leaf_value=0.0017107309051425158 -0.00013308225942633913 0.0014469811569045039 -0.00079255943768904123 0.0040247359525156642 -0.0032652858855592173 0.0002063814467273099 0.022992560474206516 -0.0017664516326723815 -0.0019374937329575044 0.0057113964864043089 0.0023738225499340218 -0.0030603653208535848 -0.0052842221900649298 -0.0072845700474496091
leaf_weight=11486.817518055439 96893.795279860497 31977.535995811224 50299.204814434052 932.76109328866005 6106.8594856858253 77167.792032837868 87.162934809923172 1016.1457629948854 5827.1123978048563 1420.9631466716528 5377.8888545483351 4369.9372798800468 1009.3766228705645 1754.1194654405117
leaf_count=46117 388129 128242 201826 3736 24580 309341 349 4086 23339 5712 21535 17519 4041 7026
internal_value=-2.9447e-05 0.000410994 -0.000433036 -7.15104e-05 -0.00106054 0.000108207 0.00574999 -7.98147e-05 -0.00114264 0.0025963 -0.00164011 -0.000554819 0.00116044 -0.00317867
internal_weight=295727 141408 154320 97913.7 56406.1 109430 1019.92 97943.3 20775.5 2437.11 18338.4 10757.2 6387.27 7581.23
internal_count=1185578 566958 618620 392214 226406 438716 4085 392599 83258 9798 73460 43095 25576 30365
is_linear=0
shrinkage=0.02


Tree=106
num_leaves=15
num_cat=0
split_feature=53 58 46 11 33 20 24 4 28 1 23 27 4 36
split_gain=137.309 134.491 99.1261 136.31 112.583 83.9342 98.7719 83.6949 98.0201 130.575 101.871 116.092 117.682 95.5687
threshold=0.20083705461397119 0.36666666666666675 -0.47114434510950071 0.043438537731705709 58.301635528712829 -0.057104916265404863 0.60985998507389361 -0.0067122951003579746 1.1113630851035989 -0.0014461661344233737 2.317149385565926 -0.12943208076096455 0.0097496749705351191 0.0071709360536703582
decision_type=2 2 2 2 2 2 2 2 2 2 2 2 2 2
left_child=1 -1 3 7 -5 6 -4 -2 -9 13 11 -11 -13 -10
right_child=2 -3 5 4 -6 -7 -8 8 9 10 -12 12 -14 -15
leaf_value=-0.00032055379460148471 -0.0043072221082039895 0.001325616851131635 -0.00032403074629968806 0.024738140722716486 0.0049679152283695896 -0.0011025675230004822 0.002693908968528952 0.00077927866079083069 0.017719778255838817 0.012247893905778596 0.0053791815737919196 -0.0021596352739227287 0.016332724257968514 0.0019460028921554589
leaf_weight=33337.6125677526 1615.1107312738895 49064.359783560038 63674.171415656805 129.59616327285767 833.45315989851952 70370.3127284199 4649.9308535605669 49979.674467146397 155.91885761916637 226.47455212473869 816.90205346047878 17234.966310396791 133.82156392931938 3461.8140856772661
leaf_count=133626 6469 196756 255248 519 3339 282221 18633 200288 625 909 3277 69113 536 13868
internal_value=-3.37188e-05 0.000659642 -0.000301609 0.000286331 0.0077424 -0.000617793 -0.000118457 0.000188283 0.000289405 -0.000821905 -0.00150449 -0.00182552 -0.0020125 0.00264935
internal_weight=295684 82402 213282 74587.7 963.049 138694 68324.1 73624.7 72009.6 22029.9 18412.2 17595.3 17368.8 3617.73
internal_count=1185427 330382 855045 298943 3858 556102 273881 295085 288616 88328 73835 70558 69649 14493
is_linear=0
shrinkage=0.02


Tree=107
num_leaves=15
num_cat=0
split_feature=53 58 28 47 44 33 20 56 12 28 29 13 42 56
split_gain=128.126 132.251 102.254 130.928 133.296 103.347 111.494 110.092 116.667 103.894 129.251 123.067 103.637 102.017
threshold=0.20083705461397119 0.36666666666666675 1.2431077114190876 0.35206144883412571 -0.91108249580644374 71.584366922859203 0.71639962306645855 0.095758862774734596 -0.010142646338411427 -0.76813501387332594 -0.92007233156974211 0.0010256559277814911 0.55678747612461843 0.16632953846664028
decision_type=2 2 2 2 2 2 2 2 2 2 2 2 2 2
left_child=1 -1 5 -4 -5 7 13 8 12 10 -10 -12 -2 -7
right_child=2 -3 3 4 -6 6 -8 -9 9 -11 11 -13 -14 -15
leaf_value=-0.00027808552807822456 0.0024769767712121628 0.0013532552741156376 -0.00023774979562078441 -0.0067000009772884951 -0.0016338128431719321 -0.016414909343375913 0.0037276527901426988 -0.00031039408554834518 -0.0034461637902551707 0.0008852691185070096 -0.0038782003318495141 0.0028485078226651158 -0.0038359865631279778 -0.0035131768880820625
leaf_weight=33424.94695276022 17432.71248537302 49034.784732013941 38800.026062682271 2324.0973634123802 19295.728500425816 413.79045704007149 387.89111991226673 97673.782511204481 6006.7545457929373 23872.27805134654 1540.8129389584064 3668.6887789815664 1101.7848550230265 600.02615489065647
leaf_count=133977 69860 196644 155567 9333 77514 1665 1560 391508 24061 95640 6171 14701 4413 2412
internal_value=2.26166e-05 0.000692017 -0.000236398 -0.000932805 -0.00217984 3.91789e-05 -0.00535677 8.93457e-05 0.000817429 0.000139339 -0.00144796 0.00085714 0.00210077 -0.00883375
internal_weight=295578 82459.7 213118 60419.9 21619.8 152699 1401.71 151297 53623 35088.5 11216.3 5209.5 18534.5 1013.82
internal_count=1185026 330621 854405 242414 86847 611991 5637 606354 214846 140573 44933 20872 74273 4077
is_linear=0
shrinkage=0.02


Tree=108
num_leaves=15
num_cat=0
split_feature=2 40 53 57 32 12 15 3 43 15 17 11 21 39
split_gain=120.326 137.53 119.855 127.178 110.46 130.321 128.951 104.429 123.97 94.4728 94.0911 128.872 110.081 117.17
threshold=-0.0032540333250396752 1.9091198881324305 0.72245377607593964 5.5000000000000009 0.29241277295695395 -0.010914076140853326 0.0046941321883961331 -0.0066589986266282252 0.14715750507048861 0.0071260911431890285 1.7771398699338483 0.00081879532621354542 0.094146513927174977 -0.34142065677797345
decision_type=2 2 2 2 2 2 2 2 2 2 2 2 2 2
left_child=1 10 -2 -4 5 7 -7 8 -3 -9 12 -12 13 -1
right_child=2 4 3 -5 -6 6 -8 9 -10 -11 11 -13 -14 -15
leaf_value=0.001067707646777649 0.00020750655665567356 -0.012747668082967054 0.00026223186075612971 -0.0012369704634039164 0.012261719529651147 -0.0063737028814534946 0.013401647249788935 0.0018322034220182742 0.013002956405476093 0.022304475371006056 -0.010682568751692087 0.0065510211886158154 0.0020699193426606775 0.0093318182668332399
leaf_weight=1041.2472300380468 182013.00856734812 372.75992561876774 36556.216164618731 59416.639655873179 238.57367306947708 2141.3677206784487 135.91992631554604 2715.0004371404648 88.929641366004944 88.336227998137474 449.47053974866867 276.55397449433804 8103.1800257712603 2015.9542037695646
leaf_count=4174 729744 1494 146496 238252 956 8584 545 10889 356 354 1801 1108 32499 8093
internal_value=7.67719e-06 0.00160789 -9.40512e-05 -0.000665938 -0.000921882 -0.00149992 -0.00516664 0.00106152 -0.00770147 0.00251587 0.00283811 -0.00411812 0.00329228 0.0065235
internal_weight=295653 17667.3 277986 95972.9 5780.89 5542.31 2277.29 3265.03 461.69 2803.34 11886.4 726.025 11160.4 3057.2
internal_count=1185345 70853 1114492 384748 23178 22222 9129 13093 1850 11243 47675 2909 44766 12267
is_linear=0
shrinkage=0.02


Tree=109
num_leaves=15
num_cat=0
split_feature=2 40 32 5 21 37 19 43 44 8 32 34 9 1
split_gain=115.682 131.082 124.689 111.015 236.643 108.182 155.11 129.516 155.522 152.709 143.66 139.874 104.172 100.872
threshold=-0.0032540333250396752 1.9091198881324305 0.29241277295695395 -0.0030546351603071985 0.40416376028039191 0.94495769508193272 -0.27128105077053938 0.03368107769910695 -0.64642106095640339 0.016119878991453132 -0.06599777577865229 70.350611596913936 0.0046497839924557029 0.00014257869751720952
decision_type=2 2 2 2 2 2 2 2 2 2 2 2 2 2
left_child=1 -1 3 4 -3 6 -2 8 11 10 -9 -8 -5 -10
right_child=5 2 -4 12 -6 -7 7 9 13 -11 -12 -13 -14 -15
leaf_value=0.0027811273879177613 -0.0076193207794048954 0.0089079900926629825 0.013053754438759451 -0.0020281505217299182 -0.011410912675998674 2.1509557169011981e-05 -0.0096466803130609152 0.005274728706752517 -0.0010179708311584654 0.0057341609710562557 -0.0034232336970660476 0.016312109694399765 -0.013012733798443284 0.0051019417923621382
leaf_weight=11915.185222551227 1536.5420150905848 912.96796728670597 241.07317744195461 3988.883966833353 300.91715869307518 258764.06107456982 702.12089793384075 814.7787439674139 1668.4418662637472 903.69145601987839 10431.215212494135 89.490620687603951 373.4658018052578 3028.1725445389748
leaf_count=47796 6154 3663 966 15992 1206 1037346 2819 3273 6691 3621 41904 359 1496 12144
internal_value=1.40229e-05 0.00157999 -0.000880482 -0.00149405 0.00384487 -8.59127e-05 -0.00153523 -0.0010032 0.00154582 -0.0021548 -0.002791 -0.00662811 -0.00298237 0.00292911
internal_weight=295671 17732.5 5817.31 5576.23 1213.89 277939 19174.5 17637.9 5488.23 12149.7 11246 791.612 4362.35 4696.61
internal_count=1185430 71119 23323 22357 4869 1114311 76965 70811 22013 48798 45177 3178 17488 18835
is_linear=0
shrinkage=0.02


Tree=110
num_leaves=15
num_cat=0
split_feature=53 57 55 20 21 37 33 55 9 29 6 40 1 1
split_gain=112.512 130.686 108.412 115.655 94.1588 87.3634 87.873 128.962 83.8845 156.635 98.9351 93.4451 93.2415 83.2061
threshold=0.70780112535004502 5.5000000000000009 0.14341568822276682 0.39377411488243569 0.32914554212709174 0.94495769508193272 70.862497132206627 0.17581539653980957 0.0050780659274695704 5.672558251510579 -0.00075202194526195775 1.2285853262289099 0.0012416548165243514 0.0067395601758596943
decision_type=2 2 2 2 2 2 2 2 2 2 2 2 2 2
left_child=2 -2 3 -1 13 6 -4 -8 10 12 -6 -11 -10 -5
right_child=1 -3 5 4 8 -7 7 -9 9 11 -12 -13 -14 -15
leaf_value=0.00030245296261029848 0.00039388367628036654 -0.0010584421960345141 -0.0041827478922996878 -0.00085415306984488234 -0.00062241170605665923 0.00092810872532199048 0.009941156021229634 -0.00074659125003731801 0.00031701237370551259 0.0015586452779068885 -0.0076677292916530826 -0.029302203516826556 0.015873609584747882 0.012887550716859769
leaf_weight=59829.499834254384 39829.254306808114 65592.173644945025 2695.9421725422144 24944.626326397061 1210.9495447874069 92764.526124745607 492.22030232846737 4916.5786454677582 409.99380411207676 68.465701580047607 2334.2111330479383 85.469032406806946 242.13577762246132 172.52140046656132
leaf_count=239916 159615 263013 10811 99955 4851 371980 1973 19718 1644 275 9356 343 971 691
internal_value=1.43087e-05 -0.000509747 0.000304831 -0.000202693 -0.00122817 0.000754121 -0.00123664 0.000234316 -0.00394268 0.00187169 -0.00526547 -0.015959 0.00617001 -0.00075722
internal_weight=295589 105421 190167 89297.9 29468.4 100869 8104.74 5408.8 4351.22 806.064 3545.16 153.935 652.13 25117.1
internal_count=1185112 422628 762484 358002 118086 404482 32502 21691 17440 3233 14207 618 2615 100646
is_linear=0
shrinkage=0.02


Tree=111
num_leaves=15
num_cat=0
split_feature=53 55 42 57 36 2 56 13 47 14 20 24 32 5
split_gain=123.617 136.152 95.8839 89.6595 86.119 89.2761 81.405 84.4868 86.0574 85.05 99.1662 122.31 79.8424 79.3639
threshold=0.25870762305527328 0.35952335181470768 0.44967611009201958 8.5000000000000018 0.0047961328693977559 -0.00095224409174762348 8.3384745051479387e-05 0.00050437638074472986 0.065403129230142729 0.00074452712326214456 -0.64815857527168019 0.3063320842640585 -0.47824395609354481 -0.001256035230156369
decision_type=2 2 2 2 2 2 2 2 2 2 2 2 2 2
left_child=1 3 4 -1 5 -2 7 8 -7 10 -9 -12 -4 -14
right_child=2 -3 12 -5 -6 6 -8 9 -10 -11 11 -13 13 -15
leaf_value=-0.00024563674687494023 -0.0080464178410830575 0.0023174539522635381 -0.0057225941449459564 0.0011467040904953819 0.00091365046670349118 0.013289305391513705 0.00055890783437662853 -0.03108437511449013 -0.0068001092320779779 -0.0031917919478628609 0.016481549343248723 -0.014791767657871669 0.00037740878867264377 -0.00072901708644582553
leaf_weight=52361.030117988586 745.35506145656109 15051.615299150348 1172.1127498745918 28600.723717942834 36565.632980450988 175.94220870733261 4613.0470968335867 105.07311260700226 157.00204792618752 673.34343363344669 57.944913521409035 247.99137198925018 32925.387098103762 122041.44447663426
leaf_count=209906 2987 60377 4695 114708 146671 705 18490 421 629 2698 232 994 131958 489280
internal_value=-1.85513e-05 0.00057106 -0.000302349 0.000246265 0.000529865 -0.00154041 -0.000730268 -0.00491352 0.00385556 -0.00761135 -0.0147264 -0.00869876 -0.000533366 -0.000493933
internal_weight=295494 96013.4 199480 80961.8 43341.3 6775.7 6030.34 1417.3 332.944 1084.35 411.009 305.936 156139 154967
internal_count=1184751 384991 799760 324614 173827 27156 24169 5679 1334 4345 1647 1226 625933 621238
is_linear=0
shrinkage=0.02


Tree=112
num_leaves=15
num_cat=0
split_feature=5 36 22 29 5 12 40 29 30 26 22 23 46 23
split_gain=110.724 99.6986 110.468 144.332 173.773 134.841 195.256 203.563 186.115 156.042 131.35 123.255 116.481 132.358
threshold=-0.00051047323405239628 0.0017835119095886557 0.053644021948349115 8.4150705814155256 0.0042461824112973064 -0.00057957580903415177 0.99800952928381581 0.68096124797193347 -0.1775016769290266 1.7672088253819764 0.081666589854672192 1.372676545090485 0.97335555334614954 1.9680611967689103
decision_type=2 2 2 2 2 2 2 2 2 2 2 2 2 2
left_child=-1 -2 -3 5 12 6 8 -8 -4 -9 -10 -6 13 -5
right_child=1 2 3 4 11 -7 7 9 10 -11 -12 -13 -14 -15
leaf_value=0.00053211735231428823 0.0058819852803509822 -0.0011898960792420408 0.0029375714049499485 0.0020986066492182055 -0.013994329515758923 -0.00076040596367240752 -0.0017351016051402931 0.0057933265653068869 -0.0051846969491190558 -0.019518691507851925 0.00059863470734478476 0.016256429132174382 0.01165164348540013 0.017396915274010542
leaf_weight=108817.43842028081 1042.6584572345018 43286.202917605639 16580.711633622646 4838.1885044872761 352.99601997435093 72649.337389007211 19015.408570051193 2131.4028661549091 1675.057426199317 97.258908867835999 24161.223721072078 59.0981165766716 672.64841060340405 232.48538486659527
leaf_count=436318 4180 173603 66469 19402 1415 291269 76233 8542 6715 390 96838 237 2696 933
internal_value=2.49969e-05 -0.000270433 -0.000305125 -3.62676e-05 0.00295812 -0.00017159 0.000500368 -0.00106458 0.00128419 0.00464749 0.00022275 -0.00951322 0.00386046 0.00281647
internal_weight=295612 186795 185752 142466 6155.42 136310 63661.1 21244.1 42417 2228.66 25836.3 412.094 5743.32 5070.67
internal_count=1185240 748922 744742 571139 24683 546456 255187 85165 170022 8932 103553 1652 23031 20335
is_linear=0
shrinkage=0.02


Tree=113
num_leaves=15
num_cat=0
split_feature=46 37 6 32 42 18 19 44 37 39 2 28 39 6
split_gain=117.087 120.732 164.698 156.561 122.521 156.069 155.954 117.653 115.786 121.79 115.186 112.392 111.502 110.798
threshold=-0.47114434510950071 2.4883859012923559 -0.0012890240633981807 0.33534426271854628 0.44967611009201958 0.0025105231184090588 -0.22567333464509912 -1.0826330628029457 2.5982227013747941 -0.73983437666432728 -0.0042291174624644714 -2.5599252513368165 -0.68191416839512609 -0.00098634535174492769
decision_type=2 2 2 2 2 2 2 2 2 2 2 2 2 2
left_child=-1 12 4 8 5 7 -6 -3 9 -4 -8 -5 -2 -13
right_child=1 2 3 11 6 -7 10 -9 -10 -11 -12 13 -14 -15
leaf_value=0.0005728644965667084 -0.0038041950207169002 0.015656927319341228 -0.0067270691923978533 0.0086770420596708007 0.00020585739467071182 0.0025013067726572984 0.0049500420571463952 -0.0038535105463152973 0.00039213840256013843 0.007989031207004069 -0.0037193498387315589 0.010864600743048399 -0.00080811635534073372 -0.0044750022491759868
leaf_weight=101666.68012411892 5806.4429573863745 124.18894730508327 263.24128615856171 299.85995458066463 7586.6515743136406 6052.7664560079575 637.31607842445374 2935.4623133987188 116037.06901824474 1417.7315990179777 13805.838124066591 191.70055301487446 34296.614177703857 4612.6569327712059
leaf_count=407546 23293 498 1055 1201 30426 24294 2553 11776 465247 5684 55310 769 137585 18500
internal_value=2.30611e-05 -0.000264973 -1.03687e-05 0.000319022 -0.0013093 0.000640963 -0.00211597 -0.00303734 0.000467762 0.00567137 -0.00333523 -0.00310843 -0.00124233 -0.00385227
internal_weight=295734 194068 153964 122822 31142.2 9112.42 22029.8 3059.65 117718 1680.97 14443.2 5104.22 40103.1 4804.36
internal_count=1185737 778191 617313 492456 124857 36568 88289 12274 471986 6739 57863 20470 160878 19269
is_linear=0
shrinkage=0.02


Tree=114
num_leaves=15
num_cat=0
split_feature=53 57 37 47 21 40 40 39 22 27 31 44 23 11
split_gain=106.735 113.672 72.8604 108.784 101.521 85.9237 111.621 117.06 104.675 83.2081 96.8228 123.743 100.648 117.989
threshold=0.72245377607593964 5.5000000000000009 2.4883859012923559 0.35206144883412571 0.54828477312258539 1.435430828672339 1.3890899821157725 0.77896684124261151 0.33251902374733205 -0.093287966529983987 0.73857440586145795 1.7514838036281366 0.41951801451932641 0.03235782467394089
decision_type=2 2 2 2 2 2 2 2 2 2 2 2 2 2
left_child=2 -2 3 4 9 6 -4 -8 -7 -1 -11 12 -12 -14
right_child=1 -3 5 -5 -6 8 7 -9 -10 10 11 -13 13 -15
leaf_value=0.006050326721416888 0.00033082444391695638 -0.0010434959165493106 0.000645450581091209 -0.0015900408903731546 0.0035762196848518543 -0.0016654265476959979 0.0024144988822463946 0.014726880700959302 0.0011577537363516631 -0.0014983022291328025 0.012395294440801664 0.0060897675707089647 -0.00084024594320377646 0.0057018594171664994
leaf_weight=855.67983546853065 38810.289742231369 63385.642858967185 120807.07292602956 18678.467306956649 3456.0616138130426 14320.833782121539 1002.2332465946674 443.1429992467165 8290.5874048024416 12833.605411410332 259.49587792158127 1635.2405261099339 9627.0062222182751 1240.2860748618841
leaf_count=3432 155534 254178 484450 74916 13840 57461 4018 1780 33259 51409 1039 6552 38565 4966
internal_value=1.23264e-06 -0.000521588 0.000277436 -0.000392755 0.000355143 0.000502217 0.000711694 0.00622715 -0.000630267 -6.63107e-05 -0.000271936 0.000961412 0.000205331 -9.13154e-05
internal_weight=295646 102196 193450 48585.8 29907.4 144864 122252 1445.38 22611.4 26451.3 25595.6 12762 11126.8 10867.3
internal_count=1185399 409712 775687 194719 119803 580968 490248 5798 90720 105963 102531 51122 44570 43531
is_linear=0
shrinkage=0.02


Tree=115
num_leaves=15
num_cat=0
split_feature=2 40 4 20 16 34 33 17 40 8 53 58 9 30
split_gain=110.366 136.178 105.339 106.562 120.232 126.916 112.258 114.449 104.389 104.204 101.75 113.579 92.7851 86.9886
threshold=-0.0032540333250396752 1.9091198881324305 -0.0028717578686770638 0.92808975513925596 0.001437751741336297 45.332154209335584 21.157914237594046 0.83969964461630708 1.6330992156870223 -0.011182276670607739 0.28186093941871154 0.4333333333333334 0.014623347349229465 0.82887842971262682
decision_type=2 2 2 2 2 2 2 2 2 2 2 2 2 2
left_child=1 2 8 4 5 -4 7 -6 9 -1 11 -2 -8 -14
right_child=10 -3 3 -5 6 -7 12 -9 -10 -11 -12 -13 13 -15
leaf_value=0.029131892656134133 -0.00032123512335077524 -0.00097536864494725294 -0.024257555478458207 0.015376501001485897 -0.0028404132149637629 0.0065607749481768427 0.0018658967902169957 0.018367750196922463 -0.0022810310570267039 0.0083601101545720032 -0.00037562986774368224 0.0010627880019656055 -0.019021512783324968 0.0070699195933559182
leaf_weight=101.67059543728828 43694.710292369127 5833.4009470194578 137.13044033944607 228.14946994185448 147.87978309392929 82.844311505556107 9163.4469080269337 313.17258787155151 342.19577993452549 1169.4640234857798 182420.36936634779 51866.58573821187 157.31487533450127 71.438560307025909
leaf_count=409 175154 23389 550 914 596 332 36759 1262 1373 4691 731396 208013 630 286
internal_value=-1.04956e-06 0.00152781 0.00275326 0.00200689 0.00169661 -0.0127633 0.00202573 0.0116079 0.00749797 0.0101292 -9.86875e-05 0.00042997 0.00154943 -0.0108964
internal_weight=295730 17748.1 11914.7 10301.4 10073.2 219.975 9853.25 461.052 1613.33 1271.13 277982 95561.3 9392.2 228.753
internal_count=1185754 71191 47802 41329 40415 882 39533 1858 6473 5100 1114563 383167 37675 916
is_linear=0
shrinkage=0.02


end of trees

feature_importances:
p_pos=92
tod_cos=59
ret_lag6=56
rsi7=52
ret_4=49
ret_1=46
taker_delta_z=46
vwap_dist=46
dist_high_96=45
ret_lag2=41
ret_96=41
vol_ratio_8_96=41
taker_ratio_8=41
body=39
ema8_dist=38
ret_lag3=35
body_frac=35
dist_low_96=33
ema50_dist=32
vol_rel_4=32
trades_z=32
p_ret_atr=31
vol_z=30
k_min=30
ret_32=27
taker_ratio=27
tod_sin=27
ema200_dist=26
p_hi_atr=26
vol_8=25
macd_hist=24
ret_8=23
ret_lag5=22
dow_sin=22
ret_lag7=21
ret_16=21
ret_lag4=19
atr14_pct=19
upper_wick_frac=19
ema20_dist=18
bb_pos=18
p_range_atr=18
ret_lag8=17
macd=17
p_lo_atr=17
range_atr=16
rsi14=16
lower_wick_frac=15
ema8_20=15
bb_width=15
vol_48=14
close_pos=13
vol_96=10
dow_cos=9
p_ret=9
k_frac=6
vol_16=5
up_streak=4
p_vol_ratio=2

parameters:
[boosting: gbdt]
[objective: binary]
[metric: binary_logloss]
[tree_learner: serial]
[device_type: cpu]
[data_sample_strategy: bagging]
[data: ]
[valid: ]
[num_iterations: 116]
[learning_rate: 0.02]
[num_leaves: 15]
[num_threads: 0]
[seed: 42]
[deterministic: 0]
[force_col_wise: 0]
[force_row_wise: 0]
[histogram_pool_size: -1]
[max_depth: -1]
[min_data_in_leaf: 200]
[min_sum_hessian_in_leaf: 0.001]
[bagging_fraction: 0.8]
[pos_bagging_fraction: 1]
[neg_bagging_fraction: 1]
[bagging_freq: 1]
[bagging_seed: 400]
[bagging_by_query: 0]
[feature_fraction: 0.7]
[feature_fraction_bynode: 1]
[feature_fraction_seed: 30056]
[extra_trees: 0]
[extra_seed: 12879]
[early_stopping_round: 0]
[early_stopping_min_delta: 0]
[first_metric_only: 0]
[max_delta_step: 0]
[lambda_l1: 0]
[lambda_l2: 5]
[linear_lambda: 0]
[min_gain_to_split: 0]
[drop_rate: 0.1]
[max_drop: 50]
[skip_drop: 0.5]
[xgboost_dart_mode: 0]
[uniform_drop: 0]
[drop_seed: 17869]
[top_rate: 0.2]
[other_rate: 0.1]
[min_data_per_group: 100]
[max_cat_threshold: 32]
[cat_l2: 10]
[cat_smooth: 10]
[max_cat_to_onehot: 4]
[top_k: 20]
[monotone_constraints: ]
[monotone_constraints_method: basic]
[monotone_penalty: 0]
[feature_contri: ]
[forcedsplits_filename: ]
[refit_decay_rate: 0.9]
[cegb_tradeoff: 1]
[cegb_penalty_split: 0]
[cegb_penalty_feature_lazy: ]
[cegb_penalty_feature_coupled: ]
[path_smooth: 0]
[interaction_constraints: ]
[verbosity: -1]
[saved_feature_importance_type: 0]
[use_quantized_grad: 0]
[num_grad_quant_bins: 4]
[quant_train_renew_leaf: 0]
[stochastic_rounding: 1]
[linear_tree: 0]
[max_bin: 255]
[max_bin_by_feature: ]
[min_data_in_bin: 3]
[bin_construct_sample_cnt: 200000]
[data_random_seed: 175]
[is_enable_sparse: 1]
[enable_bundle: 1]
[use_missing: 1]
[zero_as_missing: 0]
[feature_pre_filter: 1]
[pre_partition: 0]
[two_round: 0]
[header: 0]
[label_column: ]
[weight_column: ]
[group_column: ]
[ignore_column: ]
[categorical_feature: ]
[forcedbins_filename: ]
[precise_float_parser: 0]
[parser_config_file: ]
[objective_seed: 16083]
[num_class: 1]
[is_unbalance: 0]
[scale_pos_weight: 1]
[sigmoid: 1]
[boost_from_average: 1]
[reg_sqrt: 0]
[alpha: 0.9]
[fair_c: 1]
[poisson_max_delta_step: 0.7]
[tweedie_variance_power: 1.5]
[lambdarank_truncation_level: 30]
[lambdarank_norm: 1]
[label_gain: ]
[lambdarank_position_bias_regularization: 0]
[eval_at: ]
[multi_error_top_k: 1]
[auc_mu_weights: ]
[num_machines: 1]
[local_listen_port: 12400]
[time_out: 120]
[machine_list_filename: ]
[machines: ]
[gpu_platform_id: -1]
[gpu_device_id: -1]
[gpu_device_id_list: ]
[gpu_use_dp: 0]
[num_gpu: 1]

end of parameters

pandas_categorical:[]
