tree
version=v4
num_class=1
num_tree_per_iteration=1
label_index=0
max_feature_idx=71
objective=binary sigmoid:1
feature_names=ret_1 ret_lag2 ret_lag3 ret_lag4 ret_lag5 ret_lag6 ret_lag7 ret_lag8 ret_4 ret_8 ret_16 ret_32 ret_96 vol_8 vol_16 vol_48 vol_96 vol_ratio_8_96 atr14_pct body body_frac upper_wick_frac lower_wick_frac range_atr close_pos up_streak ema8_dist ema20_dist ema50_dist ema200_dist ema8_20 macd macd_hist rsi7 rsi14 bb_pos bb_width dist_high_96 dist_low_96 vol_z vol_rel_4 taker_ratio taker_ratio_8 taker_delta_z trades_z vwap_dist tod_sin tod_cos dow_sin dow_cos p_ret p_ret_atr p_range_atr p_pos p_vol_ratio p_hi_atr p_lo_atr k_sec k_frac r30_atr r60_atr r90_atr r180_atr rv_atr taker_all taker_60 vol_rate_60 up_share vwap_dist_atr dd_atr du_atr n_bars
feature_infos=[-0.045888061084904667:0.053934205405202447] [-0.045888061084904667:0.053934205405202447] [-0.045888061084904667:0.053934205405202447] [-0.045888061084904667:0.053934205405202447] [-0.045888061084904667:0.053934205405202447] [-0.045888061084904667:0.048971254688436786] [-0.045888061084904667:0.053934205405202447] [-0.045888061084904667:0.053934205405202447] [-0.076715936326498452:0.071785322777419849] [-0.082859737483614707:0.087582553035699201] [-0.090700463546002058:0.10043580697543601] [-0.16266048544580042:0.11889712469450331] [-0.20379443934768335:0.15377224418517885] [8.3329473857900145e-05:0.023781970407554923] [0.00012792929180966274:0.016499265190787961] [0.00027925010500432645:0.012914809613672642] [0.00033069000566015737:0.011362617811247477] [0.08132655658769343:3.4882683878153196] [0.00022853159921821788:0.02163055484406555] [-6.0428796195592751:8.3512457211179321] [-1:1] [0:1] [0:1] [0.00014748801259109186:9.4185185884844262] [0:1] [-16:11] [-5.3656059477369835:6.989193772654585] [-7.3450660540799317:8.3963855545633592] [-9.0379793453487878:9.8256651164420159] [-14.462942141898116:16.592092497599346] [-2.8767337528869423:2.7793333115901699] [-2.910452059514637:2.4864840628776181] [-1.0271532203357743:0.96837313977083028] [1.2169061556917597:98.903649905028473] [6.9041864030724156:96.697224200866756] [-2.02504220112188:2.0927350592918881] [0.0006929669935431805:0.1562429242045596] [0:59.445795538491389] [0:45.150412088014022] [-1.9112738270397451:9.4469521998184209] [0.071343706217042224:11.576259809110674] [0.077219324885705612:0.94288004520801205] [0.22823834564842876:0.74268856146543416] [-7.7332994109624655:8.9250325309054404] [-2.2623706423938823:9.2683910625775692] [-5.0926682269349683:6.8926893835089427] [-1:1] [-1:1] [-0.97492791218182362:0.97492791218182362] [-0.90096886790241903:1] [-0.051106917643203846:0.063337755999341286] [-17.399103017931925:14.38554624973384] [2.0273741420451215e-05:26.725142077962435] [0:1] [0.0092352096474152216:152.46003198385478] [0:19.517160161798337] [0:26.591921024168133] [30:870] [0.033333333333333333:0.96666666666666667] [-3.6886733875155966:6.3286595653968245] [-3.6997656602933331:5.1505643927179126] [-7.9639621330826511:8.6062942153920865] [-12.000729651378835:9.1362287897747319] [0:11.350367838685619] [0.001222264935781806:0.99774541355297364] [0.00086942580160374709:0.99875815554345138] [0.0086619080500292753:152.4600319838548] [0:1] [-8.1465955984228273:5.2021273626840143] [-17.532324071726226:0] [0:14.38554624973384] [3:87]
tree_sizes=1834 1849 1844 1848 1840 1848 1844 1847 1838 1851 1855 1838 1840 1834 1835 1835 1820 1827 1834 1827 1843 1833 1810 1819 1835 1823 1827 1828 1840 1814 1832 1823 1832 1814 1830 1833 1825 1847 1819 1837 1837 1831 1821 1823 1833 1826 1810 1827 1844 1812 1806 1840 1792 1794 1804 1827 1846 1829 1819 1806 1835 1796 1817 1804 1830 1796 1795 1830 1813 1783 1829 1797 1806 1826 1795 1790 1785 1813 1819 1818

Tree=0
num_leaves=15
num_cat=0
split_feature=26 53 68 33 45 19 43 19 48 38 37 18 20 5
split_gain=3981.51 987.66 902.894 576.312 427.802 404.285 377.581 360.001 318.868 318.05 296.284 244.91 237.589 233.085
threshold=-0.068694193577628279 0.54335787869264485 -0.087267089735880696 57.12278923260142 -0.86952243406471608 0.027964922722872061 -0.17558677518742313 -0.2527135691035024 -1.0000000180025095e-35 3.9281855606220897 9.4884456272908881 0.0012683089300531234 0.04991132705437732 0.00072478671527391198
decision_type=2 2 2 2 2 2 2 2 2 2 2 2 2 2
left_child=1 7 9 13 5 11 -5 -1 -8 -2 -9 -3 -11 -4
right_child=2 4 3 6 -6 -7 8 10 -10 12 -12 -13 -14 -15
leaf_value=0.014955549462204195 0.010006927571783709 -0.00086977386232558497 0.0043963772065279795 0.0058161584347499332 0.0037382551763874968 0.0026407015598229281 -0.0063397508318445428 0.008232810971593587 -0.0011511258279260379 0.007430232920395889 0.017305736230275415 0.012422412033600644 0.0019162354291425254 -0.0010750671260901321
leaf_weight=73151.033461898565 25208.089229419827 3725.7262382954359 62247.603001117706 12449.420600861311 67897.316968724132 17132.640732511878 50987.174817174673 52146.417423829436 70686.049182921648 28540.817974150181 10871.430664867163 48955.937771871686 61892.855263605714 28316.569404348731
leaf_count=292606 100833 14903 248992 49798 271591 68531 203950 208587 282746 114164 43486 195825 247573 113267
internal_value=0.00506243 0.00954988 0.00145112 -0.000396444 0.00656409 0.00931222 -0.00247723 0.0125693 -0.0033258 0.00504094 0.00979886 0.0114819 0.00365649 0.00268539
internal_weight=614209 273881 340329 224687 137712 69814.3 134123 136169 121673 115642 63017.8 52681.7 90433.7 90564.2
internal_count=2456852 1095529 1361323 898753 550850 279259 536494 544679 486696 462570 252073 210728 361737 362259
is_linear=0
shrinkage=1


Tree=1
num_leaves=15
num_cat=0
split_feature=33 20 51 8 38 47 19 51 19 13 43 8 10 1
split_gain=3433.14 770.381 663.131 419.018 381.702 527.301 377.781 372.244 342.258 334.974 424.971 487.923 320.251 313.03
threshold=49.041720437413524 0.04991132705437732 -0.28979732405249831 -0.002739458208171858 3.5020031873695827 0.44228869021900119 0.10403967272020669 0.11308483560615919 -0.32553685686567074 0.0014201834326948296 0.12976007742762793 0.015968125703753756 -0.0013260382032464189 0.00097449321996994048
decision_type=2 2 2 2 2 2 2 2 2 2 2 2 2 2
left_child=2 7 8 6 -3 9 -4 13 -1 -6 -11 -12 -7 -2
right_child=1 4 3 -5 5 12 -8 -9 -10 10 11 -13 -14 -15
leaf_value=0.012603709349325415 0.0045209167365965501 -0.00034204720051186671 0.0073376178584596708 0.0010421096066917273 -0.0073909695122649048 -2.835250364247995e-05 -0.0010648197059296017 -0.0039271867573032861 0.0052425840169958533 0.0014627635775964812 -0.0085138041234085055 0.018553408091098803 -0.01139027368662986 -0.0018007082601722688
leaf_weight=28475.717320159078 44026.336336150765 32279.410440862179 64003.018161311746 136739.26077327132 49074.037339612842 7024.9729299247265 16910.315004616976 46442.000814259052 35469.277508810163 38300.121257349849 25216.423663020134 1777.996106415987 52931.798758611083 35263.591646105051
leaf_count=113909 176108 129119 256021 546968 196297 28100 67642 185769 141881 153201 100866 7112 211728 141056
internal_value=-1.68135e-05 -0.00345855 0.00404505 0.00272978 -0.00533647 -0.00626124 0.00558161 -0.000372623 0.00852134 -0.00426987 -0.00192372 -0.00672791 -0.0100591 0.00170949
internal_weight=613934 332337 281598 217653 206605 174325 80913.3 125732 63945 114369 65294.5 26994.4 59956.8 79289.9
internal_count=2455777 1329356 1126421 870631 826423 697304 323663 502933 255790 457476 261179 107978 239828 317164
is_linear=0
shrinkage=0.05


Tree=2
num_leaves=15
num_cat=0
split_feature=26 69 53 26 45 0 42 38 13 43 49 5 23 32
split_gain=3133.02 873.692 828.879 479.195 432.614 401.905 322.201 320.342 252.775 252.445 250.62 340.192 248.82 285.922
threshold=-0.068694193577628279 -0.50408017289005203 0.47692235232741481 0.62627384482271065 -0.85239554682578089 6.5193781009771312e-05 0.44841553534372375 4.2466258757867132 0.00042873695124254647 -0.17558677518742313 1.0000000180025095e-35 -0.00065726998171000792 0.49735946145827004 0.045738260554808542
decision_type=2 2 2 2 2 2 2 2 2 2 2 2 2 2
left_child=1 -1 7 -4 5 6 10 -2 -6 -5 -3 -12 13 -10
right_child=2 4 3 9 8 -7 -8 -9 12 -11 11 -13 -14 -15
leaf_value=0.0092720556012412213 0.002867308351083685 0.014692303664115825 -0.0038561020962712151 0.0022476643097910209 0.017797532017387416 -0.00042216221684271616 0.0040426088845160121 -0.0020423003610686094 -0.011286895457104186 -0.01055117550760571 0.014422481027876964 -0.0018412595598217613 0.00080768806764827173 0.0061616951782865349
leaf_weight=60805.78851723671 45036.553951740265 16944.178705692291 114456.63733500242 4172.7274466007948 2013.9420113414526 27355.048479363322 46743.251193225384 126636.12448306382 9063.5275099426508 49982.050571203232 5828.5281762927771 7161.7045820951462 94488.854515939951 3164.3943848162889
leaf_count=243250 180150 67782 457832 16691 8056 109422 186988 506553 36255 199934 23316 28649 377968 12658
internal_value=2.87411e-06 0.00398672 -0.00319992 -0.00568988 0.00247604 0.00478091 0.00663704 -0.000754269 0.000270629 -0.00956488 0.0106869 0.00545879 -6.0954e-05 -0.0067708
internal_weight=613853 273569 340284 168611 212763 104033 76677.7 171673 108731 54154.8 29934.4 12990.2 106717 12227.9
internal_count=2455504 1094344 1361160 674457 851094 416157 306735 686703 434937 216625 119747 51965 426881 48913
is_linear=0
shrinkage=0.05


Tree=3
num_leaves=15
num_cat=0
split_feature=26 69 68 26 45 19 43 26 12 39 49 42 38 13
split_gain=2798.52 800.99 757.37 476.981 355.494 353.459 342.828 296.423 287.313 261.857 261.258 329.806 257.98 246.117
threshold=-0.068694193577628279 -0.44390324443715218 -0.062608842896207981 0.62627384482271065 -0.85239554682578089 0.027964922722872061 -0.17558677518742313 2.724107423990056 -0.0021617068170776761 -0.23170355754331876 1.0000000180025095e-35 0.41723263897600271 4.2466258757867132 0.00066170837776164391
decision_type=2 2 2 2 2 2 2 2 2 2 2 2 2 2
left_child=1 -1 12 -4 5 10 -5 -8 13 -10 11 -3 -2 -6
right_child=2 4 3 6 8 -7 7 -9 9 -11 -12 -13 -14 -15
leaf_value=0.0082635082851729817 0.0037198026011669677 0.018511244155603221 -0.0033060200570049201 0.0041036568476831049 0.018843232924158904 -0.00076145666979075463 -0.009997327688343759 0.015407889755083344 -0.0045266472731606364 0.0027578436746986375 0.0027371104372353114 0.0066520585469654241 -0.0013660504992049612 0.0021885914868947829
leaf_weight=72189.794428035617 33471.727419748902 7134.2710585296154 143870.49396146834 5010.7041111141443 2333.350050419569 25694.653313741088 59096.952701568604 1166.646364197135 39787.616136386991 17876.368589609861 32570.092034056783 32864.394550025463 97711.230507910252 43248.428476184607
leaf_count=288819 133892 28544 575493 20043 9334 102780 236409 4667 159156 71508 130297 131478 390852 173000
internal_value=-1.94555e-05 0.00374453 -0.00304655 -0.00491457 0.00212547 0.00427806 -0.00845944 -0.00950427 7.66391e-05 -0.00226834 0.00606235 0.00876934 -6.82874e-05 0.00304312
internal_weight=614027 273699 340328 209145 201509 98263.4 65274.3 60263.6 103246 57664 72568.8 39998.7 131183 45581.8
internal_count=2456272 1094916 1361356 836612 806097 393099 261119 241076 412998 230664 290319 160022 524744 182334
is_linear=0
shrinkage=0.05


Tree=4
num_leaves=15
num_cat=0
split_feature=26 69 53 37 0 26 17 1 21 18 70 27 37 41
split_gain=2636.84 735.277 697.02 404.819 358.25 351.837 311.84 299.215 295.4 280.543 248.159 245.898 237.331 271.531
threshold=-0.068694193577628279 -0.45802663833469692 0.61925804548704544 2.34658767545795 8.1170526009306394e-05 0.62627384482271065 0.88780618698339697 0.00097449321996994048 0.41832840707700086 0.0041881920834851956 0.54538023018673898 0.10606874460046552 1.1812914937340657 0.57954939343884648
decision_type=2 2 2 2 2 2 2 2 2 2 2 2 2 2
left_child=1 -1 4 8 7 -4 11 -2 -3 -9 -5 -6 13 -8
right_child=2 3 5 10 6 -7 12 9 -10 -11 -12 -13 -14 -15
leaf_value=0.0081060812243895185 0.0051392296375023369 -0.0093252370034839823 -0.0039920393200239693 0.0038825124987247315 0.00090680373159069045 -0.0094786700208418888 0.00097297227176357812 -0.0042953233742051688 0.007948439973610829 0.0061115758926994649 -0.00018446632305439009 -0.0060183849379415143 0.0021900617313847146 -0.012121223011745841
leaf_weight=69328.19778162241 34545.344272151589 11930.996164694428 93117.394554942846 137685.16846102476 16098.302212268114 42586.230879917741 8723.7986103892326 24229.414703592658 3118.3876217156649 8832.524272814393 51550.758094802499 62885.355955511332 42070.707105442882 7242.9523846507072
leaf_count=277408 138185 47726 372482 550804 64395 170380 34897 96920 12474 35331 206229 251555 168291 28974
internal_value=2.48833e-06 0.00365697 -0.00293558 0.00214691 -0.00109283 -0.00571413 -0.00256235 0.00188544 -0.0057445 -0.00151461 0.00277463 -0.00460694 0.000220308 -0.00496885
internal_weight=613946 273614 340332 204285 204628 135704 137021 67607.3 15049.4 33061.9 189236 78983.7 58037.5 15966.8
internal_count=2456051 1094641 1361410 817233 818548 542862 548112 270436 60200 132251 757033 315950 232162 63871
is_linear=0
shrinkage=0.05


Tree=5
num_leaves=15
num_cat=0
split_feature=27 69 0 69 4 0 28 19 27 8 40 4 49 17
split_gain=2388.71 724.237 664.596 446.196 371.601 341.394 329.345 303.085 297.071 292.4 281.842 273.054 264.095 260.618
threshold=0.10606874460046552 -0.4393490520996946 8.1170526009306394e-05 -0.27164054278255972 -3.0412137060239958e-05 4.9889506683197687e-05 1.5131182314978879 0.62642333243344916 1.2051120385433445 -0.002739458208171858 2.7769617221815506 -0.00030660790732306686 1.0000000180025095e-35 0.89699318985351539
decision_type=2 2 2 2 2 2 2 2 2 2 2 2 2 2
left_child=1 7 4 13 -2 9 8 -1 -6 10 -3 -12 -11 -4
right_child=2 5 3 -5 6 -7 -8 -9 -10 12 11 -13 -14 -15
leaf_value=0.0079896736233324005 -0.0037727175532523104 0.0070265637766848289 -0.0049315096217952712 -0.0075180050629171623 0.0062380282939484763 -0.00085246179597471983 -0.0015649886379235246 -0.0025591352799240246 -0.014435065718390552 0.0036451940498702 -0.018508736114719145 0.0097536776988237234 -0.0017872074384551171 0.00059003918274435165
leaf_weight=75813.162307709455 46209.891348496079 49616.888452410698 49250.710911855102 92971.325721904635 35504.664982751012 87733.439953461289 34197.887317493558 7478.7818964272738 1822.5313662737608 53965.644496098161 2185.3117301762104 1397.3597978949547 38209.224192947149 37747.762304380536
leaf_count=303385 184853 198519 197021 371955 142029 350945 136802 29921 7291 215892 8744 5591 152850 151004
internal_value=1.57693e-05 0.00304061 -0.00319902 -0.00510975 -0.000278182 0.0016106 0.00197962 0.0070424 0.00522685 0.00309704 0.00604853 -0.00748723 0.00139333 -0.00253587
internal_weight=614105 316400 297705 179970 117735 233108 71525.1 83291.9 37327.2 145374 53199.6 3582.67 92174.9 86998.5
internal_count=2456802 1265847 1190955 719980 470975 932541 286122 333306 149320 581596 212854 14335 368742 348025
is_linear=0
shrinkage=0.05


Tree=6
num_leaves=15
num_cat=0
split_feature=26 69 68 12 12 43 56 23 48 52 45 4 26 19
split_gain=2162.31 631.519 597.874 403.553 325.716 311.5 302.804 302.699 308.436 283.804 275.897 265.067 256.45 228.012
threshold=-0.068694193577628279 -0.40381182244852404 -0.099572892403773192 -0.00014971937967545138 -0.013158455943880404 -0.16156934552732719 0.06600197212009741 0.74206445976395619 -0.60785761079279388 0.83539719597766682 -0.93627836339509141 -0.00056528668038053102 2.724107423990056 -0.13717776354211644
decision_type=2 2 2 2 2 2 2 2 2 2 2 2 2 2
left_child=2 -2 -1 9 6 -5 -4 -7 -9 13 -6 -8 -10 -3
right_child=1 3 4 5 10 7 11 8 12 -11 -12 -13 -14 -15
leaf_value=0.0070802187549615318 0.00054208106244057195 0.0037581812938775592 0.011269035307817633 0.0010669961507418417 0.0030897307362361057 -0.0037106886622920825 -0.0013901154909552076 -0.01394319714121019 -0.0071070931263531026 -0.009372363071599412 -0.0013079432197808539 0.0068804391524648154 0.02561780301705387 -0.0022016522134256839
leaf_weight=75209.686401411891 104837.0943467319 20806.555698141456 14769.149550288916 14210.15200959146 63354.079977959394 48332.51683819294 18866.250228717923 20901.208304211497 49536.624719798565 10904.425778761506 81589.992159336805 19905.251489818096 601.2060279995203 70114.588168218732
leaf_count=301004 419384 83231 59088 56843 253493 193355 75484 83627 198191 43626 326393 79643 2405 280500
internal_value=-2.44621e-05 -0.00268581 0.00328399 -0.00412331 0.00184538 -0.00593071 0.0051778 -0.00676374 -0.00884053 -0.00175205 0.000614291 0.00285632 -0.00671217 -0.000837662
internal_weight=613939 340244 273694 235407 198485 133582 53540.7 119372 71039 101826 144944 38771.5 50137.8 90921.1
internal_count=2456267 1361162 1095105 941778 794101 534421 214215 477578 284223 407357 579886 155127 200596 363731
is_linear=0
shrinkage=0.05


Tree=7
num_leaves=15
num_cat=0
split_feature=33 69 45 68 12 47 11 0 40 17 15 36 15 6
split_gain=1956.6 811.831 579.31 465.074 351.152 372.699 330.161 304.381 296.617 291.78 282.293 310.366 278.536 326.311
threshold=56.976895094615934 -0.50408017289005203 -0.85239554682578089 -0.038245834322195638 -0.00058332723652704482 0.35206144883412571 -0.0093624820324163232 8.1170526009306394e-05 0.94068983682192653 1.8711224884223039 0.0037293036358862532 0.030201380502744794 0.0012763044179436424 -0.0017863197837623939
decision_type=2 2 2 2 2 2 2 2 2 2 2 2 2 2
left_child=1 -1 7 -2 8 10 -7 -3 12 -8 -6 -12 13 -4
right_child=3 2 4 -5 5 6 9 -9 -10 -11 11 -13 -14 -15
leaf_value=0.006404442443876922 -0.0013085046824559011 0.0055367603127418905 -0.034762335866994377 -0.0060167688327004767 -0.00095819532041595051 0.0090658914654820188 -0.0079529131819270037 -0.000492867186050599 -0.0026460124735776837 0.024841567364967954 0.024900969029827694 -0.0075234104404185639 0.0017812832967822303 0.011486277799319516
leaf_weight=84407.421984404325 95593.021137371659 77317.204100593925 389.21702036261559 116216.25213962793 59176.082595169544 3286.536194100976 40068.896725177765 28697.819154962897 31361.524110838771 685.19621993601322 2198.0899932682514 1106.9217797964811 61414.293515905738 11946.265038713813
leaf_count=337849 382407 309407 1557 465032 236723 13147 160289 114798 125458 2741 8793 4428 245684 47791
internal_value=-2.82682e-06 0.00204604 0.000887815 -0.00389193 -0.000623474 -0.00264658 -0.00616901 0.00390462 0.00142681 -0.00739856 -0.000163451 0.0140464 0.0031588 0.0100135
internal_weight=613865 402055 317648 211809 211633 106522 44040.6 106015 105111 40754.1 62481.1 3305.01 73749.8 12335.5
internal_count=2456104 1608665 1270816 847439 846611 426121 176177 424205 420490 163030 249944 13221 295032 49348
is_linear=0
shrinkage=0.05


Tree=8
num_leaves=15
num_cat=0
split_feature=33 69 45 53 43 5 13 47 0 19 42 6 49 24
split_gain=1799.47 728.801 494.545 472.326 312.766 309.732 377.008 296.154 262.422 251.979 251.554 262.061 274.737 298.12
threshold=55.710121726877823 -0.4393490520996946 -0.85239554682578089 0.41555443498339106 -0.17161983489657345 -0.0010911077353546177 0.00079724803791904667 0.93540483100319638 8.1170526009306394e-05 0.63722968598505592 0.44841553534372375 0.0010735897869545042 1.0000000180025095e-35 0.62969022536523123
decision_type=2 2 2 2 2 2 2 2 2 2 2 2 2 2
left_child=1 9 8 -2 -5 -4 -7 -6 10 -1 11 12 13 -3
right_child=3 2 5 4 7 6 -8 -9 -10 -11 -12 -13 -14 -15
leaf_value=0.006565509541785238 -0.0011111164106976656 0.0096619712249159696 0.002820537642186996 0.0019777450503343699 -0.0055670474896371636 0.0041211777389571864 -0.0030387560705799291 -0.013853916954551413 -0.00057834009425402743 -0.0024972157297776685 0.0028482258545977669 0.021365644645588103 0.0009732430215784408 0.03872655035971774
leaf_weight=89796.523152366281 108723.51593029499 13035.689560800791 45993.568978384137 12139.5087608248 98225.03484788537 21808.733659699559 116989.98529909551 12109.541958585382 26930.987031057477 8383.5470044314861 44295.78242406249 3657.5097860991955 10644.196572259068 942.21556124091148
leaf_count=359479 434943 52190 183989 48561 393087 87247 468003 48463 107728 33543 177262 14641 42594 3772
internal_value=-2.73988e-05 0.00207764 0.000794986 -0.00350981 -0.00563906 -0.000735294 -0.00191364 -0.00647714 0.00363675 0.00579156 0.0052008 0.00888459 0.00702663 0.0116343
internal_weight=613676 382479 284299 231198 122474 184792 138799 110335 99506.4 98180.1 72575.4 28279.6 24622.1 13977.9
internal_count=2455502 1530448 1137426 925054 490111 739239 555250 441550 398187 393022 290459 113197 98556 55962
is_linear=0
shrinkage=0.05


Tree=9
num_leaves=15
num_cat=0
split_feature=33 53 53 19 0 55 26 8 17 43 12 29 34 12
split_gain=1696.8 541.953 510.69 297.377 294.909 306.347 285.366 285.22 277.784 252.846 230.714 217.048 216.107 217.448
threshold=49.041720437413524 0.39520727176213016 0.54335787869264485 -0.24641301018743914 8.1170526009306394e-05 0.35402066432420604 0.62627384482271065 -0.002739458208171858 0.60308075253793125 -0.17558677518742313 -0.0021617068170776761 -0.83088889033459223 70.926179985088609 -0.00073898783687229973
decision_type=2 2 2 2 2 2 2 2 2 2 2 2 2 2
left_child=2 4 3 -1 -2 8 12 -4 -6 -8 11 -9 13 -3
right_child=1 6 7 -5 5 -7 9 10 -10 -11 -12 -13 -14 -15
leaf_value=0.0073386214175262462 0.0027585852754618083 -0.00052433024252148623 0.0035494403956080698 0.0027394836356558214 -0.007995942447653363 0.0039226277904941065 0.0041186882951383562 -0.00013236936995910417 -0.0013393520324355894 -0.0079659976970202651 -0.0035674323357061024 0.0090933514915136574 0.02041261537314849 -0.0048194852400759523
leaf_weight=68557.764366775751 54169.484326556325 50282.387032315135 54608.689394727349 72136.554937079549 22048.201085448265 18398.236092731357 4685.6222609728575 33816.835323914886 54179.654500842094 56327.74567399919 44594.962271690369 7851.2813794612885 985.2151230275631 71181.629429027438
leaf_count=274503 216707 201164 218543 288690 88209 73600 18743 135293 216748 225506 178410 31411 3942 284799
internal_value=-5.61816e-06 -0.0024256 0.00285005 0.00498074 -0.000183295 -0.00186746 -0.00424415 0.000721933 -0.00326511 -0.00703767 -0.00106812 0.00160686 -0.00285198 -0.00304152
internal_weight=613824 332258 281566 140694 148796 94626.1 183463 140872 76227.9 61013.4 86263.1 41668.1 122449 121464
internal_count=2456268 1329418 1126850 563193 595264 378557 734154 563657 304957 244249 345114 166704 489905 485963
is_linear=0
shrinkage=0.05


Tree=10
num_leaves=15
num_cat=0
split_feature=33 69 45 69 32 12 13 20 48 29 41 13 47 10
split_gain=1603.87 635.662 458.143 379.094 344.146 311.651 376.042 297.39 293.87 269.567 268.22 262.905 258.801 251.528
threshold=57.12278923260142 -0.33992658664941772 -0.85239554682578089 -0.41227983221223691 -0.4540893347409925 -0.00058332723652704482 0.00081937305526484899 -0.3562325491531842 -1.0000000180025095e-35 -1.7682780857593972 0.52780913246047467 0.0029192429360005837 0.44228869021900119 -0.0084002955387049005
decision_type=2 2 2 2 2 2 2 2 2 2 2 2 2 2
left_child=1 7 4 11 -3 6 -4 -1 -5 -7 -10 -2 -11 -14
right_child=3 2 5 8 -6 9 -8 -9 10 12 -12 -13 13 -15
leaf_value=0.0072754238794152564 -0.002026039937550691 -0.0091221316733780568 0.010044271119107455 -0.0077815465816755249 0.0041497172588638416 -0.012222416495131545 -0.00013866298987371531 0.0025927869457274418 -0.00032714582842386378 -8.9730189477565958e-05 -0.0060423729756409576 0.0058391974626249808 0.015820756281313731 -0.0067719096018848436
leaf_weight=58564.5966129601 56016.431857734919 5189.0858483612537 10251.564978376031 58060.896622151136 82032.931566566229 7484.5923462361097 78124.99652595818 80543.825029760599 41801.69115768373 50460.751886710525 40335.805980220437 13106.318190455437 1279.3702975809574 30378.640797510743
leaf_count=234544 224101 20767 41016 232411 328317 29942 312534 322363 167273 201866 161457 52431 5118 121534
internal_value=-1.22495e-05 0.00182704 0.000391145 -0.00356485 0.00335966 -0.00106368 0.00104305 0.00456437 -0.00505889 -0.0031415 -0.00313396 -0.000534403 -0.00231314 -0.00585654
internal_weight=613631 404310 265202 209321 87222 177980 88376.6 139108 140198 89603.4 82137.5 69122.8 82118.8 31658
internal_count=2455674 1618001 1061094 837673 349084 712010 353550 556907 561141 358460 328730 276532 328518 126652
is_linear=0
shrinkage=0.05


Tree=11
num_leaves=15
num_cat=0
split_feature=0 38 53 47 8 1 37 1 11 39 28 5 22 20
split_gain=1366.38 621.3 574.621 459.434 362.838 355.13 349.62 321.352 309.906 306.714 356.567 334.454 300.609 299.499
threshold=8.1170526009306394e-05 3.5020031873695827 0.54872366704780851 0.41248606129204557 -0.002739458208171858 0.00073145388622648853 1.1483242025083025 -0.001605950354922442 0.023531638549193813 -0.6998444244360591 -0.63342879761528537 -0.00040952403006283908 0.70945342781916787 0.069866788390589504
decision_type=2 2 2 2 2 2 2 2 2 2 2 2 2 2
left_child=2 9 5 7 -4 -1 -5 -3 -9 10 -2 -11 -7 -13
right_child=1 3 4 6 -6 12 -8 8 -10 11 -12 13 -14 -15
leaf_value=0.0060910750694715965 0.015736446656637159 0.0035867476866939816 0.0039302741815691071 -0.01446033768178407 -0.0014034328326182493 0.0019659775593663686 -0.0054117242762203015 -0.0037791823801501534 0.006831372059407495 0.0036981981067250912 -0.0037248177481489942 0.022856258521406651 -0.015811311979167998 -0.0040943132957872155
leaf_weight=105477.25855369866 7075.9172541201115 21062.371899724007 44682.608434557915 12796.981592193246 111297.41343334317 54372.87970417738 64356.319656521082 110444.41549241543 7334.4256630539894 33605.763291612267 3523.0117244720459 1058.1058893799782 2481.7678842693567 34059.3584613204
leaf_count=422305 28310 84279 178865 51230 445329 217614 257565 442000 29353 134463 14096 4234 9930 136277
internal_value=1.92258e-05 -0.00243029 0.00229179 -0.00382007 0.000124557 0.00437416 -0.00691341 -0.00210093 -0.00311817 0.00135408 0.00926895 0.000132809 0.00118866 -0.00327914
internal_weight=613629 295317 318312 215995 155980 162332 77153.3 138841 117779 79322.2 10598.9 68723.2 56854.6 35117.5
internal_count=2455850 1181807 1274043 864427 624194 649849 308795 555632 471353 317380 42406 274974 227544 140511
is_linear=0
shrinkage=0.05


Tree=12
num_leaves=15
num_cat=0
split_feature=27 68 69 42 6 37 0 48 45 9 10 2 19 33
split_gain=1266.6 464.71 419.77 313.837 290.746 274.84 268.966 254.709 251.304 245.903 343.796 286.751 262.701 254.241
threshold=0.10606874460046552 -0.1376208287180529 -0.26549609593410101 0.45172498784985238 -0.001310514333230793 6.0001897186457169 8.1170526009306394e-05 -0.60785761079279388 -0.7027177679310932 -0.003679244119626487 -0.0050209620295519914 -0.0014186517365485009 -0.13103470590286539 22.679911667182036
decision_type=2 2 2 2 2 2 2 2 2 2 2 2 2 2
left_child=1 -1 -2 9 5 8 -4 -8 -5 12 -11 -12 13 -3
right_child=2 3 6 4 -6 -7 7 -9 -10 10 11 -13 -14 -15
leaf_value=0.0057361454439308728 -0.00034520879017226183 0.0024555178489608026 -0.0017113259758693529 -0.0022713878880508912 0.0011486765688597321 0.00013955695643932394 -0.010118995599712105 -0.0042338039151997003 -0.013516619700227515 0.011625706313367609 -0.012231167290364017 0.00097475385080248952 0.0014624076752087968 0.013904297532265962
leaf_weight=71541.754073947668 138735.22046026587 7183.9698352664709 67280.338211983442 9874.3255755156279 124195.96493132412 22472.316659674048 25507.616490721703 65865.686948224902 9999.3428815454245 6596.6280575096607 4747.6104422211647 30426.396920666099 14150.516174256802 14931.28976431489
leaf_count=286559 555122 28777 269202 39519 496984 89928 102155 263703 40005 26401 18998 121761 56621 59802
internal_value=-1.1787e-05 0.00219171 -0.00235407 0.00115483 -7.12176e-05 -0.00364874 -0.00411067 -0.00587717 -0.00793135 0.00377126 0.00115574 -0.0008092 0.00678321 0.0101866
internal_weight=613509 316120 297389 244578 166542 42346 158654 91373.3 19873.7 78036.4 41770.6 35174 36265.8 22115.3
internal_count=2455537 1265355 1190182 978796 666436 169452 635060 365858 79524 312360 167160 140759 145200 88579
is_linear=0
shrinkage=0.05


Tree=13
num_leaves=15
num_cat=0
split_feature=0 45 38 53 47 17 34 37 40 5 37 3 24 12
split_gain=1225.53 541.455 497.186 411.072 406.827 328.581 400.255 320.539 294.688 308.852 278.563 276.966 363.054 360.167
threshold=8.1170526009306394e-05 -0.85239554682578089 3.5020031873695827 0.58895706215764643 0.41248606129204557 1.4804371729710841 44.122037083832147 5.1486421683956474 0.83469575672966412 -0.00040952403006283908 1.10827404522127 -0.00027359802456567627 0.975301029764294 -0.0058140831323998032
decision_type=2 2 2 2 2 2 2 2 2 2 2 2 2 2
left_child=1 5 8 -3 -4 -1 7 -7 11 -10 -6 -2 -13 -14
right_child=2 3 4 -5 10 6 -8 -9 9 -11 -12 12 13 -15
leaf_value=0.006315789734568227 -0.00054199124015630621 0.0027261555485579201 -0.0019193632905146422 -0.0016684040761869798 -0.013330261221684236 -0.019102943604457648 0.021350982328847426 -0.00044231522270702511 0.0024800326164812498 -0.005475128896418999 -0.0051358952752633769 0.0058262853551650211 0.0095496095826229747 0.044807070346149259
leaf_weight=88298.214337065816 13044.106907173991 118299.93005700409 138820.46277026832 96714.208220809698 12347.837841004133 2953.8016864061356 1669.0737497955561 10356.573232114315 25608.760385736823 23294.833011940122 64769.738243594766 14383.288306310773 1647.7028436213732 1292.5294241011143
leaf_count=353712 52194 473467 555614 386962 49458 11832 6685 41486 102475 93212 259267 57554 6593 5172
internal_value=2.6612e-05 0.00217876 -0.00229382 0.000749472 -0.00353704 0.00515423 -0.00169254 -0.00458905 0.00109279 -0.00130952 -0.00644873 0.00496101 0.00910357 0.0250986
internal_weight=613501 318292 295209 215014 215938 103278 14979.4 13310.4 79271.2 48903.6 77117.6 30367.6 17323.5 2940.23
internal_count=2455683 1274144 1181539 860429 864339 413715 60003 53318 317200 195687 308725 121513 69319 11765
is_linear=0
shrinkage=0.05


Tree=14
num_leaves=15
num_cat=0
split_feature=27 53 0 47 0 4 19 7 19 15 29 43 1 11
split_gain=1102.06 401.965 389.891 320.269 328.847 292.344 267.544 256.709 249.838 284.362 247.532 255.257 242.354 278.132
threshold=0.10606874460046552 0.52812165738926309 8.1170526009306394e-05 0.91037613702198772 0.0050609965988011171 -3.0412137060239958e-05 -0.24641301018743914 -0.0014001902364827736 1.0212154296632387 0.0061099192347104075 2.8495452145720335 -0.061257579652286717 -0.001309042561044176 0.023531638549193813
decision_type=2 2 2 2 2 2 2 2 2 2 2 2 2 2
left_child=1 6 5 4 12 -2 10 -6 9 -9 -1 -12 -4 -14
right_child=2 -3 3 -5 7 -7 -8 8 -10 -11 11 -13 13 -15
leaf_value=0.0048275701201276836 -0.0030446011916917121 0.00030290913198844065 0.0015334260079069588 -0.0090522759330955143 0.020862167128481698 0.0020592271629656161 0.0020448478336129033 0.032255768532185265 -0.0025645622182980127 -0.038233426139624584 0.017957796455651608 0.002527563908092367 -0.0048517263820644467 0.0048357367805331505
leaf_weight=56154.712843373418 46134.304415345192 160132.97803097963 21258.354848861694 23742.842690214515 2268.0252519696951 71586.057015016675 87808.656644105911 1023.4846637994051 6002.4679992049932 161.88129045069218 7929.5142236500978 4050.2055708169937 117348.06266334653 7904.5990913957357
leaf_count=225055 184597 640851 85082 95087 9079 286437 351474 4097 24028 648 31777 16226 469800 31643
internal_value=6.83899e-06 0.00206252 -0.00217771 -0.00364285 -0.00281911 5.90057e-05 0.00386934 0.00621591 0.00158319 0.0225091 0.00622035 0.0127442 -0.00340243 -0.00424019
internal_weight=613506 316076 297430 179710 155967 117720 155943 9455.86 7187.83 1185.37 68134.4 11979.7 146511 125253
internal_count=2455881 1265383 1190498 719464 624377 471034 624532 37852 28773 4745 273058 48003 586525 501443
is_linear=0
shrinkage=0.05


Tree=15
num_leaves=15
num_cat=0
split_feature=33 68 68 17 5 12 11 44 70 11 69 33 8 36
split_gain=976.663 469.089 308.145 336.475 336.125 279.136 281.816 301.813 278.989 264.556 255.722 242.493 229.936 213.255
threshold=46.11097726428202 -0.19418239943109125 0.21583730737664467 1.453650910043482 -0.0038379619343158439 -0.00014971937967545138 0.023531638549193813 -1.0461850765495952 0.77388701410825611 -0.00091524805081327971 -0.80519925336490872 58.81588100257467 -0.0095131473960647066 0.0017954599456000738
decision_type=2 2 2 2 2 2 2 2 2 2 2 2 2 2
left_child=2 -2 3 4 9 8 11 -8 12 -1 -6 -7 -3 -14
right_child=1 5 -4 -5 10 6 7 -9 -10 -11 -12 -13 13 -15
leaf_value=0.0095812449285233529 0.0021020782631956097 0.062203483012290076 -0.0011684118994764292 -0.0019511225916426349 0.0093082692669459437 -0.0024470459998773269 -0.036083117667070147 0.0033296222593307335 -0.0081183604663825973 0.032422418521407634 0.0029928528879600764 -0.0062911572278239944 0.03684213469914023 -9.0756956679136135e-05
leaf_weight=5721.7832564115524 69463.838761568069 143.93737035989761 46322.860863417387 25632.745228901505 18106.484635576606 82988.078242212534 494.5982232093811 17528.852642953396 11298.434116393328 1626.5162962824106 139526.0448884964 81147.516368046403 387.20799313485622 113062.0571783334
leaf_count=22917 277973 576 185415 102647 72615 332088 1980 70165 45230 6513 558698 324979 1550 452486
internal_value=-2.56961e-05 -0.00160831 0.00248921 0.00337809 0.00420612 -0.00244773 -0.00369599 0.00223835 -0.000627021 0.0146557 0.00371855 -0.00434768 0.000118422 3.69149e-05
internal_weight=613451 376515 236936 190614 164981 307051 182159 18023.5 124892 7348.3 157633 164136 113593 113449
internal_count=2455832 1507027 948805 763390 660743 1229054 729212 72145 499842 29430 631313 657067 454612 454036
is_linear=0
shrinkage=0.05


Tree=16
num_leaves=15
num_cat=0
split_feature=0 8 1 53 30 48 44 31 31 21 44 30 43 15
split_gain=911.263 447.732 425.677 357.261 339.982 324.933 324.259 296.157 283.2 245.018 254.884 251.488 447.416 277.965
threshold=8.1170526009306394e-05 -0.002739458208171858 -0.0012328838066384587 0.51778387912523238 0.12932070918635938 -0.8783796973249266 4.193414908302219 -0.12995087561993715 0.82856617458955817 0.17771397379914547 -0.25202026647512771 0.90500369573199213 0.10600895570021483 0.0045641417017130217
decision_type=2 2 2 2 2 2 2 2 2 2 2 2 2 2
left_child=1 -1 -2 5 -4 -3 7 -6 -8 -9 11 -11 -13 -14
right_child=2 3 4 -5 6 -7 8 9 -10 10 -12 12 13 -15
leaf_value=0.0049029234453297089 0.001318869516508692 0.0085645862414340836 -0.0011926564168373728 -0.0012742274024977835 -0.031073623542852674 0.0014647992097913151 -0.0010551193379518937 -0.0025953067345698506 0.035167302342728593 -0.012644407477885903 -0.0042211090328459081 0.013077446153708172 -0.03631280769980369 0.064972317157187515
leaf_weight=86389.882950544357 71943.04740357399 19340.581534475088 113984.17872171104 116094.49520479143 1114.4152669757605 96538.23638881743 1317.7746763676405 48408.346800893545 908.45931088924408 24336.543131485581 29912.763277083635 2441.1947260200977 825.47925999760628 69.210941269993782
leaf_count=346159 287931 77448 456196 464581 4463 386519 5277 193870 3637 97456 119796 9775 3307 277
internal_value=-2.51383e-05 0.00183044 -0.0020259 0.000686125 -0.00310343 0.0026501 -0.00509533 -0.00548811 0.0137718 -0.00521765 -0.00742168 -0.01088 0.00199187 -0.0281601
internal_weight=613625 318363 295261 231973 223318 115879 109334 107108 2226.23 105994 57585.2 27672.4 3335.88 894.69
internal_count=2456692 1274707 1181985 928548 894054 463967 437858 428944 8914 424481 230611 110815 13359 3584
is_linear=0
shrinkage=0.05


Tree=17
num_leaves=15
num_cat=0
split_feature=33 68 42 68 8 40 40 0 0 12 0 20 24 29
split_gain=875.687 429.461 354.109 318.516 237.77 256.733 227.982 220.668 305.132 267.004 218.585 244.566 245.108 248.563
threshold=57.12278923260142 -0.14660225699001078 0.45172498784985238 0.1063105159864184 -0.0026863445339363958 0.82533815651009379 0.5627567588968424 -0.0009334431852210419 -0.00085486260339753112 0.0039863684326166176 0.0047211919387608716 0.387794592072288 0.84837245018473373 -2.967941209710435
decision_type=2 2 2 2 2 2 2 2 2 2 2 2 2 2
left_child=1 -1 7 4 5 6 -2 -3 9 -9 11 -6 13 -13
right_child=3 2 -4 -5 10 -7 -8 8 -10 -11 -12 12 -14 -15
leaf_value=0.0044937067599840194 0.026915565542989905 0.0064673707858739467 -0.0005560492627563208 -0.0058890893852415714 -0.0001376688277723849 0.023250849993783389 -0.044910047421302446 -0.0037905830778568526 0.0019661090298601393 -0.043210936204012507 0.0062178062246651443 -0.01930939295875838 -0.0014195532538871848 -0.0057931381442577895
leaf_weight=86411.750192373991 171.61827577650547 32093.996543779969 224634.14240838587 54844.206349745393 73848.90268650651 1787.3694193065166 292.33700093626976 1130.3340962231159 59120.296613022685 688.92806854844093 8254.8535548001528 3835.671041443944 36475.493579804897 29851.162049859762
leaf_count=346283 687 128598 899029 219751 295556 7152 1170 4527 236623 2759 33040 15358 146055 119545
internal_value=8.67333e-06 0.00136846 0.000518281 -0.00261577 -0.00145379 0.0146586 -0.0183379 0.00311219 0.00134479 -0.018796 -0.00169249 -0.00214611 -0.00425993 -0.00733477
internal_weight=613441 404079 317668 209362 154517 2251.32 463.955 93033.6 60939.6 1819.26 152266 144011 70162.3 33686.8
internal_count=2456133 1617819 1271536 838314 618563 9009 1857 372507 243909 7286 609554 576514 280958 134903
is_linear=0
shrinkage=0.05


Tree=18
num_leaves=15
num_cat=0
split_feature=33 68 68 5 19 2 43 40 36 27 6 6 14 37
split_gain=823.809 380.041 283.966 283.52 262.672 259.637 229.578 220.772 254.625 304.156 278.853 227.491 226.23 218.848
threshold=57.12278923260142 -0.14965219011838676 0.069028901180576432 -0.0016409965760507128 0.054727849420888867 -0.0028659340066330185 -0.23398342022398722 1.3728838765262412 0.010679843184500656 -1.5528807101862119 -0.0032719041172401659 -0.00027334743560659708 0.0016486181844311326 6.0901597540048771
decision_type=2 2 2 2 2 2 2 2 2 2 2 2 2 2
left_child=1 -1 5 6 -5 -2 -3 8 9 11 -11 -8 -9 -14
right_child=2 3 -4 4 -6 -7 7 12 -10 10 -12 -13 13 -15
leaf_value=0.0042737940153417349 0.010694618397324863 0.010719858218743683 -0.0052501210197110071 0.00093701631904671151 -0.0024257266886225965 -0.0016807993010567912 -0.00079576531965233328 0.017375455331580258 0.0069038261781967404 -0.069058678920366601 0.00056012466504561434 -0.076245533702475041 -0.013421524172367544 0.00061656891830756796
leaf_weight=84935.873528420925 4367.5959643423557 9459.7284216284752 66903.642664328218 168872.93055562675 88501.609507009387 137995.29972183704 174.47453252971172 1161.3362495452166 26496.831479728222 140.46435073018074 12832.103028714657 229.089429885149 5085.2346192151308 6106.4080572575331
leaf_count=340429 17481 37899 268119 676088 354123 552420 699 4648 106054 562 51358 918 20351 24443
internal_value=-1.72916e-05 0.00130163 -0.00256349 0.000510372 -0.000219332 -0.00130077 0.00355472 0.002256 0.00406535 -0.00155789 -0.00022001 -0.0440349 -0.00358351 -0.00576517
internal_weight=613263 403996 209267 319060 257375 142363 61685.7 52225.9 39873 13376.1 12972.6 403.564 12353 11191.6
internal_count=2455592 1617572 838020 1277143 1030211 569901 246932 209033 159591 53537 51920 1617 49442 44794
is_linear=0
shrinkage=0.05


Tree=19
num_leaves=15
num_cat=0
split_feature=0 45 46 1 51 29 41 30 49 42 8 43 38 16
split_gain=778.658 402.171 393.311 367.747 314.453 294.254 279.806 267.272 294.204 342.552 308.494 257.126 299.756 271.807
threshold=8.1170526009306394e-05 -0.85239554682578089 -0.47114434510950071 0.0012901107201698416 -0.35899142144411994 11.000941039902473 0.6388456219737173 0.10316372371829706 1.0000000180025095e-35 0.42445703644204164 0.0057596857799887841 -0.42394591947770438 5.3989119445360227 0.0031649181217864443
decision_type=2 2 2 2 2 2 2 2 2 2 2 2 2 2
left_child=1 7 -2 4 -3 6 11 8 9 -1 -11 12 13 -5
right_child=2 3 -4 5 -6 -7 -8 -9 -10 10 -12 -13 -14 -15
leaf_value=0.013834499109924264 0.00067806111496663331 0.0067632017725108122 -0.0031421123409917195 0.04061872642295436 0.00079941894325671198 0.033385362540713538 -0.022283912544330847 0.011776874544740659 0.00038486450900622297 0.0036342383589595692 0.092070576113992567 -0.0032050886982444883 -0.0024172797262261691 -0.037545672892433685
leaf_weight=11024.711119502783 104003.45653483272 26722.278627097607 191306.34522932768 1011.2773754447699 127762.26464597881 552.68130776286125 1838.052781701088 10797.809867620468 42154.444617524743 39064.544018417597 93.870201855897903 55573.647004023194 1398.5696316361427 120.94973687827587
leaf_count=44249 416390 107085 766037 4048 511295 2212 7357 43294 168955 156611 376 222425 5596 484
internal_value=5.21758e-05 0.00176853 -0.00179672 0.000537123 0.0018312 -0.0027674 -0.00310349 0.00433517 0.00346435 0.00605087 0.00385796 -0.00249488 0.013076 0.0321405
internal_weight=613425 318115 295310 214980 154485 60495.2 59942.5 103135 92337.6 50183.1 39158.4 58104.4 2530.8 1132.23
internal_count=2456414 1273987 1182427 860502 618380 242122 239910 413485 370191 201236 156987 232553 10128 4532
is_linear=0
shrinkage=0.05


Tree=20
num_leaves=15
num_cat=0
split_feature=0 38 47 69 39 28 13 43 39 0 37 20 30 7
split_gain=683.418 355.97 354.842 349.531 308.727 417.552 270.687 294.273 312.112 334.751 289.983 287.424 325.798 266.897
threshold=8.1170526009306394e-05 3.5020031873695827 0.41248606129204557 -0.50408017289005203 -0.69026314033161718 -0.63342879761528537 0.0014031554981244903 0.076765060238608532 -0.40336940941615496 0.0042458377836509737 12.051634108967043 0.85556366460885702 0.72409621816943848 0.0038895323997269809
decision_type=2 2 2 2 2 2 2 2 2 2 2 2 2 2
left_child=3 4 6 -1 5 -2 11 10 13 -10 -8 -3 -13 -9
right_child=1 2 -4 -5 -6 -7 7 8 9 -11 -12 12 -14 -15
leaf_value=0.0048019331987771766 0.015662613556468225 -0.0051911952682453964 -0.005492171946034026 0.00075540838122202633 -0.00011591272263403083 -0.0049552234863125015 0.0043125967541844746 0.0049545162324083599 -0.0074982424251798518 0.0040141009737875199 -0.02033839384223322 0.00060554532852706252 0.028483772258992679 0.048315837419517865
leaf_weight=67825.501827061176 7449.0234893858433 51033.721020817757 77147.366472229362 250260.34251919389 68138.338224008679 3659.1212736368179 39897.165039077401 6244.7408338338137 24096.848239645362 8552.4085104614496 1224.8874230980873 6215.6071937382221 1255.5826843678951 371.40707099437714
leaf_count=272033 29813 204389 309067 1001967 272697 14645 159697 25003 96506 34239 4903 24894 5031 1487
internal_value=1.02694e-05 -0.00172193 -0.00277334 0.00161831 0.00114439 0.00887174 -0.00126303 0.000620054 -0.00247566 -0.00448245 0.00357594 -0.00385027 0.00530658 0.00742331
internal_weight=613372 295286 216040 318086 79246.5 11108.1 138892 80387.5 39265.4 32649.3 41122.1 58504.9 7471.19 6616.15
internal_count=2456371 1182371 865216 1274000 317155 44458 556149 321835 157235 130745 164600 234314 29925 26490
is_linear=0
shrinkage=0.05


Tree=21
num_leaves=15
num_cat=0
split_feature=45 53 0 42 68 12 44 23 29 7 1 11 29 26
split_gain=663.836 379.413 327.765 273.843 255.334 246.17 330.686 309.258 289.677 251.906 245.383 288.544 269.967 292.25
threshold=0.12237620530257555 0.40516642128413533 6.5193781009771312e-05 0.42029733933020957 -0.16225812390863617 -0.0055938818216440325 0.41345518052448105 1.7607957963521286 -2.5766646878144583 -0.0098482078491922889 -0.0008969351913235235 0.019412560239234013 7.9415899037415389 -0.2913165047829463
decision_type=2 2 2 2 2 2 2 2 2 2 2 2 2 2
left_child=2 -2 3 -1 -5 6 7 -4 -8 -7 -11 12 -12 -14
right_child=1 -3 5 4 -6 9 8 -9 -10 10 11 -13 13 -15
leaf_value=0.0073350152385073157 0.00027176136354875813 -0.0033243623491048023 0.0048247583182728614 0.0060351055745945653 0.0011385084437233919 0.047293195048552249 -0.0076850721288339993 0.067647581274858287 0.0090627832656963742 0.00096219689501330491 -0.0049446326994005791 0.019276276815835432 0.041698568978026214 -0.032326356460787652
leaf_weight=28792.537949994206 134584.66840444505 161191.5688586235 31135.234157294035 32863.904238820076 140126.80258400738 249.17222809791565 11336.439002245665 192.17100438475609 3338.3395124673843 28720.019901290536 37847.897327139974 1176.4106540828943 142.19719758629799 1481.6704583913088
leaf_count=115488 538695 645734 124604 131956 561164 997 45372 769 13361 114937 151477 4709 569 5931
internal_value=1.6154e-05 -0.00168807 0.00160426 0.00282048 0.00206889 -0.00051835 0.00231969 0.00522086 -0.00387334 -0.00239372 -0.00257559 -0.00507503 -0.00580315 -0.0257361
internal_weight=613179 295776 317403 201783 172991 115620 46002.2 31327.4 14674.8 69617.4 69368.2 40648.2 39471.8 1623.87
internal_count=2455763 1184429 1271334 808608 693120 462726 184106 125373 58733 278620 277623 162686 157977 6500
is_linear=0
shrinkage=0.05


Tree=22
num_leaves=15
num_cat=0
split_feature=0 38 37 44 21 3 40 38 39 40 14 26 16 32
split_gain=608.044 345.712 332.654 288.241 271.82 352.989 296.775 258.651 323.386 317.858 276.422 264.858 268.612 257.658
threshold=8.1170526009306394e-05 5.4431192304710798 2.2752924607120821 3.2263318156200378 0.061235099006438413 0.0010692148838530094 2.880947459125728 1.3193601415380389 -0.60173242885669431 0.4116338834437569 0.0011800282749882482 -0.81572143824898313 0.002521421156729584 0.26073232464293994
decision_type=2 2 2 2 2 2 2 2 2 2 2 2 2 2
left_child=2 4 13 -3 5 6 -2 -7 9 10 -9 -10 -13 -1
right_child=1 3 -4 -5 -6 7 -8 8 11 -11 -12 12 -14 -15
leaf_value=-0.0036303841758294009 0.0025563123972646667 -0.0035735489535248057 0.002268440580118887 0.009303057562233449 -0.00097523733627939745 0.058140952764923606 -0.028417112315574162 0.077422960848530717 -0.084892879166270516 0.04078205935158094 -0.040390935357694065 -0.0021122330877628051 0.022817872330160568 0.0053310399347641646
leaf_weight=44714.247131645679 23145.742279350758 153757.47183080018 263577.97023016214 4467.7793943285942 106277.43546956778 318.27357847988605 795.11240270733833 57.948296785354614 74.676524490118027 1406.4200857281685 235.27527870237827 2936.0008955895901 1703.9572547078133 9769.5064223259687
leaf_count=178967 92660 615931 1056025 17894 425470 1274 3182 232 299 5631 942 11755 6821 39103
internal_value=1.65544e-05 -0.00161775 0.00153327 -0.00320967 0.000221506 0.00436747 0.00152192 0.0144776 0.0122674 0.0309328 -0.0162003 0.00551287 0.00705769 -0.00202317
internal_weight=613238 295176 318062 158225 136951 30673.4 23940.9 6732.55 6414.28 1699.64 293.224 4714.63 4639.96 54483.8
internal_count=2456186 1182091 1274095 633825 548266 122796 95842 26954 25680 6805 1174 18875 18576 218070
is_linear=0
shrinkage=0.05


Tree=23
num_leaves=15
num_cat=0
split_feature=45 70 37 37 19 0 5 15 25 11 28 11 55 28
split_gain=548.517 328.934 284.311 315.041 295.965 431.142 396.069 338.965 306.329 305.831 397.958 283.217 277.854 272.513
threshold=0.12237620530257555 0.38052359076329839 8.7656359318193768 9.0698448384407335 0.2167280002556469 0.0014144986938979707 -0.0010911077353546177 0.0050219887927479478 -8.4999999999999982 0.0091965616789744398 1.0357763532923909 0.023531638549193813 0.36458169502459281 2.1416389349393374
decision_type=2 2 2 2 2 2 2 2 2 2 2 2 2 2
left_child=2 12 4 -4 5 8 7 11 -1 10 -8 -6 -2 -9
right_child=1 -3 3 -5 6 -7 9 13 -10 -11 -12 -13 -14 -15
leaf_value=-0.046018439293420123 -0.0012162994605871827 -0.0040683463568864106 0.014591140330896755 0.0031685395717024074 0.0012393668459204392 -0.060053787867667754 -0.0046411031952323179 0.039388465076155156 0.0018631533471162977 0.0080754437046874055 -0.020923239896062762 0.051925478738593468 0.0039082811389765234 -0.074343109485849851
leaf_weight=329.65720236301422 175021.0617030561 89741.692986294627 6659.7384742647409 64098.546399325132 20377.693049937487 277.39550720155239 34587.176307871938 877.47576168179512 181498.97497409582 4018.0650522261858 4205.4397436380386 274.38680657744408 31154.979207366705 51.479119494557381
leaf_count=1323 700807 359599 26684 256859 81555 1110 138415 3512 727249 16086 16840 1098 124716 206
internal_value=6.72559e-06 -0.0015417 0.001451 0.00424458 0.000649023 0.00167925 -0.00226447 0.0032581 0.00177508 -0.00504847 -0.00640869 0.0019252 -0.000441855 0.0327216
internal_weight=613174 295918 317256 70758.3 246498 182106 64391.7 21581 181829 42810.7 38792.6 20652.1 206176 928.955
internal_count=2456059 1185122 1270937 283543 987394 729682 257712 86371 728572 171341 155255 82653 825523 3718
is_linear=0
shrinkage=0.05


Tree=24
num_leaves=15
num_cat=0
split_feature=45 69 35 18 33 34 13 43 35 39 37 15 44 39
split_gain=536.713 436.648 348.951 285.938 251.223 277.631 265.494 331.812 274.183 408.77 246.075 262.286 268.987 293.019
threshold=-0.86952243406471608 -0.66354480638057545 -0.52180446479885767 0.001290685319049558 69.245937307270893 70.926179985088609 0.0040351567498607107 -0.17558677518742313 0.63883864901465348 0.17954962443326775 1.1483242025083025 0.0020919924463683507 -0.76767924762497775 -0.10696763948601808
decision_type=2 2 2 2 2 2 2 2 2 2 2 2 2 2
left_child=2 -2 3 -1 5 10 7 -6 -8 -10 11 -3 -13 -14
right_child=1 4 -4 -5 6 -7 8 -9 9 -11 -12 12 13 -15
leaf_value=-0.007440154957503416 0.0030700628427018459 -0.012749764822693941 0.0083125936765522379 0.0023035933404372357 0.0083648701994402715 0.036279699850520701 0.039581237016017845 -0.0070813700068511126 -0.023838565679091317 0.0089453938868864612 -0.00065819475430779382 -0.021669229074215157 0.011614149894164172 -0.0073367158854723896
leaf_weight=8100.619914829731 63361.93689212203 8913.9580481350422 23409.59348744154 105933.66723096371 3773.6650028377771 496.11048655211926 524.25644837319851 43638.159469231963 1204.1596281081438 4445.6197546869516 340009.47821217775 1323.9949690699577 4275.7722819149494 3891.6648723632097
leaf_count=32471 253807 35725 93822 424795 15101 1985 2099 174993 4824 17805 1361274 5306 17130 15591
internal_value=6.53063e-07 -0.000794278 0.00275279 0.00161113 -0.00138789 -0.000911076 -0.00458117 -0.0058512 0.00516853 0.00194312 -0.00096306 -0.00659324 -0.000807618 0.00258537
internal_weight=613303 475859 137444 114034 412497 358911 53585.9 47411.8 6174.04 5649.78 358415 18405.4 9491.43 8167.44
internal_count=2456728 1905640 551088 457266 1651833 1437011 214822 190094 24728 22629 1435026 73752 38027 32721
is_linear=0
shrinkage=0.05


Tree=25
num_leaves=15
num_cat=0
split_feature=45 53 57 35 18 69 44 30 30 17 19 17 16 48
split_gain=484.828 426.317 375.153 295.577 268.046 255.45 228.935 402.387 233.208 226.188 360.619 232.306 255.908 232.127
threshold=-0.85239554682578089 0.61925804548704544 405.00000000000006 -0.52180446479885767 0.001290685319049558 -0.88373133890300115 0.26767838021509921 0.29586034570159631 -1.3588335877142441 1.453650910043482 0.034738201919175364 1.388250614751146 0.00096269124891237119 -0.60785761079279388
decision_type=2 2 2 2 2 2 2 2 2 2 2 2 2 2
left_child=3 5 -3 4 -1 -2 8 -8 -5 10 11 12 -6 -13
right_child=1 2 -4 6 9 -7 7 -9 -10 -11 -12 13 -14 -15
leaf_value=-0.007185524136701882 0.0047348945898437076 -0.00016722365393638273 -0.0045778650969452951 0.034791964211130628 0.03113073209451396 -4.0047249167408228e-05 -0.009781247036878082 0.018620280098820576 0.0089898168718423876 -0.0026374515032313653 -0.0026471756105173583 -0.0089510537829209837 0.0041234067667930132 0.029912377963010717
leaf_weight=8180.3898627758026 31580.5713314116 89210.791044741869 104896.78323456645 916.72632341086864 884.31366513669491 247413.23084063828 4058.6065145730972 1794.304932564497 17868.583119928837 19710.016339987516 19790.394822150469 495.00704818964005 64731.001297667623 1681.9535529613495
leaf_count=32782 126509 357332 420172 3672 3546 990671 16268 7207 71626 78989 79214 1986 259800 6751
internal_value=1.36877e-05 -0.000751415 -0.00255081 0.00259708 0.00153611 0.000500525 0.00756822 -0.00106584 0.0102579 0.00220139 0.00329043 0.00502385 0.00448974 0.0210752
internal_weight=613213 473101 194108 140111 115473 278994 24638.2 5852.91 18785.3 107293 87582.7 67792.3 65615.3 2176.96
internal_count=2456525 1894684 777504 561841 463068 1117180 98773 23475 75298 430286 351297 272083 263346 8737
is_linear=0
shrinkage=0.05


Tree=26
num_leaves=15
num_cat=0
split_feature=33 69 42 47 14 35 2 0 20 2 0 39 20 1
split_gain=466.467 317.604 265.071 262.47 261.526 252.825 250.009 318.864 260.424 216.266 396.797 332.589 291.768 404.998
threshold=57.12278923260142 -0.83421435292083379 0.45172498784985238 0.97335555334614943 0.0043849167441655347 0.307899420231666 -0.002959483548688724 0.0097031811395471863 0.92870240012894256 0.0010097993969171179 0.0047211919387608716 -1.1575943839849294 0.04991132705437732 0.0020061000217396654
decision_type=2 2 2 2 2 2 2 2 2 2 2 2 2 2
left_child=1 -1 -3 6 5 -5 7 8 -2 10 -8 -11 13 -13
right_child=3 2 -4 4 -6 -7 9 -9 -10 11 -12 12 -14 -15
leaf_value=0.0057277254308817074 0.0088273577625907849 0.0026381898169219242 -0.00030090959591004096 0.016327949818527889 -0.037749830886376103 -0.0090126417846783137 -0.0037473281579505921 -0.049820340191679982 0.061541673658271748 -0.057301007823763829 0.010679973496829667 0.0087411684602408096 -0.0018885360616406905 -0.0043957915694007336
leaf_weight=32242.748676016927 5270.3452705293894 108220.45944742858 263467.54390107095 1066.582535803318 723.10246433317661 12136.379088655114 110807.11627581716 217.99287633597851 240.43059198558331 244.42854735255241 4975.2636264264584 18751.010142087936 46180.439187213778 8533.5739611834288
leaf_count=129467 21107 433679 1054969 4275 2898 48668 444027 873 963 979 19929 75054 185081 34164
internal_value=-2.45787e-05 0.000967837 0.000554861 -0.00194124 -0.00857184 -0.00696013 -0.00146803 0.00881828 0.0111809 -0.00177924 -0.00312694 0.000337794 0.000533453 0.00463238
internal_weight=613077 403931 371688 209147 13926.1 13203 195221 5728.77 5510.78 189492 115782 73709.5 73465 27284.6
internal_count=2456133 1618115 1488648 838018 55841 52943 782177 22943 22070 759234 463956 295278 294299 109218
is_linear=0
shrinkage=0.05


Tree=27
num_leaves=15
num_cat=0
split_feature=27 68 48 26 43 47 22 29 9 0 3 20 6 9
split_gain=453.424 313.511 267.254 294.685 265.786 283.06 305.554 348.346 328.842 294.37 285.473 272.662 271.666 254.305
threshold=0.10606874460046552 0.21583730737664467 -0.8783796973249266 0.4532011471799825 -0.16156934552732719 0.22695468355932455 0.024610923812315347 -3.4388474143594925 -0.0015925736723275664 0.0078608695888103316 0.00060068935165938754 -0.83045606134404837 -0.0050256352747990478 0.017407539761755585
decision_type=2 2 2 2 2 2 2 2 2 2 2 2 2 2
left_child=1 2 -1 -4 12 -6 9 8 -8 10 -7 -10 -2 -13
right_child=4 -3 3 -5 5 6 7 -9 11 -11 -12 13 -14 -15
leaf_value=0.0060256181612254748 0.045171822734583825 -0.0020368109874850395 0.0016527103175137147 -0.012148933875638264 -0.00052653621362423991 -0.005632322533017509 0.058694931481322044 -0.0035612223934644634 -0.056735829943427921 0.026206995701125259 -0.017367789079289261 0.0079462435258131573 0.0021700259412431545 -0.042431029380024556
leaf_weight=36477.578621730208 366.09819687902927 57001.698253020644 218477.06650108099 3932.2987547665834 148796.7197022438 14255.682508707047 291.26854369044304 80606.532492697239 169.65703527629375 574.33583323657513 8143.8256828486919 8098.2583996802568 35906.016196876764 253.5875451862812
leaf_count=146182 1465 228257 875580 15736 596035 57155 1166 323005 679 2301 32650 32441 143712 1016
internal_value=7.67929e-07 0.00131998 0.0020591 0.00140842 -0.00140016 -0.00195713 -0.00385097 -0.00252926 0.00690633 -0.00899372 -0.00990193 0.0051028 0.00261021 0.00639216
internal_weight=613351 315889 258887 222409 297462 261190 112393 89419.3 8812.77 22973.8 22399.5 8521.5 36272.1 8351.85
internal_count=2457380 1265755 1037498 891316 1191625 1046448 450413 358307 35302 92106 89805 34136 145177 33457
is_linear=0
shrinkage=0.05


Tree=28
num_leaves=15
num_cat=0
split_feature=70 12 8 40 55 69 16 34 39 35 18 22 27 22
split_gain=443.822 338.626 358.794 353.688 329.351 297.312 239.555 280.019 232.979 274.631 324.174 229.606 265.35 279.846
threshold=0.45418283270596665 -0.00014971937967545138 -0.002739458208171858 1.1590769128862741 0.15674835783050817 -0.63050269107502077 0.001054517864120724 42.225314755214349 -0.37745194263760168 -0.45900096125440476 0.0029372679070576112 0.23442949667248728 -2.6471130856614695 0.67066566990389187
decision_type=2 2 2 2 2 2 2 2 2 2 2 2 2 2
left_child=1 3 8 4 6 -4 -1 -8 9 10 -3 -5 -13 -14
right_child=-2 2 5 11 -6 -7 7 -9 -10 -11 -12 12 13 -15
leaf_value=0.011199792172772984 -0.0022276536391720217 -0.0074804405535894127 0.0028428788132479886 -0.0045165024093478164 0.0058363134827646877 -0.0021215403291535298 0.0069222326138714402 -0.00096615494285869899 0.0075695979650652889 -0.0081585114169683837 0.017425043594091687 -0.012025026915218439 0.0057424061691818459 -0.010903341618708342
leaf_weight=5614.3699586987495 163714.23016874492 2223.7732223421335 36650.743802011013 26642.772030562162 76135.423391655087 170164.1637493372 13800.858799904585 60762.581744238734 20877.914057597518 6457.7059736996889 3155.0241046994925 2986.4855206459761 21231.913143694401 2860.9893857687712
leaf_count=22491 656065 8927 146821 106779 305035 681616 55344 243362 83740 25867 12657 11987 85077 11464
internal_value=1.24613e-06 0.000812942 -0.000472051 0.00227835 0.00348118 -0.00124172 0.00124456 0.000494264 0.00439313 -0.00121055 0.00713091 -0.00122145 0.0020207 0.0037639
internal_weight=613279 449565 239529 210035 156313 206815 80177.8 74563.4 32714.4 11836.5 5378.8 53722.2 27079.4 24092.9
internal_count=2457232 1801167 959628 841539 626232 828437 321197 298706 131191 47451 21584 215307 108528 96541
is_linear=0
shrinkage=0.05


Tree=29
num_leaves=15
num_cat=0
split_feature=20 46 20 68 29 9 1 7 39 41 12 1 6 46
split_gain=431.983 343.451 321.301 284.734 276.116 238.965 231.361 228.695 303.696 223.762 210.921 353.826 298.455 247.55
threshold=0.04991132705437732 -0.47114434510950071 0.85556366460885702 -0.102093874231222 -9.4136676182656593 -0.0071284449444248468 0.0047207357571155042 0.00071099959054228372 -1.1575943839849294 0.2841218288704232 0.01173038143033016 -0.0010439733110340892 -0.00046111397886396908 0.68322629814330826
decision_type=2 2 2 2 2 2 2 2 2 2 2 2 2 2
left_child=3 4 5 -1 -2 9 7 10 -9 -3 -4 13 -13 -12
right_child=1 2 6 -5 -6 -7 -8 8 -10 -11 11 12 -14 -15
leaf_value=0.0037178946292862969 -0.062991064848818556 -0.093738717090396897 0.0022481614634777994 0.00035391362643804312 0.0010412039058466016 -0.0038060576022633354 0.049680327746359249 -0.089455594074080325 0.011642166240944682 0.0057403316153107446 -0.062218635260912807 -0.02291163796438149 0.011233119160987019 -0.006530104518381737
leaf_weight=86366.230541452765 163.63435673713684 51.94488450884819 12549.61712475121 231511.13632811606 103094.20295479894 161271.04608878493 256.90902836620808 70.229885593056679 6261.4693484902382 7962.3388209342957 496.96664211153984 1075.500537365675 1564.9623346328735 333.38676118850708
leaf_count=346594 655 208 50282 927290 412936 646181 1029 282 25094 31872 1992 4311 6275 1335
internal_value=-1.10072e-05 -0.00138842 -0.00263955 0.00126794 0.000936686 -0.00338725 0.00295835 0.00241035 0.0104511 0.00503751 -0.000769841 -0.0116697 -0.00269158 -0.0400326
internal_weight=613030 295152 191894 317877 103258 169285 22609 22352.1 6331.7 8014.28 16020.4 3470.82 2640.46 830.353
internal_count=2456336 1182452 768861 1273884 413591 678261 90600 89571 25376 32080 64195 13913 10586 3327
is_linear=0
shrinkage=0.05


Tree=30
num_leaves=15
num_cat=0
split_feature=69 26 7 34 22 16 42 9 36 41 22 3 44 7
split_gain=393.733 350.124 206.295 203.718 223.367 214.697 207.988 387.333 296.519 250.03 272.237 274.796 228.405 431.749
threshold=-0.66354480638057545 0.62627384482271065 -0.0028001524753648592 70.926179985088609 0.28256356108898134 0.0016670639651725279 0.44983027430982719 -0.0015925736723275664 0.0049420147819377036 0.45732283841683691 0.29048074718908379 -0.00094439843644328629 0.28176062545474495 0.00084096380139765843
decision_type=2 2 2 2 2 2 2 2 2 2 2 2 2 2
left_child=-1 3 -3 6 5 -5 7 8 9 10 -2 -12 -8 -14
right_child=1 2 -4 4 -6 -7 12 -9 -10 -11 11 -13 13 -15
leaf_value=0.0031751377664516038 -0.010215875440024728 0.0061736338479065657 -0.0038710037118516757 -0.053866184050292587 -0.0003524845650527751 0.046801439404796891 0.00010002769661151004 -0.0016700425458555401 0.005485757963124286 -0.025421786687858494 0.07079016945463866 0.0080246303726351116 -0.0060810087943854452 0.0023183494126639784
leaf_weight=85699.653591036797 2470.3619312793016 5427.479504853487 86701.738063529134 53.484169721603394 743.87120965123177 652.04584792256355 259635.85221716762 43350.473616138101 58059.712147399783 1355.4005637466908 202.09303468465805 1115.5246226042509 44059.45362007618 23433.835931360722
leaf_count=343752 9905 21757 347802 214 2978 2610 1039725 173605 232816 5429 810 4472 176455 93852
internal_value=3.19993e-05 -0.000478903 -0.00327896 0.000113974 0.0187956 0.0388448 5.13226e-05 0.00196984 0.00446634 -0.00703519 -0.000431334 0.0178827 -0.000573605 -0.00316478
internal_weight=612961 527261 92129.2 435132 1449.4 705.53 433683 106554 63203.1 5143.38 3787.98 1317.62 327129 67493.3
internal_count=2456182 2112430 369559 1742871 5802 2824 1737069 427037 253432 20616 15187 5282 1310032 270307
is_linear=0
shrinkage=0.05


Tree=31
num_leaves=15
num_cat=0
split_feature=53 57 20 55 8 33 8 40 33 1 48 13 31 40
split_gain=385.283 422.411 253.64 208.659 221.593 319.044 286.365 228.873 198.902 182.125 178.953 175.164 199.14 185.214
threshold=0.54335787869264485 345.00000000000006 0.069866788390589504 0.3575550982488383 0.015968125703753756 79.143101794912226 0.002614089509126311 1.0568877726564128 62.486153455639823 0.00089945570707871758 -0.60785761079279388 0.0016022541013602629 1.3680192493993577 0.24647294434931497
decision_type=2 2 2 2 2 2 2 2 2 2 2 2 2 2
left_child=2 -2 9 4 5 11 -7 -6 -3 -1 -10 12 -4 -13
right_child=1 8 3 -5 7 6 -8 -9 10 -11 -12 13 -14 -15
leaf_value=0.0037089437200365041 0.0011101030358338575 -0.0019892839633506745 -0.0031037150772073412 0.003269443086612723 -0.038240723466084287 0.021187576962106651 -0.017276928744041718 0.027195601659431187 -0.01227913480568751 0.00011697164258594748 -0.0041120406638000461 -0.042026191593781181 0.02678222978957874 0.0011958952613350686
leaf_weight=111587.85423927009 110472.04910284281 144036.77408741415 57442.964896962047 33591.232265040278 147.06211793422699 534.29413710534573 4762.3257363140583 1128.2014507651329 8941.7023237645626 51610.838360995054 26836.046107530594 243.87214902043343 557.90367978811264 60979.360367268324
leaf_count=447754 442631 576833 230093 134495 589 2141 19079 4516 35941 206781 107724 977 2235 244172
internal_value=-1.70991e-06 -0.00132325 0.00118751 -0.000231184 -0.00116605 -0.00137878 -0.0133805 0.0195297 -0.00281821 0.00257304 -0.00615462 -0.00084505 -0.00281396 0.00102031
internal_weight=612872 290287 322586 159387 125796 124521 5296.62 1275.26 179815 163199 35777.7 119224 58000.9 61223.2
internal_count=2455961 1163129 1292832 638297 503802 498697 21220 5105 720498 654535 143665 477477 232328 245149
is_linear=0
shrinkage=0.05


Tree=32
num_leaves=15
num_cat=0
split_feature=2 44 21 0 5 4 4 18 42 5 18 45 12 1
split_gain=381.705 344.219 396.945 336.494 305.915 286.659 273.972 268.443 267.976 259.157 259.59 256.436 250.773 249.264
threshold=-0.0032701294530290167 1.2513790465716423 0.39988192276446793 8.1170526009306394e-05 0.00057426583686881526 -0.0016515089591070393 -0.002959483548688724 0.0034045214059440295 0.42029733933020957 -0.0018727747954744576 0.003212450475169723 -1.055332882298315 -0.016489352587702986 -0.0012582201367404928
decision_type=2 2 2 2 2 2 2 2 2 2 2 2 2 2
left_child=1 6 4 8 7 11 -1 -3 9 -2 -11 12 -6 -5
right_child=3 2 -4 13 5 -7 -8 -9 -10 10 -12 -13 -14 -15
leaf_value=0.019917356184281285 0.017587813958288494 -0.01295002058446227 -0.022764905554583412 0.0011606000103728607 0.014199772264848642 -0.00018324030036789219 0.0057900424583682136 0.01505746642598416 0.00034455610081499176 0.0055860564373151674 -0.0077333531241695844 -0.070229742404133919 -0.052950078454415045 -0.0023889156882570548
leaf_weight=4047.7754245400429 3717.6820922195911 1077.2032944858074 2012.9776877760887 64565.450419321656 325.24493746459484 1822.1456836760044 22462.043875962496 4092.3050038516521 268541.1900690794 23943.947652623057 4313.1193312257528 319.94906325638294 235.80330675840378 211382.25747135282
leaf_count=16220 14944 4319 8067 258541 1304 7305 90006 16410 1076077 96103 17327 1281 945 847210
internal_value=1.57847e-05 0.00498153 -0.00298016 -0.000297772 0.00208989 -0.0115271 0.00795049 0.00921449 0.000859806 0.00518642 0.00355199 -0.0348559 -0.0142411 -0.0015584
internal_weight=612859 36395.4 9885.63 576464 7872.65 2703.14 26509.8 5169.51 300516 31974.7 28257.1 880.997 561.048 275948
internal_count=2456059 145857 39631 2310202 31564 10835 106226 20729 1204451 128374 113430 3530 2249 1105751
is_linear=0
shrinkage=0.05


Tree=33
num_leaves=15
num_cat=0
split_feature=45 64 35 52 21 37 5 35 29 47 27 38 34 36
split_gain=321.918 324.261 294.405 291.83 267.116 404.374 345.801 236.09 233 222.562 263.045 307.911 299.124 346.704
threshold=-0.86952243406471608 0.44071081797117045 -0.52180446479885767 1.0169588367329185 0.32590111343812517 12.695866986149236 0.00026947100337416561 -0.54476159583364347 7.7979754436727546 0.98611507088852057 -1.4016959164614826 5.277216550372672 46.001050293768088 0.021967440148906038
decision_type=2 2 2 2 2 2 2 2 2 2 2 2 2 2
left_child=2 3 7 -2 -4 6 8 -1 -6 -3 -11 12 -12 -14
right_child=1 9 4 -5 5 -7 -8 -9 -10 10 11 -13 13 -15
leaf_value=0.0014820108606740923 0.00029881684187416688 -0.0012858069224761276 0.010938362485132908 0.0063060927190519206 -0.0084783490011397199 0.061930479522409244 0.012425200752327078 -0.012080649058877454 -0.070947228246367608 -0.066596229515713895 0.015022868863894491 -0.013150928745747798 -0.0026380436937931627 -0.054467838376332824
leaf_weight=110718.62459123135 151885.97721908987 284256.51706455648 15825.795713767409 23316.231207668781 4645.9372968524694 245.79598169028759 2498.8443742096424 3299.4808795005083 149.36872854828835 180.25905057787895 2464.5011427104473 8457.2418477535248 4511.109707698226 342.56926907598972
leaf_count=444312 608407 1138815 63509 93479 18629 986 10021 13230 599 722 9867 33921 18075 1372
internal_value=5.17746e-06 -0.000610875 0.00213696 0.00109843 0.00724929 -0.000495911 -0.00264052 0.00108902 -0.0104961 -0.00160842 -0.00735369 -0.00665587 0.000853994 -0.00634844
internal_weight=612798 475414 137384 175202 23365.7 7539.95 7294.15 114018 4795.31 300212 15955.7 15775.4 7318.18 4853.68
internal_count=2455944 1904658 551286 701886 93744 30235 29249 457542 19228 1202772 63957 63235 29314 19447
is_linear=0
shrinkage=0.05


Tree=34
num_leaves=15
num_cat=0
split_feature=70 45 12 47 30 14 19 35 11 11 36 30 35 7
split_gain=336.463 373.226 327.939 358.359 290.53 271.207 299.424 292.935 242.656 238.54 257.88 251.499 249.557 228.618
threshold=0.58325780831878349 -0.80785299766403573 -0.00014971937967545138 0.35206144883412571 -0.94607826358559588 0.0029166404632831101 -0.37967109272800498 -0.32397110860596195 0.022564111891217792 -0.010258776780300663 0.010745394708347745 -0.55787733913815807 0.53591054443957364 -0.00045626383461812352
decision_type=2 2 2 2 2 2 2 2 2 2 2 2 2 2
left_child=1 -1 4 8 13 9 7 -7 -4 10 11 -5 -13 -3
right_child=-2 2 3 5 -6 6 -8 -9 -10 -11 -12 12 -14 -15
leaf_value=0.0031507402134817054 -0.0024426760712912901 -0.016439043453407423 -0.00043943415762126179 -0.033065987931618065 0.0019087010980019924 -0.045014388089166052 -0.0013722509593507841 0.0202711043555369 0.0073879339085601682 -0.0057999932845922983 -0.0061792493359085635 0.04403270711855585 -0.057937389884248125 0.002047774677959528
leaf_weight=110621.46781232953 112127.23372271657 3939.6329026818275 121700.99287691712 142.32903741300106 165319.75075651705 178.38509197533131 12238.143555015326 2800.2467529922724 10773.332097187638 67783.125260189176 1097.0920491367579 891.82726015150547 60.070234701037407 2901.4032316952944
leaf_count=444046 449494 15771 487509 570 662182 715 49044 11211 43135 271670 4394 3571 241 11617
internal_value=3.28753e-05 0.000587551 -0.000139839 -0.00142957 0.00149078 -0.00395936 0.00208976 0.0162924 0.000197373 -0.00527487 0.0109447 0.0280635 0.0373287 -0.00860269
internal_weight=612575 500448 389826 217666 172161 85191.2 15216.8 2978.63 132474 69974.4 2191.32 1094.23 951.897 6841.04
internal_count=2455170 2005676 1561630 872060 689570 341416 60970 11926 530644 280446 8776 4382 3812 27388
is_linear=0
shrinkage=0.05


Tree=35
num_leaves=15
num_cat=0
split_feature=69 12 56 52 15 44 19 34 31 8 35 6 48 21
split_gain=328.034 266.191 307.096 241.911 232.699 304.564 275.929 228.478 291.127 282.649 219.026 214.388 202.769 199.63
threshold=-0.31559385083702524 -0.00014971937967545138 0.10006796448750209 0.95427991549322277 0.0025894440841904005 -1.0461850765495952 -0.37967109272800498 59.565009002187438 0.77371502936208603 0.015968125703753756 0.63883864901465348 0.0077951619268550468 0.6078576107927941 0.55130052631903215
decision_type=2 2 2 2 2 2 2 2 2 2 2 2 2 2
left_child=7 2 3 -2 -3 -6 10 -1 13 -10 11 -7 -13 -9
right_child=1 4 -4 -5 5 6 -8 8 9 -11 -12 12 -14 -15
leaf_value=0.0022583858006901825 0.0036081449350000316 -0.0032927730102467558 -0.0013712976233061429 -0.0071314758548059153 -0.016613236176137483 0.0092020864444224935 -0.00060385948263697465 -0.0065433445322827148 0.0010323844154335525 0.024368282783323352 -0.013220288121832017 0.0087442241553626465 0.095781977280599562 0.0072721989065754854
leaf_weight=183486.48555530608 71132.791211783886 142324.84800885618 101794.74505345523 5656.0985210239887 2445.2225634753704 10333.400657340884 38460.675141766667 24495.750943928957 27070.157882839441 1357.957752674818 1081.6082440018654 129.35414136946201 136.12202693521976 2922.9756793677807
leaf_count=735980 284937 570520 407780 22668 9803 41396 154146 98133 108409 5437 4332 518 545 11706
internal_value=-3.89851e-05 -0.000964998 0.000429511 0.00281668 -0.00224267 0.000599478 0.00144046 0.00140611 -0.00139403 0.00215119 0.00816922 0.0103572 0.0543182 -0.00506948
internal_weight=612828 373495 178584 76788.9 194911 52586.4 50141.2 239333 55846.8 28428.1 11680.5 10598.9 265.476 27418.7
internal_count=2456310 1496645 715385 307605 781260 210740 200937 959665 223685 113846 46791 42459 1063 109839
is_linear=0
shrinkage=0.05


Tree=36
num_leaves=15
num_cat=0
split_feature=46 20 20 42 17 8 44 7 39 11 35 17 8 4
split_gain=336.509 312.088 290.969 278.038 309.263 252.578 339.189 229.209 292.367 223.211 236.529 244.84 230.763 299.593
threshold=-0.47114434510950071 -0.064804961429369756 0.85556366460885702 0.56297925481018629 0.4192459213665552 -0.002739458208171858 -0.2147166401767662 0.00071099959054228372 -1.1575943839849294 0.044065531742396212 0.38865268525216984 0.78761098668107732 0.0017059269006297255 -9.2472913753999947e-05
decision_type=2 2 2 2 2 2 2 2 2 2 2 2 2 2
left_child=9 3 -3 5 -5 -2 -7 -4 -9 12 -11 -12 13 -1
right_child=1 2 7 4 -6 6 -8 8 -10 10 11 -13 -14 -15
leaf_value=8.6916614211308136e-05 0.0041413562933533613 -0.0028268157616193642 1.2792666571318513e-05 0.018167751730328519 -0.0098982961500254339 0.0015236331021366443 -0.0041327452341824748 -0.085709536468495606 0.012365834269805687 0.049074712165252589 -0.01955209671991125 0.019260344434302148 -0.0010113363266808001 0.0046928915144834717
leaf_weight=65655.809203132987 48944.701228708029 188431.5441095829 16176.469099760056 1084.9720311015844 9893.571591168642 94192.230365782976 36875.3830871135 71.979745537042618 6317.358573526144 447.95915606617928 544.09237955510616 1562.0170136243105 66166.937517464161 76365.300985515118
leaf_count=263176 196592 755257 64848 4346 39633 377402 147778 291 25319 1794 2180 6257 265120 306058
internal_value=-1.04157e-05 -0.000858817 -0.00218426 0.000605491 -0.00711762 0.00107669 -6.78647e-05 0.00318067 0.0111948 0.00160788 0.0162849 0.00921098 0.00142744 0.00256365
internal_weight=612730 401988 210997 190991 10978.5 180012 131068 22565.8 6389.34 210742 2554.07 2106.11 208188 142021
internal_count=2456051 1611466 845715 765751 43979 721772 525180 90458 25610 844585 10231 8437 834354 569234
is_linear=0
shrinkage=0.05


Tree=37
num_leaves=15
num_cat=0
split_feature=69 12 32 18 10 47 38 42 28 34 13 28 47 15
split_gain=308.473 257.306 278.475 256.747 206.163 258.955 265.012 229.84 211.907 196.597 223.35 199.902 227.581 182.187
threshold=-0.30256619901282639 -0.00014971937967545138 -0.48015495359099419 0.0095965679667681884 0.0024888550635994624 -0.44228869021900119 6.1825035110684423 0.55675702501717517 -4.2566540558214525 59.565009002187438 0.0032842398717586679 0.9736623435433841 -0.55557023301960251 0.0025894440841904005
decision_type=2 2 2 2 2 2 2 2 2 2 2 2 2 2
left_child=9 2 -2 13 5 6 8 -7 -4 -1 11 -11 -13 -3
right_child=1 3 4 -5 -6 7 -8 -9 -10 10 -12 12 -14 -15
leaf_value=0.0020894209566584294 -0.017018590751260745 -0.0032875194512980337 0.015534830352782948 0.028691229726914142 -0.0023312444393718767 0.0037826778274865527 0.0070720536099834535 -0.0079371612834971406 -0.0042785620902385064 -0.02447325730545245 0.0054844512398343793 0.0022029009638886376 -0.0049876683696966073 0.00021990489455521331
leaf_weight=190664.04691287875 2255.3323477804661 138757.26625356078 1402.8412822335958 663.44860750436783 43458.096259504557 83037.116956740618 7239.0141206681728 4400.6526061296463 32637.624020516872 1025.0741060674191 10149.31524798274 17956.910885602236 28404.789461761713 50496.494046151638
leaf_count=764826 9034 556286 5624 2660 174162 332620 29003 17624 130719 4108 40637 71922 113820 202392
internal_value=-4.30343e-05 -0.000969115 0.000417343 -0.00224249 0.000646225 0.00165154 -0.0016123 0.00319241 -0.00345987 0.00131641 -0.00124517 -0.00268696 -0.00220266 -0.00235169
internal_weight=612548 364348 174431 189917 172175 128717 41279.5 87437.8 34040.5 248200 57536.1 47386.8 46361.7 189254
internal_count=2455437 1460124 698786 761338 689752 515590 165346 350244 136343 995313 230487 189850 185742 758678
is_linear=0
shrinkage=0.05


Tree=38
num_leaves=15
num_cat=0
split_feature=2 40 68 0 16 32 21 4 32 15 12 4 0 32
split_gain=296.575 310.598 285.557 266.089 236.689 223.831 274.205 230.185 217.605 247.89 235.532 231.16 276.939 243.656
threshold=-0.0032701294530290167 1.885162409337978 -0.21409050364280949 8.1170526009306394e-05 0.0014120661417124584 -0.3025380318431381 0.10570689938958856 -0.0028669001903338519 0.32886049508908766 0.0045641417017130217 -0.011227779823941875 -0.00049789165712583246 -0.0017681268268082268 -0.09144842315703676
decision_type=2 2 2 2 2 2 2 2 2 2 2 2 2 2
left_child=1 4 -2 -4 -1 6 -6 -7 9 10 -3 -12 -13 -14
right_child=2 8 3 -5 5 7 -8 -9 -10 -11 11 12 13 -15
leaf_value=-0.031174250575360215 0.0022822005459460755 0.00073478074803590599 0.0003238086015624642 -0.0020221579994165215 0.04302647217867954 0.020180309675475943 0.01120681903211674 0.0042902310823987001 0.033492667794344393 0.016486344703923239 -0.02786464204953842 -0.029137535281007949 0.021665484565569975 -0.013630330214467697
leaf_weight=381.39382769167423 90720.367380797863 5820.7753935009241 258339.43417771161 227142.79376387596 945.3164376616478 2609.4513282924891 2374.4050151854753 17811.942522108555 409.75567974150181 1385.8674414157867 1879.7334736287594 838.44888316094875 1038.3363577574492 915.58781065046787
leaf_count=1529 363970 23342 1035243 910632 3796 10465 9528 71398 1642 5557 7535 3367 4161 3668
internal_value=-1.60749e-05 0.00435999 -0.000292639 -0.000773809 0.00765549 0.00828572 0.0203188 0.00632511 -0.00210963 -0.0033513 -0.005978 -0.014333 -0.00519042 0.00513367
internal_weight=612614 36411 576203 485482 24122.5 23741.1 3319.72 20421.4 12288.5 11878.7 10492.9 4672.11 2792.37 1953.92
internal_count=2455833 145988 2309845 1945875 96716 95187 13324 81863 49272 47630 42073 18731 11196 7829
is_linear=0
shrinkage=0.05


Tree=39
num_leaves=15
num_cat=0
split_feature=70 45 43 12 27 55 39 3 25 24 41 3 39 8
split_gain=287.717 292.646 283.639 253.535 264.938 267.259 246.609 213.171 209.913 209.716 206.344 209.196 202.055 240.064
threshold=0.45418283270596665 -0.80785299766403573 -0.51326681899781434 -0.00014971937967545138 -1.2283863424746662 0.14266954749984179 -0.66076253375942462 -0.0060362663823929985 4.5000000000000009 0.96828312579468268 0.31347542237742693 -0.0027924454133714106 -0.0086137252618034947 -0.0036005320737843615
decision_type=2 2 2 2 2 2 2 2 2 2 2 2 2 2
left_child=1 12 9 4 7 -6 -5 -4 -7 10 -3 -12 -1 -14
right_child=-2 2 3 6 5 8 -8 -9 -10 -11 11 -13 13 -15
leaf_value=0.0050827068521935217 -0.00180036123399378 0.02098421915038122 -0.053919419663343973 -0.004541807477530301 -0.00050378656495975768 0.0041385746007419439 -0.00038717293507223413 -0.0083649158870506054 -0.012713623024342056 -0.032922035076912638 0.065825121524501082 -0.0032705184942255685 0.0037328429349385815 -0.0039640124506069236
leaf_weight=54838.83965498209 163660.8626113832 3300.3787058144808 272.20029301941395 47275.556627213955 73449.560395866632 74470.590228334069 146054.29501610994 3547.062050268054 1890.1141324788332 252.66255924105644 111.20516404509544 1906.4505260884762 23791.91813364625 17635.602956533432
leaf_count=220207 656206 13226 1090 189430 294238 298304 585286 14214 7575 1012 446 7637 95664 70793
internal_value=-5.7948e-06 0.000648636 -1.85774e-05 -0.000198363 0.00131783 0.00164952 -0.00140321 -0.0116779 0.00372064 0.0111692 0.0132929 0.000691064 0.00309186 0.000456226
internal_weight=612457 448796 352530 346959 153630 149810 193330 3819.26 76360.7 5570.7 5318.03 2017.66 96266.4 41427.5
internal_count=2455328 1799122 1412458 1390137 615421 600117 774716 15304 305879 22321 21309 8083 386664 166457
is_linear=0
shrinkage=0.05


Tree=40
num_leaves=15
num_cat=0
split_feature=69 46 20 20 45 9 11 8 4 45 16 28 17 33
split_gain=283.468 268.872 237.932 222.751 205.264 223.971 203.519 220.935 232.541 291.989 308.554 239.555 242.079 224.483
threshold=-0.92213819956498111 -0.47114434510950071 -0.056202252484118941 0.85556366460885702 0.87488700142131703 0.00072519101873612195 0.032524722205238825 0.0021893142390129101 1.0000000180025095e-35 0.65314274044374165 0.0021777320296018986 -3.1490403021092965 1.0000729888060984 52.386852191594166
decision_type=2 2 2 2 2 2 2 2 2 2 2 2 2 2
left_child=-1 6 -3 4 5 -4 7 8 9 -2 -11 12 -10 -12
right_child=1 2 3 -5 -6 -7 -8 -9 11 10 13 -13 -14 -15
leaf_value=0.0040566231345569087 0.0011016009192124122 0.00025925957021931861 -0.0030597378333969932 0.0026462279119630547 -0.0053054198828681124 0.0017214727328246924 0.010415773609767648 -0.0018638391279357765 0.035334581193197247 -0.015218316756550007 -0.042395731927891853 0.0032618350145878108 0.0081238590373585735 0.010919379830842731
leaf_weight=40630.933019652963 59223.354658678174 180838.83675713837 82894.780303657055 20696.255070999265 56880.589892581105 34762.002152636647 5854.0631686300039 50902.016777157784 1133.5149627327919 5784.3147117942572 212.11518552899361 67549.724887996912 2913.893658220768 2181.1058615595102
leaf_count=163176 237363 724993 331993 82982 228416 139340 23455 204007 4552 23191 849 270696 11696 8736
internal_value=2.14773e-05 -0.000265272 -0.00104749 -0.00225787 -0.00283944 -0.0016471 0.00123747 0.000954267 0.00198631 -0.000121524 -0.0089749 0.00397047 0.0157787 0.00611543
internal_weight=612458 571827 376072 195234 174537 117657 195754 189900 138998 67400.9 8177.54 71597.1 4047.41 2393.22
internal_count=2455445 2292269 1507724 782731 699749 471333 784545 761090 557083 270139 32776 286944 16248 9585
is_linear=0
shrinkage=0.05


Tree=41
num_leaves=15
num_cat=0
split_feature=5 43 29 16 1 1 11 47 47 28 45 32 25 17
split_gain=290.787 267.186 281.452 231.545 230.837 253.833 230.798 229.749 226.875 301.747 240.615 264.307 251.006 216.807
threshold=-0.00049161039710793667 -0.25210988098718989 -1.7682780857593972 0.00077074135893884644 0.00052666810836196328 -0.00050893218120933597 -0.018146188759510577 0.93540483100319638 0.88144907265856365 0.5988112888750966 1.8647328132795031 0.37750652060954398 3.5000000000000004 0.47854853582280527
decision_type=2 2 2 2 2 2 2 2 2 2 2 2 2 2
left_child=1 2 4 -4 5 13 7 -6 -2 10 11 12 -10 -1
right_child=8 -3 3 -5 6 -7 -8 -9 9 -11 -12 -13 -14 -15
leaf_value=-0.038819562088308661 -0.00031850516714765554 0.00078515835579611609 -0.029619693664240412 0.012202603896498678 0.03850953415981815 -0.017113621312538196 0.0036935332518271309 -0.059642737349137935 -0.0012759449855817525 -0.0078673098444047556 -0.032080232471206893 0.033441440585961067 0.031058448958747532 0.0032700245729814365
leaf_weight=313.82706648111343 324608.55481764674 201056.20792627335 334.80664210021496 13234.984674558043 942.52819314599037 2355.4607844203711 2284.7239247411489 59.242725312709808 33062.666632264853 24946.856729313731 593.98817208409309 571.95064264535904 606.29614359140396 7580.0421307533979
leaf_count=1261 1301331 805994 1342 53123 3788 9461 9175 238 132542 100135 2386 2293 2431 30465
internal_value=-5.16138e-07 0.00141347 0.00607298 0.0111602 0.000970764 -0.00272758 0.0124911 0.0324376 -0.000839821 -0.00367025 -0.000663843 -0.000114249 -0.000689156 0.00157321
internal_weight=612552 228162 27105.6 13569.8 13535.8 10249.3 3286.49 1001.77 384390 59781.8 34834.9 34240.9 33669 7893.87
internal_count=2455965 914847 108853 54465 54388 41187 13201 4026 1541118 239787 139652 137266 134973 31726
is_linear=0
shrinkage=0.05


Tree=42
num_leaves=15
num_cat=0
split_feature=70 55 34 17 30 39 5 37 29 39 5 4 38 19
split_gain=266.005 264.784 173.953 236.939 214.331 221.88 210.358 192.325 182.783 180.819 178.219 234.785 180.828 224.437
threshold=0.38837071196060474 0.36812017695441196 50.087499768184905 1.453650910043482 0.16078959259110076 -0.69026314033161718 -0.0038379619343158439 10.408856775930611 1.8689665901512276 -0.64676047548040516 -0.00034749626166393242 0.007769374600265778 7.1731168414959185 0.51414264264848863
decision_type=2 2 2 2 2 2 2 2 2 2 2 2 2 2
left_child=1 2 3 6 5 -5 8 -7 -1 -10 12 -12 -4 -14
right_child=-2 -3 10 4 -6 7 -8 -9 9 -11 11 -13 13 -15
leaf_value=0.0074072434327673506 -0.0015269635104497455 0.0036594498927848373 0.0039003580367747413 0.027573160091008405 0.023010564203316916 -0.007390828278221441 0.0016534617071793498 0.013562924459446469 -0.0052997870200032519 0.044169578672852219 -0.0022235548643441314 0.018753380778004647 0.0010179985469986098 -0.0083435646620485786
leaf_weight=5152.1107490062714 197907.64431917667 63960.156249210238 32321.189284473658 502.47825507819653 704.19936941564083 16159.097540959716 136596.8623418659 1170.1458952277899 248.88009443879128 700.59830395877361 121621.28750668466 1343.7494498044252 25691.731490060687 8521.9195342063904
leaf_count=20682 793600 256509 129493 2013 2834 64771 547870 4693 998 2813 487438 5383 102954 34180
internal_value=-1.87862e-05 0.000700982 0.000161429 0.00136859 -0.00394888 -0.00501969 0.00205942 -0.00597244 0.0111389 0.0312427 -0.000865683 -0.00199357 0.00121879 -0.00131465
internal_weight=612602 414694 350734 161234 18535.9 17831.7 142698 17329.2 6101.59 949.478 189500 122965 66534.8 34213.7
internal_count=2456231 1662631 1406122 646674 74311 71477 572363 69464 24493 3811 759448 492821 266627 137134
is_linear=0
shrinkage=0.05


Tree=43
num_leaves=15
num_cat=0
split_feature=64 25 23 2 3 43 5 37 43 56 12 26 37 40
split_gain=265.053 242.473 311.511 220.129 259.269 296.103 191.177 210.261 214.772 188.703 311.181 212.192 181.397 188.739
threshold=0.44071081797117045 7.5000000000000009 2.008940050545641 -0.002702237438797335 -0.0060362663823929985 -0.01886321243517999 -2.9323758968213764e-05 13.618595343721703 -0.28318718198182646 0.057471264579318004 -0.013158455943880404 -0.061007870763524159 7.7072104083066595 0.36262807827327243
decision_type=2 2 2 2 2 2 2 2 2 2 2 2 2 2
left_child=-1 3 -3 4 5 -2 7 8 -6 10 11 12 -5 -14
right_child=1 2 -4 9 6 -7 -8 -9 -10 -11 -12 -13 13 -15
leaf_value=0.0013598625621316855 -0.037065416054209398 -0.04683441449128805 0.055828323925989423 0.022035492440526518 0.023069028384505738 0.0036451236607477561 0.00021461825110633237 -0.027483563352014004 0.0064071740689620495 -0.0019081585636320346 -0.00072184053096240302 0.0010683968747031709 0.028547490917965591 0.0043611177340844359
leaf_weight=225682.07661414146 837.20445027947426 516.75131909549236 81.754978239536285 2746.7591557651758 2240.5570765286684 949.28229223191738 16398.982852980494 406.6482422798872 14009.081678375602 240747.91828043759 88963.009526357055 10955.373367443681 906.32507637143135 7047.4860466569662
leaf_count=905109 3359 2076 328 11008 9005 3804 65733 1632 56157 965248 356647 43881 3633 28259
internal_value=-1.83363e-06 -0.000796321 -0.0324645 -0.000746825 0.00304368 -0.0154833 0.00404717 0.00781932 0.00871096 -0.00112273 0.000586658 0.00596092 0.0109671 0.00713332
internal_weight=612489 386807 598.506 386209 34841.8 1786.49 33055.3 16656.3 16249.6 351367 110619 21655.9 10700.6 7953.81
internal_count=2455879 1550770 2404 1548366 139690 7163 132527 66794 65162 1408676 443428 86781 42900 31892
is_linear=0
shrinkage=0.05


Tree=44
num_leaves=15
num_cat=0
split_feature=69 46 37 2 70 55 47 18 31 28 42 34 46 31
split_gain=261.024 235.325 248.451 226.328 204.194 234.235 200.857 230.984 229.076 227.789 224.546 208.442 251.98 211.284
threshold=-0.88373133890300115 -0.47114434510950071 2.4803086197464568 0.0054526629127698576 0.53323965045336463 0.14266954749984179 0.93540483100319638 0.0025542479944004669 0.21607211372009194 0.6813756397129348 0.56874260674945321 48.042818120109246 0.47114434510950071 0.048769028522381346
decision_type=2 2 2 2 2 2 2 2 2 2 2 2 2 2
left_child=-1 -2 6 4 5 -4 9 8 -8 11 -11 -3 -13 -14
right_child=1 2 3 -5 -6 -7 7 -9 -10 10 -12 12 13 -15
leaf_value=0.0036285360327143711 0.0010908170720054613 0.021209600840408668 -0.0012842945570798257 -0.014451017786808748 -0.0028264585341840577 0.0018924771364405915 0.011702453198529247 -0.0046315067967354967 -0.022672174523299549 -0.00083756652907292532 -0.011641934136126929 -0.0011639720924549771 -0.0096791834342811207 -0.054345807975854546
leaf_weight=45152.058797001839 194052.15644058585 286.53491333127022 109044.17239156365 2836.3316772431135 61804.468622460961 124009.57355982065 550.11950646340847 9542.739215195179 3904.7453100979328 53880.601551964879 5275.2849559336901 727.22990544140339 411.10937549173832 751.76578813791275
leaf_count=181381 777832 1149 437129 11366 247757 497225 2212 38325 15693 216098 21174 2913 1647 3011
internal_value=-3.00202e-05 -0.000321353 -0.00105599 -0.000406848 -0.00027151 0.000406093 -0.0036211 -0.00902451 -0.018419 -0.00238727 -0.00180196 -0.018254 -0.0242767 -0.0386639
internal_weight=612229 567077 373025 297695 294858 233054 75330.1 13997.6 4454.86 61332.5 59155.9 2176.64 1890.11 1162.88
internal_count=2454912 2273531 1495699 1193477 1182111 934354 302222 56230 17905 245992 237272 8720 7571 4658
is_linear=0
shrinkage=0.05


Tree=45
num_leaves=15
num_cat=0
split_feature=64 45 47 36 40 38 40 20 11 21 36 36 6 11
split_gain=233.129 198.889 248.728 407.995 230.562 271.047 210.702 267.226 265.308 214.199 221.983 205.934 193.866 190.557
threshold=0.44071081797117045 -0.88629640868070303 0.35206144883412571 0.012193986801761246 2.2767456624521638 0.98872381694758882 2.089945796755345 0.79794820273468059 -0.011658874719312066 0.10786576079168834 0.0055627065483781334 0.015693624490475046 1.0000000180025095e-35 -0.013981086083457791
decision_type=2 2 2 2 2 2 2 2 2 2 2 2 2 2
left_child=-1 2 6 4 5 -4 9 8 11 -2 -11 -8 -6 -7
right_child=1 -3 3 -5 12 13 7 -9 -10 10 -12 -13 -14 -15
leaf_value=0.0012478272225385633 0.0052895633486153455 -0.0013766996455635947 0.020815092902108187 0.0108650433941646 -0.07351556481860301 -0.044074415197896878 -0.041696709155294581 -0.073099525116960593 0.0040629194162673339 -0.014434890453265499 -0.00029214324174534951 -0.0099068475373365623 -0.0017367923735089556 -0.0012577953602362745
leaf_weight=225833.47430410981 16795.48397949338 301519.66219426692 1423.5385966598988 14965.180711328983 193.20741827785969 260.33570431172848 561.39769966900349 147.14676022529602 3736.9045257568359 3100.3297094255686 26048.648392438889 5145.4538050740957 179.51524519920349 12616.642141073942
leaf_count=905771 67443 1208614 5713 60063 775 1045 2253 589 14993 12430 104519 20643 720 50624
internal_value=-2.858e-05 -0.000774023 0.00135944 0.00505762 -0.000867038 0.000151355 -0.000614503 -0.00735319 -0.00629063 0.000792844 -0.00179861 -0.0130679 -0.0394252 -0.0021402
internal_weight=612527 386693 85173.8 29638.4 14673.2 14300.5 55535.4 9590.9 9443.76 45944.5 29149 5706.85 372.723 12877
internal_count=2456195 1550424 341810 118940 58877 57382 222870 38478 37889 184392 116949 22896 1495 51669
is_linear=0
shrinkage=0.05


Tree=46
num_leaves=15
num_cat=0
split_feature=5 2 11 43 29 21 14 46 13 12 13 31 37 1
split_gain=250.289 227.872 301.586 246.611 290.968 244.842 274.2 289.859 238.59 224.704 232.836 227.498 219.188 214.046
threshold=-0.00049161039710793667 -0.0047404967332639828 0.014032232942434207 -0.22731585171899357 -1.7682780857593972 0.38564171541167508 0.0022972360087626501 -0.93540483100319605 0.0033243127160259255 0.00028785213265950958 0.002655586015100866 -0.56361152365090605 5.4288211282102043 0.00051067753867910465
decision_type=2 2 2 2 2 2 2 2 2 2 2 2 2 2
left_child=1 2 5 4 13 6 -1 -8 -9 -6 -11 -12 -13 -3
right_child=-2 3 -4 -5 9 -7 7 8 -10 10 11 12 -14 -15
leaf_value=0.046953386565148067 -0.00078533335899718445 -0.003472278296514337 0.043526807638908045 0.00035729426631273263 0.019050251081255978 -0.0093223337483754835 0.032996207358082799 -0.02301560752049641 0.0083995055777103637 0.0014755813860034136 -0.044909470665119439 0.01704439764044554 0.06764558839042932 0.011010637062996979
leaf_weight=507.30346037447453 384258.54924593866 10475.177393481135 603.70966111123562 191276.28800940514 4775.0023191422224 1758.7088884860277 960.97922621667385 742.22350627183914 3157.5332069993019 7683.0644084364176 130.57964740693569 2404.133119776845 230.97136953473091 3366.9780067503452
leaf_count=2035 1540825 42100 2423 766867 19187 7055 3860 2979 12676 30846 525 9651 929 13534
internal_value=-6.54224e-06 0.00130556 0.0097405 0.00100941 0.00530007 0.00684994 0.0121521 0.0084755 0.00239859 0.0100691 0.00595769 0.0183838 0.0215994 5.32625e-05
internal_weight=612331 228073 7730.46 220342 29065.9 7126.75 5368.04 4860.74 3899.76 15223.8 10448.7 2765.68 2635.1 13842.2
internal_count=2455492 914667 31028 883639 116772 28605 21550 19515 15655 61138 41951 11105 10580 55634
is_linear=0
shrinkage=0.05


Tree=47
num_leaves=15
num_cat=0
split_feature=68 37 47 6 7 18 16 39 32 23 17 34 35 37
split_gain=233.967 195.924 293.166 206.673 419.511 321.316 206.704 281.558 417.107 221.496 202.732 282.13 249.654 189.699
threshold=0.21583730737664467 2.2752924607120821 0.35206144883412571 -0.0011664491803673419 0.0019519902766600148 0.0015108155903308751 0.0034807827390901909 -0.14690298613114752 0.11131275120779727 0.65241385016247833 1.453650910043482 48.279345119625042 -1.0108775171954381 2.7259997432344112
decision_type=2 2 2 2 2 2 2 2 2 2 2 2 2 2
left_child=1 2 -1 4 5 -3 13 8 -8 -9 12 -12 -7 -6
right_child=-2 3 -4 -5 6 10 7 9 -10 -11 11 -13 -14 -15
leaf_value=0.00063556561008042481 -0.0022094665969246106 -0.018686339038896427 -0.0045983269950058544 0.0016114817924043089 -0.0085667176208773527 0.012045601940476242 0.021658520508597949 -0.077344889777899772 -0.017500665634325428 -0.013385849307979059 -0.011701723483679047 0.0074626537419107773 -0.0015379488589381425 0.012020404117980547
leaf_weight=69121.911421895027 98449.312028676271 2948.9246380329132 43644.843694016337 303785.95294582844 1249.5815084427595 3570.095006197691 1773.4774559140205 144.22010627388954 1096.3759858906269 1506.5223670005798 9594.6676927059889 2397.0145607292652 62825.43934494257 10444.126786828041
leaf_count=276995 394801 11824 175120 1218287 5009 14385 7112 578 4392 6048 38467 9603 251932 41887
internal_value=2.34989e-05 0.000451123 -0.00139026 0.000968521 -0.00103373 -0.00249777 0.00630884 -0.00276871 0.00669404 -0.0191904 -0.0018876 -0.00786945 -0.000806708 0.00981776
internal_weight=612552 514103 112767 401336 97550.4 81336.1 16214.3 4520.6 2869.85 1650.74 78387.2 11991.7 66395.5 11693.7
internal_count=2456440 2061639 452115 1609524 391237 326211 65026 18130 11504 6626 314387 48070 266317 46896
is_linear=0
shrinkage=0.05


Tree=48
num_leaves=15
num_cat=0
split_feature=68 42 9 36 43 9 13 33 46 2 4 1 11 11
split_gain=234.697 213.133 232.775 253.609 246.922 219.718 245.083 202.265 197.671 298.95 231.587 197.635 205.063 224.059
threshold=-0.21409050364280949 0.44983027430982719 -0.0015925736723275664 0.0049420147819377036 -0.11409295694942893 0.00064990406071364405 0.00062243684492683702 61.491622869087685 -0.4124860612920454 0.0054526629127698576 -0.0060362663823929985 -0.00033541174864317602 0.0041221365400669558 0.0038142272007020517
decision_type=2 2 2 2 2 2 2 2 2 2 2 2 2 2
left_child=-1 2 3 4 -2 6 7 -4 10 -10 -3 12 13 -7
right_child=1 8 5 -5 -6 11 -8 -9 9 -11 -12 -13 -14 -15
leaf_value=0.0022751312274989777 0.0024709132076393553 -0.011408465186509811 0.0071242939364365224 0.0044520344974391833 -0.019628642619539772 0.015963821062553667 -0.0061104964512290437 -0.038721272063598697 -0.0015915324823608354 -0.01533964831107958 0.00077970143873735433 -0.00033920333488462188 -0.00070630544112174586 0.086288448403845003
leaf_weight=96581.200110122561 2907.1054912507534 3996.2320573925972 5755.0916568338871 58301.404397904873 2229.9098963141441 3420.075507953763 23380.058184400201 246.14003926515579 246092.1605835557 4013.8024774342775 150224.67842788994 12919.82775914669 2360.0778629779816 112.49870009720325
leaf_count=387733 11664 16011 23064 234063 8937 13703 93677 988 986714 16095 602100 51806 9463 451
internal_value=1.30647e-05 -0.000410384 0.00152358 0.00351352 -0.00713197 -0.00109589 -0.00379708 0.00521327 -0.000944354 -0.00181247 0.000463517 0.00312271 0.0107069 0.0183222
internal_weight=612540 515959 111632 63438.4 5137.02 48193.8 29381.3 6001.23 404327 250106 154221 18812.5 5892.65 3532.57
internal_count=2456469 2068736 447816 254664 20601 193152 117729 24052 1620920 1002809 618111 75423 23617 14154
is_linear=0
shrinkage=0.05


Tree=49
num_leaves=15
num_cat=0
split_feature=64 25 23 3 45 52 39 27 16 13 11 1 45 47
split_gain=201.967 188.25 256.406 162.467 167.361 195.028 184.707 155.67 188.857 150.665 152.574 178.298 146.352 222.243
threshold=0.44071081797117045 7.5000000000000009 2.008940050545641 0.0097869525938695627 2.3485550193753189 1.0169588367329185 -0.78008348805036254 4.1550996225659604 0.0015865180826167657 0.00055853395736934596 0.0038142272007020517 0.0013703951048218629 -0.88629640868070303 0.35206144883412571
decision_type=2 2 2 2 2 2 2 2 2 2 2 2 2 2
left_child=3 12 -3 4 5 -1 -7 9 -9 -6 -11 -12 13 -2
right_child=1 2 -4 -5 7 6 -8 8 -10 10 11 -13 -14 -15
leaf_value=0.00069899397242050205 -0.00067249205901142412 -0.041910113811426175 0.050711934496607936 0.02571445555340789 0.028574119828030872 0.017494068821221086 0.003731107214504736 -0.018010659734600237 0.043066466137742662 -0.029280008772893513 0.0038512607194591086 -0.017159567691491136 -0.0011548654296305611 0.0046920760943164226
leaf_weight=184345.36324426532 55496.840709000826 511.79497587680817 82.999797031283379 668.93509493768215 239.00248999893665 2631.3763611614704 32466.70737080276 207.0611017793417 311.81870160996914 985.28017757833004 1888.5216771513224 2161.1064134687185 300832.02363020182 29599.517101213336
leaf_count=739178 222752 2063 333 2682 959 10571 130512 830 1250 3953 7572 8663 1205974 118834
internal_value=1.36345e-05 -0.000680521 -0.0286703 0.00120132 0.00112795 0.00134946 0.00476529 -0.00725714 0.0187541 -0.00983162 -0.0116812 -0.00736862 -0.000637012 0.00119366
internal_weight=612428 386523 594.795 225905 225236 219443 35098.1 5792.79 518.88 5273.91 5034.91 4049.63 385928 85096.4
internal_count=2456126 1549956 2396 906170 903488 880261 141083 23227 2080 21147 20188 16235 1547560 341586
is_linear=0
shrinkage=0.05


Tree=50
num_leaves=15
num_cat=0
split_feature=5 2 6 47 20 33 24 22 42 31 4 22 31 48
split_gain=209.621 197.988 308.87 317.167 295.144 292.703 278.149 298.568 258.74 234.032 232.263 232.671 211.041 209.871
threshold=-0.00049161039710793667 -0.0032701294530290167 -0.0015776426643656334 -0.95642797789208689 -0.62913217961306034 10.943715687424609 0.51480566148077733 0.12000453039292111 0.42900372407859416 0.70530241968529561 0.0044451721308546724 0.030805527468807357 0.50579170797988626 0.87837969732492682
decision_type=2 2 2 2 2 2 2 2 2 2 2 2 2 2
left_child=1 4 3 8 5 -1 7 -6 -3 12 -8 -12 -9 -13
right_child=-2 2 -4 -5 6 -7 10 9 -10 -11 11 13 -14 -15
leaf_value=-0.040598177502155663 -0.00069176303181681022 0.019482970938573447 0.0016756487071963725 -0.0021213995355975714 -0.025699651249246315 0.028576960508585238 0.011930363663791878 0.00072333258218036645 -0.026822038729259458 0.049048933204617125 0.054929738144046926 -0.042863425880549956 -0.067502162500495844 0.035901535700681816
leaf_weight=160.83667199313641 384478.72212907672 346.16967256367207 176065.69957019389 33146.519545555115 1315.7323918044567 2057.7076661288738 7810.6708134114742 3694.0931019186974 2185.7488364726305 239.96780501306057 89.182004511356354 496.91559499502182 111.93319219350815 97.732966840267181
leaf_count=647 1541893 1391 706175 132931 5282 8298 31323 14854 8764 962 357 1992 449 392
internal_value=2.03743e-05 0.0012222 0.000815996 -0.00342585 0.00657101 0.023482 0.00385587 -0.00505793 -0.0204652 0.00167807 0.00948193 -0.0183676 -0.00136907 -0.0297267
internal_weight=612298 227819 211744 35678.4 16074.8 2218.54 13856.2 5361.73 2531.92 4045.99 8494.5 683.831 3806.03 594.649
internal_count=2455710 913817 849261 143086 64556 8945 55611 21547 10155 16265 34064 2741 15303 2384
is_linear=0
shrinkage=0.05


Tree=51
num_leaves=15
num_cat=0
split_feature=68 57 55 12 40 20 24 45 25 16 36 22 3 3
split_gain=223.957 175.582 170.94 234.163 314.882 215.321 232.197 190.055 186.663 197.478 183.595 217.329 178.165 176.312
threshold=0.14525031663748864 375.00000000000006 0.14266954749984179 -0.0023250346587748421 1.4502760621137725 0.39493255896655527 0.71744582213790487 1.4897893352680571 4.5000000000000009 0.0020833566754772108 0.031449092442888217 0.33235641454869619 0.0024767138942666978 0.00020417315703751601
decision_type=2 2 2 2 2 2 2 2 2 2 2 2 2 2
left_child=2 -2 5 4 8 -1 13 12 -4 -10 11 -6 -8 -7
right_child=1 -3 3 -5 10 6 7 -9 9 -11 -12 -13 -14 -15
leaf_value=0.00060577111330313094 0.0011132797238596007 -0.0027798494282995122 0.0049238790062832681 0.00010348373522348042 -0.0037448333011690788 -0.0035532141697103715 -0.00068862291392527536 -0.0071380703458652399 0.0081754492722430454 -0.028459807748743515 -0.0099149346485861121 0.0079148708286549303 0.012121727490263714 -0.014641307646951599
leaf_weight=142964.78568102419 39811.720648393035 106239.25731812418 82286.092261105776 145502.21306680143 10898.108074739575 8236.3567799627781 42562.31005308032 11215.227640971541 637.71707907319069 858.46011881530285 5565.1803735941648 6304.1819702982903 2894.035878226161 6349.5689263641834
leaf_count=573378 159663 426093 330067 583570 43755 33022 170579 45019 2558 3444 22343 25304 11596 25469
internal_value=-1.01025e-05 -0.00171863 0.000525071 0.00140765 0.0031885 -0.00051337 -0.0027586 -0.00131028 0.00460538 -0.0128695 -0.00202534 0.000529197 0.000128208 -0.00838346
internal_weight=612325 146051 466274 252052 106550 214222 71257.5 56671.6 83782.3 1496.18 22767.5 17202.3 45456.3 14585.9
internal_count=2455860 585756 1870104 1011041 427471 859063 285685 227194 336069 6002 91402 69059 182175 58491
is_linear=0
shrinkage=0.05


Tree=52
num_leaves=15
num_cat=0
split_feature=46 20 20 42 1 17 31 42 7 2 7 33 0 7
split_gain=203.465 219.839 236.699 227.222 220.509 207.955 201.936 245.777 209.1 196.217 216.242 190.827 189.217 185.9
threshold=-0.47114434510950071 0.04991132705437732 0.85556366460885702 0.55675702501717517 0.0047207357571155042 0.33243380270621448 1.904038077305457 0.56697847578311211 0.002543283772136252 0.00060426652719368108 0.00041590740651112329 60.565849396415835 -0.00018472061168230849 0.00071099959054228372
decision_type=2 2 2 2 2 2 2 2 2 2 2 2 2 2
left_child=6 3 -3 -2 13 9 -1 8 -8 10 -5 -6 -12 -4
right_child=1 2 4 5 11 -7 7 -9 -10 -11 12 -13 -14 -15
leaf_value=0.0011046771863709023 0.00085912454537941183 -0.0025736583040416516 -0.00053115743608487598 0.025940331796738672 -0.035952099129329902 -0.006960872711143571 0.011358181107528896 -0.05431014822442895 0.060144464731228066 0.063192627800983975 -0.084933421258341427 0.069574906369146969 0.02271190817330157 0.0095995743683403526
leaf_weight=209522.40624395013 195533.11468076706 169056.4824424684 15941.933651149273 363.96652927994728 50.399193346500397 13897.513947859406 539.82129974663258 87.573943972587585 368.78705051541328 191.47478720545769 97.654317393898964 205.99305340647697 64.89525043964386 6319.6585470288992
leaf_count=840184 784438 678131 63942 1459 202 55695 2163 351 1478 767 391 826 260 25339
internal_value=-4.73654e-05 -0.000707198 -0.00193223 0.000409574 0.00288291 -0.00560296 0.00121175 0.0236138 0.0313804 0.0205473 0.00459024 0.0485405 -0.0425625 0.00234628
internal_weight=612242 401723 191574 210149 22518 14615.5 210519 996.182 908.608 717.991 526.516 256.392 162.55 22261.6
internal_count=2455626 1611450 768440 843010 90309 58572 844176 3992 3641 2877 2110 1028 651 89281
is_linear=0
shrinkage=0.05


Tree=53
num_leaves=15
num_cat=0
split_feature=2 40 16 7 7 47 13 69 6 33 41 43 18 37
split_gain=216.013 277.633 236.255 227.572 242.784 244.871 242.929 205.72 203.359 244.857 242.573 191.924 191.14 188.907
threshold=-0.0032701294530290167 1.885162409337978 0.0014120661417124584 -0.0098482078491922889 0.0010365504123767142 0.99465189230620699 0.0094380534449860446 -0.3188285714583578 8.0298509881643942e-05 59.16677517364743 0.5186124024780181 0.033678478012482492 0.0095965679667681884 1.9734107361924453
decision_type=2 2 2 2 2 2 2 2 2 2 2 2 2 2
left_child=1 2 -1 -3 6 8 -5 -2 10 -10 11 -6 -8 -11
right_child=7 3 -4 4 5 -7 12 -9 9 13 -12 -13 -14 -15
leaf_value=-0.031977652812945609 0.00096358004249027813 0.049143539230009123 0.0074818900616767589 -0.009593124032119503 0.013706002732766849 -0.0718394217313474 0.077178737010531531 -0.00097863566749172687 -0.014579934997760098 0.010106815879588432 0.04429812019672405 -0.052819153608664342 0.0026205053484140437 0.092564842293685182
leaf_weight=380.63745278120041 221783.82341274619 205.70770516991615 23763.01218996942 8192.4560869336128 1128.3293174058199 89.236887395381927 138.39150653779507 353871.01676985621 1182.5505655109882 252.80107915401459 689.43218047916889 114.96007095277309 215.54077458381653 91.562292993068695
leaf_count=1526 889957 826 95396 32875 4534 358 555 1418897 4746 1014 2765 461 864 368
internal_value=6.00001e-06 0.00373878 0.0068533 -0.00237453 -0.00327065 0.00771518 -0.00783434 -0.000230352 0.0098679 -0.00376691 0.0206218 0.00736786 0.0324426 0.0330424
internal_weight=612099 36444.6 24143.6 12301 12095.3 3548.87 8546.39 575655 3459.64 1526.91 1932.72 1243.29 353.932 344.363
internal_count=2455142 146288 96922 49366 48540 14246 34294 2308854 13888 6128 7760 4995 1419 1382
is_linear=0
shrinkage=0.05


Tree=54
num_leaves=15
num_cat=0
split_feature=69 46 2 7 43 4 29 33 42 6 10 30 8 11
split_gain=210.056 188.924 199.024 309.28 283.106 295.557 172.608 172.496 192.038 183.166 222.115 180.001 167.313 242.332
threshold=-0.88373133890300115 -0.47114434510950071 0.0054526629127698576 0.0016942634575674216 -0.24000758833544353 0.00017529949466996486 -10.342709198504631 82.27668010257176 0.4437471885470719 -0.0011664491803673419 0.017884656422367962 -0.96727648216023365 0.0021893142390129101 0.044065531742396212
decision_type=2 2 2 2 2 2 2 2 2 2 2 2 2 2
left_child=-1 6 -3 7 5 -5 -2 8 -4 -9 -11 -10 13 -8
right_child=1 2 3 4 -6 -7 12 9 11 10 -12 -13 -14 -15
leaf_value=0.0033155697713734564 -0.034239291001773108 -0.00075504105810500943 0.033899342029451905 -0.056899285648184111 -0.039150107929236948 0.086771751144146869 0.0018551861979654181 -0.05456547167892957 -0.059027687782553351 -0.024777139769504408 0.0617323346299746 -0.0076663074980439921 -0.0012665412415528105 0.029877224196596622
leaf_weight=45070.932087466121 341.19921678304672 368089.17736455798 255.87914292514324 52.627959951758385 1204.29509742558 91.419343963265419 138969.42577458918 56.098332777619362 177.18073162436485 97.701099127531052 275.89663986861706 2731.691094070673 53982.151842936873 770.8615640103817
leaf_count=181184 1371 1476409 1026 211 4833 366 557191 225 710 393 1107 10959 216402 3093
internal_value=3.04075e-05 -0.000230714 -0.00088895 -0.0108503 -0.0312238 0.0341334 0.00103455 -0.00317507 -0.00722151 0.0263676 0.0390804 -0.0108907 0.00109756 0.00201083
internal_weight=612167 567096 373032 4942.79 1348.34 144.047 194064 3594.45 3164.75 429.696 373.598 2908.87 193722 139740
internal_count=2455480 2274296 1496239 19830 5410 577 778057 14420 12695 1725 1500 11669 776686 560284
is_linear=0
shrinkage=0.05


Tree=55
num_leaves=15
num_cat=0
split_feature=70 43 5 38 46 2 20 0 37 29 14 42 39 29
split_gain=194.459 182.062 235.774 227.376 211.88 209.773 207.278 215.559 199.662 260.523 205.611 212.535 209.635 219.497
threshold=0.68798726092193219 -0.22731585171899357 0.0003175010628736357 1.6987842624215566 -0.98611507088852024 -0.0040278275730586659 0.60839362818901555 0.00081836962784176555 2.2752924607120821 7.1342506761523135 0.0051087524323623007 0.44543136002012246 0.33811654754794584 -4.6369296533468249
decision_type=2 2 2 2 2 2 2 2 2 2 2 2 2 2
left_child=1 2 6 -4 -5 -3 7 -1 9 -7 -10 12 -12 -14
right_child=-2 5 3 4 -6 8 -8 -9 10 -11 11 -13 13 -15
leaf_value=0.0050948884418908387 -0.0022856364435382133 0.0054658957305856294 -0.0096965229711425543 0.023118057401356643 0.00044322555185380072 -0.0034309005932998422 -0.015617475329933043 0.021875133227760753 0.00055038622054555766 0.003038081530130677 0.044995992628152959 -0.0087241974203482436 0.02056566460072317 -0.078783648171866019
leaf_weight=34458.723068416119 82125.504676893353 16821.170622602105 5627.8951004892588 1081.4722299426794 19913.180978000164 80957.456952914596 1135.9246640950441 2022.1139613240957 339010.86356365681 19263.502670839429 369.79241970181465 9123.2263112515211 151.32267796993256 81.555124670267105
leaf_count=138577 329525 67514 22629 4338 79892 324722 4549 8103 1359331 77283 1483 36573 607 327
internal_value=-2.17797e-05 0.00032902 0.00282421 -0.000776419 0.00161647 -1.51393e-05 0.00537226 0.00602788 -0.000220557 -0.00218741 0.000344705 -0.00682122 0.0218209 -0.0151517
internal_weight=612144 530018 64239.3 26622.5 20994.7 465779 37616.8 36480.8 448958 100221 348737 9725.9 602.67 232.878
internal_count=2455453 2125928 258088 106859 84230 1867840 151229 146680 1800326 402005 1398321 38990 2417 934
is_linear=0
shrinkage=0.05


Tree=56
num_leaves=15
num_cat=0
split_feature=5 22 29 5 8 47 9 8 12 6 12 40 29 30
split_gain=174.121 204.892 324.354 342.536 264.829 387.614 376.249 262.792 378.836 275.371 261.405 433.579 385.012 330.245
threshold=-0.00049161039710793667 0.054310375235860013 8.4154672638802293 0.0041896743338474427 0.00041684634833281486 0.88144907265856365 -0.0013535591304264221 0.015968125703753756 -0.023672576205154169 -0.0044502121237880625 -0.00058332723652704482 0.99821873156054008 0.58872153493803425 -0.17753908691661402
decision_type=2 2 2 2 2 2 2 2 2 2 2 2 2 2
left_child=-1 4 10 -4 5 -2 -7 9 -9 -6 11 13 -13 -3
right_child=1 2 3 -5 7 6 -8 8 -10 -11 -12 12 -14 -15
leaf_value=0.0010779258414489166 0.0017633073837226205 0.0071206596187076343 0.010018522538090211 -0.022337598637589991 0.020381595131260276 0.0027907259427917878 -0.019419190992630057 -0.090011117617259023 0.033061361122832415 -0.0068029024726618693 -0.0018041778319330009 -0.0044705540173015637 0.010540438246486336 0.00082372857326056784
leaf_weight=227994.75014147162 40428.172806710005 34159.290001600981 11837.032388523221 873.98729702830315 948.73635770380497 3220.9753753691912 4664.9196529537439 63.522610485553741 732.44475750625134 40564.051063835621 149939.8031424433 38824.226231083274 4794.8934316337109 53319.641092211008
leaf_count=914733 162142 136987 47486 3505 3802 12931 18710 255 2938 162828 601421 155715 19224 213766
internal_value=-1.67799e-05 -0.000666124 -2.4918e-05 0.00778586 -0.00274444 -0.00021497 -0.0103516 -0.00563258 0.0227389 -0.00617925 -0.000378323 0.00125247 -0.00281943 0.00328286
internal_weight=612366 384372 293749 12711 90622.8 48314.1 7885.9 42308.8 795.967 41512.8 281038 131098 43619.1 87478.9
internal_count=2456443 1541710 1178104 50991 363606 193783 31641 169823 3193 166630 1127113 525692 174939 350753
is_linear=0
shrinkage=0.05


Tree=57
num_leaves=15
num_cat=0
split_feature=69 42 47 32 35 8 9 8 30 9 32 39 19 36
split_gain=172.37 184.961 205.973 199.72 198.834 181.369 286.874 334.132 208.98 199.657 281.988 218.708 241.732 313.281
threshold=-0.83421435292083379 0.43406260405177416 -0.98611507088852035 -0.48015495359099419 -0.74984718625520275 -0.0026863445339363958 -0.0089201732364608908 0.0065336605202317719 0.46061599462492914 0.00011629890287603854 -0.10081620643277465 2.0333876901275434 -0.62323084431048625 0.023287849269883382
decision_type=2 2 2 2 2 2 2 2 2 2 2 2 2 2
left_child=-1 2 -2 4 -3 9 7 8 -7 10 -5 -12 13 -13
right_child=1 3 -4 5 -6 6 -8 -9 -10 -11 11 12 -14 -15
leaf_value=0.002729821802807533 -0.0090686039246073106 -0.0059894787775835612 0.002599038829885378 0.0027752395335467906 -0.033543512188482193 -0.013639410154763935 -0.00082155590845605329 0.023691749779758815 -0.072897220578636554 0.0067916301003651969 -0.0027884392410075353 -0.023075739075102061 -0.055484073708040732 0.047356412614071003
leaf_weight=52004.182901471853 3984.1294781565666 3025.2942788898945 73090.964078679681 43952.802819490433 831.70903605222702 5619.9880746454 390864.79462747276 605.39811378717422 148.17318715155125 15046.442326679826 21795.707451179624 839.99357780814171 403.4354717284441 189.30995085835457
leaf_count=209079 15991 12133 293397 176470 3333 22526 1567244 2427 594 60294 87443 3372 1617 762
internal_value=-2.37026e-05 -0.000279248 0.00199537 -0.000641996 -0.0119669 -0.000550771 -0.000993213 -0.0115114 -0.0152234 0.00158658 0.000420395 -0.00403507 -0.022924 -0.00995552
internal_weight=612402 560398 77075.1 483323 3857 479466 397238 6373.56 5768.16 82227.7 67181.2 23228.4 1432.74 1029.3
internal_count=2456682 2247603 309388 1938215 15466 1922749 1592791 25547 23120 329958 269664 93194 5751 4134
is_linear=0
shrinkage=0.05


Tree=58
num_leaves=15
num_cat=0
split_feature=5 21 17 42 24 40 12 21 38 2 20 1 11 36
split_gain=174.222 232.11 334.229 314.015 224.206 208.01 190.242 236.533 233.797 238.147 309.801 245.002 281.977 238.835
threshold=-0.001279718352576653 0.58022165494094413 0.35714745718048446 0.50748033843177898 0.32277854132229383 2.6876682845938644 -0.010662286997680471 3.3778648970708906e-05 1.7402547179550683 -0.0040278275730586659 0.4160835537787716 -0.001605950354922442 -0.00083851831375894202 0.0090793626500146173
decision_type=2 2 2 2 2 2 2 2 2 2 2 2 2 2
left_child=1 6 -3 5 -5 -4 7 -1 -8 10 13 12 -11 -10
right_child=-2 2 3 4 -6 -7 8 -9 9 11 -12 -13 -14 -15
leaf_value=0.01897763986384645 -0.00041638034139069463 0.055295414974040752 -0.0089356781926542197 0.015264676485195831 -0.013571249633616889 -0.039835763775734515 -0.0082881495672327467 0.004023116765871056 0.088777690778257659 -0.0017921326965891502 0.038450928811476125 -0.00024727801692060785 0.013865637865566122 -0.0015498020623265442
leaf_weight=2834.541675016284 480667.55025093257 221.29769010841846 8157.5791047811508 2367.5568610727787 937.21291567385197 579.29907166957855 6410.9553670883179 38542.197782486677 71.906040295958519 4784.0051454901695 990.48388841748238 57055.722921326756 7198.2361526787281 1507.9430186897516
leaf_count=11392 1928182 887 32708 9489 3757 2323 25750 154698 289 19202 3975 228856 28877 6068
internal_value=2.50227e-05 0.00163648 -0.00491294 -0.00604192 0.00707883 -0.0110061 0.00230933 0.00504976 0.000855743 0.0016749 0.0166037 0.00111793 0.00761601 0.00282852
internal_weight=612326 131659 12262.9 12041.6 3304.77 8736.88 119396 41376.7 78019.3 71608.3 2570.33 69038 11982.2 1579.85
internal_count=2456453 528271 49164 48277 13246 35031 479107 166090 313017 287267 10332 276935 48079 6357
is_linear=0
shrinkage=0.05


Tree=59
num_leaves=15
num_cat=0
split_feature=46 10 37 16 48 21 17 10 18 8 2 14 18 23
split_gain=169.932 172.591 234.247 202.989 195.179 400.053 442.256 231.952 217.264 246.619 216.646 213.956 226.781 249.918
threshold=-0.47114434510950071 -0.0074298031362272495 15.74533698001034 0.0072527937546832547 -1.0000000180025095e-35 0.45395889956442087 1.7490816146226418 -0.0078051148880292041 0.0060565215963478561 -0.0041336012881638502 0.00049279973012364582 0.00079183442658153837 0.0017533103294226319 0.38508233312423074
decision_type=2 2 2 2 2 2 2 2 2 2 2 2 2 2
left_child=-1 2 3 4 5 11 7 8 -7 -10 -9 -2 -13 -14
right_child=1 -3 -4 -5 -6 6 -8 10 9 -11 -12 12 13 -15
leaf_value=0.0011526543801977545 -0.07070066000500512 -0.00097458729934227152 0.027396887297164319 0.034890220930026306 -0.00070474200222983476 0.046093709278415815 -0.043811581171469369 -0.048150592400790455 0.048172232121114621 -0.037530676515311827 0.067134980825022991 0.060430962655591149 -0.06036613212185097 0.0032582130376340966
leaf_weight=210361.54098169506 93.726341649889946 355671.62307141721 904.73461213707924 452.96278084814548 31551.698314160109 1525.3147857189178 203.88289287686348 149.61258208751678 148.34509594738483 180.47039444744587 50.55839915573597 165.63247109949589 151.64441846311092 10537.976978704333
leaf_count=843723 377 1426869 3637 1818 126694 6120 817 600 596 724 203 665 608 42328
internal_value=1.35499e-06 -0.00060143 0.00227632 0.00177066 0.00143163 0.00653371 0.0256708 0.0326563 0.0381706 0.00127659 -0.0181058 0.00257685 0.0032418 0.00232783
internal_weight=612150 401788 46116.6 45211.8 44758.9 13207.2 2258.18 2054.3 1854.13 328.815 200.171 10949 10855.3 10689.6
internal_count=2455779 1612056 185187 181550 179732 53038 9060 8243 7440 1320 803 43978 43601 42936
is_linear=0
shrinkage=0.05


Tree=60
num_leaves=15
num_cat=0
split_feature=69 57 64 20 14 4 16 39 5 51 5 29 20 18
split_gain=163.24 217.499 130.368 130.773 211.291 209.19 196.9 174.022 171.525 177.408 169.938 228.24 193.619 163.418
threshold=-0.30256619901282639 435.00000000000006 0.62865992365036893 0.387794592072288 0.00092591333248020233 -0.0020006901312507211 0.00082330659916917651 -0.19769533903422246 -2.9323758968213764e-05 -0.39360372725142395 -0.0018727747954744576 -3.6275654792913312 0.92870240012894256 0.0013306420306564534
decision_type=2 2 2 2 2 2 2 2 2 2 2 2 2 2
left_child=2 -2 3 5 6 -1 8 13 -5 -10 12 -12 -9 -6
right_child=1 -3 -4 4 7 -7 -8 10 9 -11 11 -13 -14 -15
leaf_value=-0.0025524997694217752 0.00029770975897840872 -0.002181690918245324 -0.0034306366361246477 -0.0090997991605134779 0.031819707376842303 0.0027874998121873557 -0.011971493112800685 0.0035786857364716522 0.034257830778552614 -0.0060514952676269558 -0.015787493682908171 -0.0019607987837551065 0.045298122651398043 0.0026785784373250673
leaf_weight=21223.221094936132 213185.17565941811 151167.72468455136 16010.614517718554 1076.5923397690058 483.48999582231045 134830.17027033865 6698.7353674173355 5814.6161931753159 699.25885835289955 443.56528727710247 3387.0226466059685 24871.789227977395 287.16237704455853 32010.995152115822
leaf_count=85300 854896 606289 64226 4314 1937 541581 26848 23310 2801 1779 13570 99704 1151 128278
internal_value=-5.76143e-05 -0.000730994 0.000932336 0.00123372 -0.000470479 0.0020612 -0.00769729 0.000494047 0.00520119 0.0186543 -0.00198655 -0.00362053 0.00557757 0.003117
internal_weight=612190 364353 247837 231827 75773.2 156053 8918.15 66855.1 2219.42 1142.82 34360.6 28258.8 6101.78 32494.5
internal_count=2455984 1461185 994799 930573 303692 626881 35742 267950 8894 4580 137735 113274 24461 130215
is_linear=0
shrinkage=0.05


Tree=61
num_leaves=15
num_cat=0
split_feature=36 3 17 5 40 28 14 42 5 41 1 6 36 47
split_gain=165.841 252.116 245.995 216.907 261.983 188.5 204.993 159.152 400.748 224.614 247.06 287.064 283.2 229.144
threshold=0.0017954599456000738 7.9316553769263055e-05 0.8064186232335907 -0.00028635960554453766 0.97164856682054335 -0.21027633909962037 0.00036567755091708654 0.42029733933020957 -0.0027893984319202971 0.30048553079098589 -0.0011844060620195068 0.00063993611190357638 0.019613974353760836 -0.98611507088852035
decision_type=2 2 2 2 2 2 2 2 2 2 2 2 2 2
left_child=1 2 -1 -3 5 -5 -7 8 -2 10 13 12 -12 -10
right_child=7 3 -4 4 -6 6 -8 -9 9 -11 11 -13 -14 -15
leaf_value=0.034094165025153715 0.019258396511534166 -0.049398678901813257 -0.024417983805361629 0.036517780321359848 0.070666822788311254 0.0072792928809051645 -0.059351695251247574 -0.00027459589294912706 -0.057486617720292565 -0.00014700272138393807 0.0013193111359471636 0.021614642934471514 -0.058184959948269145 0.028925978273783001
leaf_weight=1277.480768635869 3361.8697726726532 223.46986864507198 205.21057835221291 173.84770201146603 125.48222345113754 244.6042119115591 211.96544598042965 554257.46317721903 75.789916947484016 41817.327119037509 6018.6174332350492 1880.3353952169418 201.82351167500019 1701.4288773238659
leaf_count=5124 13537 896 823 697 503 981 850 2223361 305 167924 24189 7562 811 6851
internal_value=3.24815e-05 0.0129699 0.025941 -0.00669926 0.00616581 -0.00712792 -0.0239624 -1.99009e-05 0.00254389 0.00145515 0.00823431 0.00452318 -0.000656498 0.02509
internal_weight=611777 2462.06 1482.69 979.369 755.9 630.417 456.57 609315 55057.2 51695.3 9878 8100.78 6220.44 1777.22
internal_count=2454414 9874 5947 3927 3031 2528 1831 2444540 221179 207642 39718 32562 25000 7156
is_linear=0
shrinkage=0.05


Tree=62
num_leaves=15
num_cat=0
split_feature=25 23 23 47 70 55 12 40 46 19 18 20 41 20
split_gain=165.889 215.796 224.666 239.446 162.434 188.493 171.123 239.889 152.87 175.246 227.608 207.488 239.752 182.347
threshold=7.5000000000000009 1.9615994970966182 0.88155973573896229 0.35206144883412571 0.45418283270596665 0.14266954749984179 -0.0023250346587748421 2.089945796755345 -0.4124860612920454 0.28559423955609448 0.0011058003407340344 0.33707909313229262 0.72220572549672812 0.85556366460885702
decision_type=2 2 2 2 2 2 2 2 2 2 2 2 2 2
left_child=4 2 3 -2 5 8 7 -7 -1 10 11 -10 -13 -11
right_child=1 -3 -4 -5 -6 6 -8 -9 9 13 -12 12 -14 -15
leaf_value=0.0013396451636577792 0.044937209110133866 0.037941175895288892 -0.047879450098174015 -0.053881500858358744 -0.0012680348085105069 0.0038791064189377892 0.00039210374670403794 -0.0048976117489977341 0.0062550129904792376 -0.0055499010914034736 -0.00088243835285240586 0.051770457324737784 -0.048769519204621484 0.0024036450868871687
leaf_weight=74059.313638150692 161.09345833957195 130.16053226590157 561.88863956928253 92.254783570766449 163261.84482239187 90941.021647170186 134411.08997116983 8510.1257811486721 5605.4021982997656 36987.031697541475 88024.023024484515 457.69050364196301 63.998821496963501 8946.8578267544508
leaf_count=297020 650 523 2269 372 655110 364939 539198 34182 22481 148407 353092 1835 257 35879
internal_value=4.96691e-05 -0.0208235 -0.03038 0.00860677 8.2122e-05 0.000574153 0.00155554 0.00312787 -0.000497613 -0.00146894 -0.000233637 0.00908039 0.0390907 -0.00400064
internal_weight=612214 945.397 815.237 253.348 611268 448007 233862 99451.1 214144 140085 94151.1 6127.09 521.689 45933.9
internal_count=2456214 3814 3291 1022 2452400 1797290 938319 399121 858971 561951 377665 24573 2092 184286
is_linear=0
shrinkage=0.05


Tree=63
num_leaves=15
num_cat=0
split_feature=70 45 43 24 41 30 22 22 46 42 18 44 4 17
split_gain=179.502 149.976 247.684 200.235 195.839 187.549 262.699 183.837 174.95 166.82 184.519 165.807 161.667 160.45
threshold=0.45418283270596665 -0.80785299766403573 -0.51326681899781434 0.96828312579468268 0.33070364646788369 -0.94607826358559588 0.35680597320262147 0.81841906292291011 0.16280825711808991 0.42558384677888245 0.0024035126953982433 1.0559240936089809 -0.0054752477030465948 1.453650910043482
decision_type=2 2 2 2 2 2 2 2 2 2 2 2 2 2
left_child=1 13 3 4 -3 6 9 -8 11 10 -4 -6 -11 -1
right_child=-2 2 5 -5 8 -7 7 -9 -10 12 -12 -13 -14 -15
leaf_value=0.0031227652063417662 -0.0014353092580505467 0.018678071477642052 -0.03787694260535051 -0.03210274540406971 -0.043147441718134782 1.6538219890198318e-05 0.010072430047038909 -0.063115508654206912 0.020883917483176979 -0.050663018989947441 0.043754850416323765 -0.00045365376617883857 -0.01465258454011913 -0.0025354093677184327
leaf_weight=81272.160860583186 163586.71735930443 3782.8114455193281 94.175920709967613 258.90819488465786 331.95026978850365 340291.02937233448 1899.1265337616205 84.897034764289856 529.59338961541653 334.15399862825871 227.37562488019466 699.86914505064487 4028.9458820074797 14808.830773979425
leaf_count=327043 656437 15183 377 1038 1330 1364214 7608 340 2123 1339 911 2808 16135 59478
internal_value=-1.75054e-05 0.000499471 2.2228e-05 0.0104461 0.0125355 -0.000146257 -0.00844721 0.00678991 -0.00235819 -0.0149007 0.0196327 -0.0143307 -0.0174653 0.00225059
internal_weight=612231 448644 352563 5603.13 5344.22 346960 6668.67 1984.02 1561.41 4684.65 321.552 1031.82 4363.1 96081
internal_count=2456364 1799927 1413406 22482 21444 1390924 26710 7948 6261 18762 1288 4138 17474 386521
is_linear=0
shrinkage=0.05


Tree=64
num_leaves=15
num_cat=0
split_feature=69 32 45 36 57 8 28 11 12 47 7 4 45 32
split_gain=153.856 192.037 196.829 206.472 164.031 148.265 161.181 146.177 150.365 285.542 231.914 248.912 234.74 231.61
threshold=-0.33292886461664412 -0.4540893347409925 -0.86952243406471608 0.0017954599456000738 435.00000000000006 -0.0036739606719574168 0.086675781679480271 0.01726669467341203 -0.010156284874347865 0.35206144883412571 -0.0025793953964042375 -0.00054763681374094258 -0.95321248595665853 0.13497626070094085
decision_type=2 2 2 2 2 2 2 2 2 2 2 2 2 2
left_child=-1 5 7 -4 -5 6 -2 8 9 10 -3 12 -12 -11
right_child=1 2 3 4 -6 -7 -8 -9 -10 13 11 -13 -14 -15
leaf_value=0.0010572125457173045 -0.0078150462670195011 -0.011060656775027185 0.017557424572406551 -0.00013118307865309887 -0.0025048034012784067 -0.022520430401888891 0.028157357428959667 0.019499794423098654 -4.3987729688196053e-05 0.01288042817871487 -0.0053282898363661204 0.010446624216402571 0.028765130801664741 -0.083652170744075494
leaf_weight=227650.36774578691 3269.1941063851118 3253.5909856408834 1480.7329090386629 173265.25096695125 125505.16657830775 1639.7959870547056 339.216284096241 1140.4680331349373 52003.800199821591 8376.3503382951021 6711.1277841478586 6999.895656734705 540.95460706949234 57.681720465421677
leaf_count=914013 13108 13053 5939 694648 503445 6572 1363 4586 208638 33660 26931 28115 2169 232
internal_value=2.70074e-05 -0.000582819 -0.000451331 -0.00103586 -0.0011283 -0.0100771 -0.0043991 0.00176782 0.00150713 0.00461623 0.000973945 0.00372425 -0.00276709 0.0121711
internal_weight=612234 384583 379335 300251 298770 5248.21 3608.41 79083.9 77943.4 25939.6 17505.6 14252 7252.08 8434.03
internal_count=2456472 1542459 1521416 1204032 1198093 21043 14471 317384 312798 104160 70268 57215 29100 33892
is_linear=0
shrinkage=0.05


Tree=65
num_leaves=15
num_cat=0
split_feature=40 2 8 17 11 30 17 16 34 12 31 42 42 45
split_gain=152.882 289.782 226.906 221.35 295.765 243.163 222.726 221.228 326.024 207.657 205.337 201.839 253.819 195.5
threshold=1.9792299830520665 -0.0032701294530290167 0.015968125703753756 1.7758949726871214 0.00045318680039012918 -1.1161460005721602 0.78761098668107732 0.0014216808376526927 45.314079766966493 -0.017969761780315903 0.82856617458955817 0.37613151319218013 0.39503104643455128 0.29438853233340528
decision_type=2 2 2 2 2 2 2 2 2 2 2 2 2 2
left_child=1 3 -2 5 -5 9 11 8 -8 -1 13 -7 -13 -4
right_child=2 -3 10 4 -6 6 7 -9 -10 -11 -12 12 -14 -15
leaf_value=0.011677536362368257 -0.0031542509685920359 4.6638450682326294e-05 0.077264553762043289 -0.028085072541924175 0.014715531223999099 -0.086119869792284975 -0.070140920967583065 0.0090207963743919387 0.027163439670964764 0.049267657353797539 0.021618434525580474 0.067265136161459724 -0.0044857998571539159 -0.010110970103486189
leaf_weight=985.77537387609482 54341.07479326427 529829.05071991682 62.898182511329651 1056.4216959476471 647.30428428947926 68.495203733444214 207.66228373348713 16494.411390677094 141.04397492110729 584.88270120322704 1798.98220962286 121.5344282835722 4762.9203786253929 1120.8525383472443
leaf_count=3971 218088 2125749 252 4238 2596 276 832 66268 566 2354 7220 492 19138 4495
internal_value=4.12507e-05 0.000295211 -0.00241692 0.00554739 -0.0118282 0.00681655 0.00544389 0.00818421 -0.0309558 0.0257873 0.010999 -0.00387377 -0.00263354 -0.00516285
internal_weight=612223 554900 57323.8 25070.5 1703.73 23366.7 21796.1 16843.1 348.706 1570.66 2982.73 4952.95 4884.45 1183.75
internal_count=2456535 2226480 230055 100731 6834 93897 87572 67666 1398 6325 11967 19906 19630 4747
is_linear=0
shrinkage=0.05


Tree=66
num_leaves=15
num_cat=0
split_feature=2 3 11 20 5 41 48 41 2 39 4 11 5 20
split_gain=150.246 235.518 268.651 188.328 204.894 224.4 205.556 218.58 223.531 192.62 227.448 266.324 288.509 203.893
threshold=-0.0032701294530290167 -0.0060362663823929985 -0.00116810889442387 -0.63557918580158723 -0.00067480607068134415 0.50864281018207225 -1.0000000180025095e-35 0.43483113009291685 -0.0035382176978262596 3.1341264618414892 -0.0028669001903338519 -0.027932478065247898 0.0079148884026008989 0.92870240012894256
decision_type=2 2 2 2 2 2 2 2 2 2 2 2 2 2
left_child=1 2 -1 4 6 -6 7 8 -3 10 11 12 -5 -12
right_child=-2 3 -4 9 5 -7 -8 -9 -10 -11 13 -13 -14 -15
leaf_value=-0.020633680215990893 -0.00019137232379024444 0.041148397671221401 0.027256985563951563 0.043473806789314819 0.00062681434125789223 0.058094126952114591 0.036856815739084073 -0.04204439405113139 -0.048657938704504113 -0.015554911457067522 0.0008388820717175182 0.007520156442881923 -0.073073307377176183 0.032041810620240495
leaf_weight=1806.3380024731159 575572.44427886605 320.99749334156513 344.82669883966446 915.720360070467 2487.1294796466827 177.33376789093018 1329.301598444581 190.259028211236 83.480159789323807 1377.763913616538 23061.740866675973 3774.9155545383692 51.911229342222214 530.71233882009983
leaf_count=7248 2309314 1300 1387 3682 10010 714 5390 767 337 5536 92587 15166 208 2131
internal_value=5.79063e-06 0.00311853 -0.0129115 0.00412557 0.0135479 0.00455321 0.0259599 0.00149977 0.0222454 0.00266846 0.00355715 0.0135426 0.0368778 0.00154743
internal_weight=612025 36452.4 2151.16 34301.3 4588.5 2664.46 1924.04 594.737 404.478 29712.8 28335 4742.55 967.632 23592.5
internal_count=2455777 146463 8635 137828 18518 10724 7794 2404 1637 119310 113774 19056 3890 94718
is_linear=0
shrinkage=0.05


Tree=67
num_leaves=15
num_cat=0
split_feature=46 6 37 40 16 6 16 42 7 38 10 47 30 4
split_gain=159.596 176.086 290.764 247.306 218.548 334.232 231.622 259.313 225.606 338.511 230.057 221.366 216.335 202.891
threshold=-0.47114434510950071 -0.001310514333230793 2.4803086197464568 5.1623001387293099 0.0030479598680185726 -0.0010052746092460241 0.0026031495197062393 0.56874260674945321 0.00048077555992887564 5.0290489997496897 0.010067279798915052 0.98611507088852057 0.64823653567916517 0.0038688084909619881
decision_type=2 2 2 2 2 2 2 2 2 2 2 2 2 2
left_child=-1 12 3 4 6 11 7 -3 -9 -10 -11 -6 -2 -14
right_child=1 2 -4 -5 5 -7 -8 8 9 10 -12 -13 13 -15
leaf_value=0.0011556422431056954 -0.0036523604631339048 -0.002061719474207099 0.00074363768810472024 0.034098112986396582 0.044838478809795142 -0.012690108803350081 0.0061454949680228924 -0.024113131548855665 0.082350058929489989 0.0033006529106771134 -0.029068994074736738 -0.048941012963906676 0.0073511710378789319 -0.018505380048958069
leaf_weight=210407.66566522419 67699.995204970241 47384.399807423353 255310.22308318317 443.72336287796497 399.30475620925426 8506.4264942407608 7526.4034622609615 2626.6477984935045 105.36461149156094 1702.6439397484064 804.46000348031521 70.258387416601181 7680.0781223773956 836.99876616895199
leaf_count=844081 271659 190283 1024438 1782 1602 34137 30210 10567 424 6844 3234 282 30831 3360
internal_value=4.04023e-05 -0.000544638 -3.71982e-05 -0.0029026 -0.00314256 -0.0104182 -0.00205606 -0.00322955 -0.0137797 -0.00336406 -0.00712305 0.0304389 -0.00270749 0.0048008
internal_weight=611505 401097 324880 69569.6 69125.9 8975.99 60149.9 52623.5 5239.12 2612.47 2507.1 469.563 76217.1 8517.08
internal_count=2453734 1609653 1303803 279365 277583 36021 241562 211352 21069 10502 10078 1884 305850 34191
is_linear=0
shrinkage=0.05


Tree=68
num_leaves=15
num_cat=0
split_feature=64 35 56 37 11 32 24 39 14 14 42 29 14 40
split_gain=153.064 169.711 162.113 255.583 240.905 206.92 253.692 202.669 188.676 274.882 181.573 171.354 206.855 228.138
threshold=0.44071081797117045 0.96550289180958193 0.10459172335124207 2.445949508128817 0.019412560239234013 0.19826707318300754 0.95125499847660056 1.7620250890363549 0.00093640110777253982 0.0004223744448744701 0.61793616902453785 8.4154672638802293 0.0056848537329880263 0.55539457775618184
decision_type=2 2 2 2 2 2 2 2 2 2 2 2 2 2
left_child=1 -1 3 7 8 6 -6 -2 9 -5 -10 -4 13 -13
right_child=2 -3 11 4 5 -7 -8 -9 10 -11 -12 12 -14 -15
leaf_value=0.0013810545518732856 -0.0043065525163315287 -0.0049110846275790361 -0.0017054603433093484 0.016344724175433315 0.030394957767136205 -0.020986201710626207 -0.037585505279109609 0.0089093248562260551 0.0025144212337971285 -0.0047752691947487028 -0.02565104277160676 -0.0066159455972040265 -0.039169916884413333 0.010819347837810406
leaf_weight=214101.91063164175 31725.669106915593 11276.290545716882 220404.4835717082 1678.3303889334202 1656.1686557680368 281.61051453649998 145.3884262740612 3188.1513984799385 98685.335811808705 18183.034611597657 570.5846926420927 2548.143128156662 252.97296935319901 7080.2683240622282
leaf_count=859326 127372 45264 884389 6733 6649 1130 583 12815 395742 72910 2288 10229 1016 28425
internal_value=3.05999e-05 0.00106614 -0.000573412 0.000670439 0.00175627 0.0185923 0.02482 -0.00309864 0.00146107 -0.00298692 0.00235122 -0.00141663 0.00502325 0.00620409
internal_weight=611778 225378 386400 156114 121200 2083.17 1801.56 34913.8 119117 19861.4 99255.9 230286 9881.38 9628.41
internal_count=2454871 904590 1550281 626222 486035 8362 7232 140187 477673 79643 398030 924059 39670 38654
is_linear=0
shrinkage=0.05


Tree=69
num_leaves=15
num_cat=0
split_feature=47 21 22 26 27 17 17 42 18 12 38 17 42 5
split_gain=132.183 266.389 237.954 158.612 243.113 241.852 238.156 192.462 165.287 152.211 148.466 147.628 144.784 138.948
threshold=-0.99892946161930163 0.00019527439023005872 0.36278072844378123 0.57694981952741886 0.42305974188005896 0.77984856155851012 0.55573890130440262 0.46566238091426632 0.0025898277573486103 0.026198136533357019 2.7745792451348268 0.61434416368979228 0.42311862360013675 -0.00030213175429105857
decision_type=2 2 2 2 2 2 2 2 2 2 2 2 2 2
left_child=1 12 10 4 5 9 -6 -8 -9 -4 11 -3 -1 -13
right_child=-2 2 3 -5 6 -7 7 8 -10 -11 -12 13 -14 -15
leaf_value=0.016320007588709936 5.8498239992898812e-05 -0.06607449740752018 -0.052371900273728039 -0.05322690275095085 0.069637328857161687 0.0092169151881939942 0.071062721937001888 -0.081105923500947585 0.014807496957603781 0.018599867066555538 0.007176877291036503 -0.034530011295953983 -0.046806963562856463 0.015006029773911063
leaf_weight=105.41316547989845 605550.02796840668 125.83335460722446 565.54510483145714 285.93678380548954 148.95301780104637 331.51108439266682 49.918522790074348 90.094945922493935 82.636044830083847 84.513539507985115 3367.6977495402098 249.6984097212553 565.97531133890152 314.20298348367214
leaf_count=424 2429956 505 2267 1149 597 1329 200 361 331 339 13511 1002 2271 1260
internal_value=-1.68895e-05 -0.00718021 -0.00365433 -0.0197014 -0.0124473 -0.0254559 0.021796 -0.0110364 -0.0360944 -0.0430734 0.00284458 -0.0182077 -0.0368482 -0.00703948
internal_weight=611918 6367.93 5696.54 1639.11 1353.17 981.57 371.603 222.65 172.731 650.059 4057.43 689.735 671.388 563.901
internal_count=2455502 25546 22851 6573 5424 3935 1489 892 692 2606 16278 2767 2695 2262
is_linear=0
shrinkage=0.05


Tree=70
num_leaves=15
num_cat=0
split_feature=69 42 42 3 9 30 2 48 19 1 6 33 30 9
split_gain=145.285 137.329 224.276 207.816 200.4 305.431 214.793 198.456 232.847 245.769 208.011 216.759 223.578 246.5
threshold=-0.92213819956498111 0.43406260405177416 0.43305731875544151 -0.0021473178062970761 -0.0015425566166688747 -0.40419806407837872 -0.00021392749854806087 -1.0000000180025095e-35 0.73969255162778624 -0.007783133777469582 0.0011169373658712603 30.644024186621071 -0.41255904047665665 -0.0021055287446821096
decision_type=2 2 2 2 2 2 2 2 2 2 2 2 2 2
left_child=-1 2 4 -4 7 -6 -7 8 9 -2 11 -9 -13 -14
right_child=1 -3 3 -5 5 6 -8 10 -10 -11 -12 12 13 -15
leaf_value=0.0028886669649007784 -0.056742077025257104 -0.00051960823640240662 -0.030826571711195089 0.021787692627635118 -0.013093268992731225 -0.0051309441845711961 0.0040360417050924685 -0.0076421117819017023 -0.015069846341747377 0.0089462469918611225 0.01267280220319944 0.011286140490301556 0.0012268390494986851 -0.023036989113250424
leaf_weight=40508.237498670816 138.5714046806097 492843.32941749692 201.73692780733109 2094.5664469748735 5016.3787071555853 10677.282894745469 15898.430686369538 8277.3702155053616 1110.3900609612465 18677.537093341351 3044.8935890942812 4804.0208894908428 7581.361480563879 1209.3319356888533
leaf_count=162980 556 1976982 811 8406 20112 42815 63761 33350 4448 75093 12266 19283 30458 4850
internal_value=-4.75333e-06 -0.000209837 0.00172917 0.0171084 0.00126605 -0.00178401 0.000352764 0.00341477 0.0071336 0.00844754 0.000439928 -0.00126556 0.00261829 -0.00212232
internal_weight=612083 571575 78731.9 2296.3 76435.6 31592.1 26575.7 44843.5 19926.5 18816.1 24917 21872.1 13594.7 8790.69
internal_count=2456171 2293191 316209 9217 306992 126688 106576 180304 80097 75649 100207 87941 54591 35308
is_linear=0
shrinkage=0.05


Tree=71
num_leaves=15
num_cat=0
split_feature=25 23 23 47 42 46 11 1 38 8 0 22 9 17
split_gain=155.296 182.371 163.17 189.146 177.658 129.54 182.375 243.478 207.853 267.417 250.148 305.825 279.925 281.634
threshold=7.5000000000000009 1.9615994970966182 0.88155973573896229 0.35206144883412571 0.53755592461115642 -0.47114434510950071 0.032524722205238825 -0.0098482078491922889 9.2519993630476538 -0.0014823318970710849 -0.0011988027787942859 0.050370873792186958 0.007895049798643675 1.7490816146226418
decision_type=2 2 2 2 2 2 2 2 2 2 2 2 2 2
left_child=5 2 3 4 -2 6 8 -8 -1 -10 11 -11 -13 -14
right_child=1 -3 -4 -5 -6 -7 7 -9 9 10 -12 12 13 -15
leaf_value=0.0013723015415327126 0.083094878910250247 0.032973469304822575 -0.044198084358846222 -0.051964549304783884 -0.019837430196879998 -0.00052066390220185173 -0.093114589634534728 0.010436214980547953 0.0068066843084643924 0.011677252150278844 -0.0037564058769582634 -0.037746153982719209 0.024627683628957359 -0.077292299013726862
leaf_weight=177508.63442997634 86.587604627013206 133.62900607287884 556.68100303411484 90.496803387999535 74.386518657207489 400748.8272600919 52.341116562485695 6111.3505879789591 5181.1542885154486 599.64020846784115 18527.040302097797 1719.5339084118605 373.36267594993114 77.602174356579781
leaf_count=712166 348 538 2259 367 300 1608364 210 24508 20796 2403 74312 6892 1496 311
internal_value=-2.47745e-05 -0.0202591 -0.0292098 0.00418444 0.0363649 6.58497e-06 0.00101202 0.00948212 0.000755856 -0.00337622 -0.00585453 -0.019855 -0.0285731 0.00643401
internal_weight=611841 941.781 808.152 251.471 160.974 610899 210151 6163.69 203987 26478.3 21297.2 2770.14 2170.5 450.965
internal_count=2455270 3812 3274 1015 648 2451458 843094 24718 818376 106210 85414 11102 8699 1807
is_linear=0
shrinkage=0.05


Tree=72
num_leaves=15
num_cat=0
split_feature=64 25 23 4 39 23 35 39 52 9 31 15 11 39
split_gain=147.274 157.967 189.22 152.818 166.492 150.259 141.312 161.356 158.168 155.666 193.876 144.475 194.714 138.644
threshold=0.44071081797117045 7.5000000000000009 2.008940050545641 -0.0020006901312507211 -1.0801619660905961 2.6680169281525843 0.96550289180958193 3.9740021426637329 0.49549628427577791 0.0047530336727492004 0.95448412025346741 0.0026471103500543586 -0.010258776780300663 6.2213079683807972
decision_type=2 2 2 2 2 2 2 2 2 2 2 2 2 2
left_child=3 -2 -3 4 -1 -6 8 11 -5 -9 -11 -8 -13 -10
right_child=1 2 -4 6 5 -7 7 9 13 10 -12 12 -14 -15
leaf_value=-0.041909988221969389 -0.00052480202476231155 -0.037761251294457773 0.043324251943600449 0.00025119526169113681 -0.0017403554644766128 -0.039540439123494198 -0.0086683282012208138 0.082432117011054906 0.0032602507244463719 -0.0068268238616429194 0.050133525642317558 -0.062129567113892649 0.010708900947671665 -0.030610560095046691
leaf_weight=260.61618947982788 385847.32199317217 504.2477962076664 79.50184690952301 85771.332088068128 25998.847290694714 260.60370548069477 8091.1231325864792 78.078832373023033 102320.16249185801 503.81917248666286 206.78527653217316 91.909175872802734 1734.9129207283258 298.06657423079014
leaf_count=1046 1548128 2061 321 343894 104391 1048 32491 313 411064 2022 831 369 6967 1200
internal_value=2.83381e-05 -0.000564298 -0.0264439 0.00104338 -0.00252177 -0.00212295 0.00151832 -0.0040681 0.00183591 0.0176296 0.00998306 -0.00580153 0.00688475 0.00316038
internal_weight=612047 386431 583.75 225616 26520.1 26259.5 199096 10706.6 188390 788.683 710.604 9917.95 1826.82 102618
internal_count=2456146 1550510 2382 905636 106485 105439 799151 42993 756158 3166 2853 39827 7336 412264
is_linear=0
shrinkage=0.05


Tree=73
num_leaves=15
num_cat=0
split_feature=53 57 55 20 48 28 36 26 13 38 3 16 23 20
split_gain=144.41 237.124 170.776 185.242 181.129 198.822 248.085 203.867 184.647 178.351 246.887 209.745 202.785 180.626
threshold=0.61925804548704544 345.00000000000006 0.14266954749984179 0.37283801752320167 -0.8783796973249266 3.5911009386481054 0.011797215584186961 1.6610690658904488 0.00047853499052721843 7.6929243585561951 0.00034300763813835351 0.0027434392757516189 0.24623267582714434 0.86414372447046717
decision_type=2 2 2 2 2 2 2 2 2 2 2 2 2 2
left_child=2 -2 3 4 -1 7 -7 8 -6 -5 12 13 -11 -12
right_child=1 -3 -4 9 5 6 -8 -9 -10 10 11 -13 -14 -15
leaf_value=0.0054381196678922458 0.0010173549901724892 -0.0020921322708684566 0.0017592819556904418 -0.0006657589835397862 0.015785748226805126 0.044037754702104998 0.0061402957133280542 -0.05787856697210212 -0.00075028100124334743 0.075570221803588619 -0.022039708955984623 -0.001016360430800089 -0.0024676769947316085 0.0009741627690551274
leaf_weight=17383.055666789412 100277.65098655224 157763.19517794251 178688.8323456794 38690.598626405001 1714.5986316502094 496.11723853647709 3142.1950428783894 149.78147734701633 92409.427547290921 78.79851870238781 4943.0628200918436 2580.4410103559494 12697.129072487354 1029.5852544903755
leaf_count=69781 402283 633055 717375 155108 6882 1988 12594 601 370933 316 19857 10356 50946 4132
internal_value=1.5811e-05 -0.000883753 0.000671526 -0.000437183 0.00073548 -9.96494e-05 0.0113613 -0.000542542 -0.000448232 -0.00268969 -0.00636007 -0.0129321 -0.00195698 -0.018075
internal_weight=612044 258041 354004 175315 115295 97912.1 3638.31 94273.8 94124 60019.6 21329 8553.09 12775.9 5972.65
internal_count=2456207 1035338 1420869 703494 462779 392998 14582 378416 377815 240715 85607 34345 51262 23989
is_linear=0
shrinkage=0.05


Tree=74
num_leaves=15
num_cat=0
split_feature=37 34 6 38 43 2 26 2 16 36 40 38 7 29
split_gain=140.07 221.272 200.421 189.778 197.334 324.448 289.013 208.939 209.996 180.688 270.411 249.029 220.96 179.334
threshold=1.1483242025083025 62.384807963538421 -0.0054326357165899982 4.4089730015932771 0.070662902896789712 -0.0030583451084565004 2.724107423990056 -0.0016767043128355181 0.0015784628222299348 0.0063743617858923402 0.80083674280089656 12.7675614524741 4.645126004731229e-05 0.45080266530152185
decision_type=2 2 2 2 2 2 2 2 2 2 2 2 2 2
left_child=1 2 -1 -3 5 -5 9 -8 -9 10 11 -6 -13 -7
right_child=-2 3 -4 4 6 13 7 8 -10 -11 -12 12 -14 -15
leaf_value=0.045862134405025234 0.00019331892978888623 0.073075689994546833 -0.0089719328611081641 0.043608883115463043 -0.048955061260134387 -0.027856742791565133 -0.074697387712442165 -0.0089859120419273041 0.028989295840435997 -0.006625458339172715 0.026325546292901805 -0.01499305855117899 0.099244275776890392 0.0029961530704413581
leaf_weight=164.00086626410484 558597.85095287859 82.013193726539612 12541.052847638726 479.34678617119789 280.42927759885788 480.3289520740509 57.682146340608597 504.70642806589603 1283.0804307162762 20319.535974234343 987.43795041739941 115.44284266233444 60.872292026877403 15960.981207117438
leaf_count=658 2241544 330 50376 1923 1131 1931 231 2026 5153 81733 3975 465 245 64059
internal_value=-4.0401e-05 -0.00248886 -0.00824635 -0.000686884 -0.00084514 0.00327542 -0.00379841 0.0151735 0.0182734 -0.00541026 0.0116513 -0.0200145 0.0260962 0.0020866
internal_weight=611915 53316.9 12705.1 40611.9 40529.8 16920.7 23609.2 1845.47 1787.79 21763.7 1444.18 456.744 176.315 16441.3
internal_count=2455780 214236 51034 163202 162872 67913 94959 7410 7179 87549 5816 1841 710 65990
is_linear=0
shrinkage=0.05


Tree=75
num_leaves=15
num_cat=0
split_feature=27 37 18 22 37 7 40 37 20 41 48 7 23 20
split_gain=128.409 201.13 174.03 240.315 204.646 189.023 175.969 170.322 190.562 329.499 374.193 299.173 329.489 290.716
threshold=4.1550996225659604 1.9406805078600058 0.0028105118984558127 0.022732495683314254 1.3298811611851555 0.0017971830913765532 2.3896891889446912 0.99124158343534852 -0.29802322181508434 0.5335611780193853 -0.60785761079279388 -0.0033084957279042762 0.73183247944816776 -0.24372983413554514
decision_type=2 2 2 2 2 2 2 2 2 2 2 2 2 2
left_child=7 2 3 -2 6 -5 -4 8 11 10 -10 -1 -13 -11
right_child=1 -3 4 5 -6 -7 -8 -9 9 13 -12 12 -14 -15
leaf_value=0.062510553413403988 0.028177580902829555 -0.058611414205971879 0.068143889594838136 -0.040336133534437581 0.093208933065354091 0.055467383051692645 0.013017479341849075 0.00021337535612715207 -0.013533939067594859 0.061752464485495179 0.0075627677324060956 0.00134065237461462 -0.026832950373986045 -0.0062373158008975742
leaf_weight=122.74800704419613 312.17231385409832 93.786393702030182 157.54695600271225 400.94733214378357 94.21806925535202 54.535224437713623 1368.8058754056692 568217.81481434405 2539.4829605072737 153.38292270898819 12083.87414689362 1768.7749754935503 2504.398862183094 22190.022599458694
leaf_count=492 1253 376 632 1611 378 219 5510 2280184 10213 615 48514 7090 10040 89302
internal_value=3.41279e-05 0.0113723 0.0142373 -0.00535159 0.0235044 -0.0283878 0.0189114 -1.21305e-05 -0.00310966 -0.00193846 0.00389575 -0.0129452 -0.0151832 -0.00575687
internal_weight=612063 2482.01 2388.23 767.655 1620.57 455.483 1526.35 609580 41362.7 36966.8 14623.4 4395.92 4273.17 22343.4
internal_count=2456429 9979 9603 3083 6520 1830 6142 2446450 166266 148644 58727 17622 17130 89917
is_linear=0
shrinkage=0.05


Tree=76
num_leaves=15
num_cat=0
split_feature=5 21 42 24 28 37 40 37 10 36 25 21 42 36
split_gain=131.754 197.057 278.689 205.587 208.191 208.423 238.441 285.717 231.408 198.255 195.757 377.792 191.994 184.248
threshold=-0.001279718352576653 0.58022165494094413 0.50748033843177898 0.32277854132229383 2.8100209494064576 8.6311322961847718 0.5627567588968424 11.205409193354585 -0.012621026459619622 0.036713845076642805 -2.4999999999999996 0.60685798268762003 0.55421752175699102 0.015979812610488957
decision_type=2 2 2 2 2 2 2 2 2 2 2 2 2 2
left_child=1 -1 9 4 5 8 7 -7 -4 10 11 -3 -6 -13
right_child=-2 2 3 -5 12 6 -8 -9 -10 -11 -12 13 -14 -15
leaf_value=0.0020660282394041585 -0.00033931865894492935 -0.046331142798794529 -0.082830690921864625 -0.012125177293593969 0.072071027037808807 0.072084525236367339 0.074877283410731507 -0.069437668819642986 0.006003559382972313 -0.031309007944411729 -0.0096257936972476733 0.010640294959867102 -0.014057103017358036 0.060353766708183376
leaf_weight=119345.1694792062 480129.42735798657 201.22790312767029 71.781994834542274 931.95672838389874 260.27291294932365 57.843352645635605 223.54656735062599 77.554307833313942 1616.9530123770237 906.19940635561943 7009.9296525865793 491.64033813774586 83.655805096030235 297.89473441243172
leaf_count=479167 1926818 808 288 3738 1043 232 897 311 6482 3636 28107 1975 336 1197
internal_value=4.48241e-05 0.00144655 -0.00459671 0.00775099 0.0155054 0.00939659 0.0437171 -0.00856386 0.00199416 -0.00920596 -0.00668447 0.0140701 0.0512203 0.0296592
internal_weight=611705 131576 12230.5 3323.56 2391.61 2047.68 358.944 135.398 1688.74 8906.89 8000.69 990.763 343.929 789.535
internal_count=2455035 528217 49050 13327 9589 8210 1440 543 6770 35723 32087 3980 1379 3172
is_linear=0
shrinkage=0.05


Tree=77
num_leaves=15
num_cat=0
split_feature=40 2 4 23 22 16 44 0 12 4 14 8 43 43
split_gain=139.987 240.692 205.781 316.835 250.457 333.891 226.128 250.256 256.833 246.088 236.428 238.805 208.801 196.622
threshold=1.9792299830520665 -0.0032701294530290167 -0.0013831968086701642 0.58810120151827916 0.47419095811277651 0.0046884926912556914 1.8090406757416015 0.001011180330302943 0.034674774327983868 0.00034902270062116627 0.0012741728342823377 -0.0025186576274415485 -1.5236481787016876 0.18201007742012382
decision_type=2 2 2 2 2 2 2 2 2 2 2 2 2 2
left_child=1 -1 3 -2 -4 6 7 10 -9 -8 11 -6 -11 -12
right_child=2 -3 4 -5 5 -7 9 8 -10 12 13 -13 -14 -15
leaf_value=0.0050311753152457962 -0.044688312525089063 1.3492341860163411e-05 -0.0022475715487849704 -0.0057000779568564374 -0.09712779279331557 -0.066678338855130123 0.036556642204400989 -0.041890815677833301 0.033297174287129777 -0.058413074491977003 0.0071751769968403786 -0.0079920032391194648 0.012172067573032417 0.042591108826922512
leaf_weight=25024.907441943884 532.98139923810959 529368.02477221191 32762.775491267443 16744.86904925108 85.385374993085861 141.65223401784897 1269.3053873181343 530.58085839450359 140.10762092471123 106.59138979017735 2329.6206777244806 452.29341270029545 1726.5204095691442 466.95106136798859
leaf_count=100640 2137 2124338 131570 67195 342 569 5097 2130 562 428 9350 1815 6934 1873
internal_value=-3.13015e-06 0.00024003 -0.00235601 -0.00691535 -0.000386587 0.00802011 0.00955471 0.00169937 -0.0260538 0.0196762 0.0073126 -0.0229116 0.00791997 0.0131541
internal_weight=611683 554393 57289.6 17277.9 40011.8 7249.01 7107.36 4004.94 670.688 3102.42 3334.25 537.679 1833.11 2796.57
internal_count=2454980 2224978 230002 69332 160670 29100 28531 16072 2692 12459 13380 2157 7362 11223
is_linear=0
shrinkage=0.05


Tree=78
num_leaves=15
num_cat=0
split_feature=5 1 20 20 0 8 41 28 15 44 11 30 24 35
split_gain=131.984 177.552 300.57 237.076 289.693 294.756 294.697 229.868 226.202 338.231 209.756 242.394 282.119 277.98
threshold=-0.00049161039710793667 0.0018020939196951226 -0.81291315012376109 0.069866788390589504 -0.0044686466019731984 0.0034087490455408081 0.48492202466378348 3.997203494776111 0.0016733654337626976 1.1673254377470881 0.013687528266078415 0.25580938816369653 0.84488048970850971 -0.018508720903182976
decision_type=2 2 2 2 2 2 2 2 2 2 2 2 2 2
left_child=-1 3 -3 4 8 -6 -7 -8 9 -2 -4 12 -12 -13
right_child=1 2 10 -5 5 6 7 -9 -10 -11 11 13 -14 -15
leaf_value=0.0010047234318204046 0.035937949191382143 -0.016763715841679263 -0.0040132667751168844 -0.0014798224572445205 0.001240870218526481 0.021769361997106506 0.0054120788976592567 -0.038354815496291397 -0.0056977505527817385 -0.057214672548293481 0.048802085386132933 -0.062995504829668536 -0.056949238746663078 0.0027842177826212389
leaf_weight=227824.04059393704 119.43611244857311 3772.825470328331 37915.034537240863 157424.52455636859 158119.29368376732 3543.3206154555082 2256.3865161985159 340.89112487435341 7479.2555065453053 462.30115307867527 488.98412105441093 157.77302618324757 68.031509950757027 12099.603355810046
leaf_count=914568 480 15132 152124 631817 634443 14196 9044 1369 30075 1858 1962 633 273 48593
internal_value=5.1204e-05 -0.000514152 -0.0031577 -7.71707e-05 0.00120423 0.00165847 0.0124019 -0.000394957 -0.00804711 -0.0379463 -0.00214424 0.0033852 0.0354943 0.00191218
internal_weight=612072 384248 54502.3 329745 172321 164260 6140.6 2597.28 8060.99 581.737 50729.4 12814.4 557.016 12257.4
internal_count=2456567 1541999 218717 1323282 691465 659052 24609 10413 32413 2338 203585 51461 2235 49226
is_linear=0
shrinkage=0.05


Tree=79
num_leaves=15
num_cat=0
split_feature=46 29 4 28 44 1 44 28 42 26 22 4 45 2
split_gain=131.406 180.764 170.695 306.425 276.669 248.315 322.654 288.562 360.009 361.017 253.385 233.974 232.051 247.22
threshold=-0.47114434510950071 -10.342709198504631 -9.2472913753999947e-05 -3.1490403021092965 -1.4100401992020757 -0.00052502739268439939 -0.6030915077906126 -2.5083037192424946 0.45291817692800312 -0.32277247974085638 0.29299933064926154 0.0047111640140427543 2.0684113033346674 0.0044630361558878479
decision_type=2 2 2 2 2 2 2 2 2 2 2 2 2 2
left_child=1 -1 4 11 -3 6 -5 8 -8 -10 -9 -4 13 -12
right_child=-2 2 3 5 -6 -7 7 10 9 -11 12 -13 -14 -15
leaf_value=-0.031556170629538444 -0.00058209833669689863 0.04834470184566754 0.01801706509935809 0.015318401200309889 -0.00061998542261048261 -1.755675771774831e-05 0.020411458191403876 0.00039960167004649471 -0.038529189725870772 0.018555003317143378 0.0088941293350842856 -0.024767168643474443 -0.030256365575875722 0.037011203909718224
leaf_weight=421.54637756943703 401552.25152884424 284.33494162559509 4344.7224470227957 6340.9872112125158 99101.939690947533 67110.218095347285 547.23817849159241 17707.498819187284 1284.000610306859 349.49181474745274 11409.584385231137 340.59300267696381 348.94084489345551 835.11302845180035
leaf_count=1696 1611874 1140 17502 25427 397640 269242 2206 71062 5160 1401 45788 1371 1400 3348
internal_value=-5.17176e-05 0.000960388 0.00102641 0.00237755 -0.000477477 0.00182373 0.00500623 0.00299108 -0.0145556 -0.0262965 0.00425608 0.0148838 0.00967624 0.0108261
internal_weight=611978 210426 210005 110618 99386.3 105933 38822.9 32481.9 2180.73 1633.49 30301.1 4685.32 12593.6 12244.7
internal_count=2456257 844383 842687 443907 398780 425034 155792 130365 8767 6561 121598 18873 50536 49136
is_linear=0
shrinkage=0.05


end of trees

feature_importances:
body_frac=35
taker_ratio_8=35
ret_1=33
dist_high_96=32
ret_lag6=30
ret_96=30
vwap_dist=30
tod_cos=30
ret_32=29
ret_4=28
vol_rel_4=28
dd_atr=28
taker_delta_z=27
ret_lag2=25
ret_lag3=25
vol_ratio_8_96=25
vol_z=25
ret_lag5=24
ema200_dist=22
rsi7=22
dist_low_96=22
body=21
ret_lag8=20
vol_96=20
ema8_dist=20
bb_width=20
ret_lag7=19
atr14_pct=18
ema8_20=18
tod_sin=18
vwap_dist_atr=18
lower_wick_frac=17
ema50_dist=17
vol_8=16
range_atr=16
bb_pos=16
trades_z=16
ret_8=15
upper_wick_frac=15
dow_sin=15
ret_lag4=14
macd_hist=14
taker_ratio=14
p_pos=14
vol_16=13
ema20_dist=13
rsi14=13
macd=12
vol_48=11
close_pos=11
du_atr=11
up_streak=10
p_hi_atr=10
ret_16=9
taker_all=7
k_sec=6
dow_cos=5
p_range_atr=5
p_ret_atr=4
p_lo_atr=4

parameters:
[boosting: gbdt]
[objective: binary]
[metric: binary_logloss]
[tree_learner: serial]
[device_type: cpu]
[data_sample_strategy: bagging]
[data: ]
[valid: ]
[num_iterations: 80]
[learning_rate: 0.05]
[num_leaves: 15]
[num_threads: 0]
[seed: 42]
[deterministic: 0]
[force_col_wise: 0]
[force_row_wise: 0]
[histogram_pool_size: -1]
[max_depth: -1]
[min_data_in_leaf: 200]
[min_sum_hessian_in_leaf: 0.001]
[bagging_fraction: 0.8]
[pos_bagging_fraction: 1]
[neg_bagging_fraction: 1]
[bagging_freq: 1]
[bagging_seed: 400]
[bagging_by_query: 0]
[feature_fraction: 0.7]
[feature_fraction_bynode: 1]
[feature_fraction_seed: 30056]
[extra_trees: 0]
[extra_seed: 12879]
[early_stopping_round: 0]
[early_stopping_min_delta: 0]
[first_metric_only: 0]
[max_delta_step: 0]
[lambda_l1: 0]
[lambda_l2: 5]
[linear_lambda: 0]
[min_gain_to_split: 0]
[drop_rate: 0.1]
[max_drop: 50]
[skip_drop: 0.5]
[xgboost_dart_mode: 0]
[uniform_drop: 0]
[drop_seed: 17869]
[top_rate: 0.2]
[other_rate: 0.1]
[min_data_per_group: 100]
[max_cat_threshold: 32]
[cat_l2: 10]
[cat_smooth: 10]
[max_cat_to_onehot: 4]
[top_k: 20]
[monotone_constraints: ]
[monotone_constraints_method: basic]
[monotone_penalty: 0]
[feature_contri: ]
[forcedsplits_filename: ]
[refit_decay_rate: 0.9]
[cegb_tradeoff: 1]
[cegb_penalty_split: 0]
[cegb_penalty_feature_lazy: ]
[cegb_penalty_feature_coupled: ]
[path_smooth: 0]
[interaction_constraints: ]
[verbosity: -1]
[saved_feature_importance_type: 0]
[use_quantized_grad: 0]
[num_grad_quant_bins: 4]
[quant_train_renew_leaf: 0]
[stochastic_rounding: 1]
[linear_tree: 0]
[max_bin: 255]
[max_bin_by_feature: ]
[min_data_in_bin: 3]
[bin_construct_sample_cnt: 200000]
[data_random_seed: 175]
[is_enable_sparse: 1]
[enable_bundle: 1]
[use_missing: 1]
[zero_as_missing: 0]
[feature_pre_filter: 1]
[pre_partition: 0]
[two_round: 0]
[header: 0]
[label_column: ]
[weight_column: ]
[group_column: ]
[ignore_column: ]
[categorical_feature: ]
[forcedbins_filename: ]
[precise_float_parser: 0]
[parser_config_file: ]
[objective_seed: 16083]
[num_class: 1]
[is_unbalance: 0]
[scale_pos_weight: 1]
[sigmoid: 1]
[boost_from_average: 1]
[reg_sqrt: 0]
[alpha: 0.9]
[fair_c: 1]
[poisson_max_delta_step: 0.7]
[tweedie_variance_power: 1.5]
[lambdarank_truncation_level: 30]
[lambdarank_norm: 1]
[label_gain: ]
[lambdarank_position_bias_regularization: 0]
[eval_at: ]
[multi_error_top_k: 1]
[auc_mu_weights: ]
[num_machines: 1]
[local_listen_port: 12400]
[time_out: 120]
[machine_list_filename: ]
[machines: ]
[gpu_platform_id: -1]
[gpu_device_id: -1]
[gpu_device_id_list: ]
[gpu_use_dp: 0]
[num_gpu: 1]

end of parameters

pandas_categorical:[]
