tree
version=v4
num_class=1
num_tree_per_iteration=1
label_index=0
max_feature_idx=51
objective=regression
feature_names=Column_0 Column_1 Column_2 Column_3 Column_4 Column_5 Column_6 Column_7 Column_8 Column_9 Column_10 Column_11 Column_12 Column_13 Column_14 Column_15 Column_16 Column_17 Column_18 Column_19 Column_20 Column_21 Column_22 Column_23 Column_24 Column_25 Column_26 Column_27 Column_28 Column_29 Column_30 Column_31 Column_32 Column_33 Column_34 Column_35 Column_36 Column_37 Column_38 Column_39 Column_40 Column_41 Column_42 Column_43 Column_44 Column_45 Column_46 Column_47 Column_48 Column_49 Column_50 Column_51
feature_infos=[-0.045888062566518784:0.053934205323457718] [-0.045888062566518784:0.053934205323457718] [-0.045888062566518784:0.053934205323457718] [-0.045888062566518784:0.053934205323457718] [-0.045888062566518784:0.048971254378557205] [-0.045888062566518784:0.053934205323457718] [-0.045888062566518784:0.053934205323457718] [-0.043302275240421295:0.053934205323457718] [-0.076715938746929169:0.071785323321819305] [-0.082859739661216736:0.087582550942897797] [-0.090700462460517883:0.10043580830097198] [-0.16266047954559326:0.11889712512493134] [-0.20379443466663361:0.15377224981784821] [8.3329476183280349e-05:0.023781970143318176] [0.00012792929192073643:0.016511030495166779] [0.00027925011818297207:0.012957279570400715] [0.00033116366830654442:0.011426554061472416] [0.088527001440525055:3.4882683753967285] [0.00028491581906564534:0.021207313984632492] [-5.1069278717041016:8.3512458801269531] [-1:1] [0:1] [0:1] [0.00014748801186215132:9.4185190200805664] [0:1] [-16:11] [-5.0554704666137695:6.9891939163208008] [-7.3450660705566406:8.3963851928710938] [-9.0379791259765625:9.8256654739379883] [-14.349045753479004:16.592092514038086] [-2.8767337799072266:2.7178108692169189] [-2.910452127456665:2.4576601982116699] [-1.0271532535552979:0.96837311983108521] [1.2169061899185181:98.14794921875] [6.9041862487792969:92.680717468261719] [-2.0057206153869629:2.0927350521087646] [0.00069296697620302439:0.15624292194843292] [0:38.635211944580078] [0:37.325019836425781] [-1.9112738370895386:9.4573192596435547] [0.094244390726089478:11.576259613037109] [0.077219322323799133:0.94288003444671631] [0.22823834419250488:0.74268853664398193] [-5.1874003410339355:6.6301960945129395] [-2.2623705863952637:9.3168706893920898] [-5.0926680564880371:6.8926892280578613] [-1:1] [-1:1] [-0.97492790222167969:0.97492790222167969] [-0.90096884965896606:1] [-1:1] [-1:1]
tree_sizes=882 877 877 889 864 875 857 889 878 878 872 878 881 889 877 877 866 888 873 881 866 877 881 888 872 880 881 860 860 871 890 874 859 872 873 882 875 890 883 889 893 891 862 894 864 879 877 863 871 884 871 880 893 894 881 891 890 876 860 871 893 868 865 893 863 854 864 867 894 860 880 860 890 854 873 857 889 861 871 897 887 857 887 896 866 893 858 858 869 875 846 869 880 845 872 857 857 868 861 876 862 859 875 863 869 860 875 867 861 863 862 866 869 867 864 870 862 864 880 855 861 860 881 874 863 867 865 872 862 872 864 867 859 861 859 858 863 866 851 868 858 891 863 858 853 869 865 856 859 860 865 859 866 855 872 864 865 862 861 860 850 866 854 856 848 863 863 854 863 866 867 852 861 867 857 858 868 860 864 879 868 858 869 869 871 875 867 862 873 874 866 861 874 863 866 853 870 857 857 861

Tree=0
num_leaves=7
num_cat=0
split_feature=50 50 36 8 23 8
split_gain=0.000816023 0.00244527 5.90472e-05 3.94232e-05 3.49824e-05 2.74804e-05
threshold=1.0000000180025095e-35 -1.0000000180025095e-35 0.04646416753530503 -0.0091009587049484236 2.3000432252883916 -0.0052991921547800294
decision_type=2 2 2 2 2 2
left_child=1 2 3 -1 -2 -3
right_child=4 5 -4 -5 -6 -7
leaf_value=-0.00064405398759720997 -0.00063958919575864343 -0.0006291066346827245 -0.00063405295684083711 -0.00063949244793276789 -0.00063529039383130453 -0.00063137036061798124
leaf_weight=4846 172957 14909 4857 168108 4838 162906
leaf_count=4846 172957 14909 4857 168108 4838 162906
internal_value=-0.000636707 -0.000635324 -0.00063947 -0.000639622 -0.000639472 -0.000631178
internal_weight=533421 355626 177811 172954 177795 177815
internal_count=533421 355626 177811 172954 177795 177815
is_linear=0
shrinkage=1


Tree=1
num_leaves=7
num_cat=0
split_feature=51 51 24 24 15 9
split_gain=0.00286394 0.0006671 0.000544312 0.000519119 0.000431433 0.000424417
threshold=1.0000000180025095e-35 -1.0000000180025095e-35 0.32963484525680548 0.32963484525680548 0.0045927097089588651 0.012307506985962393
decision_type=2 2 2 2 2 2
left_child=1 2 4 -2 -1 -4
right_child=3 -3 5 -5 -6 -7
leaf_value=-2.3529027209497671e-06 -1.5407478644172089e-06 4.7629620891790517e-06 3.1323359937139625e-06 -7.182558054304949e-06 -2.1381421116948025e-05 -1.1665138860275445e-05
leaf_weight=59983 63318 177417 109738 114628 3086 5021
leaf_count=59983 63318 177417 109738 114628 3086 5021
internal_value=7.27868e-10 2.59419e-06 4.29705e-07 -5.17605e-06 -3.30018e-06 2.48011e-06
internal_weight=533191 355245 177828 177946 63069 114759
internal_count=533191 355245 177828 177946 63069 114759
is_linear=0
shrinkage=0.05


Tree=2
num_leaves=7
num_cat=0
split_feature=51 24 12 51 12 32
split_gain=0.00311709 0.000510324 0.000733557 0.000504164 0.000468227 0.000501937
threshold=1.0000000180025095e-35 0.47416974604129797 -0.045884197577834122 -1.0000000180025095e-35 -0.040409395471215241 -0.045997275039553635
decision_type=2 2 2 2 2 2
left_child=3 2 -2 4 5 -1
right_child=1 -3 -4 -5 -6 -7
leaf_value=-2.6962513637934652e-05 2.1325393791155879e-05 -7.9565166475645821e-06 -3.5030890661782948e-06 4.5593028294815794e-06 1.3417206145280239e-06 -9.5651563219098139e-07
leaf_weight=3013 3039 94077 80895 177667 170151 4716
leaf_count=3013 3039 94077 80895 177667 170151 4716
internal_value=-2.83421e-08 -5.42851e-06 -2.59196e-06 2.67573e-06 7.93667e-07 -1.12026e-05
internal_weight=533558 178011 83934 355547 177880 7729
internal_count=533558 178011 83934 355547 177880 7729
is_linear=0
shrinkage=0.05


Tree=3
num_leaves=7
num_cat=0
split_feature=51 50 50 50 51 51
split_gain=0.00253488 0.0229196 0.0189103 0.00683056 0.00486273 0.000402707
threshold=1.0000000180025095e-35 1.0000000180025095e-35 1.0000000180025095e-35 -1.0000000180025095e-35 -1.0000000180025095e-35 -1.0000000180025095e-35
decision_type=2 2 2 2 2 2
left_child=2 3 5 -2 -4 -1
right_child=1 -3 4 -5 -6 -7
leaf_value=1.253062701184877e-05 -2.9732355332255728e-05 2.0350544264124756e-05 -2.4176891203584055e-05 -5.7116689610618523e-06 -3.888356088643058e-06 8.3976125076892566e-06
leaf_weight=118462 59077 59361 58951 59314 59180 118472
leaf_count=118462 59077 59361 58951 59314 59180 118472
internal_value=-1.20936e-07 -4.99435e-06 2.31915e-06 -1.77055e-05 -1.40189e-05 1.04662e-05
internal_weight=532817 177752 355065 118391 118131 236934
internal_count=532817 177752 355065 118391 118131 236934
is_linear=0
shrinkage=0.05


Tree=4
num_leaves=7
num_cat=0
split_feature=14 9 7 44 10 34
split_gain=7.22378e-05 0.000101305 3.63233e-05 2.14291e-05 1.99354e-05 2.41961e-05
threshold=0.0064909183420240888 -0.0086302100680768472 -0.0068908939138054839 4.1365282535552987 -0.015746981836855408 29.370889663696293
decision_type=2 2 2 2 2 2
left_child=2 -2 -1 4 5 -4
right_child=1 -3 3 -5 -6 -7
leaf_value=-4.3809351908249286e-06 1.184477660539872e-05 4.4389397451957229e-07 -5.3553054006409925e-07 -3.0120943292115588e-06 -7.8668290182771121e-08 3.0696049392126032e-06
leaf_weight=4842 3004 5394 7963 5994 494344 11107
leaf_count=4842 3004 5394 7963 5994 494344 11107
internal_value=-1.87402e-08 4.56801e-06 -9.26443e-08 -5.22503e-08 -1.74048e-08 1.56676e-06
internal_weight=532648 8398 524250 519408 513414 19070
internal_count=532648 8398 524250 519408 513414 19070
is_linear=0
shrinkage=0.05


Tree=5
num_leaves=7
num_cat=0
split_feature=50 50 45 9 2 2
split_gain=0.000656009 0.0019518 2.76367e-05 2.89327e-05 4.37589e-05 3.30775e-05
threshold=1.0000000180025095e-35 -1.0000000180025095e-35 -2.4557723999023433 -0.0096756918355822546 -0.0013477264437824486 0.0051723639480769643
decision_type=2 2 2 2 2 2
left_child=1 2 -1 4 -4 -5
right_child=-2 -3 3 5 -6 -7
leaf_value=1.8856308737441575e-06 -2.4429372495959218e-06 4.9809368076629441e-06 -1.8295640263028784e-06 -2.4857860870598459e-06 -9.4779860734812243e-06 2.2676419626672278e-06
leaf_weight=3604 177654 177785 3885 162913 3610 3707
leaf_count=3604 177654 177785 3885 162913 3610 3707
internal_value=3.76868e-08 1.27748e-06 -2.4277e-06 -2.5175e-06 -5.55186e-06 -2.37938e-06
internal_weight=533158 355504 177719 174115 7495 166620
internal_count=533158 355504 177719 174115 7495 166620
is_linear=0
shrinkage=0.05


Tree=6
num_leaves=7
num_cat=0
split_feature=8 11 8 42 36 17
split_gain=3.52906e-05 2.30244e-05 1.84972e-05 2.87288e-05 1.78788e-05 2.42923e-05
threshold=-0.016596012748777863 0.021985610947012905 0.010392804630100729 0.50944733619689953 0.04646416753530503 1.1932053565979006
decision_type=2 2 2 2 2 2
left_child=-1 2 4 -4 -2 -6
right_child=1 -3 3 -5 5 -7
leaf_value=-4.5833282421720133e-06 -1.9816903263451584e-07 1.2970871609334736e-06 6.9681339887273346e-07 -5.2753056373836112e-06 5.5812624325334846e-06 -3.2173426428797195e-07
leaf_weight=4425 486309 26983 3666 4390 3124 3854
leaf_count=4425 486309 26983 3666 4390 3124 3854
internal_value=-1.6179e-07 -1.24327e-07 -2.00951e-07 -2.57007e-06 -1.62004e-07 2.3419e-06
internal_weight=532751 528326 501343 8056 493287 6978
internal_count=532751 528326 501343 8056 493287 6978
is_linear=0
shrinkage=0.05


Tree=7
num_leaves=7
num_cat=0
split_feature=51 50 50 50 51 51
split_gain=0.00239884 0.0201533 0.0171132 0.00610353 0.00444129 0.000416741
threshold=1.0000000180025095e-35 1.0000000180025095e-35 1.0000000180025095e-35 -1.0000000180025095e-35 -1.0000000180025095e-35 -1.0000000180025095e-35
decision_type=2 2 2 2 2 2
left_child=2 3 5 -2 -4 -1
right_child=1 -3 4 -5 -6 -7
leaf_value=1.214498428048201e-05 -2.8040447415269177e-05 1.893886258924354e-05 -2.2930700205494212e-05 -5.3398588958607422e-06 -3.5643993390532042e-06 7.9435375986153708e-06
leaf_weight=118699 59407 59420 59017 59045 59395 118430
leaf_count=118699 59407 59420 59017 59045 59395 118430
internal_value=-7.39395e-08 -4.81371e-06 2.29764e-06 -1.67319e-05 -1.32222e-05 1.00488e-05
internal_weight=533413 177872 355541 118452 118412 237129
internal_count=533413 177872 355541 118452 118412 237129
is_linear=0
shrinkage=0.05


Tree=8
num_leaves=7
num_cat=0
split_feature=51 11 24 51 24 12
split_gain=0.00202304 0.00048051 0.00040297 0.000363325 0.000527809 0.000393801
threshold=1.0000000180025095e-35 -0.033134549856185906 0.32963484525680548 -1.0000000180025095e-35 0.23478891700506213 -0.031774045899510377
decision_type=2 2 2 2 2 2
left_child=3 -2 -3 4 5 -1
right_child=1 2 -4 -5 -6 -7
leaf_value=-1.9236799303187975e-05 1.3910765985503413e-05 -1.3774157846960953e-06 -6.4146614017137487e-06 3.8801322450356553e-06 2.347870401212898e-06 -2.4527215083058072e-06
leaf_weight=3744 3518 61481 112208 177368 129421 44673
leaf_count=3744 3518 61481 112208 177368 129421 44673
internal_value=1.02339e-07 -4.26058e-06 -4.63253e-06 2.27923e-06 6.8191e-07 -3.76911e-06
internal_weight=532413 177207 173689 355206 177838 48417
internal_count=532413 177207 173689 355206 177838 48417
is_linear=0
shrinkage=0.05


Tree=9
num_leaves=7
num_cat=0
split_feature=50 50 14 15 13 15
split_gain=0.000571868 0.00157888 4.60062e-05 3.48567e-05 2.44942e-05 4.19074e-05
threshold=-1.0000000180025095e-35 1.0000000180025095e-35 0.0050680900458246478 0.0047926632687449464 0.0031287161400541668 0.0050186521839350471
decision_type=2 2 2 2 2 2
left_child=4 -2 -3 -4 -1 -6
right_child=1 2 3 -5 5 -7
leaf_value=-2.0556042399290025e-06 4.4926155236944362e-06 -2.3339000250898784e-06 5.3940458641477368e-06 -1.5540034928862339e-06 -4.4764204208604338e-06 8.2261916589446714e-07
leaf_weight=149328 177693 170813 3386 3767 24076 4397
leaf_count=149328 177693 170813 3386 3767 24076 4397
internal_value=1.7884e-09 1.15925e-06 -2.16933e-06 1.74959e-06 -2.31318e-06 -3.6581e-06
internal_weight=533460 355659 177966 7153 177801 28473
internal_count=533460 355659 177966 7153 177801 28473
is_linear=0
shrinkage=0.05


Tree=10
num_leaves=7
num_cat=0
split_feature=50 50 13 8 13 21
split_gain=0.000595183 0.00155238 7.35766e-05 5.41517e-05 4.0486e-05 4.21882e-05
threshold=-1.0000000180025095e-35 1.0000000180025095e-35 0.005738164298236371 0.010392804630100729 0.0047226985916495332 0.10211584717035295
decision_type=2 2 2 2 2 2
left_child=2 4 3 -1 -2 -6
right_child=1 -3 -4 -5 5 -7
leaf_value=-2.3367483034406295e-06 4.2691034621866848e-06 -2.152218132397458e-06 -8.3696169225691355e-06 4.274096696865473e-06 1.2221277890956068e-05 5.2043831058653218e-06
leaf_weight=170002 167991 177843 4957 3111 3252 6544
leaf_count=170002 167991 177843 4957 3111 3252 6544
internal_value=-3.10496e-08 1.15045e-06 -2.39033e-06 -2.21675e-06 4.45384e-06 7.58403e-06
internal_weight=533700 355630 178070 173113 177787 9796
internal_count=533700 355630 178070 173113 177787 9796
is_linear=0
shrinkage=0.05


Tree=11
num_leaves=7
num_cat=0
split_feature=51 51 22 18 24 9
split_gain=0.00176743 0.000439787 0.000487598 0.00046514 0.000414962 0.000436027
threshold=1.0000000180025095e-35 -1.0000000180025095e-35 0.36079666018486029 0.0069406139664351949 0.47416974604129797 0.012307506985962393
decision_type=2 2 2 2 2 2
left_child=1 2 3 -1 -2 -6
right_child=4 -3 -4 -5 5 -7
leaf_value=-8.5297917254031413e-07 -1.5955844253917214e-06 3.7110889480685475e-06 4.2334592866039676e-06 -1.5777814461672348e-05 -7.1941266502061113e-06 8.9104270845603469e-06
leaf_weight=119660 83719 177785 52535 5409 89392 4369
leaf_count=119660 83719 177785 52535 5409 89392 4369
internal_value=-8.14489e-08 1.95346e-06 1.93495e-07 -1.5045e-06 -4.15559e-06 -6.43935e-06
internal_weight=532869 355389 177604 125069 177480 93761
internal_count=532869 355389 177604 125069 177480 93761
is_linear=0
shrinkage=0.05


Tree=12
num_leaves=7
num_cat=0
split_feature=51 21 40 51 21 18
split_gain=0.00168492 0.00054868 0.000334906 0.000305695 0.000611871 0.000485844
threshold=1.0000000180025095e-35 0.28581163287162786 2.0028586387634282 -1.0000000180025095e-35 0.28581163287162786 0.0069406139664351949
decision_type=2 2 2 2 2 2
left_child=3 2 -2 4 -1 -6
right_child=1 -3 -4 -5 5 -7
leaf_value=2.8106390139085985e-06 -5.1869764202307454e-06 -3.0810666081180657e-07 -1.4666029260495988e-05 3.4976003168726947e-06 -2.3124556535950579e-06 -2.2738632917005574e-05
leaf_weight=112127 101735 65856 10232 177605 62768 3004
leaf_count=112127 101735 65856 10232 177605 62768 3004
internal_value=4.29134e-08 -3.9301e-06 -6.05937e-06 2.03049e-06 5.65226e-07 -3.26194e-06
internal_weight=533327 177823 111967 355504 177899 65772
internal_count=533327 177823 111967 355504 177899 65772
is_linear=0
shrinkage=0.05


Tree=13
num_leaves=7
num_cat=0
split_feature=51 50 50 50 51 51
split_gain=0.0015011 0.0191622 0.014849 0.00520797 0.00371875 0.000484797
threshold=1.0000000180025095e-35 1.0000000180025095e-35 1.0000000180025095e-35 -1.0000000180025095e-35 -1.0000000180025095e-35 -1.0000000180025095e-35
decision_type=2 2 2 2 2 2
left_child=2 3 5 -2 -4 -1
right_child=1 -3 4 -5 -6 -7
leaf_value=1.1351410929236174e-05 -2.5840619890113107e-05 1.9417004871317248e-05 -2.1453719129265145e-05 -4.8683677457293945e-06 -3.7245100236046165e-06 6.8227928134064507e-06
leaf_weight=118567 59301 59367 59154 59114 59156 118528
leaf_count=118567 59301 59367 59154 59114 59156 118528
internal_value=-5.91567e-09 -3.75635e-06 1.8704e-06 -1.53775e-05 -1.25943e-05 9.08939e-06
internal_weight=533187 177782 355405 118415 118310 237095
internal_count=533187 177782 355405 118415 118310 237095
is_linear=0
shrinkage=0.05


Tree=14
num_leaves=7
num_cat=0
split_feature=50 50 15 3 13 43
split_gain=0.000397963 0.00110949 2.59904e-05 2.55665e-05 2.60955e-05 5.26412e-05
threshold=1.0000000180025095e-35 -1.0000000180025095e-35 0.0057294804137200126 0.0051036293152719745 0.004506447585299612 -0.090640980750322328
decision_type=2 2 2 2 2 2
left_child=1 2 -1 4 -2 -6
right_child=3 -3 -4 -5 5 -7
leaf_value=-1.7980169166637466e-06 -1.7655304824979769e-06 3.8721657236923989e-06 2.4924269583598592e-06 2.0107647567833326e-06 9.1312270465651203e-07 -7.121965014010123e-06
leaf_weight=174328 163995 177889 3561 4217 3013 6185
leaf_count=174328 163995 177889 3561 4217 3013 6185
internal_value=1.15933e-07 1.08051e-06 -1.71145e-06 -1.81818e-06 -1.91197e-06 -4.4992e-06
internal_weight=533188 355778 177889 177410 173193 9198
internal_count=533188 355778 177889 177410 173193 9198
is_linear=0
shrinkage=0.05


Tree=15
num_leaves=7
num_cat=0
split_feature=50 50 13 26 26 12
split_gain=0.000406195 0.00117272 7.9885e-05 3.92873e-05 3.82287e-05 6.02972e-05
threshold=-1.0000000180025095e-35 1.0000000180025095e-35 0.0060010338202118882 -1.7187013626098631 -1.0468426346778867 -0.013104421552270649
decision_type=2 2 2 2 2 2
left_child=2 3 -1 -2 5 -3
right_child=1 4 -4 -5 -6 -7
leaf_value=-2.0766082651213514e-06 9.0456725930897885e-06 -8.4802314777937777e-06 4.8334930842654418e-06 3.7744004390977487e-06 -1.6446975525029198e-06 -1.6372619215417062e-06
leaf_weight=173175 3586 5395 4240 174710 164522 7951
leaf_count=173175 3586 5395 4240 174710 164522 7951
internal_value=4.41763e-08 1.01781e-06 -1.91015e-06 3.88293e-06 -1.85448e-06 -4.4248e-06
internal_weight=533579 356164 177415 178296 177868 13346
internal_count=533579 356164 177415 178296 177868 13346
is_linear=0
shrinkage=0.05


Tree=16
num_leaves=7
num_cat=0
split_feature=40 37 10 9 5 14
split_gain=7.92681e-05 1.89456e-05 3.77142e-05 2.97686e-05 3.92712e-05 1.55443e-05
threshold=4.5543944835662851 7.6101131439208993 -0.023628789931535717 -0.014140718616545199 -0.0013497448526322839 0.0064909183420240888
decision_type=2 2 2 2 2 2
left_child=1 3 -3 4 -1 -5
right_child=-2 2 -4 5 -6 -7
leaf_value=6.566970596761367e-06 -7.0120425137008837e-06 -4.4655767747294791e-06 -3.3686233735526295e-07 1.5074331876312947e-07 -8.4555160157810177e-07 -2.752091080393535e-06
leaf_weight=4060 4004 5745 121824 390112 3143 4617
leaf_count=4060 4004 5745 121824 390112 3143 4617
internal_value=-4.70409e-08 6.28444e-09 -5.24473e-07 1.74786e-07 3.34901e-06 1.16446e-07
internal_weight=533505 529501 127569 401932 7203 394729
internal_count=533505 529501 127569 401932 7203 394729
is_linear=0
shrinkage=0.05


Tree=17
num_leaves=7
num_cat=0
split_feature=51 50 50 50 51 51
split_gain=0.00127158 0.0173037 0.0135597 0.00445463 0.00357514 0.000489859
threshold=1.0000000180025095e-35 1.0000000180025095e-35 1.0000000180025095e-35 -1.0000000180025095e-35 -1.0000000180025095e-35 -1.0000000180025095e-35
decision_type=2 2 2 2 2 2
left_child=2 3 5 -2 -4 -1
right_child=1 -3 4 -5 -6 -7
leaf_value=1.0949104696159921e-05 -2.4137897853827852e-05 1.8641044635217143e-05 -2.0694222148885284e-05 -4.7460009687443125e-06 -3.3520814472399727e-06 6.4040441315676689e-06
leaf_weight=118825 59113 59327 59251 59358 59620 118937
leaf_count=118825 59113 59327 59251 59358 59620 118937
internal_value=6.2106e-08 -3.3915e-06 1.78412e-06 -1.4428e-05 -1.20013e-05 8.67733e-06
internal_weight=534431 177798 356633 118471 118871 237762
internal_count=534431 177798 356633 118471 118871 237762
is_linear=0
shrinkage=0.05


Tree=18
num_leaves=7
num_cat=0
split_feature=51 18 25 36 10 17
split_gain=0.00108595 0.00099362 0.00027054 0.000240616 0.000198423 0.000334038
threshold=1.0000000180025095e-35 0.0080037061125040072 -2.4999999999999996 0.060126872733235366 -0.0068876557052135459 1.6119992136955263
decision_type=2 2 2 2 2 2
left_child=3 2 -2 -1 5 -4
right_child=1 -3 4 -5 -6 -7
leaf_value=1.9066119923901607e-06 2.0827246434993294e-06 2.0883902665350757e-05 -5.9557456524557804e-06 -1.0013839947607392e-05 -3.6049165630091404e-06 -2.3102885976894182e-05
leaf_weight=351589 18630 4194 16264 4236 135251 3409
leaf_count=351589 18630 4194 16264 4236 135251 3409
internal_value=1.69094e-07 -3.0219e-06 -3.60544e-06 1.76332e-06 -4.2899e-06 -8.97809e-06
internal_weight=533573 177748 173554 355825 154924 19673
internal_count=533573 177748 173554 355825 154924 19673
is_linear=0
shrinkage=0.05


Tree=19
num_leaves=7
num_cat=0
split_feature=51 21 16 51 12 21
split_gain=0.00115449 0.000507964 0.000470614 0.000311076 0.000603735 0.000338759
threshold=1.0000000180025095e-35 0.28581163287162786 0.0046407543122768411 -1.0000000180025095e-35 -0.045884197577834122 0.36560198664665228
decision_type=2 2 2 2 2 2
left_child=3 -2 -3 4 -1 -6
right_child=1 2 -4 -5 5 -7
leaf_value=-1.594368199969672e-05 -5.5310589361544408e-06 -9.2359969379001808e-07 1.9166131988038103e-05 2.9278159215277919e-06 1.8458153311334083e-06 -3.152224107700708e-06
leaf_weight=5716 112064 62341 3008 177730 126182 46302
leaf_count=5716 112064 62341 3008 177730 126182 46302
internal_value=-1.94338e-07 -3.48875e-06 1.50724e-08 1.44802e-06 -2.82872e-08 5.03605e-07
internal_weight=533343 177413 65349 355930 178200 172484
internal_count=533343 177413 65349 355930 178200 172484
is_linear=0
shrinkage=0.05


Tree=20
num_leaves=7
num_cat=0
split_feature=50 50 44 5 36 16
split_gain=0.00032692 0.00087654 4.07778e-05 2.78319e-05 3.21531e-05 2.79033e-05
threshold=-1.0000000180025095e-35 1.0000000180025095e-35 3.2351148128509526 0.0039139629807323226 0.028707017190754417 0.004931855946779252
decision_type=2 2 2 2 2 2
left_child=2 3 -1 5 -5 -2
right_child=1 -3 -4 4 -6 -7
leaf_value=-1.60461027249616e-06 3.3718102555549642e-06 -1.573895946173467e-06 -6.656898406095758e-06 3.69016610794123e-06 1.0343406516565133e-05 -3.3829946671084432e-07
leaf_weight=173431 164406 177864 4044 4711 3005 5220
leaf_count=173431 164406 177864 4044 4711 3005 5220
internal_value=3.05196e-08 9.06055e-07 -1.72158e-06 3.39305e-06 6.33119e-06 3.25757e-06
internal_weight=532681 355206 177475 177342 7716 169626
internal_count=532681 355206 177475 177342 7716 169626
is_linear=0
shrinkage=0.05


Tree=21
num_leaves=7
num_cat=0
split_feature=50 50 45 36 18 0
split_gain=0.000284557 0.000751806 3.05519e-05 2.85257e-05 3.8414e-05 3.62958e-05
threshold=1.0000000180025095e-35 -1.0000000180025095e-35 -2.4557723999023433 0.04646416753530503 0.0063839200884103784 -9.5186958787962781e-05
decision_type=2 2 2 2 2 2
left_child=1 -1 -3 4 -4 -6
right_child=-2 2 3 -5 5 -7
leaf_value=-1.4875191035250206e-06 -1.6380376182218524e-06 -1.4295380251755853e-06 3.2549191359398369e-06 7.1363637640549642e-06 -4.2462012096085065e-06 2.9144622901649974e-06
leaf_weight=177751 177779 3604 162701 4474 3354 3637
leaf_count=177751 177779 3604 162701 4474 3354 3637
internal_value=-5.02241e-09 8.11686e-07 3.11042e-06 3.20474e-06 3.09901e-06 -5.26693e-07
internal_weight=533300 355521 177770 174166 169692 6991
internal_count=533300 355521 177770 174166 169692 6991
is_linear=0
shrinkage=0.05


Tree=22
num_leaves=7
num_cat=0
split_feature=50 50 8 8 17 0
split_gain=0.000283238 0.000660037 3.13915e-05 3.09391e-05 2.68115e-05 2.59225e-05
threshold=1.0000000180025095e-35 -1.0000000180025095e-35 -0.011394406668841837 -0.0077596402261406175 1.958817780017853 -0.0050742456223815671
decision_type=2 2 2 2 2 2
left_child=1 2 -1 -4 5 -3
right_child=-2 4 3 -5 -6 -7
leaf_value=-6.1037944690387112e-06 -1.8115369563644911e-06 7.0942768266279534e-06 2.7971661928055794e-06 -1.5312703937360245e-06 -4.7537619248676936e-07 2.8098081719561857e-06
leaf_weight=3618 177802 3580 4187 169781 6074 168141
leaf_count=3618 177802 3580 4187 169781 6074 168141
internal_value=-1.82574e-07 6.32559e-07 -1.52331e-06 -1.42632e-06 2.78571e-06 2.90117e-06
internal_weight=533183 355381 177586 173968 177795 171721
internal_count=533183 355381 177586 173968 177795 171721
is_linear=0
shrinkage=0.05


Tree=23
num_leaves=7
num_cat=0
split_feature=51 50 50 50 51 51
split_gain=0.00107793 0.0157555 0.0118206 0.00382054 0.00307211 0.000528964
threshold=1.0000000180025095e-35 1.0000000180025095e-35 1.0000000180025095e-35 -1.0000000180025095e-35 -1.0000000180025095e-35 -1.0000000180025095e-35
decision_type=2 2 2 2 2 2
left_child=2 3 5 -2 -4 -1
right_child=1 -3 4 -5 -6 -7
leaf_value=1.048353216534326e-05 -2.2602469313045442e-05 1.7918561005424587e-05 -1.9257237028093956e-05 -4.6427086418858956e-06 -3.1628659343823656e-06 5.7561612629952073e-06
leaf_weight=118485 59220 59384 59266 59242 59332 118699
leaf_count=118485 59220 59384 59266 59242 59332 118699
internal_value=8.6517e-08 -3.09142e-06 1.6753e-06 -1.36267e-05 -1.12103e-05 8.11943e-06
internal_weight=533628 177846 355782 118462 118598 237184
internal_count=533628 177846 355782 118462 118598 237184
is_linear=0
shrinkage=0.05


Tree=24
num_leaves=7
num_cat=0
split_feature=51 21 40 15 1 2
split_gain=0.000920063 0.000373955 0.000377774 0.000336396 0.000336373 0.000303152
threshold=1.0000000180025095e-35 0.33270996809005743 2.2020229101181035 0.0043649170547723779 4.9786478484747938e-05 -0.00051507694297470142
decision_type=2 2 2 2 2 2
left_child=-1 2 4 -3 -2 -4
right_child=1 3 5 -5 -6 -7
leaf_value=1.5003184166700619e-06 -1.0236695803690857e-06 -4.8567879783400507e-07 -4.1943984988390711e-06 1.562809060661122e-05 -6.4612180901686708e-06 -2.270855816931122e-05
leaf_weight=355508 58745 51300 4081 3407 55127 4847
leaf_count=355508 58745 51300 4081 3407 55127 4847
internal_value=3.24703e-08 -2.90691e-06 -4.43816e-06 5.31196e-07 -3.65774e-06 -1.43162e-05
internal_weight=533015 177507 122800 54707 113872 8928
internal_count=533015 177507 122800 54707 113872 8928
is_linear=0
shrinkage=0.05


Tree=25
num_leaves=7
num_cat=0
split_feature=50 50 18 0 0 6
split_gain=0.000182218 0.000438473 8.10053e-05 4.04158e-05 3.56952e-05 4.90432e-05
threshold=1.0000000180025095e-35 -1.0000000180025095e-35 0.0083853998221457022 -0.0055146275553852311 0.0030432960484176878 0.0016143427928909662
decision_type=2 2 2 2 2 2
left_child=1 4 -3 -2 -1 -6
right_child=3 2 -4 -5 5 -7
leaf_value=-9.048175210619265e-07 3.9464577210273021e-06 2.5641655425095213e-06 -5.0591938552060933e-06 -1.4124236089959493e-06 -1.7947401045800797e-06 -8.8875008770252091e-06
leaf_weight=164793 3544 174152 3511 174125 9330 3267
leaf_count=164793 3544 174152 3511 174125 9330 3267
internal_value=2.57958e-09 6.5671e-07 2.41213e-06 -1.30445e-06 -1.1016e-06 -3.66209e-06
internal_weight=532722 355053 177663 177669 177390 12597
internal_count=532722 355053 177663 177669 177390 12597
is_linear=0
shrinkage=0.05


Tree=26
num_leaves=7
num_cat=0
split_feature=50 50 13 23 1 1
split_gain=0.00019197 0.000481374 5.64238e-05 6.04225e-05 4.31658e-05 2.30023e-05
threshold=1.0000000180025095e-35 -1.0000000180025095e-35 0.0043262948747724303 1.2369183897972109 -0.0055720841046422711 -0.0023958486272022124
decision_type=2 2 2 2 2 2
left_child=1 2 -1 -4 -2 -3
right_child=4 5 3 -5 -6 -7
leaf_value=-1.2452656461829289e-06 -6.6182647457191582e-06 4.3649897587590898e-06 -3.1030768234513457e-07 6.9482488997437909e-06 -1.0608847713194142e-06 2.4851498842342417e-06
leaf_weight=165278 3518 18195 8197 4356 174093 159671
leaf_count=165278 3518 18195 8197 4356 174093 159671
internal_value=1.69469e-07 8.39775e-07 -9.99671e-07 2.22605e-06 -1.17279e-06 2.67862e-06
internal_weight=533308 355697 177831 12553 177611 177866
internal_count=533308 355697 177831 12553 177611 177866
is_linear=0
shrinkage=0.05


Tree=27
num_leaves=7
num_cat=0
split_feature=23 16 30 3 18 24
split_gain=2.69871e-05 6.28366e-05 2.25072e-05 2.69375e-05 4.56008e-05 4.7314e-05
threshold=2.2258125543594365 0.0029661373700946574 1.4280312061309817 -0.0048159011639654628 0.0083853998221457022 0.49357534945011144
decision_type=2 2 2 2 2 2
left_child=2 -2 3 -1 -5 -6
right_child=1 -3 -4 4 5 -7
leaf_value=2.3036900219020903e-06 6.5877868314518824e-07 8.5503596566447739e-06 -2.0571416816447853e-06 1.302919800645006e-07 -8.0008496018247242e-06 4.5724457494479554e-08
leaf_weight=13843 13633 3048 11965 484206 3489 3775
leaf_count=13843 13633 3048 11965 484206 3489 3775
internal_value=1.4559e-07 2.12199e-06 8.16565e-08 1.32498e-07 7.11152e-08 -3.84743e-06
internal_weight=533959 16681 517278 505313 491470 7264
internal_count=533959 16681 517278 505313 491470 7264
is_linear=0
shrinkage=0.05


Tree=28
num_leaves=7
num_cat=0
split_feature=12 21 26 8 24 3
split_gain=4.53127e-05 8.90767e-05 2.56028e-05 4.37122e-05 3.51296e-05 2.31559e-05
threshold=-0.063670959323644624 0.20200071483850482 -1.3261444568634031 -0.0085841999389231188 0.45539306104183203 0.00023206302284961569
decision_type=2 2 2 2 2 2
left_child=1 -1 5 4 -4 -2
right_child=2 -3 3 -5 -6 -7
leaf_value=-1.9315150529765346e-06 -7.9948409819130933e-07 9.5886485637632945e-06 7.0670824867091231e-06 -1.0813692766027303e-07 5.109565613600131e-09 -4.4235059843658257e-06
leaf_weight=3229 16353 3412 3808 496750 3240 6000
leaf_count=3229 16353 3412 3808 496750 3240 6000
internal_value=-7.40454e-08 4.01472e-06 -1.2603e-07 -5.24778e-08 3.84356e-06 -1.77995e-06
internal_weight=532792 6641 526151 503798 7048 22353
internal_count=532792 6641 526151 503798 7048 22353
is_linear=0
shrinkage=0.05


Tree=29
num_leaves=7
num_cat=0
split_feature=51 22 12 15 51 25
split_gain=0.000724249 0.000379173 0.000712799 0.000293783 0.000495522 0.000224903
threshold=1.0000000180025095e-35 0.20305599272251132 -0.043992357328534119 0.0053239960689097652 -1.0000000180025095e-35 -3.4999999999999996
decision_type=2 2 2 2 2 2
left_child=3 2 -2 -1 -5 -3
right_child=1 5 -4 4 -6 -7
leaf_value=1.5396182059380372e-06 2.3441074887727067e-05 5.5527575646062819e-06 -1.1065958152121558e-06 -1.8322699953310782e-05 3.8557935468047767e-06 -5.4427065144079617e-06
leaf_weight=345196 3016 4875 83321 4937 5059 86669
leaf_count=345196 3016 4875 83321 4937 5059 86669
internal_value=-9.67024e-09 -2.61352e-06 -2.36004e-07 1.29453e-06 -7.13479e-06 -4.85445e-06
internal_weight=533073 177881 86337 355192 9996 91544
internal_count=533073 177881 86337 355192 9996 91544
is_linear=0
shrinkage=0.05


Tree=30
num_leaves=7
num_cat=0
split_feature=51 50 50 50 51 51
split_gain=0.000721723 0.013599 0.0102183 0.00334501 0.00274272 0.000409157
threshold=1.0000000180025095e-35 1.0000000180025095e-35 1.0000000180025095e-35 -1.0000000180025095e-35 -1.0000000180025095e-35 -1.0000000180025095e-35
decision_type=2 2 2 2 2 2
left_child=2 3 5 -2 -4 -1
right_child=1 -3 4 -5 -6 -7
leaf_value=9.3960967254285966e-06 -2.0786894250458355e-05 1.6930723551231434e-05 -1.8237621818557479e-05 -3.9826977476885789e-06 -3.0414795042987966e-06 5.2324881720869879e-06
leaf_weight=118199 59168 59355 59485 59298 59286 118339
leaf_count=118199 59168 59355 59485 59298 59286 118339
internal_value=5.1544e-09 -2.59488e-06 1.30657e-06 -1.23808e-05 -1.06568e-05 7.31461e-06
internal_weight=533130 177821 355309 118466 118771 236538
internal_count=533130 177821 355309 118466 118771 236538
is_linear=0
shrinkage=0.05


Tree=31
num_leaves=7
num_cat=0
split_feature=51 22 11 25 24 51
split_gain=0.000734731 0.000371066 0.000477432 0.000292308 0.000229104 0.00036159
threshold=1.0000000180025095e-35 0.20305599272251132 -0.022778174839913842 -3.4999999999999996 0.47416974604129797 -1.0000000180025095e-35
decision_type=2 2 2 2 2 2
left_child=4 2 -2 -3 5 -1
right_child=1 3 -4 -5 -6 -7
leaf_value=-2.2529851323170395e-06 1.7333729095234969e-05 7.1752242465928549e-06 -9.5262902398998461e-07 -5.4027100781257983e-06 2.6138931564048303e-06 2.3933588833932311e-06
leaf_weight=83608 3681 4837 82369 86650 188598 83784
leaf_count=83608 3681 4837 82369 86650 188598 83784
internal_value=1.08847e-07 -2.51816e-06 -1.60773e-07 -4.73415e-06 1.41914e-06 7.26497e-08
internal_weight=533527 177537 86050 91487 355990 167392
internal_count=533527 177537 86050 91487 355990 167392
is_linear=0
shrinkage=0.05


Tree=32
num_leaves=7
num_cat=0
split_feature=15 13 23 39 24 22
split_gain=3.67181e-05 4.03565e-05 2.77579e-05 1.75954e-05 4.68727e-05 2.72658e-05
threshold=0.0066763022914528855 0.0050910529680550107 3.0920717716217045 2.2463722229003911 0.86777627468109142 0.083940844982862486
decision_type=2 2 2 2 2 2
left_child=2 -2 3 -1 5 -5
right_child=1 -3 -4 4 -6 -7
leaf_value=-7.6605007706921484e-08 -4.4255784496982581e-07 7.4902734589080483e-06 -4.1358037003023879e-06 3.5095863849517088e-06 6.8211594686192115e-06 -8.4606641530926536e-07
leaf_weight=501114 3023 3351 4073 4937 3301 12808
leaf_count=501114 3023 3351 4073 4937 3301 12808
internal_value=-3.46914e-09 3.7538e-06 -4.93314e-08 -1.70628e-08 1.39748e-06 3.72216e-07
internal_weight=532607 6374 526233 522160 21046 17745
internal_count=532607 6374 526233 522160 21046 17745
is_linear=0
shrinkage=0.05


Tree=33
num_leaves=7
num_cat=0
split_feature=51 6 23 1 1 26
split_gain=0.000730719 0.000424086 0.000606587 0.000367942 0.000340684 0.000237702
threshold=1.0000000180025095e-35 -0.0036134417168796058 1.0383295416831972 -0.0048258549068123094 0.00036670593544840818 -0.85391989350318898
decision_type=2 2 2 2 2 2
left_child=-1 2 -2 -3 -5 -6
right_child=1 3 -4 4 5 -7
leaf_value=1.2153666123797374e-06 -1.5884224207843128e-06 -1.7888896466813054e-05 2.5653913193603543e-05 -9.502573385849785e-07 -1.8905601730347339e-05 -4.9132089857810911e-06
leaf_weight=355367 5881 4153 3077 94722 3139 66463
leaf_count=355367 5881 4153 3077 94722 3139 66463
internal_value=-9.30207e-08 -2.71306e-06 7.85955e-06 -3.27738e-06 -2.90277e-06 -5.55737e-06
internal_weight=532802 177435 8958 168477 164324 69602
internal_count=532802 177435 8958 168477 164324 69602
is_linear=0
shrinkage=0.05


Tree=34
num_leaves=7
num_cat=0
split_feature=51 18 9 17 25 43
split_gain=0.000526336 0.000445483 0.000353253 0.000210513 0.000200243 0.00021713
threshold=1.0000000180025095e-35 0.0083853998221457022 -0.022915988229215142 1.8739111423492434 -1.4999999999999998 -0.10423333570361136
decision_type=2 2 2 2 2 2
left_child=2 3 -1 4 5 -2
right_child=1 -3 -4 -5 -6 -7
leaf_value=-1.5659252308409263e-05 4.6139720807746173e-06 1.5465227837964382e-05 1.3676196167401224e-06 -1.0983582635133471e-05 -3.076833505938403e-06 -2.7771737335643079e-06
leaf_weight=3023 20208 3484 352474 6920 127570 19456
leaf_count=3023 20208 3484 352474 6920 127570 19456
internal_value=1.10148e-07 -2.11195e-06 1.22065e-06 -2.46793e-06 -2.11238e-06 9.89533e-07
internal_weight=533135 177638 355497 174154 167234 39664
internal_count=533135 177638 355497 174154 167234 39664
is_linear=0
shrinkage=0.05


Tree=35
num_leaves=7
num_cat=0
split_feature=50 50 9 9 11 8
split_gain=0.00016059 0.00041728 6.09489e-05 3.15003e-05 2.81696e-05 2.71171e-05
threshold=1.0000000180025095e-35 -1.0000000180025095e-35 -0.015320763457566498 0.014777483418583872 -0.028999092988669869 -0.0085841999389231188
decision_type=2 2 2 2 2 2
left_child=1 2 -1 4 -4 -6
right_child=-2 -3 3 -5 5 -7
leaf_value=-6.9890568457476224e-06 -1.2468759837673463e-06 2.3023993746248111e-06 -5.3957638110690579e-06 -5.2676169570883131e-06 3.7811543639960036e-06 -8.684866988757038e-07
leaf_weight=4274 177941 178031 3323 4128 3149 162267
leaf_count=4274 177941 178031 3323 4128 3149 162267
internal_value=-2.10481e-08 5.9318e-07 -1.12479e-06 -9.77823e-07 -8.71349e-07 -7.78856e-07
internal_weight=533113 355172 177141 172867 168739 165416
internal_count=533113 355172 177141 172867 168739 165416
is_linear=0
shrinkage=0.05


Tree=36
num_leaves=7
num_cat=0
split_feature=50 50 15 27 18 44
split_gain=0.00013581 0.000338219 4.77117e-05 6.18913e-05 3.86978e-05 3.87139e-05
threshold=1.0000000180025095e-35 -1.0000000180025095e-35 0.0044773770496249208 -0.46468390524387354 0.0080037061125040072 2.1278938055038457
decision_type=2 2 2 2 2 2
left_child=1 -1 -2 -4 5 -3
right_child=2 4 3 -5 -6 -7
leaf_value=-1.0814406944325125e-06 -1.0297318618558738e-06 2.2972608572305977e-06 -1.0312927634805389e-05 -1.8432114183375324e-06 -2.6713576289746736e-06 -1.0425145234444346e-06
leaf_weight=177138 167751 164357 3161 6659 4276 9133
leaf_count=177138 167751 164357 3161 6659 4276 9133
internal_value=-1.00152e-07 4.64674e-07 -1.22886e-06 -4.608e-06 2.0052e-06 2.1212e-06
internal_weight=532475 354904 177571 9820 177766 173490
internal_count=532475 354904 177571 9820 177766 173490
is_linear=0
shrinkage=0.05


Tree=37
num_leaves=7
num_cat=0
split_feature=51 50 50 50 51 51
split_gain=0.000475456 0.0130951 0.00904279 0.0029864 0.00246959 0.000385179
threshold=1.0000000180025095e-35 1.0000000180025095e-35 1.0000000180025095e-35 -1.0000000180025095e-35 -1.0000000180025095e-35 -1.0000000180025095e-35
decision_type=2 2 2 2 2 2
left_child=2 3 5 -2 -4 -1
right_child=1 -3 4 -5 -6 -7
leaf_value=8.6874970726721552e-06 -1.9659962468213044e-05 1.709952813216407e-05 -1.7449821500347428e-05 -3.779087844477048e-06 -3.0122183351166566e-06 4.6511675253202059e-06
leaf_weight=118290 59230 58976 59341 59192 59137 118579
leaf_count=118290 59230 58976 59341 59192 59137 118579
internal_value=-2.77993e-08 -2.14151e-06 1.02757e-06 -1.1727e-05 -1.02478e-05 6.66828e-06
internal_weight=532745 177398 355347 118422 118478 236869
internal_count=532745 177398 355347 118422 118478 236869
is_linear=0
shrinkage=0.05


Tree=38
num_leaves=7
num_cat=0
split_feature=50 50 33 3 13 14
split_gain=9.72184e-05 0.000236313 4.88113e-05 4.23863e-05 5.44938e-05 4.15509e-05
threshold=-1.0000000180025095e-35 1.0000000180025095e-35 18.315412521362308 -0.0045413973275572053 0.0055303336121141919 0.0035535891074687247
decision_type=2 2 2 2 2 2
left_child=2 5 -1 -3 -5 -2
right_child=1 3 -4 4 -6 -7
leaf_value=-6.7959409621986891e-06 1.4455734167445116e-06 3.404163190372019e-06 -8.6993367875585526e-07 -8.442843803113909e-07 -6.6040094419375372e-06 3.7771264619075623e-06
leaf_weight=3497 156147 5633 174199 168027 4161 21758
leaf_count=3497 156147 5633 174199 168027 4161 21758
internal_value=-3.35404e-08 4.4353e-07 -9.88434e-07 -8.45379e-07 -9.85347e-07 1.73171e-06
internal_weight=533422 355726 177696 177821 172188 177905
internal_count=533422 355726 177696 177821 172188 177905
is_linear=0
shrinkage=0.05


Tree=39
num_leaves=7
num_cat=0
split_feature=51 50 50 50 51 51
split_gain=0.000480346 0.0119284 0.00797521 0.00238535 0.00212344 0.000356668
threshold=1.0000000180025095e-35 1.0000000180025095e-35 1.0000000180025095e-35 -1.0000000180025095e-35 -1.0000000180025095e-35 -1.0000000180025095e-35
decision_type=2 2 2 2 2 2
left_child=2 3 5 -2 -4 -1
right_child=1 -3 4 -5 -6 -7
leaf_value=8.2899729002412568e-06 -1.8382257682911895e-05 1.6195406086905733e-05 -1.6218656683348144e-05 -4.1692077377401741e-06 -2.818804214107883e-06 4.4117819297269421e-06
leaf_weight=118944 59152 59214 59223 58955 59039 118634
leaf_count=118944 59152 59214 59223 58955 59039 118634
internal_value=1.446e-08 -2.1112e-06 1.07386e-06 -1.12924e-05 -9.53317e-06 6.35474e-06
internal_weight=533161 177321 355840 118107 118262 237578
internal_count=533161 177321 355840 118107 118262 237578
is_linear=0
shrinkage=0.05


Tree=40
num_leaves=7
num_cat=0
split_feature=51 50 50 50 51 50
split_gain=0.000423085 0.0108648 0.00712112 0.00218172 0.00192074 0.000302283
threshold=1.0000000180025095e-35 1.0000000180025095e-35 1.0000000180025095e-35 -1.0000000180025095e-35 -1.0000000180025095e-35 -1.0000000180025095e-35
decision_type=2 2 2 2 2 2
left_child=2 3 5 -2 -4 -1
right_child=1 -3 4 -5 -6 -7
leaf_value=7.7538121506799815e-06 -1.7510340460206038e-05 1.5468533150871929e-05 -1.5415205341565377e-05 -3.9458166155044134e-06 -2.6796266983442446e-06 4.1811560033520138e-06
leaf_weight=118576 59435 59207 59122 59165 59301 118709
leaf_count=118576 59435 59207 59122 59165 59301 118709
internal_value=-2.52428e-08 -2.01642e-06 9.70229e-07 -1.0748e-05 -9.04161e-06 5.96774e-06
internal_weight=533515 177807 355708 118600 118423 237285
internal_count=533515 177807 355708 118600 118423 237285
is_linear=0
shrinkage=0.05


Tree=41
num_leaves=7
num_cat=0
split_feature=51 50 50 50 51 50
split_gain=0.000329 0.00981064 0.00653974 0.00220091 0.00192553 0.000245549
threshold=1.0000000180025095e-35 1.0000000180025095e-35 1.0000000180025095e-35 -1.0000000180025095e-35 -1.0000000180025095e-35 -1.0000000180025095e-35
decision_type=2 2 2 2 2 2
left_child=2 3 5 -2 -4 -1
right_child=1 -3 4 -5 -6 -7
leaf_value=7.0810295978540787e-06 -1.7071569132198007e-05 1.4618632341263445e-05 -1.5301097939383571e-05 -3.4405297424590771e-06 -2.5469665906991072e-06 3.858523602806872e-06
leaf_weight=118684 59309 59416 59070 59157 59300 118250
leaf_count=118684 59309 59416 59070 59157 59300 118250
internal_value=-1.99319e-07 -1.95436e-06 6.79488e-07 -1.02691e-05 -8.91541e-06 5.47388e-06
internal_weight=533186 177882 355304 118466 118370 236934
internal_count=533186 177882 355304 118466 118370 236934
is_linear=0
shrinkage=0.05


Tree=42
num_leaves=7
num_cat=0
split_feature=8 18 1 23 18 4
split_gain=2.76809e-05 3.21192e-05 3.15188e-05 3.44874e-05 2.97997e-05 5.35417e-05
threshold=0.0074259561952203521 0.0080037061125040072 0.002199378795921803 1.6839839220046999 0.0088105825707316416 -0.00036872296186629677
decision_type=2 2 2 2 2 2
left_child=4 2 -2 -4 -1 -6
right_child=1 -3 3 -5 5 -7
leaf_value=-2.6936439070577705e-08 1.0776561225104732e-06 -6.2402678940327048e-06 -9.791242377765217e-07 -6.8949346229638314e-06 -1.1688927800722941e-06 8.1755206042902923e-06
leaf_weight=501873 10042 3302 8403 3448 3060 3000
leaf_count=501873 10042 3302 8403 3448 3060 3000
internal_value=-6.50001e-08 -1.68099e-06 -9.80691e-07 -2.72204e-06 1.53156e-08 3.4861e-06
internal_weight=533128 25195 21893 11851 507933 6060
internal_count=533128 25195 21893 11851 507933 6060
is_linear=0
shrinkage=0.05


Tree=43
num_leaves=7
num_cat=0
split_feature=51 50 50 50 51 51
split_gain=0.000354439 0.00852377 0.00593397 0.00177613 0.00156595 0.000350266
threshold=1.0000000180025095e-35 1.0000000180025095e-35 1.0000000180025095e-35 -1.0000000180025095e-35 -1.0000000180025095e-35 -1.0000000180025095e-35
decision_type=2 2 2 2 2 2
left_child=2 3 5 -2 -4 -1
right_child=1 -3 4 -5 -6 -7
leaf_value=7.4746284243701891e-06 -1.5653262615056875e-05 1.3743131553587556e-05 -1.3941715844076616e-05 -3.3880779601436626e-06 -2.4159542408740222e-06 3.6227937153672765e-06
leaf_weight=118188 58939 59060 58928 59148 58952 118209
leaf_count=118188 58939 59060 58928 59148 58952 118209
internal_value=6.74185e-08 -1.75839e-06 9.80485e-07 -9.51385e-06 -8.18113e-06 5.54971e-06
internal_weight=531424 177147 354277 118087 117880 236397
internal_count=531424 177147 354277 118087 117880 236397
is_linear=0
shrinkage=0.05


Tree=44
num_leaves=7
num_cat=0
split_feature=5 10 15 18 31 13
split_gain=3.26655e-05 1.57038e-05 2.52718e-05 4.08761e-05 3.40777e-05 2.2542e-05
threshold=-0.0079756346531212313 0.010649689473211767 0.0057294804137200126 0.0069406139664351949 0.36295114457607275 0.0033040782436728482
decision_type=2 2 2 2 2 2
left_child=-1 -2 3 4 -3 -6
right_child=1 2 -4 -5 5 -7
leaf_value=-4.3144541270179072e-06 -5.2212565207615243e-08 4.7075882224607608e-06 -3.4967729641545851e-06 6.185025232395523e-06 1.0873261296618021e-06 -1.5032596790526707e-06
leaf_weight=4302 479882 4740 3039 3694 25343 12497
leaf_count=4302 479882 4740 3039 3694 25343 12497
internal_value=-3.39917e-10 3.51352e-08 8.84339e-07 1.17553e-06 7.34188e-07 2.30907e-07
internal_weight=533497 529195 49313 46274 42580 37840
internal_count=533497 529195 49313 46274 42580 37840
is_linear=0
shrinkage=0.05


Tree=45
num_leaves=7
num_cat=0
split_feature=9 50 50 12 11 14
split_gain=5.44688e-05 5.06191e-05 0.0001269 4.4179e-05 4.26168e-05 3.40134e-05
threshold=-0.022915988229215142 -1.0000000180025095e-35 1.0000000180025095e-35 -0.040409395471215241 -0.030983028002083298 0.0050680900458246478
decision_type=2 2 2 2 2 2
left_child=-1 4 5 -4 -2 -3
right_child=1 2 3 -5 -6 -7
leaf_value=5.4559195443700343e-06 -6.1356016501769723e-06 1.1391199681106393e-06 3.230793561721619e-06 -7.8692530616655954e-07 -6.0143827525794208e-07 4.8948498668823411e-06
leaf_weight=4528 3501 170095 7082 169080 172836 6206
leaf_count=4528 3501 170095 7082 169080 172836 6206
internal_value=2.54913e-08 -2.15197e-08 3.2449e-07 -6.24536e-07 -7.13022e-07 1.27268e-06
internal_weight=533328 528800 352463 176162 176337 176301
internal_count=533328 528800 352463 176162 176337 176301
is_linear=0
shrinkage=0.05


Tree=46
num_leaves=7
num_cat=0
split_feature=50 50 40 6 39 36
split_gain=5.57897e-05 0.000118447 3.3313e-05 3.02325e-05 3.20591e-05 2.77611e-05
threshold=-1.0000000180025095e-35 1.0000000180025095e-35 3.0366603136062627 -0.003768354887142777 0.13185592740774157 0.026332644745707515
decision_type=2 2 2 2 2 2
left_child=2 -2 -1 4 -3 -5
right_child=1 3 -4 5 -6 -7
leaf_value=-7.6939793080781755e-07 1.3487668329928737e-06 -7.1270729304901828e-07 3.1943041454568656e-06 -5.4740889816909427e-07 -6.9550169391838773e-06 1.5644141729684451e-06
leaf_weight=171863 178147 4795 5421 151594 3569 17293
leaf_count=171863 178147 4795 5421 151594 3569 17293
internal_value=7.70553e-08 4.38442e-07 -6.47329e-07 -4.76607e-07 -3.40186e-06 -3.30772e-07
internal_weight=532682 355398 177284 177251 8364 168887
internal_count=532682 355398 177284 177251 8364 168887
is_linear=0
shrinkage=0.05


Tree=47
num_leaves=7
num_cat=0
split_feature=13 12 4 0 20 12
split_gain=4.20418e-05 2.32816e-05 3.56963e-05 3.09512e-05 3.09488e-05 1.9908e-05
threshold=0.0081872618757188338 -0.058693151921033852 0.00044159374374430632 -0.006071351468563079 -0.77191889286041249 -0.045884197577834122
decision_type=2 2 2 2 2 2
left_child=1 2 -1 4 -3 -5
right_child=-2 3 -4 5 -6 -7
leaf_value=5.526393201356558e-06 -4.975387381147419e-06 -6.3309493158734689e-06 -1.4686738062909815e-06 -2.5628249670116305e-06 3.7456281870758093e-07 4.0461389469127208e-08
leaf_weight=4532 4234 3823 3001 7402 3087 506038
leaf_count=4532 4234 3823 3001 7402 3087 506038
internal_value=-4.21662e-08 -2.13077e-09 2.74839e-06 -4.22097e-08 -3.35413e-06 2.68526e-09
internal_weight=532117 527883 7533 520350 6910 513440
internal_count=532117 527883 7533 520350 6910 513440
is_linear=0
shrinkage=0.05


Tree=48
num_leaves=7
num_cat=0
split_feature=50 50 23 11 21 7
split_gain=6.688e-05 0.000197824 7.89456e-05 5.56675e-05 3.01144e-05 2.38272e-05
threshold=1.0000000180025095e-35 -1.0000000180025095e-35 2.0476336479187016 0.02763551659882069 0.08996224403381349 0.0037714681820943956
decision_type=2 2 2 2 2 2
left_child=1 3 -3 -1 -4 -2
right_child=5 2 4 -5 -6 -7
leaf_value=-6.9884126503122128e-07 -9.9517449035377815e-07 1.2774516659231053e-06 2.8076715364307322e-06 -5.7834360050251463e-06 9.2209053656025462e-06 1.7511759169732328e-06
leaf_weight=172419 169516 169968 3270 5508 4291 8239
leaf_count=172419 169516 169968 3270 5508 4291 8239
internal_value=-7.56962e-08 3.20294e-07 1.50096e-06 -8.57823e-07 6.48396e-06 -8.67424e-07
internal_weight=533211 355456 177529 177927 7561 177755
internal_count=533211 355456 177529 177927 7561 177755
is_linear=0
shrinkage=0.05


Tree=49
num_leaves=7
num_cat=0
split_feature=50 50 8 6 5 10
split_gain=4.05787e-05 0.000116192 9.43226e-05 3.7723e-05 2.46665e-05 2.97643e-05
threshold=-1.0000000180025095e-35 1.0000000180025095e-35 0.01125155668705702 0.0048043620772659787 -0.0055607177782803765 -0.0054222403559833756
decision_type=2 2 2 2 2 2
left_child=4 3 -3 -2 -1 -6
right_child=1 2 -4 -5 5 -7
leaf_value=-4.7344574095624969e-06 1.0789819864339151e-06 -7.7112601598562124e-07 7.4112070312968411e-06 5.5419196383875224e-06 8.4169644874784164e-07 -8.5167378809120176e-07
leaf_weight=3534 172823 174305 3545 4822 31687 142409
leaf_count=3534 172823 174305 3545 4822 31687 142409
internal_value=-1.09969e-08 2.97348e-07 -6.05994e-07 1.20165e-06 -6.28005e-07 -5.43312e-07
internal_weight=533125 355495 177850 177645 177630 174096
internal_count=533125 355495 177850 177645 177630 174096
is_linear=0
shrinkage=0.05


Tree=50
num_leaves=7
num_cat=0
split_feature=36 11 2 2 2 2
split_gain=4.41778e-05 3.48659e-05 6.99086e-05 2.44822e-05 1.89932e-05 2.48556e-05
threshold=0.067740809172391905 -0.030983028002083298 -0.00072457405622117211 -0.0069069408345967523 -0.0037648188881576057 -0.003483258886262774
decision_type=2 2 2 2 2 2
left_child=1 2 -1 -3 -5 -6
right_child=-2 3 -4 4 5 -7
leaf_value=-6.6433622141555349e-06 5.0410949746572803e-06 3.5698910667412854e-06 1.4017310735692494e-06 -1.686461002866666e-06 4.027268919610892e-06 5.0162986495192386e-09
leaf_weight=5678 4255 4746 5081 16480 3821 492776
leaf_count=5678 4255 4746 5081 16480 3821 492776
internal_value=-3.47778e-09 -4.45587e-08 -2.85511e-06 1.41072e-08 -1.91288e-08 3.63673e-08
internal_weight=532837 528582 10759 517823 513077 496597
internal_count=532837 528582 10759 517823 513077 496597
is_linear=0
shrinkage=0.05


Tree=51
num_leaves=7
num_cat=0
split_feature=13 50 50 0 14 48
split_gain=7.00652e-05 3.86658e-05 7.49787e-05 3.16691e-05 2.64546e-05 2.8528e-05
threshold=0.0081872618757188338 1.0000000180025095e-35 -1.0000000180025095e-35 0.0031397048151120548 0.004466128535568715 1.0000000180025095e-35
decision_type=2 2 2 2 2 2
left_child=1 2 -1 4 -4 -6
right_child=-2 -3 3 -5 5 -7
leaf_value=-4.5539576995727595e-07 -6.3565146717651329e-06 -6.3240017950495148e-07 9.585512023560065e-07 3.5331664148803445e-06 1.3609744106518947e-06 -5.0231530703193838e-06
leaf_weight=176257 4361 176632 157816 11509 3135 3862
leaf_count=176257 4361 176632 157816 11509 3135 3862
internal_value=-8.09845e-08 -2.8675e-08 2.73821e-07 1.00269e-06 8.24968e-07 -2.17339e-06
internal_weight=533572 529211 352579 176322 164813 6997
internal_count=533572 529211 352579 176322 164813 6997
is_linear=0
shrinkage=0.05


Tree=52
num_leaves=7
num_cat=0
split_feature=51 50 50 50 51 50
split_gain=0.000303806 0.00784211 0.00500591 0.00160188 0.00136316 0.000286903
threshold=1.0000000180025095e-35 1.0000000180025095e-35 1.0000000180025095e-35 -1.0000000180025095e-35 -1.0000000180025095e-35 -1.0000000180025095e-35
decision_type=2 2 2 2 2 2
left_child=2 3 5 -2 -4 -1
right_child=1 -3 4 -5 -6 -7
leaf_value=6.8042783251863416e-06 -1.4925323469787201e-05 1.3190590701285521e-05 -1.2852889755627989e-05 -3.2877742413950792e-06 -2.131802529689682e-06 3.3227890707003626e-06
leaf_weight=118553 59002 59176 59517 59300 59079 118474
leaf_count=118553 59002 59176 59517 59300 59079 118474
internal_value=2.60807e-08 -1.66325e-06 8.69278e-07 -9.09574e-06 -7.51529e-06 5.06518e-06
internal_weight=533101 177478 355623 118302 118596 237027
internal_count=533101 177478 355623 118302 118596 237027
is_linear=0
shrinkage=0.05


Tree=53
num_leaves=7
num_cat=0
split_feature=51 50 50 50 51 51
split_gain=0.000284567 0.00746437 0.00464855 0.00132854 0.00130186 0.000280191
threshold=1.0000000180025095e-35 1.0000000180025095e-35 1.0000000180025095e-35 -1.0000000180025095e-35 -1.0000000180025095e-35 -1.0000000180025095e-35
decision_type=2 2 2 2 2 2
left_child=2 3 5 -2 -4 -1
right_child=1 -3 4 -5 -6 -7
leaf_value=6.5914926207946112e-06 -1.4165347770136379e-05 1.2837983709104325e-05 -1.2522484648865625e-05 -3.5758050129958377e-06 -2.0261023557118081e-06 3.1496188193357715e-06
leaf_weight=118291 59219 59402 58996 59295 59164 118528
leaf_count=118291 59219 59402 58996 59295 59164 118528
internal_value=1.05353e-08 -1.62126e-06 8.28504e-07 -8.87092e-06 -7.26991e-06 4.86986e-06
internal_weight=532895 177916 354979 118514 118160 236819
internal_count=532895 177916 354979 118514 118160 236819
is_linear=0
shrinkage=0.05


Tree=54
num_leaves=7
num_cat=0
split_feature=50 9 0 50 2 16
split_gain=3.22572e-05 3.73865e-05 3.51608e-05 3.72751e-05 2.78943e-05 5.14085e-05
threshold=1.0000000180025095e-35 -0.022915988229215142 0.0055614239536225804 -1.0000000180025095e-35 -0.0033640625188127156 0.0035560281248763208
decision_type=2 2 2 2 2 2
left_child=1 -1 3 -3 5 -2
right_child=4 2 -4 -5 -6 -7
leaf_value=-5.2795963932788129e-06 -3.8971227441310226e-07 -3.2038456481716662e-07 3.8466643552027834e-06 7.1755925586824649e-07 -7.6106945082662913e-07 7.2867704876219268e-06
leaf_weight=3014 7269 173210 6681 172694 167310 3063
leaf_count=3014 7269 173210 6681 172694 167310 3063
internal_value=-5.50951e-08 2.19766e-07 2.67518e-07 1.97842e-07 -6.05211e-07 1.91017e-06
internal_weight=533241 355599 352585 345904 177642 10332
internal_count=533241 355599 352585 345904 177642 10332
is_linear=0
shrinkage=0.05


Tree=55
num_leaves=7
num_cat=0
split_feature=51 50 50 50 51 50
split_gain=0.000239953 0.00645458 0.00408034 0.00138499 0.00114875 0.000257253
threshold=1.0000000180025095e-35 1.0000000180025095e-35 1.0000000180025095e-35 -1.0000000180025095e-35 -1.0000000180025095e-35 -1.0000000180025095e-35
decision_type=2 2 2 2 2 2
left_child=2 3 5 -2 -4 -1
right_child=1 -3 4 -5 -6 -7
leaf_value=6.1950414631533766e-06 -1.3645532730959375e-05 1.1953837003499752e-05 -1.17445644842071e-05 -2.835042434550144e-06 -1.8944778438754325e-06 2.8960774678773434e-06
leaf_weight=118414 59150 59398 59165 59377 59229 118243
leaf_count=118414 59150 59398 59165 59377 59229 118243
internal_value=5.73339e-09 -1.49269e-06 7.56737e-07 -8.23341e-06 -6.81974e-06 4.54771e-06
internal_weight=532976 177925 355051 118527 118394 236657
internal_count=532976 177925 355051 118527 118394 236657
is_linear=0
shrinkage=0.05


Tree=56
num_leaves=7
num_cat=0
split_feature=51 50 50 50 51 51
split_gain=0.000224295 0.00584275 0.003858 0.00121243 0.00108588 0.000283976
threshold=1.0000000180025095e-35 1.0000000180025095e-35 1.0000000180025095e-35 -1.0000000180025095e-35 -1.0000000180025095e-35 -1.0000000180025095e-35
decision_type=2 2 2 2 2 2
left_child=2 3 5 -2 -4 -1
right_child=1 -3 4 -5 -6 -7
leaf_value=6.1805768036070706e-06 -1.2874875064479615e-05 1.1419912574568376e-05 -1.136795724489634e-05 -2.755673969047829e-06 -1.8003875852304113e-06 2.7182712166079237e-06
leaf_weight=118351 59217 59125 59416 59206 59205 118772
leaf_count=118351 59217 59125 59416 59206 59205 118772
internal_value=4.03416e-08 -1.41089e-06 7.64735e-07 -7.81904e-06 -6.59545e-06 4.44729e-06
internal_weight=533292 177548 355744 118423 118621 237123
internal_count=533292 177548 355744 118423 118621 237123
is_linear=0
shrinkage=0.05


Tree=57
num_leaves=7
num_cat=0
split_feature=51 41 6 15 6 36
split_gain=0.000172601 0.000316275 0.000669599 0.000611953 0.000337623 0.00027048
threshold=1.0000000180025095e-35 0.58696788549423229 -0.0018616248271428046 0.0036974401446059351 -0.0015525572234764693 0.060126872733235366
decision_type=2 2 2 2 2 2
left_child=5 2 3 -2 -3 -1
right_child=1 4 -4 -5 -6 -7
leaf_value=7.8039964728404876e-07 3.3742694977769878e-06 -1.7959538515598147e-05 -1.7499698762356445e-06 2.3780575846400568e-05 -3.6049196196458814e-06 -1.1817773403930175e-05
leaf_weight=350723 17471 4885 126197 4610 24360 4263
leaf_count=350723 17471 4885 126197 4610 24360 4263
internal_value=-9.0952e-09 -1.28182e-06 -3.43768e-07 7.67873e-06 -6.02923e-06 6.27466e-07
internal_weight=532509 177523 148278 22081 29245 354986
internal_count=532509 177523 148278 22081 29245 354986
is_linear=0
shrinkage=0.05


Tree=58
num_leaves=7
num_cat=0
split_feature=17 42 9 21 11 1
split_gain=3.69221e-05 1.86768e-05 3.15789e-05 1.7112e-05 2.79636e-05 2.34949e-05
threshold=2.1132258176803593 0.4766047894954682 -0.00023094427888281641 0.37278136610984808 0.029074363410472873 0.0068230498582124719
decision_type=2 2 2 2 2 2
left_child=3 -2 -3 5 -5 -1
right_child=1 2 -4 4 -6 -7
leaf_value=2.1795396650887204e-07 5.5190742846785629e-06 -2.6702310487638258e-06 3.7186831211018851e-06 -5.9145639235491206e-07 3.7282847319851842e-06 -4.0970787191811377e-06
leaf_weight=381489 4086 3004 5242 132525 3806 3131
leaf_count=381489 4086 3004 5242 132525 3806 3131
internal_value=7.58257e-08 2.77429e-06 1.38915e-06 1.16872e-08 -4.69538e-07 1.82299e-07
internal_weight=533283 12332 8246 520951 136331 384620
internal_count=533283 12332 8246 520951 136331 384620
is_linear=0
shrinkage=0.05


Tree=59
num_leaves=7
num_cat=0
split_feature=1 19 14 17 3 4
split_gain=3.18408e-05 3.1269e-05 3.00025e-05 2.23024e-05 2.15063e-05 3.18001e-05
threshold=-0.0079856431111693365 -1.87726753950119 0.0079277451150119322 2.3639811277389531 0.00062842783518135558 -0.0048362282104790202
decision_type=2 2 2 2 2 2
left_child=-1 -2 3 4 5 -3
right_child=1 2 -4 -5 -6 -7
leaf_value=4.1935509690407985e-06 -4.3820008130632429e-06 3.8098303600328318e-06 -4.6200134437782526e-06 3.482703523189125e-06 -4.8509162126211373e-07 1.2519863298955558e-07
leaf_weight=4341 4144 5912 3513 4465 181417 328854
leaf_count=4341 4144 5912 3513 4465 181417 328854
internal_value=-4.66242e-08 -8.18586e-08 -4.74471e-08 -1.61537e-08 -4.67533e-08 1.90829e-07
internal_weight=532646 528305 524161 520648 516183 334766
internal_count=532646 528305 524161 520648 516183 334766
is_linear=0
shrinkage=0.05


Tree=60
num_leaves=7
num_cat=0
split_feature=51 50 50 50 51 50
split_gain=0.000153316 0.00554686 0.00344379 0.000994886 0.000963072 0.000283207
threshold=1.0000000180025095e-35 1.0000000180025095e-35 1.0000000180025095e-35 -1.0000000180025095e-35 -1.0000000180025095e-35 -1.0000000180025095e-35
decision_type=2 2 2 2 2 2
left_child=2 3 5 -2 -4 -1
right_child=1 -3 4 -5 -6 -7
leaf_value=5.923808551964409e-06 -1.1914340931754912e-05 1.1393915229686652e-05 -1.0752221866284083e-05 -2.7418356713486316e-06 -1.741616647123902e-06 2.4668631553149073e-06
leaf_weight=118718 59198 59311 59113 59079 59502 118461
leaf_count=118718 59198 59311 59113 59079 59502 118461
internal_value=1.20709e-07 -1.07898e-06 7.19582e-07 -7.3358e-06 -6.23478e-06 4.19809e-06
internal_weight=533382 177588 355794 118277 118615 237179
internal_count=533382 177588 355794 118277 118615 237179
is_linear=0
shrinkage=0.05


Tree=61
num_leaves=7
num_cat=0
split_feature=51 18 24 40 37 8
split_gain=0.000171993 0.000428873 0.000238797 0.000275262 0.000261818 0.000265719
threshold=1.0000000180025095e-35 0.0080037061125040072 0.47416974604129797 1.7403440475463869 1.3916351795196535 0.0033425077563151722
decision_type=2 2 2 2 2 2
left_child=-1 2 3 -2 -4 -6
right_child=1 -3 4 -5 5 -7
leaf_value=6.3467917804059289e-07 1.40657007926669e-06 1.4293045716626735e-05 2.8974664162932351e-06 -7.3605041781216227e-06 -3.2220139337447731e-06 -1.1048442248696236e-05
leaf_weight=355132 71541 4270 13949 10183 65003 12989
leaf_count=355132 71541 4270 13949 10183 65003 12989
internal_value=-1.03238e-09 -1.26964e-06 -1.65629e-06 3.1034e-07 -3.4036e-06 -4.53169e-06
internal_weight=533067 177935 173665 81724 91941 77992
internal_count=533067 177935 173665 81724 91941 77992
is_linear=0
shrinkage=0.05


Tree=62
num_leaves=7
num_cat=0
split_feature=11 42 12 39 14 50
split_gain=4.10544e-05 9.0242e-05 5.56671e-05 3.76017e-05 2.57711e-05 1.87436e-05
threshold=-0.039660083130002015 0.4751794189214707 -0.051430616527795785 0.10732923448085786 0.007029143627732993 1.0000000180025095e-35
decision_type=2 2 2 2 2 2
left_child=1 -1 3 -2 5 -4
right_child=2 -3 4 -5 -6 -7
leaf_value=-1.8264195394357352e-06 -1.6297587045933438e-06 1.0116864871299783e-05 1.9833691586482836e-07 -8.3980184870413807e-06 4.0910676244457443e-06 -4.4255927075103109e-07
leaf_weight=3218 6207 3036 342655 3040 3800 170959
leaf_count=3218 6207 3036 342655 3040 3800 170959
internal_value=-5.35744e-09 4.0057e-06 -5.33637e-08 -3.88806e-06 1.55374e-08 -1.50109e-08
internal_weight=532915 6254 526661 9247 517414 513614
internal_count=532915 6254 526661 9247 517414 513614
is_linear=0
shrinkage=0.05


Tree=63
num_leaves=7
num_cat=0
split_feature=51 50 50 50 51 50
split_gain=0.000157194 0.00520312 0.00313103 0.00102575 0.000923873 0.000238285
threshold=1.0000000180025095e-35 1.0000000180025095e-35 1.0000000180025095e-35 -1.0000000180025095e-35 -1.0000000180025095e-35 -1.0000000180025095e-35
decision_type=2 2 2 2 2 2
left_child=2 3 5 -2 -4 -1
right_child=1 -3 4 -5 -6 -7
leaf_value=5.4414899601714423e-06 -1.1984702324543831e-05 1.0835795216512426e-05 -1.049122500370909e-05 -2.6777434201589637e-06 -1.6695203768355608e-06 2.266592130659826e-06
leaf_weight=118171 59227 58972 59533 59217 59179 118418
leaf_count=118171 59227 58972 59533 59217 59179 118418
internal_value=-7.83351e-08 -1.29359e-06 5.28588e-07 -7.33471e-06 -6.09608e-06 3.8532e-06
internal_weight=532717 177416 355301 118444 118712 236589
internal_count=532717 177416 355301 118444 118712 236589
is_linear=0
shrinkage=0.05


Tree=64
num_leaves=7
num_cat=0
split_feature=38 33 2 18 22 33
split_gain=1.96157e-05 2.13755e-05 3.21205e-05 2.73508e-05 2.644e-05 2.89297e-05
threshold=7.3028905391693124 18.315412521362308 -0.0016847353545017538 0.0043002197053283462 0.52198317646980297 42.186676025390632
decision_type=2 2 2 2 2 2
left_child=1 2 -1 -3 5 -5
right_child=-2 3 -4 4 -6 -7
leaf_value=-4.8989647686631414e-06 -3.9409530677205384e-07 7.1676533760679898e-08 7.4133141794510712e-07 2.1988094496389986e-06 3.5118460555039756e-06 -4.6053006866581803e-08
leaf_weight=4906 188602 262744 5121 22634 10290 39066
leaf_count=4906 188602 262744 5121 22634 10290 39066
internal_value=1.58082e-08 2.40071e-07 -2.02896e-06 3.08333e-07 1.17142e-06 7.78565e-07
internal_weight=533363 344761 10027 334734 71990 61700
internal_count=533363 344761 10027 334734 71990 61700
is_linear=0
shrinkage=0.05


Tree=65
num_leaves=7
num_cat=0
split_feature=4 4 8 4 7 31
split_gain=4.87511e-05 4.64352e-05 2.14154e-05 2.26644e-05 2.0666e-05 1.9193e-05
threshold=0.0067646896932274112 -0.0069264182820916167 0.012320572044700386 0.00089559276239015173 -0.00047866195382084692 0.42487367987632757
decision_type=2 2 2 2 2 2
left_child=1 4 -3 -4 -1 -2
right_child=5 2 3 -5 -6 -7
leaf_value=7.3760732172535273e-06 -6.8150748541217871e-06 1.5589584350753893e-07 5.2967493324353777e-06 -3.9607149729538617e-07 1.6458054073031942e-06 -1.3354915030064029e-06
leaf_weight=3096 3225 512360 4113 3003 3222 3180
leaf_count=3096 3225 512360 4113 3003 3222 3180
internal_value=1.92919e-07 2.45917e-07 1.93876e-07 2.90834e-06 4.48967e-06 -4.12595e-06
internal_weight=532199 525794 519476 7116 6318 6405
internal_count=532199 525794 519476 7116 6318 6405
is_linear=0
shrinkage=0.05


Tree=66
num_leaves=7
num_cat=0
split_feature=0 7 20 15 28 14
split_gain=3.68108e-05 3.89746e-05 3.21267e-05 2.13796e-05 3.68427e-05 3.19528e-05
threshold=0.0061296254862099895 -0.0068908939138054839 0.74137461185455333 0.0045927097089588651 -1.913010776042938 0.0056125172413885602
decision_type=2 2 2 2 2 2
left_child=1 -1 -2 5 -5 -3
right_child=2 3 -4 4 -6 -7
leaf_value=3.9804759067581003e-06 6.3026543449055585e-07 -1.4968251776446423e-07 -5.833807532031622e-06 -2.5604365177586996e-06 2.3923568160140144e-06 -5.2305291484071353e-06
leaf_weight=5832 3042 493232 5130 4680 18254 3064
leaf_count=5832 3042 493232 5130 4680 18254 3064
internal_value=-1.18702e-07 -6.67126e-08 -3.43838e-06 -1.1255e-07 1.3783e-06 -1.81574e-07
internal_weight=533234 525062 8172 519230 22934 496296
internal_count=533234 525062 8172 519230 22934 496296
is_linear=0
shrinkage=0.05


Tree=67
num_leaves=7
num_cat=0
split_feature=51 12 24 8 22 23
split_gain=0.000172774 0.000300337 0.000411518 0.000236618 0.000284554 0.000254446
threshold=1.0000000180025095e-35 -0.040409395471215241 0.41744011640548712 0.0034194970503449444 0.24318385869264605 1.8850131630897524
decision_type=2 2 2 2 2 2
left_child=-1 2 -2 4 5 -3
right_child=1 3 -4 -5 -6 -7
leaf_value=6.6959708964044218e-07 2.0169972730151655e-05 1.8377296362134867e-06 -2.830835735793175e-06 -5.9955756391747904e-06 -3.2865233836672727e-06 -1.1399778078953652e-05
leaf_weight=355482 3739 73519 3973 26703 65836 3769
leaf_count=355482 3739 73519 3973 26703 65836 3769
internal_value=3.34429e-08 -1.24014e-06 8.37871e-06 -1.67928e-06 -8.72167e-07 1.18524e-06
internal_weight=533021 177539 7712 169827 143124 77288
internal_count=533021 177539 7712 169827 143124 77288
is_linear=0
shrinkage=0.05


Tree=68
num_leaves=7
num_cat=0
split_feature=51 50 50 50 51 50
split_gain=7.74721e-05 0.00481161 0.00258084 0.00082222 0.000744065 0.000242065
threshold=1.0000000180025095e-35 1.0000000180025095e-35 1.0000000180025095e-35 -1.0000000180025095e-35 -1.0000000180025095e-35 -1.0000000180025095e-35
decision_type=2 2 2 2 2 2
left_child=2 3 5 -2 -4 -1
right_child=1 -3 4 -5 -6 -7
leaf_value=5.057037037094476e-06 -1.0796979300297874e-05 1.0805424083874655e-05 -9.5477156514929395e-06 -2.4672355032074193e-06 -1.6206429799143955e-06 1.8623420350215835e-06
leaf_weight=118671 59341 59233 59038 59188 59371 118641
leaf_count=118671 59341 59233 59038 59188 59371 118641
internal_value=2.65111e-08 -8.25701e-07 4.52437e-07 -6.64028e-06 -5.57539e-06 3.46062e-06
internal_weight=533483 177762 355721 118529 118409 237312
internal_count=533483 177762 355721 118529 118409 237312
is_linear=0
shrinkage=0.05


Tree=69
num_leaves=7
num_cat=0
split_feature=5 15 39 3 18 28
split_gain=3.08955e-05 2.78702e-05 2.5774e-05 2.55939e-05 4.08987e-05 2.79099e-05
threshold=-0.004100250080227851 0.0074973225127905616 0.95454224944114696 0.0060375062748789796 0.0083853998221457022 1.5247860550880434
decision_type=2 2 2 2 2 2
left_child=2 3 -1 4 -2 -5
right_child=1 -3 -4 5 -6 -7
leaf_value=9.985251330769746e-07 -4.2476477644383728e-08 -4.5435079263235055e-06 5.351251439123597e-06 -6.4575183039213427e-06 4.7787556883013143e-06 7.1504764670583676e-09
leaf_weight=16965 497820 3410 4215 3178 4388 3458
leaf_count=16965 497820 3410 4215 3178 4388 3458
internal_value=6.24765e-09 -7.12077e-08 1.87532e-06 -4.07932e-08 1.20165e-10 -3.11394e-06
internal_weight=533434 512254 21180 508844 502208 6636
internal_count=533434 512254 21180 508844 502208 6636
is_linear=0
shrinkage=0.05


Tree=70
num_leaves=7
num_cat=0
split_feature=0 13 10 50 50 16
split_gain=3.2543e-05 6.35352e-05 8.48609e-05 2.53979e-05 2.26892e-05 3.60783e-05
threshold=0.0079890596680343168 0.0067363067064434299 -0.013914074283093212 1.0000000180025095e-35 -1.0000000180025095e-35 0.003516063443385065
decision_type=2 2 2 2 2 2
left_child=1 3 -3 4 5 -1
right_child=-2 2 -4 -5 -6 -7
leaf_value=1.085985071354445e-08 -4.4152044986583323e-06 -1.4265471418699634e-06 9.4337011927103329e-06 -5.6424796809797172e-07 5.805712203649254e-07 -2.4078280204305329e-06
leaf_weight=156317 4166 3205 4016 173143 173840 17055
leaf_count=156317 4166 3205 4016 173143 173840 17055
internal_value=-3.97835e-08 -4.81786e-09 4.63678e-06 -6.96689e-08 1.77007e-07 -2.27698e-07
internal_weight=531742 527576 7221 520355 347212 173372
internal_count=531742 527576 7221 520355 347212 173372
is_linear=0
shrinkage=0.05


Tree=71
num_leaves=7
num_cat=0
split_feature=16 12 13 3 14 44
split_gain=2.7434e-05 4.4794e-05 2.79099e-05 2.75465e-05 2.38507e-05 4.32278e-05
threshold=0.0063369150739163169 -0.022824335843324658 0.0081872618757188338 0.0079890596680343168 0.005426977528259159 0.16103954613208774
decision_type=2 2 2 2 2 2
left_child=2 -2 3 4 -1 -6
right_child=1 -3 -4 -5 5 -7
leaf_value=1.8917819183068617e-07 9.4944368986658305e-07 -7.493237231188008e-06 4.8020195896017845e-06 -4.5885602465930463e-06 1.0889848473980935e-06 -5.4612386604514105e-06
leaf_weight=511181 3192 3025 3144 3046 4890 5114
leaf_count=511181 3192 3025 3144 3046 4890 5114
internal_value=1.03177e-07 -3.18551e-06 1.42244e-07 1.13842e-07 1.41762e-07 -2.26997e-06
internal_weight=533592 6217 527375 524231 521185 10004
internal_count=533592 6217 527375 524231 521185 10004
is_linear=0
shrinkage=0.05


Tree=72
num_leaves=7
num_cat=0
split_feature=0 51 50 50 51 50
split_gain=8.24807e-05 8.60945e-05 0.00421607 0.00263528 0.000783128 0.000727317
threshold=-0.0079269362613558752 1.0000000180025095e-35 1.0000000180025095e-35 1.0000000180025095e-35 -1.0000000180025095e-35 -1.0000000180025095e-35
decision_type=2 2 2 2 2 2
left_child=-1 3 5 -2 -5 -3
right_child=1 2 -4 4 -6 -7
leaf_value=6.8380344819995959e-06 3.5545513689337814e-06 -1.0228057575930947e-05 1.0101457822255857e-05 -9.7021738468822681e-06 -1.5331454056021403e-06 -2.3738434694713692e-06
leaf_weight=4461 235061 58906 58618 58648 58699 59024
leaf_count=4461 235061 58906 58618 58648 58699 59024
internal_value=1.05697e-07 4.82787e-08 -8.52815e-07 4.99762e-07 -5.61828e-06 -6.29969e-06
internal_weight=533417 528956 176548 352408 117347 117930
internal_count=533417 528956 176548 352408 117347 117930
is_linear=0
shrinkage=0.05


Tree=73
num_leaves=7
num_cat=0
split_feature=6 9 12 19 6 44
split_gain=4.93997e-05 4.65389e-05 2.57496e-05 2.46016e-05 1.95089e-05 1.90764e-05
threshold=0.0068303821608424195 0.022730698809027675 0.071336358785629286 0.00632791267707944 -0.0068639859091490498 0.30068567395210272
decision_type=2 2 2 2 2 2
left_child=1 2 4 -2 5 -1
right_child=3 -3 -4 -5 -6 -7
leaf_value=2.7828856698357331e-08 7.6869309654341904e-06 -6.0419360433277815e-06 4.2881051064969849e-06 1.3639337455163831e-06 3.759002069004952e-08 -5.4982824021136496e-06
leaf_weight=3080 3001 3122 3481 3156 514209 3117
leaf_count=3080 3001 3122 3481 3156 514209 3117
internal_value=4.83986e-08 -3.83007e-09 3.2726e-08 4.48294e-06 3.85249e-09 -2.77348e-06
internal_weight=533166 527009 523887 6157 520406 6197
internal_count=533166 527009 523887 6157 520406 6197
is_linear=0
shrinkage=0.05


Tree=74
num_leaves=7
num_cat=0
split_feature=51 22 18 9 41 6
split_gain=0.000106681 0.000364703 0.000323786 0.000231286 0.00021779 0.00023906
threshold=1.0000000180025095e-35 0.36079666018486029 0.0077221055980771789 -0.022915988229215142 0.59759169816970836 -0.0013739484129473565
decision_type=2 2 2 2 2 2
left_child=3 2 4 -1 -2 -6
right_child=1 -3 -4 -5 5 -7
leaf_value=-1.324029965334185e-05 9.1531339829306265e-07 -4.5694047162953659e-06 1.5444013075806873e-05 5.3205220188241806e-07 -1.574579538645965e-05 -2.0907122467997455e-06
leaf_weight=3025 100775 52775 3421 353019 3921 16732
leaf_count=3025 100775 52775 3421 353019 3921 16732
internal_value=-8.61163e-08 -1.08682e-06 3.8655e-07 4.13198e-07 -4.38467e-08 -4.71492e-06
internal_weight=533668 177624 124849 356044 121428 20653
internal_count=533668 177624 124849 356044 121428 20653
is_linear=0
shrinkage=0.05


Tree=75
num_leaves=7
num_cat=0
split_feature=9 12 2 21 39 12
split_gain=3.00083e-05 3.59658e-05 3.22275e-05 2.90883e-05 2.62193e-05 2.00487e-05
threshold=-0.015320763457566498 -0.054642351344227784 -0.0039240194018930188 0.28581163287162786 1.2083587050437929 0.071336358785629286
decision_type=2 2 2 2 2 2
left_child=2 3 -1 -2 -4 -3
right_child=1 5 4 -5 -6 -7
leaf_value=5.5778689858312426e-06 -1.0074670166760668e-06 4.9061781077648879e-08 3.1986905286947194e-06 -7.1816226757700666e-06 -2.5277424693639715e-06 -3.4724948576771131e-06
leaf_weight=4900 5127 508603 4081 3007 3824 4024
leaf_count=4900 5127 508603 4081 3007 3824 4024
internal_value=2.74924e-08 -3.14152e-08 2.41398e-06 -3.31988e-06 4.30084e-07 2.10824e-08
internal_weight=533566 520761 12805 8134 7905 512627
internal_count=533566 520761 12805 8134 7905 512627
is_linear=0
shrinkage=0.05


Tree=76
num_leaves=7
num_cat=0
split_feature=0 51 50 50 51 50
split_gain=7.58444e-05 0.000124212 0.00337243 0.00226918 0.000629164 0.000614281
threshold=0.0068073612637817868 1.0000000180025095e-35 1.0000000180025095e-35 1.0000000180025095e-35 -1.0000000180025095e-35 -1.0000000180025095e-35
decision_type=2 2 2 2 2 2
left_child=1 3 5 -1 -5 -3
right_child=-2 2 -4 4 -6 -7
leaf_value=3.3741437314510323e-06 5.5295914461532165e-06 -9.6155344447829173e-06 8.6998285733959103e-06 -8.8134347259948231e-06 -1.4802928910356918e-06 -2.3721354576025609e-06
leaf_weight=234561 6213 58441 58578 58501 58497 58676
leaf_count=234561 6213 58441 58578 58501 58497 58676
internal_value=5.97286e-08 -5.24478e-09 -1.09064e-06 5.3727e-07 -5.14919e-06 -5.98913e-06
internal_weight=533467 527254 175695 351559 116998 117117
internal_count=533467 527254 175695 351559 116998 117117
is_linear=0
shrinkage=0.05


Tree=77
num_leaves=7
num_cat=0
split_feature=3 39 38 8 14 11
split_gain=2.88069e-05 7.72942e-05 4.09871e-05 3.28177e-05 5.78916e-05 3.3359e-05
threshold=-0.0034674853086471553 1.5973571538925173 0.99916940927505504 -0.0085841999389231188 0.0041727472562342891 -0.039660083130002015
decision_type=2 2 2 2 2 2
left_child=1 2 -1 4 -2 -5
right_child=3 -3 -4 5 -6 -7
leaf_value=-4.6948114935670297e-06 -1.8120222042959739e-07 7.7090169280212002e-06 1.3731176102742913e-06 5.2064503190236177e-06 -7.9078217171152302e-06 1.1072807012562872e-07
leaf_weight=3141 7825 4469 21743 3183 3464 489418
leaf_count=3141 7825 4469 21743 3183 3464 489418
internal_value=1.71755e-07 1.69303e-06 5.99311e-07 8.29766e-08 -2.57651e-06 1.4418e-07
internal_weight=533243 29353 24884 503890 11289 492601
internal_count=533243 29353 24884 503890 11289 492601
is_linear=0
shrinkage=0.05


Tree=78
num_leaves=7
num_cat=0
split_feature=4 11 51 21 11 37
split_gain=5.33519e-05 5.2588e-05 0.000107111 0.000432652 0.000314597 0.000429616
threshold=-0.0080376868136227114 -0.044059621170163148 1.0000000180025095e-35 0.28581163287162786 -0.015243135858327149 9.1995282173156756
decision_type=2 2 2 2 2 2
left_child=-1 -2 -3 4 5 -4
right_child=1 2 3 -5 -6 -7
leaf_value=5.5864166168185876e-06 -5.8609089287776036e-06 5.5243834106091306e-07 -1.9518114264763977e-05 2.2902652542647786e-06 -2.0424879807481935e-06 2.6322022918865105e-06
leaf_weight=4267 3743 350241 6039 64524 101098 3401
leaf_count=4267 3743 350241 6039 64524 101098 3401
internal_value=5.05027e-08 5.32927e-09 4.76825e-08 -9.62036e-07 -2.86067e-06 -1.15661e-05
internal_weight=533313 529046 525303 175062 110538 9440
internal_count=533313 529046 525303 175062 110538 9440
is_linear=0
shrinkage=0.05


Tree=79
num_leaves=7
num_cat=0
split_feature=51 50 50 51 50 51
split_gain=5.51135e-05 0.00313153 0.00204682 0.000635517 0.000606214 0.000204432
threshold=1.0000000180025095e-35 1.0000000180025095e-35 1.0000000180025095e-35 -1.0000000180025095e-35 -1.0000000180025095e-35 -1.0000000180025095e-35
decision_type=2 2 2 2 2 2
left_child=2 4 5 -4 -2 -1
right_child=1 -3 3 -5 -6 -7
leaf_value=4.4163136836623884e-06 -9.0822917478470762e-06 8.5844102892641022e-06 -8.7633593451918632e-06 -1.4382765233400424e-06 -1.9257722904744984e-06 1.4790447812935811e-06
leaf_weight=118514 59153 59089 59166 59272 59230 118540
leaf_count=118514 59153 59089 59166 59272 59230 118540
internal_value=-9.27219e-08 -8.12211e-07 2.66532e-07 -5.09969e-06 -5.50403e-06 2.94814e-06
internal_weight=532964 177472 355492 118438 118383 237054
internal_count=532964 177472 355492 118438 118383 237054
is_linear=0
shrinkage=0.05


Tree=80
num_leaves=7
num_cat=0
split_feature=51 50 50 50 51 18
split_gain=3.7236e-05 0.00289231 0.00170825 0.000594043 0.000482363 0.000181072
threshold=1.0000000180025095e-35 1.0000000180025095e-35 1.0000000180025095e-35 -1.0000000180025095e-35 -1.0000000180025095e-35 0.0063839200884103784
decision_type=2 2 2 2 2 2
left_child=2 3 -1 -2 -4 -5
right_child=1 -3 4 5 -6 -7
leaf_value=2.7898395513337259e-06 -8.5792837677478118e-06 8.4874303718527102e-06 -7.7569655130741172e-06 -2.197662608732224e-06 -1.3670329323009646e-06 9.4212287997725411e-06
leaf_weight=237458 59347 59127 59116 55641 59022 3519
leaf_count=237458 59347 59127 59116 55641 59022 3519
internal_value=5.02897e-08 -5.40784e-07 3.45589e-07 -5.04693e-06 -4.56647e-06 -1.49917e-06
internal_weight=533230 177634 355596 118507 118138 59160
internal_count=533230 177634 355596 118507 118138 59160
is_linear=0
shrinkage=0.05


Tree=81
num_leaves=7
num_cat=0
split_feature=43 16 26 0 6 15
split_gain=4.08137e-05 3.44455e-05 3.86693e-05 2.51614e-05 1.9196e-05 3.33267e-05
threshold=-1.1249511837959287 0.0063369150739163169 2.3514884710311894 8.2690909039229168e-05 -0.00556849013082683 0.0037886144127696757
decision_type=2 2 2 2 2 2
left_child=-1 2 4 -3 5 -2
right_child=1 3 -4 -5 -6 -7
leaf_value=-4.8744314773693098e-06 1.1022181790489295e-07 6.9120346267041792e-06 -4.8747935560683151e-06 5.3223303194375694e-07 6.2049413793854185e-08 -5.8845876118094463e-06
leaf_weight=4234 6097 3054 4017 3096 508700 3689
leaf_count=4234 6097 3054 4017 3096 508700 3689
internal_value=-1.37648e-08 2.56217e-08 -1.8339e-08 3.73054e-06 1.97531e-08 -2.16805e-06
internal_weight=532887 528653 522503 6150 518486 9786
internal_count=532887 528653 522503 6150 518486 9786
is_linear=0
shrinkage=0.05


Tree=82
num_leaves=7
num_cat=0
split_feature=18 51 50 50 50 51
split_gain=6.50784e-05 8.17109e-05 0.00282525 0.0014784 0.000488503 0.000369874
threshold=0.0099095497280359286 1.0000000180025095e-35 1.0000000180025095e-35 1.0000000180025095e-35 -1.0000000180025095e-35 -1.0000000180025095e-35
decision_type=2 2 2 2 2 2
left_child=1 3 4 -1 -3 -5
right_child=-2 2 -4 5 -6 -7
leaf_value=2.7390368501131077e-06 6.153596123791434e-06 -8.5572939106751449e-06 8.0890498898222267e-06 -6.9356385844599934e-06 -2.1080312020447791e-06 -1.3232346797314742e-06
leaf_weight=235259 4300 58850 58679 58666 58636 58766
leaf_count=235259 4300 58850 58679 58666 58636 58766
internal_value=6.29271e-08 1.28283e-08 -8.66412e-07 4.52059e-07 -5.3408e-06 -4.12881e-06
internal_weight=533156 528856 176165 352691 117486 117432
internal_count=533156 528856 176165 352691 117486 117432
is_linear=0
shrinkage=0.05


Tree=83
num_leaves=7
num_cat=0
split_feature=51 50 50 50 51 50
split_gain=5.84402e-05 0.0025727 0.00144631 0.000451691 0.000433866 0.000183412
threshold=1.0000000180025095e-35 1.0000000180025095e-35 1.0000000180025095e-35 -1.0000000180025095e-35 -1.0000000180025095e-35 -1.0000000180025095e-35
decision_type=2 2 2 2 2 2
left_child=2 3 5 -2 -4 -1
right_child=1 -3 4 -5 -6 -7
leaf_value=3.8900709290465556e-06 -8.2174171037792002e-06 7.6144316735548772e-06 -7.2802935811053056e-06 -2.0404185326012501e-06 -1.2341094900814169e-06 1.1060295629785494e-06
leaf_weight=118266 59200 59424 59449 59220 59235 118428
leaf_count=118266 59200 59424 59449 59220 59235 118428
internal_value=-1.31253e-07 -8.71063e-07 2.39045e-07 -5.13056e-06 -4.26444e-06 2.49763e-06
internal_weight=533222 177844 355378 118420 118684 236694
internal_count=533222 177844 355378 118420 118684 236694
is_linear=0
shrinkage=0.05


Tree=84
num_leaves=7
num_cat=0
split_feature=43 13 39 15 13 10
split_gain=1.97146e-05 2.28125e-05 2.37048e-05 3.99021e-05 2.52851e-05 1.56822e-05
threshold=-1.1249511837959287 0.0081872618757188338 3.3674243688583378 0.0024188739480450754 0.0063194583635777244 -0.028241921216249462
decision_type=2 2 2 2 2 2
left_child=-1 2 4 -4 5 -2
right_child=1 -3 3 -5 -6 -7
leaf_value=3.2988545262986277e-06 3.1519999047575356e-06 -3.7425076675107347e-06 -2.9914572456616876e-07 -7.1993576945983196e-06 3.2417797348831187e-06 -9.0355013366475513e-08
leaf_weight=4240 3707 4224 6456 3055 5792 505878
leaf_count=4240 3707 4224 6456 3055 5792 505878
internal_value=-7.7008e-08 -1.04369e-07 -7.4738e-08 -2.5416e-06 -2.89713e-08 -6.64614e-08
internal_weight=533352 529112 524888 9511 515377 509585
internal_count=533352 529112 524888 9511 515377 509585
is_linear=0
shrinkage=0.05


Tree=85
num_leaves=7
num_cat=0
split_feature=51 50 50 51 50 50
split_gain=4.19976e-05 0.002385 0.00129027 0.000369188 0.00034779 0.000229188
threshold=1.0000000180025095e-35 1.0000000180025095e-35 1.0000000180025095e-35 -1.0000000180025095e-35 -1.0000000180025095e-35 -1.0000000180025095e-35
decision_type=2 2 2 2 2 2
left_child=2 4 5 -4 -2 -1
right_child=1 -3 3 -5 -6 -7
leaf_value=3.9800735833134105e-06 -7.4416962681150549e-06 7.5535788302270688e-06 -6.7525304332291994e-06 -1.1700551785856768e-06 -2.027570967249641e-06 8.6925052618480732e-07
leaf_weight=118349 59290 59119 59296 59171 59411 118505
leaf_count=118349 59290 59119 59296 59171 59411 118505
internal_value=-2.05381e-08 -6.47742e-07 2.93393e-07 -3.96591e-06 -4.73387e-06 2.42415e-06
internal_weight=533141 177820 355321 118467 118701 236854
internal_count=533141 177820 355321 118467 118701 236854
is_linear=0
shrinkage=0.05


Tree=86
num_leaves=7
num_cat=0
split_feature=14 1 29 14 6 26
split_gain=2.82882e-05 3.16378e-05 2.75737e-05 2.26438e-05 2.70191e-05 3.2511e-05
threshold=0.0079277451150119322 0.0048307827673852452 5.3358552455902108 0.0064909183420240888 0.0055518008302897224 0.3802101612091065
decision_type=2 2 2 2 2 2
left_child=1 3 -3 4 -1 -6
right_child=-2 2 -4 -5 5 -7
leaf_value=7.1219366983141204e-08 -3.9891878865082157e-06 1.2671440949604104e-06 6.6706687545020249e-06 4.0936233099136477e-06 -5.4634604258378547e-06 9.6080077192126704e-07
leaf_weight=504300 4183 10286 3028 3393 4757 3314
leaf_count=504300 4183 10286 3028 3393 4757 3314
internal_value=8.19904e-08 1.14552e-07 2.51643e-06 5.23117e-08 2.51527e-08 -2.83595e-06
internal_weight=533261 529078 13314 515764 512371 8071
internal_count=533261 529078 13314 515764 512371 8071
is_linear=0
shrinkage=0.05


Tree=87
num_leaves=7
num_cat=0
split_feature=10 36 21 34 36 2
split_gain=6.83243e-05 2.52104e-05 2.74903e-05 2.41836e-05 2.04128e-05 2.59142e-05
threshold=-0.032465519383549683 0.051263386383652694 0.24889175593853 66.694610595703139 0.041438231244683273 -0.00085165869677439321
decision_type=2 2 2 2 2 2
left_child=-1 3 -3 4 -2 -6
right_child=1 2 -4 -5 5 -7
leaf_value=-6.2310840465243916e-06 7.75264302915381e-08 5.7260537548285768e-06 -5.3486070841823907e-07 -1.3389351803639958e-06 -5.9139938726205756e-06 6.448579395910736e-08
leaf_weight=4404 480299 3899 3139 34095 3198 4099
leaf_count=4404 480299 3899 3139 34095 3198 4099
internal_value=-6.42669e-08 -1.23166e-08 2.94956e-06 -5.25535e-08 3.75244e-08 -2.57807e-06
internal_weight=533133 528729 7038 521691 487596 7297
internal_count=533133 528729 7038 521691 487596 7297
is_linear=0
shrinkage=0.05


Tree=88
num_leaves=7
num_cat=0
split_feature=51 21 10 7 17 1
split_gain=6.24068e-05 0.000398237 0.000432766 0.000275879 0.000309102 0.000277876
threshold=1.0000000180025095e-35 0.28581163287162786 -0.015746981836855408 -0.0025800738949328657 1.2967513203620913 4.9786478484747938e-05
decision_type=2 2 2 2 2 2
left_child=-1 3 -3 4 -2 -5
right_child=1 2 -4 5 -6 -7
leaf_value=3.3736879244010219e-07 -3.5840917781973499e-06 2.0421359072945863e-05 1.3696718202521994e-06 6.6414555437923168e-07 -2.1675232495603222e-05 -4.553913986842106e-06
leaf_weight=355541 6185 3080 62777 53068 3794 49068
leaf_count=355541 6185 3080 62777 53068 3794 49068
internal_value=-4.5226e-08 -8.09429e-07 2.2755e-06 -2.62174e-06 -1.05361e-05 -1.84371e-06
internal_weight=533513 177972 65857 112115 9979 102136
internal_count=533513 177972 65857 112115 9979 102136
is_linear=0
shrinkage=0.05


Tree=89
num_leaves=7
num_cat=0
split_feature=51 22 9 0 21 0
split_gain=3.45704e-05 0.000296007 0.000237053 0.000234708 0.000231438 0.000379357
threshold=1.0000000180025095e-35 0.20305599272251132 -0.011710016988217829 0.0068073612637817868 0.28581163287162786 -0.0022787095513194795
decision_type=2 2 2 2 2 2
left_child=3 2 -2 4 -1 -6
right_child=1 -3 -4 -5 5 -7
leaf_value=1.5210961504568067e-06 1.4751048894509577e-05 -2.4455479636919367e-06 1.1129750232372466e-06 -1.1327828311949427e-05 -1.4698959739052864e-05 -5.9835862369513876e-07
leaf_weight=220625 3264 91313 83087 4171 4908 125925
leaf_count=220625 3264 91313 83087 4171 4908 125925
internal_value=1.07959e-07 -4.61518e-07 1.63672e-06 3.92482e-07 5.33166e-07 -1.13273e-06
internal_weight=533293 177664 86351 355629 351458 130833
internal_count=533293 177664 86351 355629 351458 130833
is_linear=0
shrinkage=0.05


Tree=90
num_leaves=7
num_cat=0
split_feature=23 42 17 8 2 18
split_gain=9.29743e-05 4.00119e-05 2.45057e-05 6.32381e-05 5.83595e-05 3.2305e-05
threshold=2.814024925231934 0.48942126333713537 1.4956152439117434 0.0055161847267299899 0.0039443122223019609 0.0046715987846255311
decision_type=2 2 2 2 2 2
left_child=2 -2 -1 -4 5 -5
right_child=1 -3 3 4 -6 -7
leaf_value=-8.5105234476375163e-08 1.9441190373978574e-06 9.8895170644856997e-06 1.6857160654581539e-07 4.117160796203718e-06 -2.1812743794810256e-07 1.1067413232375999e-05
leaf_weight=472461 3079 3282 43553 3908 4280 3008
leaf_count=472461 3079 3282 43553 3908 4280 3008
internal_value=1.03758e-07 6.08876e-06 3.09761e-08 1.03187e-06 4.37448e-06 7.1978e-06
internal_weight=533571 6361 527210 54749 11196 6916
internal_count=533571 6361 527210 54749 11196 6916
is_linear=0
shrinkage=0.05


Tree=91
num_leaves=7
num_cat=0
split_feature=51 21 44 6 13 15
split_gain=3.56968e-05 0.000339925 0.000334104 0.000282873 0.000401507 0.000327603
threshold=1.0000000180025095e-35 0.28581163287162786 2.0464445352554326 -0.0028406666824594136 0.0052222600206732759 0.0033577979775145654
decision_type=2 2 2 2 2 2
left_child=-1 3 -3 5 -5 -2
right_child=1 2 -4 4 -6 -7
leaf_value=2.4224479935370981e-07 -8.4250552674741606e-07 1.4012817021229065e-06 1.7573387449800727e-05 -2.4696522371476833e-06 -2.0694739361736337e-05 1.9524504835124809e-05
leaf_weight=355428 5528 62346 3317 100593 3067 3018
leaf_count=355428 5528 62346 3317 100593 3067 3018
internal_value=-4.7137e-08 -6.25302e-07 2.23097e-06 -2.29704e-06 -3.0186e-06 6.42179e-06
internal_weight=533297 177869 65663 112206 103660 8546
internal_count=533297 177869 65663 112206 103660 8546
is_linear=0
shrinkage=0.05


Tree=92
num_leaves=7
num_cat=0
split_feature=8 30 13 51 50 50
split_gain=4.24868e-05 0.000100554 4.90862e-05 3.63497e-05 0.0019406 0.00120212
threshold=-0.012456714175641535 -0.71042004227638234 0.0073441916611045608 1.0000000180025095e-35 1.0000000180025095e-35 1.0000000180025095e-35
decision_type=2 2 2 2 2 2
left_child=1 -1 3 5 -5 -2
right_child=2 -3 -4 4 -6 -7
leaf_value=-7.9894240607266439e-06 2.2655963919429981e-06 2.9829937091531859e-06 4.8807816967977649e-06 -4.4475599045040403e-06 6.7704198497218778e-06 -3.9779338295147896e-06
leaf_weight=5152 231345 3453 4924 115388 57833 115566
leaf_count=5152 231345 3453 4924 115388 57833 115566
internal_value=-1.19962e-07 -3.59463e-06 -6.26794e-08 -1.09943e-07 -7.01359e-07 1.85424e-07
internal_weight=533661 8605 525056 520132 173221 346911
internal_count=533661 8605 525056 520132 173221 346911
is_linear=0
shrinkage=0.05


Tree=93
num_leaves=7
num_cat=0
split_feature=16 51 37 37 32 37
split_gain=2.75238e-05 0.000252878 0.00103285 0.000499984 0.000668441 0.000340543
threshold=0.0045444322749972352 -1.0000000180025095e-35 4.3064522743225107 4.6244969367980966 -0.081560932099819169 2.5797975063323979
decision_type=2 2 2 2 2 2
left_child=-1 2 -2 5 -5 -3
right_child=1 3 -4 4 -6 -7
leaf_value=1.0111627841687912e-07 1.3959417900703056e-05 3.130011383839369e-06 -2.2276150326817266e-05 2.8039669426572162e-05 2.210227261974898e-07 -1.8758194455888998e-05
leaf_weight=507734 3105 3410 5191 3136 6704 3633
leaf_count=507734 3105 3410 5191 3136 6704 3633
internal_value=2.10305e-08 -1.5909e-06 -8.71164e-06 1.9235e-06 9.18374e-06 -8.21325e-06
internal_weight=532913 25179 8296 16883 9840 7043
internal_count=532913 25179 8296 16883 9840 7043
is_linear=0
shrinkage=0.05


Tree=94
num_leaves=7
num_cat=0
split_feature=9 51 24 12 31 16
split_gain=0.000101801 7.88517e-05 0.000217115 0.000306571 0.000234305 0.000373447
threshold=-0.022915988229215142 1.0000000180025095e-35 0.48845170438289648 -0.043992357328534119 -0.19736392796039579 0.0034759894479066138
decision_type=2 2 2 2 2 2
left_child=-1 -2 3 -3 5 -4
right_child=1 2 4 -5 -6 -7
leaf_value=7.3879735776606302e-06 3.3688895487748109e-07 1.6325537069112568e-05 -4.1263873669935655e-06 2.8121117831229904e-07 -7.8505608599867361e-07 -2.0990603987151374e-05
leaf_weight=4534 352114 3040 28472 81722 59542 3668
leaf_count=4534 352114 3040 28472 81722 59542 3668
internal_value=-3.10822e-08 -9.5416e-08 -9.57981e-07 8.65928e-07 -2.64378e-06 -6.08064e-06
internal_weight=533092 528558 176444 84762 91682 32140
internal_count=533092 528558 176444 84762 91682 32140
is_linear=0
shrinkage=0.05


Tree=95
num_leaves=7
num_cat=0
split_feature=1 2 51 27 36 13
split_gain=5.1937e-05 5.2368e-05 9.38261e-05 0.000194241 2.24816e-05 5.07547e-05
threshold=-0.0051382193341851226 0.0016773602692410352 -1.0000000180025095e-35 -1.7169967293739317 0.060126872733235366 0.0063194583635777244
decision_type=2 2 2 2 2 2
left_child=1 2 -1 -4 5 -2
right_child=4 -3 3 -5 -6 -7
leaf_value=8.2675016554510855e-06 3.6919165941972454e-08 8.5760092040906847e-06 6.3064758375565455e-06 -1.129585389089026e-05 3.2189255599233424e-06 -4.5853486119440176e-06
leaf_weight=3146 509060 3339 3174 3003 5374 5959
leaf_count=3146 509060 3339 3174 3003 5374 5959
internal_value=9.38556e-08 3.25148e-06 1.30895e-06 -2.27303e-06 1.67204e-08 -1.70025e-08
internal_weight=533055 12662 9323 6177 520393 515019
internal_count=533055 12662 9323 6177 520393 515019
is_linear=0
shrinkage=0.05


Tree=96
num_leaves=7
num_cat=0
split_feature=19 18 15 18 38 42
split_gain=2.65304e-05 6.0555e-05 3.348e-05 2.72719e-05 3.19822e-05 4.65957e-05
threshold=1.1965369582176211 0.0042141529265791186 0.0074973225127905616 0.0055784566793590793 0.99916940927505504 0.44966898858547216
decision_type=2 2 2 2 2 2
left_child=2 -2 3 -1 -5 -6
right_child=1 -3 -4 4 5 -7
leaf_value=-6.3326840416920943e-08 4.5056944853869088e-07 7.3988497408557487e-06 -4.3917371993366852e-06 4.776598872787176e-06 6.0767569866608259e-06 1.4050585032858408e-07
leaf_weight=467023 14817 3930 4233 5554 3616 33660
leaf_count=467023 14817 3930 4233 5554 3616 33660
internal_value=7.79531e-08 1.92297e-06 1.04911e-08 4.74672e-08 1.25424e-06 7.23727e-07
internal_weight=532833 18747 514086 509853 42830 37276
internal_count=532833 18747 514086 509853 42830 37276
is_linear=0
shrinkage=0.05


Tree=97
num_leaves=7
num_cat=0
split_feature=18 8 13 9 37 44
split_gain=6.20175e-05 5.25888e-05 3.28876e-05 1.8663e-05 1.88757e-05 2.39272e-05
threshold=0.0099095497280359286 -0.016596012748777863 0.0067363067064434299 -0.0077863775659352532 5.7538516521453866 -0.060711162164807313
decision_type=2 2 2 2 2 2
left_child=1 -1 3 4 5 -3
right_child=-2 2 -4 -5 -6 -7
leaf_value=5.9360384738616143e-06 -6.0479304154011676e-06 4.5940370608160172e-07 -4.1828996703666391e-06 4.8313806546132086e-08 -2.94040812109986e-07 -4.2192875433893173e-06
leaf_weight=3619 4265 4028 4768 485476 23281 8388
leaf_count=3619 4265 4028 4768 485476 23281 8388
internal_value=-7.79251e-08 -2.92771e-08 -7.08848e-08 -3.2868e-08 -1.13546e-06 -2.70567e-06
internal_weight=533825 529560 525941 521173 35697 12416
internal_count=533825 529560 525941 521173 35697 12416
is_linear=0
shrinkage=0.05


Tree=98
num_leaves=7
num_cat=0
split_feature=44 14 9 51 28 51
split_gain=3.89797e-05 5.02199e-05 4.86464e-05 0.00063583 0.00022931 3.78757e-05
threshold=3.7815783023834233 0.0029454957693815236 -0.015320763457566498 -1.0000000180025095e-35 -3.347260475158691 1.0000000180025095e-35
decision_type=2 2 2 2 2 2
left_child=2 -2 3 -1 -5 -4
right_child=1 -3 5 4 -6 -7
leaf_value=-1.9884503169236299e-05 2.8198624541316603e-07 8.2951337092730332e-06 2.521915429342717e-07 1.3383516059233407e-05 -3.7833506626795119e-06 -6.5853434555751909e-07
leaf_weight=3815 5149 3106 342366 3902 3797 171213
leaf_count=3815 5149 3106 342366 3902 3797 171213
internal_value=-6.99274e-08 3.32878e-06 -1.2367e-07 -3.33072e-06 4.94736e-06 -5.14538e-08
internal_weight=533348 8255 525093 11514 7699 513579
internal_count=533348 8255 525093 11514 7699 513579
is_linear=0
shrinkage=0.05


Tree=99
num_leaves=7
num_cat=0
split_feature=15 51 22 12 19 41
split_gain=4.37952e-05 4.56284e-05 0.000266315 0.000309316 0.000178661 0.000177308
threshold=0.0074973225127905616 1.0000000180025095e-35 0.36079666018486029 -0.040409395471215241 -1.4394499063491819 0.44495628774166113
decision_type=2 2 2 2 2 2
left_child=1 -1 3 -3 -5 -6
right_child=-2 2 -4 4 5 -7
leaf_value=2.1782090823235648e-07 -5.1094130418187022e-06 1.2778587602204826e-05 -3.7579094580366306e-06 -1.170065565001575e-05 3.0955178522918467e-06 -1.0627382284560984e-06
leaf_weight=352649 4368 4872 52289 3132 38198 77696
leaf_count=352649 4368 4872 52289 3132 38198 77696
internal_value=-1.51888e-07 -1.10462e-07 -7.67414e-07 4.95679e-07 -1.22423e-08 3.08543e-07
internal_weight=533204 528836 176187 123898 119026 115894
internal_count=533204 528836 176187 123898 119026 115894
is_linear=0
shrinkage=0.05


Tree=100
num_leaves=7
num_cat=0
split_feature=13 11 1 6 43 34
split_gain=4.70738e-05 2.78623e-05 2.76982e-05 2.37096e-05 2.37922e-05 2.23677e-05
threshold=0.0081872618757188338 0.044196637347340591 0.0051890716422349223 0.0055518008302897224 -0.023500988259911534 22.598580360412601
decision_type=2 2 2 2 2 2
left_child=1 2 3 5 -5 -1
right_child=-2 -3 -4 4 -6 -7
leaf_value=3.574130219920673e-06 5.2872797084529304e-06 -4.3242458980673953e-06 2.6109861570271463e-06 -8.5204212902634176e-08 5.2433627801236699e-06 -5.706978945809884e-08
leaf_weight=4227 4257 3584 10452 4072 4261 502771
leaf_count=4227 4257 3584 10452 4072 4261 502771
internal_value=8.11772e-08 3.8816e-08 6.89652e-08 1.71593e-08 2.65453e-06 -2.64459e-08
internal_weight=533624 529367 525783 515331 8333 506998
internal_count=533624 529367 525783 515331 8333 506998
is_linear=0
shrinkage=0.05


Tree=101
num_leaves=7
num_cat=0
split_feature=43 9 42 10 30 19
split_gain=3.72408e-05 3.94187e-05 3.90913e-05 2.78796e-05 5.28144e-05 1.99505e-05
threshold=1.0474111437797549 0.017593999393284324 0.53510844707489025 -0.023628789931535717 -1.2928115725517271 -1.2998235225677488
decision_type=2 2 2 2 2 2
left_child=1 3 -3 4 -1 -5
right_child=-2 2 -4 5 -6 -7
leaf_value=1.1017261995163492e-06 -4.6889661691382348e-06 6.802834652588296e-06 -3.8282539070421716e-07 1.9039232635216998e-06 -5.8984431015643074e-06 -2.1239676978775819e-08
leaf_weight=5159 4164 4185 3413 13782 5560 496751
leaf_count=5159 4164 4185 3413 13782 5560 496751
internal_value=-7.20968e-09 3.00928e-08 3.59366e-06 -2.2191e-08 -2.53982e-06 3.09121e-08
internal_weight=533014 528850 7598 521252 10719 510533
internal_count=533014 528850 7598 521252 10719 510533
is_linear=0
shrinkage=0.05


Tree=102
num_leaves=7
num_cat=0
split_feature=18 45 51 50 50 24
split_gain=0.000105038 8.14963e-05 3.407e-05 0.0109197 0.00511583 0.000290095
threshold=0.0092942253686487692 -0.19396708905696866 -1.0000000180025095e-35 -1.0000000180025095e-35 -1.0000000180025095e-35 0.29700259864330297
decision_type=2 2 2 2 2 2
left_child=2 -2 3 -1 -4 -5
right_child=1 -3 4 5 -6 -7
leaf_value=1.8257529476725933e-05 1.1922808737090119e-05 6.691826304969794e-07 -8.725876466232279e-06 -1.1732986039780546e-05 4.061476804138507e-06 -6.4246199992568141e-06
leaf_weight=58603 3291 3115 117292 38507 234525 78439
leaf_count=58603 3291 3115 117292 38507 234525 78439
internal_value=1.59172e-07 6.49815e-06 8.15623e-08 6.50392e-07 -2.02323e-07 -8.17678e-06
internal_weight=533772 6406 527366 175549 351817 116946
internal_count=533772 6406 527366 175549 351817 116946
is_linear=0
shrinkage=0.05


Tree=103
num_leaves=7
num_cat=0
split_feature=40 51 3 16 37 22
split_gain=3.62013e-05 3.1082e-05 0.000280409 0.000354447 0.000506358 0.00021068
threshold=4.5543944835662851 1.0000000180025095e-35 0.0055001303553581246 0.0047440784983336934 5.1746287345886239 0.20305599272251132
decision_type=2 2 2 2 2 2
left_child=1 -1 3 5 -5 -3
right_child=-2 2 -4 4 -6 -7
leaf_value=2.8429708791334281e-07 4.7685278188985267e-06 1.1280218397459632e-06 -1.488248754573297e-05 -3.1545153740224291e-06 2.539255455539029e-05 -2.4231072948097645e-06
leaf_weight=352882 3983 81680 3288 3013 3135 85376
leaf_count=352882 3983 81680 3288 3013 3135 85376
internal_value=4.93078e-08 1.33535e-08 -5.28304e-07 -2.51597e-07 1.14897e-05 -6.87008e-07
internal_weight=533357 529374 176492 173204 6148 167056
internal_count=533357 529374 176492 173204 6148 167056
is_linear=0
shrinkage=0.05


Tree=104
num_leaves=7
num_cat=0
split_feature=2 18 44 18 51 50
split_gain=4.20567e-05 4.71535e-05 3.80559e-05 5.64358e-05 4.05634e-05 0.00125364
threshold=0.0055544308852404365 0.0062621543183922776 1.028231203556061 0.0063839200884103784 -1.0000000180025095e-35 -1.0000000180025095e-35
decision_type=2 2 2 2 2 2
left_child=2 -2 -1 4 5 -4
right_child=1 -3 3 -5 -6 -7
leaf_value=-1.6155356944836711e-07 -2.8521443099009901e-07 -7.0870986296793715e-06 1.9903148311709338e-05 5.8019254543796009e-06 -2.4557603945903975e-07 -6.3393948582177701e-06
leaf_weight=456202 5936 4420 6806 5812 40733 13490
leaf_count=456202 5936 4420 6806 5812 40733 13490
internal_value=-6.08861e-08 -3.2084e-06 1.73391e-09 1.11549e-06 6.64799e-07 2.48799e-06
internal_weight=533399 10356 523043 66841 61029 20296
internal_count=533399 10356 523043 66841 61029 20296
is_linear=0
shrinkage=0.05


Tree=105
num_leaves=7
num_cat=0
split_feature=40 10 37 17 21 40
split_gain=2.45659e-05 3.18946e-05 5.14194e-05 1.95638e-05 1.58818e-05 1.66156e-05
threshold=4.5543944835662851 -0.025763696059584614 7.4465487003326425 2.3639811277389531 0.27765451371669775 3.0366603136062627
decision_type=2 2 2 2 2 2
left_child=1 2 -1 4 5 -3
right_child=-2 3 -4 -5 -6 -7
leaf_value=-1.885464669282671e-06 -3.9105044438277843e-06 1.9346812384417187e-07 6.3746528494947508e-06 3.4228406525784165e-06 -4.2507373816058219e-07 -2.5488619558320121e-06
leaf_weight=3059 3989 315783 4779 3988 196456 5572
leaf_count=3059 3989 315783 4779 3988 196456 5572
internal_value=-2.58723e-08 3.75145e-09 3.15939e-06 -4.39479e-08 -7.09758e-08 1.4553e-07
internal_weight=533626 529637 7838 521799 517811 321355
internal_count=533626 529637 7838 521799 517811 321355
is_linear=0
shrinkage=0.05


Tree=106
num_leaves=7
num_cat=0
split_feature=13 3 24 51 22 42
split_gain=4.44658e-05 3.66063e-05 3.41321e-05 0.000242309 0.000261261 0.00020271
threshold=0.0081872618757188338 -0.0055698098149150601 0.35257871448993688 -1.0000000180025095e-35 0.07379388809204103 0.45032593607902532
decision_type=2 2 2 2 2 2
left_child=1 -1 -3 4 -4 -6
right_child=-2 2 3 -5 5 -7
leaf_value=3.094094054598065e-06 5.0639455975054814e-06 -5.7036131549561882e-07 -2.5772663271277637e-06 -6.975570211840636e-07 -1.2736154259942442e-06 4.7044275651171186e-06
leaf_weight=9402 4339 194089 22635 216858 17898 67890
leaf_count=9402 4339 194089 22635 216858 17898 67890
internal_value=5.20117e-08 1.04099e-08 -4.57056e-08 2.67386e-07 2.19681e-06 3.45721e-06
internal_weight=533111 528772 519370 325281 108423 85788
internal_count=533111 528772 519370 325281 108423 85788
is_linear=0
shrinkage=0.05


Tree=107
num_leaves=7
num_cat=0
split_feature=9 23 2 8 13 0
split_gain=3.26363e-05 3.59767e-05 2.21759e-05 3.10758e-05 2.52712e-05 2.77792e-05
threshold=-0.020233712159097191 1.3171805143356325 0.0079676397144794481 0.0063972850330173978 0.0067363067064434299 -0.0037187339039519425
decision_type=2 2 2 2 2 2
left_child=1 -1 3 4 5 -2
right_child=2 -3 -4 -5 -6 -7
leaf_value=-6.9497091944226464e-06 1.9458408965995221e-06 4.8350873199550683e-07 -3.5349464230272238e-06 1.7465978423079119e-06 -4.1832661480918885e-06 4.8074715776391283e-08
leaf_weight=3354 20059 3108 3973 30220 3376 469536
leaf_count=3354 20059 3108 3973 30220 3376 469536
internal_value=1.19718e-07 -3.39832e-06 1.63161e-07 1.91579e-07 9.60857e-08 1.26018e-07
internal_weight=533626 6462 527164 523191 492971 489595
internal_count=533626 6462 527164 523191 492971 489595
is_linear=0
shrinkage=0.05


Tree=108
num_leaves=7
num_cat=0
split_feature=26 15 36 24 15 24
split_gain=5.06238e-05 7.18795e-05 3.5935e-05 1.98454e-05 3.94164e-05 6.95106e-05
threshold=1.7695006728172304 0.0021923921303823595 0.067740809172391905 0.52790969610214245 0.0051563119050115356 0.28003527224063879
decision_type=2 2 2 2 2 2
left_child=2 -2 3 4 -1 -6
right_child=1 -3 -4 -5 5 -7
leaf_value=-2.6795537852500869e-07 -2.4837033797575051e-07 8.1256137245949e-06 -4.7561576868380285e-06 2.4935152734318617e-07 1.0900858637150516e-07 -9.745070258238591e-06
leaf_weight=262297 5857 4502 4077 249502 4316 3006
leaf_count=262297 5857 4502 4077 249502 4316 3006
internal_value=-4.02621e-08 3.4125e-06 -1.08944e-07 -7.19919e-08 -3.6935e-07 -3.97518e-06
internal_weight=533557 10359 523198 519121 269619 7322
internal_count=533557 10359 523198 519121 269619 7322
is_linear=0
shrinkage=0.05


Tree=109
num_leaves=7
num_cat=0
split_feature=10 22 3 29 18 5
split_gain=5.17342e-05 8.42419e-05 6.04513e-05 3.3071e-05 5.43103e-05 2.15163e-05
threshold=-0.023628789931535717 0.11551724746823312 -0.0028178498614579435 -6.6753399372100821 0.0045266707893460998 -0.004100250080227851
decision_type=2 2 2 2 2 2
left_child=1 -1 -3 4 -2 -5
right_child=3 2 -4 5 -6 -7
leaf_value=1.0595349101746633e-05 -4.7719229694233968e-07 6.1326840280419364e-06 -2.7390932143327737e-06 -1.5781446694541851e-06 -6.6959886213063202e-06 2.3969163669030089e-07
leaf_weight=3022 15400 3160 4731 16793 4501 485540
leaf_count=3022 15400 3160 4731 16793 4501 485540
internal_value=1.70864e-07 3.57012e-06 8.29909e-07 9.94959e-08 -1.89695e-06 1.7877e-07
internal_weight=533147 10913 7891 522234 19901 502333
internal_count=533147 10913 7891 522234 19901 502333
is_linear=0
shrinkage=0.05


Tree=110
num_leaves=7
num_cat=0
split_feature=14 43 47 14 39 39
split_gain=2.63833e-05 3.63745e-05 5.15472e-05 2.37958e-05 4.01758e-05 5.91219e-05
threshold=0.0058456871192902335 0.045544289052486427 0.47114434838294988 0.0043816273100674161 0.69997358322143566 -0.34929683804512018
decision_type=2 2 2 2 2 2
left_child=3 2 -2 -1 5 -5
right_child=1 -3 -4 4 -6 -7
leaf_value=2.7577059478808864e-08 7.4172604108147443e-06 -1.4433148690918538e-06 -5.4407135377562686e-07 -4.8584621372059191e-06 -5.1744146224150562e-06 1.8699532306966957e-06
leaf_weight=499648 4945 4339 3418 4775 5890 10048
leaf_count=499648 4945 4339 3418 4775 5890 10048
internal_value=1.37167e-08 2.26064e-06 4.17953e-06 -4.13425e-08 -1.69991e-06 -3.06548e-07
internal_weight=533063 12702 8363 520361 20713 14823
internal_count=533063 12702 8363 520361 20713 14823
is_linear=0
shrinkage=0.05


Tree=111
num_leaves=7
num_cat=0
split_feature=8 23 13 6 13 19
split_gain=9.24245e-05 5.20651e-05 4.34317e-05 5.34088e-05 1.4585e-05 2.16855e-05
threshold=0.016254583373665813 3.0920717716217045 0.0067363067064434299 0.00031398196006193762 0.0025930141564458613 1.1965369582176211
decision_type=2 2 2 2 2 2
left_child=1 2 4 -4 -1 -6
right_child=-2 -3 3 -5 5 -7
leaf_value=1.2552015363827877e-07 7.3292581188740704e-06 5.8073830707020737e-06 -7.9416126252465144e-06 8.8841872254786618e-07 -3.6423019452474119e-07 -3.6861785064089828e-06
leaf_weight=404608 4256 3748 3786 3077 109360 5095
leaf_count=404608 4256 3748 3786 3077 109360 5095
internal_value=3.35353e-08 -2.5773e-08 -6.7891e-08 -4.00491e-06 -1.54554e-08 -5.13653e-07
internal_weight=533930 529674 525926 6863 519063 114455
internal_count=533930 529674 525926 6863 519063 114455
is_linear=0
shrinkage=0.05


Tree=112
num_leaves=7
num_cat=0
split_feature=36 36 10 13 43 48
split_gain=2.11782e-05 3.18535e-05 3.00466e-05 3.0499e-05 4.03344e-05 6.59981e-05
threshold=0.067740809172391905 0.054880341514945037 -0.025763696059584614 0.0046135892625898131 -0.1642147675156593 -1.0000000180025095e-35
decision_type=2 2 2 2 2 2
left_child=1 2 -1 -4 -5 -6
right_child=-2 -3 3 4 5 -7
leaf_value=-4.0486220046834949e-06 -3.5363845015029852e-06 4.271957272871053e-06 -9.2353368177920056e-08 5.7895499129038655e-06 5.752125069315683e-06 -1.0796100439465351e-06
leaf_weight=4595 4242 4258 495682 4852 4713 13671
leaf_count=4595 4242 4258 495682 4852 4713 13671
internal_value=-3.83385e-08 -9.8904e-09 -4.51215e-08 -9.28401e-09 1.75919e-06 6.82654e-07
internal_weight=532013 527771 523513 518918 23236 18384
internal_count=532013 527771 523513 518918 23236 18384
is_linear=0
shrinkage=0.05


Tree=113
num_leaves=7
num_cat=0
split_feature=4 7 18 13 18 23
split_gain=4.51407e-05 2.90397e-05 2.64052e-05 2.78155e-05 1.89339e-05 3.22641e-05
threshold=0.0079212887212634104 -0.007965293247252701 0.0099095497280359286 0.0067363067064434299 0.0061447334010154018 0.99087733030319225
decision_type=2 2 2 2 2 2
left_child=1 -1 3 4 -3 -6
right_child=-2 2 -4 -5 5 -7
leaf_value=-4.0995501183386118e-06 -5.0914634572879795e-06 1.111865319065823e-08 4.6632086992724702e-06 -4.0604418946732233e-06 4.0086654230076405e-08 3.7585972051952638e-06
leaf_weight=4151 4269 492978 3066 4040 15698 9234
leaf_count=4151 4269 492978 3066 4040 15698 9234
internal_value=-5.26689e-10 4.10211e-08 7.41455e-08 4.67446e-08 7.9172e-08 1.42207e-06
internal_weight=533436 529167 525016 521950 517910 24932
internal_count=533436 529167 525016 521950 517910 24932
is_linear=0
shrinkage=0.05


Tree=114
num_leaves=7
num_cat=0
split_feature=1 3 44 51 50 21
split_gain=4.79481e-05 3.28059e-05 2.55765e-05 7.00936e-05 0.000263337 0.000165034
threshold=0.0079725524410605448 0.0079890596680343168 2.4536547660827641 -1.0000000180025095e-35 -1.0000000180025095e-35 0.18214420229196551
decision_type=2 2 2 2 2 2
left_child=1 2 -1 5 -5 -4
right_child=-2 -3 3 4 -6 -7
leaf_value=6.4812239524504842e-08 5.2930014068714701e-06 -4.5956824507705251e-06 1.2775128462788334e-06 -9.316644511871414e-06 5.1721909175810343e-06 -1.4117280166760956e-05
leaf_weight=504453 4198 3873 3772 4663 9323 3171
leaf_count=504453 4198 3873 3772 4663 9323 3171
internal_value=2.12608e-09 -4.03367e-08 -6.32153e-09 -1.71693e-06 3.25563e-07 -5.80425e-06
internal_weight=533453 529255 525382 20929 13986 6943
internal_count=533453 529255 525382 20929 13986 6943
is_linear=0
shrinkage=0.05


Tree=115
num_leaves=7
num_cat=0
split_feature=12 14 1 19 24 51
split_gain=3.91398e-05 3.79622e-05 5.37158e-05 2.05385e-05 1.59828e-05 0.000171158
threshold=-0.071754280477762208 0.0064909183420240888 0.0010290151694789531 -1.87726753950119 0.76506185531616222 -1.0000000180025095e-35
decision_type=2 2 2 2 2 2
left_child=-1 3 -3 -2 -5 -6
right_child=1 2 -4 4 5 -7
leaf_value=4.7218996109692146e-06 3.6284610013891934e-06 -7.7157086106622826e-06 1.1059764785948108e-06 -1.1451701049838328e-07 2.8398053388188488e-06 -6.9135007656283446e-07
leaf_weight=4462 4028 3674 3195 363903 51589 102257
leaf_count=4462 4028 3674 3195 363903 51589 102257
internal_value=8.47659e-08 4.51836e-08 -3.63411e-06 9.39637e-08 6.61182e-08 4.93286e-07
internal_weight=533108 528646 6869 521777 517749 153846
internal_count=533108 528646 6869 521777 517749 153846
is_linear=0
shrinkage=0.05


Tree=116
num_leaves=7
num_cat=0
split_feature=26 48 15 16 4 19
split_gain=3.81149e-05 6.86117e-05 2.38228e-05 3.37643e-05 2.81567e-05 1.81298e-05
threshold=-1.8283545970916746 -1.0000000180025095e-35 0.0074973225127905616 0.005510421935468913 -0.00065174084738828231 -1.5430954694747923
decision_type=2 2 2 2 2 2
left_child=1 -1 3 5 -5 -2
right_child=2 -3 -4 4 -6 -7
leaf_value=8.7404792056011218e-06 -3.0359061368282172e-06 -3.2196744529649564e-07 -3.6622754507576402e-06 6.7740188395789421e-06 8.0678744432567764e-07 4.6676121938877646e-08
leaf_weight=3485 4765 5096 4264 3304 4853 508467
leaf_count=3485 4765 5096 4264 3304 4853 508467
internal_value=9.21516e-08 3.38788e-06 3.80336e-08 6.86436e-08 3.25036e-06 1.77636e-08
internal_weight=534234 8581 525653 521389 8157 513232
internal_count=534234 8581 525653 521389 8157 513232
is_linear=0
shrinkage=0.05


Tree=117
num_leaves=7
num_cat=0
split_feature=23 12 10 13 8 0
split_gain=6.49643e-05 5.4006e-05 5.46311e-05 4.4719e-05 3.12328e-05 2.86558e-05
threshold=2.6377900838851933 -0.058693151921033852 -0.015746981836855408 0.0034379597054794435 0.0081073017790913599 0.0041213780641555795
decision_type=2 2 2 2 2 2
left_child=1 2 -1 -2 5 -3
right_child=3 4 -4 -5 -6 -7
leaf_value=-8.5189790599176167e-06 1.3779498865016407e-06 -3.214965483855051e-08 -5.2338995460768242e-07 8.8230741240380013e-06 -2.0775613778231515e-06 2.5599746123691512e-06
leaf_weight=3753 5202 486390 4891 3268 18269 10851
leaf_count=3753 5202 486390 4891 3268 18269 10851
internal_value=-4.55499e-08 -1.15938e-07 -4.0239e-06 4.28544e-06 -5.00261e-08 2.46685e-08
internal_weight=532624 524154 8644 8470 515510 497241
internal_count=532624 524154 8644 8470 515510 497241
is_linear=0
shrinkage=0.05


Tree=118
num_leaves=7
num_cat=0
split_feature=0 51 50 50 22 31
split_gain=1.45864e-05 8.24519e-05 0.00339074 0.00159914 0.000206886 0.000195615
threshold=0.0005424900446087123 -1.0000000180025095e-35 -1.0000000180025095e-35 -1.0000000180025095e-35 0.07379388809204103 -0.17720029503107068
decision_type=2 2 2 2 2 2
left_child=-1 2 -2 -3 -4 -6
right_child=1 3 4 -5 5 -7
leaf_value=-1.6818278988479497e-07 1.7817462565419269e-05 -8.1210504714652071e-06 -1.1028325377822994e-05 3.5299288416483442e-06 1.326677104781917e-06 -7.0138237900999725e-06
leaf_weight=334410 22018 44087 14664 88462 11515 17944
leaf_count=334410 22018 44087 14664 88462 11515 17944
internal_value=3.3411e-08 3.72665e-07 1.81386e-06 -3.46894e-07 -6.18329e-06 -3.75695e-06
internal_weight=533100 198690 66141 132549 44123 29459
internal_count=533100 198690 66141 132549 44123 29459
is_linear=0
shrinkage=0.05


Tree=119
num_leaves=7
num_cat=0
split_feature=12 40 17 34 44 25
split_gain=6.40441e-05 7.06387e-05 3.1251e-05 4.89434e-05 4.426e-05 2.29358e-05
threshold=-0.063670959323644624 1.1462223529815676 1.8739111423492434 31.27394008636475 2.8461258411407475 -2.4999999999999996
decision_type=2 2 2 2 2 2
left_child=1 -1 5 -4 -5 -2
right_child=2 -3 3 4 -6 -7
leaf_value=-1.8560483021977865e-07 -1.1603665415236904e-06 -1.0567543942259882e-05 -3.8618077184400559e-06 1.5591175996085375e-06 7.821058978149916e-06 -7.1877907120505482e-08
leaf_weight=3484 54178 3046 3281 15350 3419 450047
leaf_count=3484 54178 3046 3281 15350 3419 450047
internal_value=-1.69599e-07 -5.07189e-06 -1.08295e-07 1.73204e-06 2.71755e-06 -1.88937e-07
internal_weight=532805 6530 526275 22050 18769 504225
internal_count=532805 6530 526275 22050 18769 504225
is_linear=0
shrinkage=0.05


Tree=120
num_leaves=7
num_cat=0
split_feature=2 12 16 9 17 32
split_gain=2.52701e-05 3.2818e-05 2.30757e-05 1.71781e-05 3.23335e-05 1.70261e-05
threshold=0.0043228203430771836 -0.071754280477762208 0.0047440784983336934 -0.018121602013707157 1.6532202959060671 -0.41843584179878229
decision_type=2 2 2 2 2 2
left_child=1 -1 -2 4 -3 -5
right_child=2 3 -4 5 -6 -7
leaf_value=4.7334140111425823e-06 -9.7230343614882471e-07 -5.5564758436362901e-06 -5.5436507655131656e-06 2.2480435765101692e-06 1.2363042760369507e-06 3.1135342017015704e-08
leaf_weight=3695 15209 3738 3332 8765 3231 495339
leaf_count=3695 15209 3738 3332 8765 3231 495339
internal_value=4.4822e-09 6.98803e-08 -1.80652e-06 3.57037e-08 -2.4208e-06 6.99005e-08
internal_weight=533309 514768 18541 511073 6969 504104
internal_count=533309 514768 18541 511073 6969 504104
is_linear=0
shrinkage=0.05


Tree=121
num_leaves=7
num_cat=0
split_feature=22 33 18 30 3 44
split_gain=2.45555e-05 3.02198e-05 2.47501e-05 4.92411e-05 2.31192e-05 2.24112e-05
threshold=0.33597591519355779 18.315412521362308 0.0071181657258421191 -0.27451364696025843 0.0025883822236210112 -0.2536694854497909
decision_type=2 2 2 2 2 2
left_child=-1 -2 4 -4 -3 -6
right_child=1 2 3 -5 5 -7
leaf_value=-1.7053649888061404e-07 5.1435495807217244e-06 3.9631287767485692e-07 2.1575007455129578e-06 -6.4039110133588072e-06 8.1475815239423522e-08 4.1165620505964093e-06
leaf_weight=359015 3463 149812 3049 3637 5747 8534
leaf_count=359015 3463 149812 3049 3637 5747 8534
internal_value=6.58375e-08 5.52781e-07 4.58213e-07 -2.51264e-06 5.79989e-07 2.4987e-06
internal_weight=533257 174242 170779 6686 164093 14281
internal_count=533257 174242 170779 6686 164093 14281
is_linear=0
shrinkage=0.05


Tree=122
num_leaves=7
num_cat=0
split_feature=8 36 14 51 50 50
split_gain=5.96855e-05 3.37581e-05 2.89384e-05 1.60174e-05 0.00160563 0.00102456
threshold=-0.016596012748777863 0.060126872733235366 0.0061058993451297292 1.0000000180025095e-35 1.0000000180025095e-35 1.0000000180025095e-35
decision_type=2 2 2 2 2 2
left_child=-1 2 3 5 -5 -2
right_child=1 -3 -4 4 -6 -7
leaf_value=5.8529828847453906e-06 2.1502950884814221e-06 -3.775874928842953e-06 3.5331115128892219e-06 -3.7725724624262604e-06 6.4620526595583809e-06 -3.6233287073129987e-06
leaf_weight=4383 230425 5722 5910 115027 57404 115219
leaf_count=4383 230425 5722 5910 115027 57404 115219
internal_value=7.54025e-08 2.70487e-08 6.89335e-08 2.90784e-08 -3.64478e-07 2.25436e-07
internal_weight=534090 529707 523985 518075 172431 345644
internal_count=534090 529707 523985 518075 172431 345644
is_linear=0
shrinkage=0.05


Tree=123
num_leaves=7
num_cat=0
split_feature=12 6 1 45 8 11
split_gain=5.30837e-05 2.68321e-05 2.03364e-05 2.00658e-05 2.64759e-05 1.65712e-05
threshold=-0.071754280477762208 0.0079996767453849333 -0.0079856431111693365 2.8929713964462285 0.010392804630100729 -0.020206126384437081
decision_type=2 2 2 2 2 2
left_child=-1 2 -2 4 5 -4
right_child=1 -3 3 -5 -6 -7
leaf_value=-5.5317483436182659e-06 3.6580752048714978e-06 -4.1789943247956471e-06 1.1988403347071313e-06 2.8201615063485816e-06 -2.8115859149466096e-06 -9.5000120969596764e-08
leaf_weight=4397 3691 3848 26043 6004 8641 479890
leaf_count=4397 3691 3848 26043 6004 8641 479890
internal_value=-9.1782e-08 -4.59705e-08 -1.52396e-08 -4.16329e-08 -7.52948e-08 -2.82875e-08
internal_weight=532514 528117 524269 520578 514574 505933
internal_count=532514 528117 524269 520578 514574 505933
is_linear=0
shrinkage=0.05


Tree=124
num_leaves=7
num_cat=0
split_feature=28 15 2 1 9 15
split_gain=6.60824e-05 4.12112e-05 3.23246e-05 3.3707e-05 5.72725e-05 3.24785e-05
threshold=-4.4182083606719962 0.0025486368685960774 -0.0079709538258612139 -0.0030128475045785304 -0.011710016988217829 0.0032998925307765607
decision_type=2 2 2 2 2 2
left_child=1 -1 -2 4 5 -4
right_child=2 -3 3 -5 -6 -7
leaf_value=-1.3655478518827091e-06 -4.6626005754282566e-06 -9.2910692200149565e-06 2.1798434693287215e-06 -1.5841061909692063e-07 5.0347082517472137e-07 9.4592993287250046e-06
leaf_weight=3500 3779 3071 3128 488541 28282 3029
leaf_count=3500 3779 3071 3128 488541 28282 3029
internal_value=-1.47698e-07 -5.11178e-06 -8.52947e-08 -5.1777e-08 1.45893e-06 5.8084e-06
internal_weight=533330 6571 526759 522980 34439 6157
internal_count=533330 6571 526759 522980 34439 6157
is_linear=0
shrinkage=0.05


Tree=125
num_leaves=7
num_cat=0
split_feature=13 44 7 3 13 44
split_gain=0.000109496 2.69517e-05 2.94512e-05 2.34007e-05 3.95873e-05 4.72397e-05
threshold=0.0081872618757188338 3.7815783023834233 -0.00031673310149926687 0.006759732961654664 0.0040305585134774455 -0.23037257045507428
decision_type=2 2 2 2 2 2
left_child=1 3 -3 4 -1 -6
right_child=-2 2 -4 -5 5 -7
leaf_value=-1.583435244325761e-08 -8.0322303998887821e-06 6.5701355227216338e-06 3.4594417016326404e-07 3.2045707220081473e-06 1.6858866424966576e-06 -2.6922050555604072e-06
leaf_weight=480055 4290 3119 4763 5247 7851 28096
leaf_count=480055 4290 3119 4763 5247 7851 28096
internal_value=-1.22699e-07 -5.78183e-08 2.83482e-06 -1.01827e-07 -1.35755e-07 -1.73499e-06
internal_weight=533421 529131 7882 521249 516002 35947
internal_count=533421 529131 7882 521249 516002 35947
is_linear=0
shrinkage=0.05


Tree=126
num_leaves=7
num_cat=0
split_feature=8 37 30 4 1 4
split_gain=3.90107e-05 5.49855e-05 6.65071e-05 4.00857e-05 2.30043e-05 2.4429e-05
threshold=-0.0085841999389231188 7.1808290481567392 -1.2470287680625913 -0.00017616360855754462 -0.0061302634421735993 -0.0069264182820916167
decision_type=2 2 2 2 2 2
left_child=1 3 -3 -1 -2 -6
right_child=4 2 -4 -5 5 -7
leaf_value=3.5798596391615572e-06 3.7543079765141633e-06 6.1102481121174178e-07 -8.4061222225346364e-06 -2.7305397721557404e-06 -3.6514535211765733e-06 -9.4229038439398059e-08
leaf_weight=4558 3794 3138 5786 5495 4823 505257
leaf_count=4558 3794 3138 5786 5495 4823 505257
internal_value=-1.81519e-07 -2.40474e-06 -5.24963e-06 1.34133e-07 -9.91909e-08 -1.28219e-07
internal_weight=532851 18977 8924 10053 513874 510080
internal_count=532851 18977 8924 10053 513874 510080
is_linear=0
shrinkage=0.05


Tree=127
num_leaves=7
num_cat=0
split_feature=44 3 35 43 51 50
split_gain=1.99234e-05 4.66286e-05 1.55072e-05 1.60375e-05 0.000164063 0.00196363
threshold=3.7815783023834233 -0.0006127525120973586 -1.3469904661178587 -0.10837395489215849 -1.0000000180025095e-35 -1.0000000180025095e-35
decision_type=2 2 2 2 2 2
left_child=2 -2 -1 4 5 -4
right_child=1 -3 3 -5 -6 -7
leaf_value=2.8567727832605994e-06 -7.3766687106435996e-06 3.6058998912097106e-07 1.1789590244940316e-05 1.0577819486740464e-07 7.0677412675118684e-07 -1.0302932661358817e-05
leaf_weight=4550 3035 5268 14999 384262 90133 30285
leaf_count=4550 3035 5268 14999 384262 90133 30285
internal_value=-7.21491e-08 -2.49484e-06 -3.35431e-08 -5.91213e-08 -5.2691e-07 -2.9805e-06
internal_weight=532532 8303 524229 519679 135417 45284
internal_count=532532 8303 524229 519679 135417 45284
is_linear=0
shrinkage=0.05


Tree=128
num_leaves=7
num_cat=0
split_feature=12 44 16 51 42 0
split_gain=3.78146e-05 2.58769e-05 2.21594e-05 9.66782e-05 0.000282982 3.419e-05
threshold=0.065111275762319579 -0.27573589980602259 0.005510421935468913 -1.0000000180025095e-35 0.49752348661422735 -0.0079269362613558752
decision_type=2 2 2 2 2 2
left_child=2 -2 5 -4 -5 -1
right_child=1 -3 3 4 -6 -7
leaf_value=-4.9055977395276351e-06 4.2099232602683192e-07 6.8419102044928536e-06 -8.8596793810594538e-06 9.6942059165543603e-06 -9.9650368028025931e-06 -6.5602363996169364e-08
leaf_weight=3625 3037 3212 3724 4080 3238 512041
leaf_count=3625 3037 3212 3724 4080 3238 512041
internal_value=-1.01629e-07 3.74947e-06 -1.47671e-07 -2.35885e-06 9.86975e-07 -1.00099e-07
internal_weight=532957 6249 526708 11042 7318 515666
internal_count=532957 6249 526708 11042 7318 515666
is_linear=0
shrinkage=0.05


Tree=129
num_leaves=7
num_cat=0
split_feature=36 5 24 15 35 43
split_gain=5.02224e-05 3.54167e-05 2.25401e-05 1.98041e-05 6.19463e-05 3.48655e-05
threshold=0.067740809172391905 -0.0061131666880100957 0.30649399757385259 0.0036586553324013953 0.85392645001411449 0.15842343866825107
decision_type=2 2 2 2 2 2
left_child=1 -1 -3 -4 5 -5
right_child=-2 2 3 4 -6 -7
leaf_value=-3.4889685097075774e-06 5.2802068374248649e-06 -5.6275420903997609e-07 2.5342610456471826e-07 -8.7002072611371813e-07 -7.0803222469693735e-06 4.7177581462591874e-06
leaf_weight=7779 4241 175263 314343 24992 3712 3092
leaf_count=7779 4241 175263 314343 24992 3712 3092
internal_value=-1.07298e-07 -1.5097e-07 -1.00839e-07 1.33093e-07 -1.05508e-06 -2.47525e-07
internal_weight=533422 529181 521402 346139 31796 28084
internal_count=533422 529181 521402 346139 31796 28084
is_linear=0
shrinkage=0.05


Tree=130
num_leaves=7
num_cat=0
split_feature=17 11 0 14 43 12
split_gain=2.08385e-05 2.56496e-05 2.04355e-05 1.88585e-05 3.26855e-05 3.00994e-05
threshold=2.4803906679153447 -0.044059621170163148 0.0079890596680343168 0.0045677451416850099 -0.11910907551646231 -0.0010537814814597366
decision_type=2 2 2 2 2 2
left_child=1 -1 3 -3 -5 -6
right_child=-2 2 -4 4 5 -7
leaf_value=-3.9513552198243048e-06 3.6287584481894261e-06 4.9693783144047537e-08 -3.7124219963266468e-06 -1.8902391447786484e-06 4.3882785895696484e-06 1.9800171634375297e-07
leaf_weight=3909 4068 499323 3463 5336 9822 7582
leaf_count=3909 4068 499323 3463 5336 9822 7582
internal_value=8.56995e-08 5.81357e-08 8.83324e-08 1.13897e-07 1.52047e-06 2.56859e-06
internal_weight=533503 529435 525526 522063 22740 17404
internal_count=533503 529435 525526 522063 22740 17404
is_linear=0
shrinkage=0.05


Tree=131
num_leaves=7
num_cat=0
split_feature=10 14 5 44 40 51
split_gain=4.64926e-05 2.41299e-05 5.50105e-05 6.68406e-05 2.5661e-05 7.7127e-05
threshold=-0.032465519383549683 0.0052324293646961459 0.0021475343964993958 0.38163027167320257 1.6701933145523074 -1.0000000180025095e-35
decision_type=2 2 2 2 2 2
left_child=-1 4 3 -3 -2 -6
right_child=1 2 -4 -5 5 -7
leaf_value=5.0852135259215505e-06 -1.564523231435154e-07 -7.0522291962076023e-07 1.8780107951187283e-06 -8.8304988600566369e-06 3.2943436187467324e-06 -3.103626460569448e-07
leaf_weight=4343 446177 5954 5867 4365 22246 44346
leaf_count=4343 446177 5954 5867 4365 22246 44346
internal_value=-3.73315e-08 -7.9867e-08 -1.97762e-06 -4.16827e-06 -1.97758e-08 8.95409e-07
internal_weight=533298 528955 16186 10319 512769 66592
internal_count=533298 528955 16186 10319 512769 66592
is_linear=0
shrinkage=0.05


Tree=132
num_leaves=7
num_cat=0
split_feature=1 3 36 1 45 4
split_gain=5.55643e-05 2.59471e-05 2.80917e-05 4.91048e-05 2.71606e-05 2.01526e-05
threshold=-0.0079856431111693365 0.0047629820182919511 0.044659139588475234 0.0015842818538658323 3.1068642139434819 0.0016764518222771587
decision_type=2 2 2 2 2 2
left_child=-1 2 4 -4 -2 -3
right_child=1 5 3 -5 -6 -7
leaf_value=-5.6714474719230342e-06 1.310215270839491e-08 7.930744539935354e-07 -4.6671307217388072e-06 1.5936512613840454e-06 4.732814905137232e-06 4.7459136922626402e-06
leaf_weight=4242 498250 9585 8186 5021 3017 4829
leaf_count=4242 498250 9585 8186 5021 3017 4829
internal_value=-5.3603e-09 4.06169e-08 -1.80997e-08 -2.28989e-06 4.19781e-08 2.12919e-06
internal_weight=533130 528888 514474 13207 501267 14414
internal_count=533130 528888 514474 13207 501267 14414
is_linear=0
shrinkage=0.05


Tree=133
num_leaves=7
num_cat=0
split_feature=5 21 14 4 51 32
split_gain=4.69222e-05 6.03208e-05 1.69356e-05 5.67306e-05 5.93465e-05 0.000249007
threshold=0.0061176216695457706 0.15218012779951098 0.0047863342333585033 -0.0061380984261631957 1.0000000180025095e-35 0.0066344321239739665
decision_type=2 2 2 2 2 2
left_child=2 -2 -1 -4 -5 -6
right_child=1 -3 3 4 5 -7
leaf_value=-7.1554805634509605e-09 -9.0376372475601757e-06 -3.189688152841553e-07 -4.9104927256755871e-06 4.3881741158198383e-07 1.6637724025738289e-05 -3.1680260063825858e-06
leaf_weight=502925 3209 5080 3005 12504 3010 3269
leaf_count=502925 3209 5080 3005 12504 3010 3269
internal_value=-7.1004e-09 -3.72826e-06 5.20332e-08 1.41515e-06 2.43751e-06 6.3828e-06
internal_weight=533002 8289 524713 21788 18783 6279
internal_count=533002 8289 524713 21788 18783 6279
is_linear=0
shrinkage=0.05


Tree=134
num_leaves=7
num_cat=0
split_feature=10 18 10 35 24 23
split_gain=5.65637e-05 3.62548e-05 4.31498e-05 0.000111583 4.32051e-05 3.95177e-05
threshold=-0.032465519383549683 0.0057387719862163076 -0.015113139059394596 -0.53874230384826649 0.47938077151775366 0.64954930543899547
decision_type=2 2 2 2 2 2
left_child=-1 -2 4 -4 -3 -5
right_child=1 2 3 5 -6 -7
leaf_value=-5.6552885023846316e-06 -9.5586543855664958e-08 7.7618926784716975e-06 -8.0483831122668082e-06 -1.3427747081109042e-06 8.255911706863413e-07 2.8060085646394832e-06
leaf_weight=4372 488536 4743 3295 8021 4248 19912
leaf_count=4372 488536 4743 3295 8021 4248 19912
internal_value=-2.38282e-08 2.32658e-08 1.46528e-06 5.8361e-07 4.50737e-06 1.61441e-06
internal_weight=533127 528755 40219 31228 8991 27933
internal_count=533127 528755 40219 31228 8991 27933
is_linear=0
shrinkage=0.05


Tree=135
num_leaves=7
num_cat=0
split_feature=4 16 6 8 13 43
split_gain=3.39729e-05 7.80059e-05 2.13223e-05 7.27165e-05 4.5656e-05 5.64725e-05
threshold=0.0060362101066857585 0.0039164144545793542 -0.00556849013082683 -0.0011429772130213676 0.0042553397361189136 -0.2085003778338432
decision_type=2 2 2 2 2 2
left_child=2 -2 3 -1 -4 -6
right_child=1 -3 4 -5 5 -7
leaf_value=-7.7621068617106674e-06 7.8138843125698769e-07 -9.0126678257891583e-06 3.3292866829583899e-08 1.1832475905271156e-06 6.4594346099179643e-06 9.5919955179843488e-07
leaf_weight=3621 5139 3306 486543 5932 5820 22888
leaf_count=3621 5139 3306 486543 5932 5820 22888
internal_value=5.3461e-08 -3.08321e-06 1.04224e-07 -2.23019e-06 1.47718e-07 2.08356e-06
internal_weight=533249 8445 524804 9553 515251 28708
internal_count=533249 8445 524804 9553 515251 28708
is_linear=0
shrinkage=0.05


Tree=136
num_leaves=7
num_cat=0
split_feature=8 3 51 36 40 36
split_gain=4.05052e-05 7.62685e-05 7.97238e-05 0.000380111 0.000233278 2.68513e-05
threshold=-0.0081621832214295847 0.00026366949896328157 -1.0000000180025095e-35 0.035383902490139015 1.6475072503089907 0.054880341514945037
decision_type=2 2 2 2 2 2
left_child=1 2 -1 4 -4 -2
right_child=5 -3 3 -5 -6 -7
leaf_value=-5.6276194116383701e-06 -5.4941018298582053e-08 -8.8234111198677872e-06 5.4000292735628794e-06 1.6627626867787227e-05 -1.1089656203623737e-05 3.1383246713347393e-06
leaf_weight=5812 505636 3599 3789 3021 4824 6620
leaf_count=5812 505636 3599 3789 3021 4824 6620
internal_value=-1.01796e-07 -2.249e-06 -8.71395e-07 1.51859e-06 -3.84627e-06 -1.33715e-08
internal_weight=533301 21045 17446 11634 8613 512256
internal_count=533301 21045 17446 11634 8613 512256
is_linear=0
shrinkage=0.05


Tree=137
num_leaves=7
num_cat=0
split_feature=14 3 26 10 15 21
split_gain=5.6168e-05 4.0156e-05 1.3709e-05 2.84035e-05 2.63852e-05 1.62991e-05
threshold=0.0079277451150119322 -0.0080631091259419901 -1.6269512772560117 -0.025763696059584614 0.0027342635439708833 0.16698182374238971
decision_type=2 2 2 2 2 2
left_child=1 -1 4 -4 5 -3
right_child=-2 2 3 -5 -6 -7
leaf_value=-5.4888190665874929e-06 5.6826094300006388e-06 -1.8579022310935285e-06 3.8080810416318338e-06 -5.5041713472326425e-08 -5.6947299620548758e-06 2.6321040460956747e-06
leaf_weight=3376 4193 5937 4753 509034 3057 3002
leaf_count=3376 4193 5937 4753 509034 3057 3002
internal_value=-4.72582e-08 -9.31937e-08 -5.80303e-08 -1.89372e-08 -1.72535e-06 -3.43762e-07
internal_weight=533352 529159 525783 513787 11996 8939
internal_count=533352 529159 525783 513787 11996 8939
is_linear=0
shrinkage=0.05


Tree=138
num_leaves=7
num_cat=0
split_feature=17 14 17 41 7 23
split_gain=3.99578e-05 3.8073e-05 4.89393e-05 3.31673e-05 4.42708e-05 3.09786e-05
threshold=2.3639811277389531 0.004047500668093563 1.3687235713005068 0.44051480293273931 -0.001376394531689584 0.83765468001365673
decision_type=2 2 2 2 2 2
left_child=1 -1 3 -3 5 -5
right_child=-2 2 -4 4 -6 -7
leaf_value=-5.5198666412418955e-08 -4.0037655511782849e-06 -4.3371530446632727e-07 -6.7623137024581209e-07 3.9574286662151193e-06 2.0573847146600756e-06 1.0661535535154632e-05
leaf_weight=486753 6046 5765 15464 3906 12338 3178
leaf_count=486753 6046 5765 15464 3906 12338 3178
internal_value=2.1119e-08 6.76342e-08 1.53669e-06 2.894e-06 3.88034e-06 7.01865e-06
internal_weight=533450 527404 40651 25187 19422 7084
internal_count=533450 527404 40651 25187 19422 7084
is_linear=0
shrinkage=0.05


Tree=139
num_leaves=7
num_cat=0
split_feature=4 1 4 40 1 46
split_gain=3.53167e-05 2.88688e-05 2.25366e-05 4.58974e-05 3.12776e-05 2.55038e-05
threshold=-0.0080376868136227114 0.0079725524410605448 -0.0024111011298373337 2.2494016885757451 -0.006929754512384533 -0.77259656786918629
decision_type=2 2 2 2 2 2
left_child=-1 2 3 5 -4 -2
right_child=1 -3 4 -5 -6 -7
leaf_value=-4.5626822455592233e-06 2.3365513638052408e-06 -4.2046474905311816e-06 -4.1672569809985834e-06 5.1158604288534971e-06 -3.995101958269265e-10 -3.0419932622450966e-07
leaf_weight=4164 13128 3939 4497 6124 471460 29830
leaf_count=4164 13128 3939 4497 6124 471460 29830
internal_value=-3.46864e-09 3.28483e-08 6.50367e-08 1.08457e-06 -4.0203e-08 5.04594e-07
internal_weight=533142 528978 525039 49082 475957 42958
internal_count=533142 528978 525039 49082 475957 42958
is_linear=0
shrinkage=0.05


Tree=140
num_leaves=7
num_cat=0
split_feature=16 1 9 33 16 1
split_gain=3.5289e-05 2.8446e-05 2.3956e-05 1.74075e-05 3.76487e-05 3.72472e-05
threshold=0.006864293711259962 0.0051890716422349223 0.0032817608444020156 24.348665237426761 0.003056377987377346 -0.0031202035024762149
decision_type=2 2 2 2 2 2
left_child=1 3 -3 4 5 -1
right_child=-2 2 -4 -5 -6 -7
leaf_value=3.638784510870974e-06 4.6907647746446111e-06 -5.3789588041763435e-06 -6.612796721890013e-07 1.7272683073519996e-07 -5.187703370732861e-06 -1.4055499959834865e-06
leaf_weight=4704 4082 4211 7348 491837 4693 15848
leaf_count=4704 4082 4211 7348 491837 4693 15848
internal_value=8.79934e-08 5.2012e-08 -2.39572e-06 1.06956e-07 -1.17224e-06 -2.44959e-07
internal_weight=532723 528641 11559 517082 25245 20552
internal_count=532723 528641 11559 517082 25245 20552
is_linear=0
shrinkage=0.05


Tree=141
num_leaves=7
num_cat=0
split_feature=9 51 50 50 51 50
split_gain=4.31719e-05 4.00281e-05 0.00155866 0.000982109 0.000281161 0.000231969
threshold=0.022730698809027675 1.0000000180025095e-35 1.0000000180025095e-35 1.0000000180025095e-35 -1.0000000180025095e-35 -1.0000000180025095e-35
decision_type=2 2 2 2 2 2
left_child=1 3 5 -1 -5 -3
right_child=-2 2 -4 4 -6 -7
leaf_value=2.0637402370208086e-06 4.9356554103157271e-06 -6.2758680723800693e-06 5.9216055521934073e-06 -5.9805195274080496e-06 -1.0915616955107182e-06 -1.8278776470866123e-06
leaf_weight=235008 4223 58671 58711 58676 58960 58642
leaf_count=235008 4223 58671 58711 58676 58960 58642
internal_value=-6.99588e-08 -1.10407e-07 -7.26101e-07 1.9698e-07 -3.53164e-06 -4.05415e-06
internal_weight=532891 528668 176024 352644 117636 117313
internal_count=532891 528668 176024 352644 117636 117313
is_linear=0
shrinkage=0.05


Tree=142
num_leaves=7
num_cat=0
split_feature=13 9 10 24 23 10
split_gain=3.29332e-05 2.57937e-05 2.03253e-05 5.03926e-05 4.5761e-05 1.97893e-05
threshold=0.0081872618757188338 0.022730698809027675 -0.021954628638923165 0.20128319412469867 1.0710621476173403 -0.019153565168380734
decision_type=2 2 2 2 2 2
left_child=1 2 3 -1 -5 -4
right_child=-2 -3 5 4 -6 -7
leaf_value=6.6801362733540754e-06 -4.4114979852816213e-06 4.3165334316104168e-06 -3.5600570796177367e-06 3.2520767306372269e-06 -4.4785261847589488e-06 -7.6193725838165183e-08
leaf_weight=3807 4273 3342 4059 4078 3520 510118
leaf_count=3807 4273 3342 4059 4078 3520 510118
internal_value=-6.51248e-08 -2.95982e-08 -5.76418e-08 2.02545e-06 -3.3522e-07 -1.04039e-07
internal_weight=533197 528924 525582 11405 7598 514177
internal_count=533197 528924 525582 11405 7598 514177
is_linear=0
shrinkage=0.05


Tree=143
num_leaves=7
num_cat=0
split_feature=43 47 8 16 14 14
split_gain=2.59427e-05 3.32718e-05 1.73309e-05 5.12644e-05 1.76804e-05 2.863e-05
threshold=0.8606838881969453 -0.22695468366146085 -0.014266873244196175 0.003516063443385065 0.0079277451150119322 0.0064909183420240888
decision_type=2 2 2 2 2 2
left_child=2 -2 3 -1 5 -4
right_child=1 -3 4 -5 -6 -7
leaf_value=1.7261288637144567e-06 4.5102720491829071e-07 -6.7917433885457958e-06 1.0206917507648746e-07 -7.1552632708099463e-06 3.6632888783775334e-06 -4.3749275683115729e-06
leaf_weight=3383 3174 3107 513635 3049 3398 3546
leaf_count=3383 3174 3107 513635 3049 3398 3546
internal_value=2.45516e-08 -3.15707e-06 6.27666e-08 -2.50669e-06 9.47511e-08 7.09531e-08
internal_weight=533292 6281 527011 6432 520579 517181
internal_count=533292 6281 527011 6432 520579 517181
is_linear=0
shrinkage=0.05


Tree=144
num_leaves=7
num_cat=0
split_feature=10 51 35 35 11 23
split_gain=4.07789e-05 0.000206478 0.00051656 0.000285681 0.000310803 0.00025904
threshold=-0.015746981836855408 -1.0000000180025095e-35 -0.72420644760131825 -0.72420644760131825 -0.022778174839913842 0.84141829609870922
decision_type=2 2 2 2 2 2
left_child=1 2 -1 4 -3 -5
right_child=-2 3 -4 5 -6 -7
leaf_value=-2.0409171052001652e-05 1.2706009031416704e-07 1.7093185207656185e-05 4.0358639565869488e-06 3.1945443725801338e-06 -2.0005052551710116e-06 -1.41088947427538e-05
leaf_weight=4280 507170 4309 4287 4464 4152 4119
leaf_count=4280 507170 4309 4287 4464 4152 4119
internal_value=2.86817e-08 -1.91594e-06 -8.22423e-06 1.26964e-06 7.76678e-06 -5.14303e-06
internal_weight=532781 25611 8567 17044 8461 8583
internal_count=532781 25611 8567 17044 8461 8583
is_linear=0
shrinkage=0.05


Tree=145
num_leaves=7
num_cat=0
split_feature=2 19 10 5 36 6
split_gain=8.05844e-05 3.34645e-05 2.64985e-05 2.0713e-05 2.12179e-05 4.5767e-05
threshold=-0.0079709538258612139 -1.87726753950119 0.031377255916595466 0.0079785725101828592 0.036448633298277862 1.0000000180025095e-35
decision_type=2 2 2 2 2 2
left_child=-1 -2 3 4 -3 -6
right_child=1 2 -4 -5 5 -7
leaf_value=-6.8461440274239588e-06 4.4124988492295562e-06 -4.5718622312895975e-08 3.9560264523865424e-06 3.8084545807987462e-06 4.6626969254222184e-07 -4.1033376030553234e-06
leaf_weight=4310 4173 495537 4033 3339 11924 10074
leaf_count=4310 4173 495537 4033 3339 11924 10074
internal_value=-7.64332e-08 -2.0644e-08 -5.63043e-08 -8.77475e-08 -1.1325e-07 -1.63095e-06
internal_weight=533390 529080 524907 520874 517535 21998
internal_count=533390 529080 524907 520874 517535 21998
is_linear=0
shrinkage=0.05


Tree=146
num_leaves=7
num_cat=0
split_feature=13 7 11 24 34 19
split_gain=2.91014e-05 7.02427e-05 2.18244e-05 1.34136e-05 2.13852e-05 2.01381e-05
threshold=0.0067363067064434299 -0.00026954723580274725 -0.039660083130002015 0.16584070026874545 30.695892333984379 -1.4394499063491819
decision_type=2 2 2 2 2 2
left_child=2 -2 -1 4 -4 -6
right_child=1 -3 3 -5 5 -7
leaf_value=-3.4781763080524936e-06 -1.4408819867297063e-06 7.6191478424719745e-06 -3.3561621770898673e-06 1.6508869011132545e-07 2.8276251597562329e-06 -4.468729132893588e-07
leaf_weight=4409 4395 4094 5970 411810 4883 97586
leaf_count=4409 4395 4094 5970 411810 4883 97586
internal_value=5.20764e-08 2.94754e-06 4.9512e-09 3.48014e-08 -4.59828e-07 -2.89529e-07
internal_weight=533147 8489 524658 520249 108439 102469
internal_count=533147 8489 524658 520249 108439 102469
is_linear=0
shrinkage=0.05


Tree=147
num_leaves=7
num_cat=0
split_feature=0 36 20 24 24 40
split_gain=6.03948e-05 4.99626e-05 4.86968e-05 3.21362e-05 6.57004e-05 2.9167e-05
threshold=0.0068073612637817868 0.038875326514244087 -0.6601402461528777 0.37044289708137518 0.54268845915794384 1.7889334559440615
decision_type=2 2 2 2 2 2
left_child=1 -1 -3 -4 -5 -2
right_child=5 2 3 4 -6 -7
leaf_value=-1.2624456673139907e-07 -1.4010709636622072e-06 7.8452845950549523e-06 -1.6265825357366136e-06 8.3765547614473402e-06 5.8790504873371223e-07 -8.2401261911821772e-06
leaf_weight=503561 3040 3269 6367 3636 10233 3204
leaf_count=503561 3040 3269 6367 3636 10233 3204
internal_value=-7.91186e-08 -2.09746e-08 2.22977e-06 1.30551e-06 2.65259e-06 -4.94799e-06
internal_weight=533310 527066 23505 20236 13869 6244
internal_count=533310 527066 23505 20236 13869 6244
is_linear=0
shrinkage=0.05


Tree=148
num_leaves=7
num_cat=0
split_feature=8 16 39 20 18 37
split_gain=3.61017e-05 2.26686e-05 8.36041e-05 3.04428e-05 4.72235e-05 3.13634e-05
threshold=-0.016596012748777863 0.0040183113887906083 0.59772455692291271 0.12467343360185625 0.0066483379341661939 5.2864754199981698
decision_type=2 2 2 2 2 2
left_child=-1 -2 3 -3 -5 -6
right_child=1 2 -4 4 5 -7
leaf_value=-4.5512792911729543e-06 -9.8838425264723744e-08 1.755018475518736e-06 8.1209893632491788e-06 1.126122866449545e-06 -7.5989834288430519e-06 -7.7803081249396819e-07
leaf_weight=4358 490191 18455 3832 9060 3534 3205
leaf_count=4358 490191 18455 3832 9060 3534 3205
internal_value=-4.50973e-08 -7.49653e-09 1.16672e-06 3.78042e-07 -1.23088e-06 -4.38463e-06
internal_weight=532635 528277 38086 34254 15799 6739
internal_count=532635 528277 38086 34254 15799 6739
is_linear=0
shrinkage=0.05


Tree=149
num_leaves=7
num_cat=0
split_feature=6 51 11 35 13 42
split_gain=4.16487e-05 0.00034164 0.000304381 0.000135582 0.000122142 7.15283e-05
threshold=0.0036279263440519576 1.0000000180025095e-35 -0.00030101064476184542 -0.38711565732955927 0.0046135892625898131 0.51881587505340587
decision_type=2 2 2 2 2 2
left_child=-1 3 -3 -2 5 -5
right_child=1 2 -4 4 -6 -7
leaf_value=9.2080125938102374e-08 1.1407426354791713e-05 -2.1538699323319864e-05 -2.6410079460579832e-06 5.9611613077007403e-06 -7.8660282683342835e-06 -2.0501927641895057e-06
leaf_weight=506088 3137 3398 5621 6594 3633 4764
leaf_count=506088 3137 3398 5621 6594 3633 4764
internal_value=-1.03437e-08 -1.91644e-06 -9.8404e-06 2.0421e-06 5.09106e-08 2.60662e-06
internal_weight=533235 27147 9019 18128 14991 11358
internal_count=533235 27147 9019 18128 14991 11358
is_linear=0
shrinkage=0.05


Tree=150
num_leaves=7
num_cat=0
split_feature=3 2 12 51 42 18
split_gain=3.35122e-05 3.36013e-05 1.56532e-05 0.000161606 9.57582e-05 1.69078e-05
threshold=0.0079890596680343168 -0.0079709538258612139 0.054202981293201453 1.0000000180025095e-35 0.50206676125526439 0.0062621543183922776
decision_type=2 2 2 2 2 2
left_child=1 -1 5 4 -4 -3
right_child=-2 2 3 -5 -6 -7
leaf_value=4.630936267891644e-06 -4.3423843109734723e-06 9.2735761019877293e-08 -3.3191082103532628e-06 -9.8671512964160936e-06 7.7039911954458102e-06 1.4065229801724918e-06
leaf_weight=4106 4129 487961 3706 3944 4105 25734
leaf_count=4106 4129 487961 3706 3944 4105 25734
internal_value=1.17578e-07 1.52759e-07 1.17328e-07 -1.68284e-06 2.48614e-06 1.58682e-07
internal_weight=533685 529556 525450 11755 7811 513695
internal_count=533685 529556 525450 11755 7811 513695
is_linear=0
shrinkage=0.05


Tree=151
num_leaves=7
num_cat=0
split_feature=0 0 39 26 3 14
split_gain=4.55861e-05 3.10152e-05 4.18471e-05 1.99698e-05 1.94232e-05 1.9696e-05
threshold=-0.0079269362613558752 0.0061296254862099895 2.1224164962768559 -1.4263170361518858 -0.00064809178002178658 0.0028515792218968277
decision_type=2 2 2 2 2 2
left_child=-1 3 -3 4 5 -2
right_child=1 2 -4 -5 -6 -7
leaf_value=-5.1656923569068311e-06 -1.6936101915471354e-06 5.7309839748809646e-06 -1.6193064427626636e-06 -5.27118235801823e-08 1.2913032655577605e-07 -6.64911985289451e-06
leaf_weight=4358 5996 5120 3067 504467 7022 3002
leaf_count=4358 5996 5120 3067 504467 7022 3002
internal_value=-1.02052e-07 -5.98264e-08 2.98432e-06 -1.07991e-07 -1.84315e-06 -3.37452e-06
internal_weight=533032 528674 8187 520487 16020 8998
internal_count=533032 528674 8187 520487 16020 8998
is_linear=0
shrinkage=0.05


Tree=152
num_leaves=7
num_cat=0
split_feature=14 13 7 14 29 9
split_gain=4.24889e-05 4.79189e-05 3.2376e-05 5.01122e-05 2.53474e-05 4.34761e-05
threshold=0.0079277451150119322 0.0067363067064434299 -0.0047798417508602134 0.004047500668093563 -8.0323190689086896 -0.0051061487756669513
decision_type=2 2 2 2 2 2
left_child=1 2 3 -1 5 -4
right_child=-2 -3 4 -5 -6 -7
leaf_value=-1.3340122209199448e-07 -5.066672346698169e-06 4.556332429977125e-06 -7.5038328282171167e-06 -6.6031455998528278e-06 -4.8312001911591123e-09 1.1588287144118116e-07
leaf_weight=7833 4225 5508 3026 4796 502474 4779
leaf_count=7833 4225 5508 3026 4796 502474 4779
internal_value=-1.02004e-07 -6.18324e-08 -1.10908e-07 -2.60671e-06 -4.889e-08 -2.86724e-06
internal_weight=532641 528416 522908 12629 510279 7805
internal_count=532641 528416 522908 12629 510279 7805
is_linear=0
shrinkage=0.05


Tree=153
num_leaves=7
num_cat=0
split_feature=8 35 17 37 51 21
split_gain=4.43068e-05 3.72808e-05 2.60633e-05 4.55687e-05 0.000121705 0.000119543
threshold=-0.016596012748777863 1.4487423300743105 1.6325984597206118 5.6385028362274179 -1.0000000180025095e-35 0.19535968452692035
decision_type=2 2 2 2 2 2
left_child=-1 2 -2 -4 -5 -6
right_child=1 -3 3 4 5 -7
leaf_value=-4.9754247136819132e-06 -1.3834184229454845e-08 -4.6711684341161061e-06 1.9091433827101832e-07 1.104757642920471e-05 -5.3338345335283981e-06 7.0327087946248697e-06
leaf_weight=4377 487009 4103 26462 3927 4246 3535
leaf_count=4377 487009 4103 26462 3927 4246 3535
internal_value=5.86876e-09 4.75286e-08 8.4835e-08 1.34212e-06 3.93216e-06 2.93463e-07
internal_weight=533659 529282 525179 38170 11708 7781
internal_count=533659 529282 525179 38170 11708 7781
is_linear=0
shrinkage=0.05


Tree=154
num_leaves=7
num_cat=0
split_feature=36 14 1 0 10 15
split_gain=5.61387e-05 2.82605e-05 3.24045e-05 3.59501e-05 1.84844e-05 1.89197e-05
threshold=0.067740809172391905 0.007029143627732993 0.0055853587109595546 -6.0929856772418127e-05 -0.025763696059584614 0.0038489602738991384
decision_type=2 2 2 2 2 2
left_child=1 2 4 -4 -1 -6
right_child=-2 -3 3 -5 5 -7
leaf_value=-2.8454998110443714e-06 -5.770388649643671e-06 4.1425319720394269e-06 -6.1300079075364791e-06 2.6444670143184626e-07 -6.2792906305844289e-08 1.1548681080207316e-06
leaf_weight=5646 4247 3973 4545 4206 477002 34137
leaf_count=5646 4247 3973 4545 4206 477002 34137
internal_value=-7.84064e-08 -3.22126e-08 -6.41643e-08 -3.07259e-06 -1.29286e-08 1.8635e-08
internal_weight=533756 529509 525536 8751 516785 511139
internal_count=533756 529509 525536 8751 516785 511139
is_linear=0
shrinkage=0.05


Tree=155
num_leaves=7
num_cat=0
split_feature=5 13 13 10 7 43
split_gain=3.17408e-05 4.42032e-05 2.17896e-05 1.52285e-05 2.84869e-05 3.06809e-05
threshold=0.0067758865188807258 0.0073441916611045608 0.0049570885021239528 0.0087478435598313826 -0.0020301602780818935 0.3978108018636704
decision_type=2 2 2 2 2 2
left_child=1 3 -2 -1 -5 -6
right_child=2 -3 -4 4 5 -7
leaf_value=1.4601793606956598e-07 -3.5342022151554772e-07 4.6848373787505054e-06 -6.2143621458931848e-06 -3.4931428824182488e-06 -7.2475440364519094e-07 2.917153882353585e-06
leaf_weight=459319 3005 5139 3323 7858 47088 6542
leaf_count=459319 3005 5139 3323 7858 47088 6542
internal_value=5.0322e-08 9.28303e-08 -3.45575e-06 4.70739e-08 -6.91562e-07 -2.78197e-07
internal_weight=532274 525946 6328 520807 61488 53630
internal_count=532274 525946 6328 520807 61488 53630
is_linear=0
shrinkage=0.05


Tree=156
num_leaves=7
num_cat=0
split_feature=4 18 51 6 31 22
split_gain=4.68756e-05 4.43207e-05 4.80968e-05 0.000371984 0.000422264 0.000305616
threshold=0.0079212887212634104 0.0055784566793590793 1.0000000180025095e-35 -0.0019927723333239551 -0.24848442524671552 0.38989740610122686
decision_type=2 2 2 2 2 2
left_child=1 -1 5 -4 -5 -3
right_child=-2 2 3 4 -6 -7
leaf_value=2.1095497279032658e-07 5.3599623699150197e-06 -3.3565318297848143e-06 7.1753815979467203e-06 -2.0628525265950733e-05 -3.9312086639172322e-08 7.87908218894594e-06
leaf_weight=482953 4172 21973 5137 4482 5528 8296
leaf_count=482953 4172 21973 5137 4482 5528 8296
internal_value=1.12414e-07 7.04758e-08 -1.42197e-06 -3.71712e-06 -9.31489e-06 -2.69207e-07
internal_weight=532541 528369 45416 15147 10010 30269
internal_count=532541 528369 45416 15147 10010 30269
is_linear=0
shrinkage=0.05


Tree=157
num_leaves=7
num_cat=0
split_feature=2 14 23 24 22 0
split_gain=3.32884e-05 3.01292e-05 8.25667e-05 3.25919e-05 4.55912e-05 4.26721e-05
threshold=-0.0079709538258612139 0.0039921510033309468 1.9190417528152468 0.19748570770025256 0.055693322792649276 -0.0029055655468255277
decision_type=2 2 2 2 2 2
left_child=-1 -2 3 4 -3 -5
right_child=1 2 -4 5 -6 -7
leaf_value=4.2968364830555886e-06 2.2359684918590838e-08 1.4325888511953823e-06 -9.0358458973423105e-06 5.543179473590272e-06 -5.9414938450448642e-06 -5.8177975428241404e-07
leaf_weight=4310 485883 3210 3188 3119 5902 27649
leaf_count=4310 485883 3210 3188 3119 5902 27649
internal_value=-5.41906e-08 -9.00465e-08 -1.35674e-06 -7.32329e-07 -3.35009e-06 4.71029e-08
internal_weight=533261 528951 43068 39880 9112 30768
internal_count=533261 528951 43068 39880 9112 30768
is_linear=0
shrinkage=0.05


Tree=158
num_leaves=7
num_cat=0
split_feature=13 8 9 13 45 26
split_gain=7.32894e-05 0.000105034 7.11929e-05 2.87986e-05 5.71836e-05 2.20476e-05
threshold=0.0073441916611045608 0.0014559329720214011 -0.022915988229215142 0.005738164298236371 0.53607103228569042 -1.9674595594406126
decision_type=2 2 2 2 2 2
left_child=2 -2 -1 5 -5 -4
right_child=1 -3 3 4 -6 -7
leaf_value=-7.7294408526708514e-06 1.1188086571534584e-05 -1.5510602476161167e-06 3.3457746897774596e-06 -6.7988151109362128e-06 2.064723723490051e-06 -9.4455830023767163e-08
leaf_weight=3032 3387 3037 4650 4402 3046 511866
leaf_count=3032 3387 3037 4650 4402 3046 511866
internal_value=-8.74671e-08 5.20008e-06 -1.52409e-07 -1.0783e-07 -3.18431e-06 -6.31639e-08
internal_weight=533420 6424 526996 523964 7448 516516
internal_count=533420 6424 526996 523964 7448 516516
is_linear=0
shrinkage=0.05


Tree=159
num_leaves=7
num_cat=0
split_feature=44 51 2 2 16 12
split_gain=4.59939e-05 7.43759e-05 0.00021633 0.000170457 0.000173072 3.27715e-05
threshold=2.6951735019683842 1.0000000180025095e-35 -6.1748371081193895e-05 -0.0003194847959093749 0.0018327254801988604 0.057062724605202682
decision_type=2 2 2 2 2 2
left_child=5 3 -3 -2 -5 -1
right_child=1 2 -4 4 -6 -7
leaf_value=-5.0501722296623959e-08 -6.1733538946609541e-06 1.6143859371751615e-05 -2.4225294847136658e-06 -2.732025594630185e-06 1.3158024957802265e-05 -2.9437392476103432e-06
leaf_weight=504795 5685 3085 3118 3279 3507 9931
leaf_count=504795 5685 3085 3118 3279 3507 9931
internal_value=-1.80646e-08 2.41617e-06 6.86653e-06 1.84011e-07 5.51612e-06 -1.06604e-07
internal_weight=533400 18674 6203 12471 6786 514726
internal_count=533400 18674 6203 12471 6786 514726
is_linear=0
shrinkage=0.05


Tree=160
num_leaves=7
num_cat=0
split_feature=36 44 19 29 12 18
split_gain=0.000105113 5.15966e-05 2.21269e-05 2.57564e-05 1.90711e-05 1.88245e-05
threshold=0.060126872733235366 0.39768718183040624 1.680477559566498 4.0233724117279062 0.071336358785629286 0.0092942253686487692
decision_type=2 2 2 2 2 2
left_child=2 -2 4 -4 5 -1
right_child=1 -3 3 -5 -6 -7
leaf_value=1.2040332807897102e-07 2.0243493716537996e-06 1.1073425988980793e-05 -5.4519323582537096e-08 6.3290814437372285e-06 -3.6238691548682002e-06 -3.5209323661113221e-06
leaf_weight=514299 3171 3135 3252 3022 3420 3524
leaf_count=514299 3171 3135 3252 3022 3420 3524
internal_value=1.83233e-07 6.57478e-06 1.06211e-07 3.046e-06 7.05375e-08 9.5285e-08
internal_weight=533823 6306 527517 6274 521243 517823
internal_count=533823 6306 527517 6274 521243 517823
is_linear=0
shrinkage=0.05


Tree=161
num_leaves=7
num_cat=0
split_feature=1 10 30 30 7 8
split_gain=2.88218e-05 3.43296e-05 0.000110677 3.09656e-05 3.09573e-05 4.32402e-05
threshold=-0.0079856431111693365 -0.019153565168380734 -0.87877118587493885 -1.3452517986297605 -0.0040841838344931594 0.006202077493071557
decision_type=2 2 2 2 2 2
left_child=-1 2 3 -2 5 -3
right_child=1 4 -4 -5 -6 -7
leaf_value=4.0173743522059044e-06 2.3950163119300171e-06 8.9490945415488303e-07 -1.0867063259545593e-05 -2.6056465762796471e-06 -7.0303680609986088e-08 7.4181109968738346e-06
leaf_weight=4301 5751 13643 3033 6589 496530 3077
leaf_count=4301 5751 13643 3033 6589 496530 3077
internal_value=-3.54425e-08 -6.8794e-08 -2.39309e-06 -2.74851e-07 1.05012e-09 2.11392e-06
internal_weight=532924 528623 15373 12340 513250 16720
internal_count=532924 528623 15373 12340 513250 16720
is_linear=0
shrinkage=0.05


Tree=162
num_leaves=7
num_cat=0
split_feature=0 22 0 34 36 36
split_gain=4.71738e-05 5.59539e-05 2.18102e-05 4.40883e-05 2.34427e-05 1.96799e-05
threshold=-0.0068490931298583737 0.12374111637473108 0.0068073612637817868 61.589572906494148 0.054880341514945037 0.067740809172391905
decision_type=2 2 2 2 2 2
left_child=1 -1 4 -4 -2 -6
right_child=2 -3 3 -5 5 -7
leaf_value=-1.8073677514896487e-07 2.5015104215399793e-08 9.0513985651297223e-06 7.2264215551073059e-06 -1.1727472455049083e-06 -5.355541065712691e-06 -1.3089878457211374e-08
leaf_weight=3390 514247 3128 3023 3154 3701 3190
leaf_count=3390 514247 3128 3023 3154 3701 3190
internal_value=7.36623e-08 4.28496e-06 2.12063e-08 2.96279e-06 -1.39409e-08 -2.90031e-06
internal_weight=533833 6518 527315 6177 521138 6891
internal_count=533833 6518 527315 6177 521138 6891
is_linear=0
shrinkage=0.05


Tree=163
num_leaves=7
num_cat=0
split_feature=14 41 18 0 1 1
split_gain=3.38767e-05 5.97207e-05 3.03255e-05 4.86164e-05 4.18894e-05 2.89166e-05
threshold=0.0064909183420240888 0.47292166948318487 0.0071181657258421191 0.0068073612637817868 -0.0030128475045785304 0.0034967617830261592
decision_type=2 2 2 2 2 2
left_child=2 -2 3 -1 -4 -6
right_child=1 -3 4 -5 5 -7
leaf_value=4.845678983248203e-08 -8.7121969695777456e-06 3.276031204108038e-08 6.943468155861105e-06 -5.5208317093632072e-06 -1.2404362364212563e-06 4.6436716979667215e-06
leaf_weight=507898 3004 5411 3655 3899 6408 3037
leaf_count=507898 3004 5411 3655 3899 6408 3037
internal_value=1.58119e-08 -3.12205e-06 6.64097e-08 5.49337e-09 2.43725e-06 6.66064e-07
internal_weight=533312 8415 524897 511797 13100 9445
internal_count=533312 8415 524897 511797 13100 9445
is_linear=0
shrinkage=0.05


Tree=164
num_leaves=7
num_cat=0
split_feature=34 9 10 18 32 40
split_gain=4.24355e-05 5.44507e-05 4.07279e-05 2.92348e-05 3.07116e-05 2.727e-05
threshold=24.327150344848636 -0.020233712159097191 0.020234477706253532 0.005657151574268938 0.26976124942302709 2.6247687339782719
decision_type=2 2 2 2 2 2
left_child=5 -2 -3 -4 -5 -1
right_child=1 2 3 4 -6 -7
leaf_value=5.2024185194716632e-07 -5.6426344837099854e-06 -3.3873027177511709e-08 6.6965859070957098e-07 8.4674879844715977e-06 1.5089284063241527e-06 6.9299172076965056e-06
leaf_weight=3070 4198 508505 8285 3314 3049 3584
leaf_count=3070 4198 508505 8285 3314 3049 3584
internal_value=4.55996e-08 -4.65264e-09 4.11238e-08 2.6359e-06 5.17087e-06 3.99858e-06
internal_weight=534005 527351 523153 14648 6363 6654
internal_count=534005 527351 523153 14648 6363 6654
is_linear=0
shrinkage=0.05


Tree=165
num_leaves=7
num_cat=0
split_feature=43 31 10 16 12 16
split_gain=3.47642e-05 7.23263e-05 4.59302e-05 5.10946e-05 3.06077e-05 4.92973e-05
threshold=-0.65883436799049366 -0.864213466644287 -0.025763696059584614 0.0040183113887906083 -0.054642351344227784 0.0060351730789989242
decision_type=2 2 2 2 2 2
left_child=1 -1 3 -2 -4 -6
right_child=2 -3 4 -5 5 -7
leaf_value=8.9551979671304085e-06 -3.7764572592693267e-07 3.6260332577737991e-07 3.1064999558516829e-06 -8.7211504122569853e-06 2.0363410321207507e-08 -4.6310773417390315e-06
leaf_weight=3265 4329 9392 7836 3141 499043 5712
leaf_count=3265 4329 9392 7836 3141 499043 5712
internal_value=2.17808e-08 2.60566e-06 -4.1349e-08 -3.9206e-06 1.55603e-08 -3.27276e-08
internal_weight=532718 12657 520061 7470 512591 504755
internal_count=532718 12657 520061 7470 512591 504755
is_linear=0
shrinkage=0.05


Tree=166
num_leaves=7
num_cat=0
split_feature=13 39 12 18 8 51
split_gain=4.33984e-05 9.52356e-05 4.23047e-05 4.35935e-05 3.94151e-05 9.45847e-05
threshold=0.0067363067064434299 0.95454224944114696 -0.063670959323644624 0.0065040790941566238 0.0058415590319782504 1.0000000180025095e-35
decision_type=2 2 2 2 2 2
left_child=2 -2 -1 -4 5 -5
right_child=1 -3 3 4 -6 -7
leaf_value=-4.6089723845525679e-06 8.0556672769542513e-07 -9.8688626517876778e-06 -4.1043980345863167e-08 8.4399883772652589e-07 -1.4713662576926759e-06 9.550046591675769e-06
leaf_weight=4873 5083 3490 500913 9383 4846 4632
leaf_count=4873 5083 3490 500913 9383 4846 4632
internal_value=-5.35964e-08 -3.57194e-06 4.22999e-09 4.7919e-08 2.40447e-06 3.74509e-06
internal_weight=533220 8573 524647 519774 18861 14015
internal_count=533220 8573 524647 519774 18861 14015
is_linear=0
shrinkage=0.05


Tree=167
num_leaves=7
num_cat=0
split_feature=14 4 22 26 16 9
split_gain=1.94555e-05 5.31218e-05 4.43073e-05 2.1576e-05 5.0652e-05 1.90316e-05
threshold=0.0061058993451297292 0.0031444684136658911 0.24795287847518924 1.6623551845550539 0.002612942131236196 0.013824594207108023
decision_type=2 2 2 2 2 2
left_child=3 2 -2 5 -5 -1
right_child=1 -3 -4 4 -6 -7
leaf_value=-2.951933955431815e-08 3.2550846342550301e-06 7.4677636530310947e-06 -4.4656294535757038e-06 -2.5718713924173583e-07 -7.6952902517427489e-06 2.5087141696832903e-06
leaf_weight=503359 4088 3181 3323 9150 3004 7445
leaf_count=503359 4088 3181 3323 9150 3004 7445
internal_value=1.14372e-09 2.11758e-06 -2.13514e-07 -4.1921e-08 -2.1196e-06 7.71749e-09
internal_weight=533550 10592 7411 522958 12154 510804
internal_count=533550 10592 7411 522958 12154 510804
is_linear=0
shrinkage=0.05


Tree=168
num_leaves=7
num_cat=0
split_feature=8 15 9 10 40 51
split_gain=4.22941e-05 2.13838e-05 1.90251e-05 3.42013e-05 3.95012e-05 6.34937e-05
threshold=0.016254583373665813 0.0074973225127905616 -0.020233712159097191 -0.013914074283093212 1.1011543273925783 -1.0000000180025095e-35
decision_type=2 2 2 2 2 2
left_child=1 2 -1 4 -4 -6
right_child=-2 -3 3 -5 5 -7
leaf_value=-2.6694646571333234e-06 5.1118496994753895e-06 3.8298651376043347e-06 5.0218490159535393e-06 8.1111549950571817e-08 4.9301807317925326e-06 -1.4634156627128558e-06
leaf_weight=5908 4311 3906 7425 493945 5779 11587
leaf_count=5908 4311 3906 7425 493945 5779 11587
internal_value=2.08017e-07 1.6754e-07 1.39911e-07 1.72162e-07 1.98247e-06 6.7227e-07
internal_weight=532861 528550 524644 518736 24791 17366
internal_count=532861 528550 524644 518736 24791 17366
is_linear=0
shrinkage=0.05


Tree=169
num_leaves=7
num_cat=0
split_feature=3 10 24 3 16 10
split_gain=2.78991e-05 2.05158e-05 3.85513e-05 2.51312e-05 2.44811e-05 2.1365e-05
threshold=-0.0080631091259419901 -0.01012836256995797 0.039472814649343498 0.0079890596680343168 0.0043547453824430713 -0.021954628638923165
decision_type=2 2 2 2 2 2
left_child=-1 2 -2 -3 5 -4
right_child=1 3 4 -5 -6 -7
leaf_value=4.1247719846369534e-06 -5.5777504803856424e-06 1.1282578160065084e-07 2.2195000209141219e-06 4.4344010939971195e-06 -3.5582964973570839e-06 -6.6528574317799525e-07
leaf_weight=4174 4051 477882 8110 3338 5667 30019
leaf_count=4174 4051 477882 8110 3338 5667 30019
internal_value=7.73674e-08 4.50492e-08 -9.41823e-07 1.4326e-07 -5.07142e-07 -4.95916e-08
internal_weight=533241 529067 47847 481220 43796 38129
internal_count=533241 529067 47847 481220 43796 38129
is_linear=0
shrinkage=0.05


Tree=170
num_leaves=7
num_cat=0
split_feature=9 51 32 25 37 38
split_gain=3.39682e-05 2.87174e-05 0.000183975 0.000201078 0.000170374 0.00022503
threshold=-0.022915988229215142 1.0000000180025095e-35 -0.41843584179878229 -2.4999999999999996 9.3689899444580096 2.2104934453964238
decision_type=2 2 2 2 2 2
left_child=-1 -2 -3 4 5 -4
right_child=1 2 3 -5 -6 -7
leaf_value=4.2872868957340244e-06 1.9440970607495418e-07 -1.2011365886867215e-05 -9.5015875496843995e-06 -9.3322118799052086e-07 1.4887543746387961e-05 5.6127182222610283e-06
leaf_weight=4469 352587 3405 3102 155344 3280 11235
leaf_count=4469 352587 3405 3102 155344 3280 11235
internal_value=-2.92797e-08 -6.61511e-08 -5.86966e-07 -3.58653e-07 4.6961e-06 2.32088e-06
internal_weight=533422 528953 176366 172961 17617 14337
internal_count=533422 528953 176366 172961 17617 14337
is_linear=0
shrinkage=0.05


Tree=171
num_leaves=7
num_cat=0
split_feature=13 18 29 37 21 4
split_gain=7.68167e-05 2.94487e-05 5.35171e-05 5.97839e-05 5.61097e-05 4.3736e-05
threshold=0.0081872618757188338 0.0062621543183922776 2.5286622047424321 6.0412306785583505 0.26190541684627539 0.00057270337129011761
decision_type=2 2 2 2 2 2
left_child=1 -1 3 -3 5 -5
right_child=-2 2 -4 4 -6 -7
leaf_value=-8.1231601820935403e-08 6.6858550907054787e-06 -2.2799498412330165e-06 6.0591005346135701e-06 2.9501383927744912e-06 6.4672281733545359e-06 -4.5714859838964597e-06
leaf_weight=499508 4294 10569 5317 4882 5728 3128
leaf_count=499508 4294 10569 5317 4882 5728 3128
internal_value=6.40355e-08 9.67163e-09 1.54e-06 5.41067e-07 2.71175e-06 2.71713e-09
internal_weight=533426 529132 29624 24307 13738 8010
internal_count=533426 529132 29624 24307 13738 8010
is_linear=0
shrinkage=0.05


Tree=172
num_leaves=7
num_cat=0
split_feature=23 18 51 23 50 21
split_gain=6.98687e-05 5.15355e-05 0.00019567 0.000373218 0.00022402 0.000140962
threshold=3.0920717716217045 0.006769805448129774 -1.0000000180025095e-35 1.0144386291503908 -1.0000000180025095e-35 0.28852133452892309
decision_type=2 2 2 2 2 2
left_child=1 -1 3 -3 -4 -6
right_child=-2 2 4 -5 5 -7
leaf_value=-5.4408073624054058e-08 -6.6485280051683425e-06 -4.8390581189849819e-07 -7.4451511148393518e-06 -2.2390305057427402e-05 3.5945473225733625e-07 1.1913569131396725e-05
leaf_weight=504248 4137 5227 5507 3048 6798 4269
leaf_count=504248 4137 5227 5507 3048 6798 4269
internal_value=-2.14989e-07 -1.64062e-07 -2.38464e-06 -8.63889e-06 7.54544e-07 4.84989e-06
internal_weight=533234 529097 24849 8275 16574 11067
internal_count=533234 529097 24849 8275 16574 11067
is_linear=0
shrinkage=0.05


Tree=173
num_leaves=7
num_cat=0
split_feature=6 19 7 15 13 18
split_gain=5.63872e-05 4.20365e-05 1.62882e-05 6.98153e-05 4.12828e-05 1.80781e-05
threshold=-0.0079791522584855539 -1.87726753950119 0.0051617636345326909 0.0041757796425372371 0.0073441916611045608 0.0088105825707316416
decision_type=2 2 2 2 2 2
left_child=-1 -2 4 -4 5 -3
right_child=1 2 3 -5 -6 -7
leaf_value=-5.7251390181448963e-06 -4.9741811353154601e-06 3.909645947870323e-08 9.523913010939498e-07 -7.0694266042730665e-06 5.1512453261143395e-06 -3.6227994715071425e-06
leaf_weight=4330 4212 505713 7855 4085 3892 3343
leaf_count=4330 4212 505713 7855 4085 3892 3343
internal_value=-7.53391e-08 -2.85662e-08 1.15903e-08 -1.81013e-06 5.41671e-08 1.46951e-08
internal_weight=533430 529100 524888 11940 512948 509056
internal_count=533430 529100 524888 11940 512948 509056
is_linear=0
shrinkage=0.05


Tree=174
num_leaves=7
num_cat=0
split_feature=13 47 12 41 18 51
split_gain=3.6399e-05 5.62998e-05 6.36592e-05 4.27034e-05 3.28956e-05 2.78902e-05
threshold=0.005738164298236371 0.16280825436115268 -0.018252630718052384 0.48843455314636236 0.0069406139664351949 1.0000000180025095e-35
decision_type=2 2 2 2 2 2
left_child=4 2 -2 -3 -1 -6
right_child=1 3 -4 -5 5 -7
leaf_value=1.2686406760094068e-07 5.5594194727955791e-06 -1.3161148914539797e-06 -3.3254373835352767e-06 -9.4027114697294197e-06 1.0116169531992456e-06 5.8690129794505332e-06
leaf_weight=504107 3458 3005 4691 3574 8824 4414
leaf_count=504107 3458 3005 4691 3574 8824 4414
internal_value=1.21732e-07 -2.32505e-06 4.55732e-07 -5.74689e-06 1.91606e-07 2.64723e-06
internal_weight=532073 14728 8149 6579 517345 13238
internal_count=532073 14728 8149 6579 517345 13238
is_linear=0
shrinkage=0.05


Tree=175
num_leaves=7
num_cat=0
split_feature=18 19 51 5 10 30
split_gain=6.2331e-05 3.47108e-05 8.01483e-05 0.000107625 2.3658e-05 4.735e-05
threshold=0.0099095497280359286 1.3626237511634829 1.0000000180025095e-35 -0.00036916077078785742 -0.019153565168380734 -1.2928115725517271
decision_type=2 2 2 2 2 2
left_child=1 4 3 -3 5 -1
right_child=-2 2 -4 -5 -6 -7
leaf_value=-1.2514974353036854e-06 6.0340889587963985e-06 -7.3809495488925759e-06 8.3307777873176178e-06 4.3125961171964085e-06 -9.5586694777294841e-08 4.3956325025475969e-06
leaf_weight=6589 4302 3159 4077 5037 501011 8399
leaf_count=6589 4302 3159 4077 5037 501011 8399
internal_value=7.47796e-08 2.56833e-08 2.6482e-06 -2.11896e-07 -3.69437e-08 1.91714e-06
internal_weight=532574 528272 12273 8196 515999 14988
internal_count=532574 528272 12273 8196 515999 14988
is_linear=0
shrinkage=0.05


Tree=176
num_leaves=7
num_cat=0
split_feature=12 44 13 8 26 15
split_gain=3.63894e-05 1.57145e-05 1.99458e-05 2.65373e-05 2.2787e-05 2.53565e-05
threshold=-0.071754280477762208 4.6694276332855233 0.0073441916611045608 -0.014266873244196175 1.4975758790969851 0.0021603263448923831
decision_type=2 2 2 2 2 2
left_child=-1 2 3 -2 -5 -6
right_child=1 -3 -4 4 5 -7
leaf_value=-4.5585025800437561e-06 3.944936424358118e-06 3.0248022306606769e-06 -3.2340806442027299e-06 -1.6997416854026915e-08 -2.1831576906148564e-07 -4.3969072335959365e-06
leaf_weight=4460 4090 4078 4891 500825 8501 6294
leaf_count=4460 4090 4078 4891 500825 8501 6294
internal_value=-8.62628e-08 -4.8107e-08 -7.22803e-08 -4.22163e-08 -7.42226e-08 -2.00477e-06
internal_weight=533139 528679 524601 519710 515620 14795
internal_count=533139 528679 524601 519710 515620 14795
is_linear=0
shrinkage=0.05


Tree=177
num_leaves=7
num_cat=0
split_feature=8 18 16 51 21 29
split_gain=5.21138e-05 3.68256e-05 4.64118e-05 6.41277e-05 0.000352873 0.000258753
threshold=0.013833959586918356 0.0099095497280359286 0.0046407543122768411 -1.0000000180025095e-35 0.21744872629642489 1.1287724971771242
decision_type=2 2 2 2 2 2
left_child=1 2 -1 4 -4 -5
right_child=-2 -3 3 5 -6 -7
leaf_value=1.1671586073633602e-07 -4.4569904046752743e-06 5.0031620122206441e-06 5.1991703084796752e-06 5.4440850329965588e-06 -1.8641582045549571e-05 -9.3466844038566621e-06
leaf_weight=505033 6408 3694 3110 7504 3015 4809
leaf_count=505033 6408 3694 3110 7504 3015 4809
internal_value=7.3119e-09 6.19957e-08 2.66526e-08 -2.4339e-06 -6.59224e-06 -3.47078e-07
internal_weight=533573 527165 523471 18438 6125 12313
internal_count=533573 527165 523471 18438 6125 12313
is_linear=0
shrinkage=0.05


Tree=178
num_leaves=7
num_cat=0
split_feature=18 8 14 5 1 32
split_gain=0.000136447 2.82698e-05 3.09555e-05 4.05331e-05 4.38555e-05 3.01019e-05
threshold=0.0099095497280359286 -0.016596012748777863 0.0043001191224902877 -0.0023414122406393285 -0.0010319395223632453 0.1539956480264664
decision_type=2 2 2 2 2 2
left_child=1 -1 -3 4 -4 -5
right_child=-2 2 3 5 -6 -7
leaf_value=-4.4315280181015165e-06 8.8631273991855323e-06 -1.0282267133917831e-07 -5.9888380965111161e-06 1.2787505636234424e-06 1.3389820485376278e-06 5.2169890123393254e-06
leaf_weight=3589 4289 496677 3116 12848 5712 7792
leaf_count=3589 4289 496677 3116 12848 5712 7792
internal_value=3.26088e-08 -3.97174e-08 -9.3412e-09 1.56377e-06 -1.26666e-06 2.77453e-06
internal_weight=534023 529734 526145 29468 8828 20640
internal_count=534023 529734 526145 29468 8828 20640
is_linear=0
shrinkage=0.05


Tree=179
num_leaves=7
num_cat=0
split_feature=36 33 51 50 50 50
split_gain=4.04322e-05 5.47667e-05 2.83545e-05 0.00821759 0.00422034 0.000215649
threshold=0.054880341514945037 39.70073318481446 -1.0000000180025095e-35 -1.0000000180025095e-35 -1.0000000180025095e-35 1.0000000180025095e-35
decision_type=2 2 2 2 2 2
left_child=2 -2 3 -1 -4 -5
right_child=1 -3 4 5 -6 -7
leaf_value=1.5889392005083067e-05 8.2348708300813897e-06 1.6488392129419925e-07 -7.9790021533066105e-06 -9.2517090560357928e-06 3.6744247209787553e-06 -4.9425238234982547e-06
leaf_weight=58272 3523 5113 116551 58220 232780 58356
leaf_count=58272 3523 5113 116551 58220 232780 58356
internal_value=1.02019e-07 3.48544e-06 4.59487e-08 5.6565e-07 -2.14217e-07 -7.09765e-06
internal_weight=532815 8636 524179 174848 349331 116576
internal_count=532815 8636 524179 174848 349331 116576
is_linear=0
shrinkage=0.05


Tree=180
num_leaves=7
num_cat=0
split_feature=14 19 5 16 0 20
split_gain=4.87281e-05 3.95918e-05 2.19143e-05 2.72879e-05 2.71196e-05 2.51136e-05
threshold=0.0079277451150119322 1.8849442005157473 -0.0061131666880100957 0.0039628341328352698 0.0011809278512373569 -0.64671352505683888
decision_type=2 2 2 2 2 2
left_child=1 2 -1 -4 5 -5
right_child=-2 -3 3 4 -6 -7
leaf_value=-2.5754335230098405e-06 -5.2945841812207827e-06 -4.8371663794212525e-06 2.0192765336705167e-08 3.4575540783002522e-06 3.2805763311973466e-06 -4.8223217113347485e-07
leaf_weight=7607 4263 4076 482062 5188 12885 17718
leaf_count=7607 4263 4076 482062 5188 12885 17718
internal_value=-1.50228e-09 4.16052e-08 7.99066e-08 1.19157e-07 1.4502e-06 4.15681e-07
internal_weight=533799 529536 525460 517853 35791 22906
internal_count=533799 529536 525460 517853 35791 22906
is_linear=0
shrinkage=0.05


Tree=181
num_leaves=7
num_cat=0
split_feature=36 51 18 35 39 43
split_gain=2.69781e-05 9.67326e-05 0.000379282 0.0003311 0.00018397 0.000183889
threshold=0.034433864057064063 -1.0000000180025095e-35 0.0060261487960815438 -0.72420644760131825 0.25552155077457434 0.10396562516689302
decision_type=2 2 2 2 2 2
left_child=-1 2 -2 -3 -4 -5
right_child=1 3 4 5 -6 -7
leaf_value=5.9272680055622385e-08 4.8177656387762921e-06 1.4213182125802352e-05 -4.925767715929668e-06 7.7780548431299178e-07 -2.2256194633073017e-05 -1.0400106656533888e-05
leaf_weight=499317 5156 3633 3146 13923 3003 4948
leaf_count=499317 5156 3633 3146 13923 3003 4948
internal_value=-3.33382e-08 -1.39915e-06 -5.16157e-06 4.98169e-07 -1.35007e-05 -2.1728e-06
internal_weight=533126 33809 11305 22504 6149 18871
internal_count=533126 33809 11305 22504 6149 18871
is_linear=0
shrinkage=0.05


Tree=182
num_leaves=7
num_cat=0
split_feature=8 14 14 32 3 7
split_gain=4.91612e-05 1.93093e-05 2.51195e-05 2.5156e-05 2.25863e-05 2.40685e-05
threshold=0.016254583373665813 0.0079277451150119322 0.0061058993451297292 -0.51231276988983143 -0.0034674853086471553 0.0026573458453640346
decision_type=2 2 2 2 2 2
left_child=1 2 3 -1 5 -5
right_child=-2 -3 -4 4 -6 -7
leaf_value=-3.8939743592518544e-06 -5.3616783570637189e-06 -3.6427504265510178e-06 3.3533800555676498e-06 8.2339911733892679e-07 -4.8857249774039806e-08 5.1057404092904506e-06
leaf_weight=4076 4251 3552 5577 21075 490877 3843
leaf_count=4076 4251 3552 5577 21075 490877 3843
internal_value=-3.76771e-08 5.60884e-09 3.06158e-08 -5.34875e-09 2.5755e-08 1.49275e-06
internal_weight=533251 529000 525448 519871 515795 24918
internal_count=533251 529000 525448 519871 515795 24918
is_linear=0
shrinkage=0.05


Tree=183
num_leaves=7
num_cat=0
split_feature=11 4 12 37 11 13
split_gain=4.92978e-05 2.47015e-05 1.9206e-05 3.75484e-05 2.43204e-05 3.67183e-05
threshold=-0.044059621170163148 -0.0080376868136227114 -0.045884197577834122 9.1995282173156756 -0.015679447911679741 0.0048284237273037442
decision_type=2 2 2 2 2 2
left_child=-1 -2 3 -3 5 -4
right_child=1 2 4 -5 -6 -7
leaf_value=-5.3673784865414054e-06 -4.0858669135783709e-06 -6.4248306664677781e-06 7.376990368164244e-07 -3.0155371351272145e-07 -1.4363825894508088e-08 5.6240585617349349e-06
leaf_weight=4258 3618 3298 31549 9948 476217 4332
leaf_count=4258 3618 3298 31549 9948 476217 4332
internal_value=-4.03562e-08 3.02816e-09 3.15742e-08 -1.84456e-06 8.02779e-08 1.33465e-06
internal_weight=533220 528962 525344 13246 512098 35881
internal_count=533220 528962 525344 13246 512098 35881
is_linear=0
shrinkage=0.05


Tree=184
num_leaves=7
num_cat=0
split_feature=14 21 25 9 13 2
split_gain=4.61669e-05 3.98834e-05 2.07505e-05 2.83116e-05 2.96012e-05 4.49192e-05
threshold=0.0064909183420240888 0.28581163287162786 -4.4999999999999991 -0.014140718616545199 0.004506447585299612 0.00054277150775305938
decision_type=2 2 2 2 2 2
left_child=2 -2 -1 -4 -5 -6
right_child=1 -3 3 4 5 -7
leaf_value=-2.1846018675567547e-06 -1.047723606439806e-06 -8.078598496831487e-06 2.5609415252771196e-06 4.5398100183754255e-08 -4.281449480613828e-06 3.5667995818122169e-07
leaf_weight=10852 5337 3210 10682 482463 10016 10829
leaf_count=10852 5337 3210 10682 482463 10016 10829
internal_value=-8.55288e-08 -3.71994e-06 -2.59941e-08 1.97892e-08 -3.43922e-08 -1.87685e-06
internal_weight=533389 8547 524842 513990 503308 20845
internal_count=533389 8547 524842 513990 503308 20845
is_linear=0
shrinkage=0.05


Tree=185
num_leaves=7
num_cat=0
split_feature=8 44 36 11 51 50
split_gain=6.28056e-05 3.05505e-05 2.40518e-05 3.3154e-05 2.24024e-05 0.00139277
threshold=-0.016596012748777863 3.7815783023834233 0.067740809172391905 -0.039660083130002015 1.0000000180025095e-35 1.0000000180025095e-35
decision_type=2 2 2 2 2 2
left_child=-1 2 3 -2 -5 -6
right_child=1 -3 -4 4 5 -7
leaf_value=5.9429388716136647e-06 -4.5979600450408521e-06 -3.2668901660358139e-06 3.987159663055598e-06 2.254323674444891e-07 -3.6621996995400662e-06 5.8886979276593379e-06
leaf_weight=4344 3915 7272 3678 342365 114312 57244
leaf_count=4344 3915 7272 3678 342365 114312 57244
internal_value=-1.01498e-08 -5.9612e-08 -1.45807e-08 -4.33858e-08 -8.2456e-09 -4.74514e-07
internal_weight=533130 528786 521514 517836 513921 171556
internal_count=533130 528786 521514 517836 513921 171556
is_linear=0
shrinkage=0.05


Tree=186
num_leaves=7
num_cat=0
split_feature=36 44 25 38 1 8
split_gain=3.70343e-05 2.9134e-05 2.49755e-05 2.97939e-05 4.11453e-05 2.56605e-05
threshold=0.060126872733235366 0.41407217085361486 -1.4999999999999998 0.37527976930141455 -0.0051382193341851226 0.0033425077563151722
decision_type=2 2 2 2 2 2
left_child=2 -2 3 -1 -5 -6
right_child=1 -3 -4 4 5 -7
leaf_value=2.7990983038530201e-06 7.1468672025701992e-06 3.4932534622668483e-07 1.8552652547071743e-07 -5.7665745583715157e-06 -4.9012141383618768e-07 -4.8207590742068497e-06
leaf_weight=6002 3197 3074 402402 3976 111407 3480
leaf_count=6002 3197 3074 402402 3976 111407 3480
internal_value=3.94347e-08 3.84388e-06 -6.17334e-09 -6.23791e-07 -7.97734e-07 -6.23339e-07
internal_weight=533538 6271 527267 124865 118863 114887
internal_count=533538 6271 527267 124865 118863 114887
is_linear=0
shrinkage=0.05


Tree=187
num_leaves=7
num_cat=0
split_feature=11 5 22 51 17 51
split_gain=9.45187e-05 2.6213e-05 2.63195e-05 5.00686e-05 0.000226642 7.45571e-05
threshold=-0.044059621170163148 -0.0038883865345269437 0.12374111637473108 -1.0000000180025095e-35 1.1774811148643496 1.0000000180025095e-35
decision_type=2 2 2 2 2 2
left_child=-1 2 -2 -4 -5 -6
right_child=1 -3 3 4 5 -7
leaf_value=-7.4361032772146752e-06 -8.8307596719658938e-07 -7.1994952291641016e-08 6.8683027838387316e-06 9.7631669522994307e-06 2.7234011499552884e-07 -1.0720468418861546e-05
leaf_weight=4256 6887 506338 5073 4152 3042 3074
leaf_count=4256 6887 506338 5073 4152 3042 3074
internal_value=-5.82516e-08 1.85238e-09 1.68043e-06 2.83039e-06 8.11801e-07 -5.29495e-06
internal_weight=532822 528566 22228 15341 10268 6116
internal_count=532822 528566 22228 15341 10268 6116
is_linear=0
shrinkage=0.05


Tree=188
num_leaves=7
num_cat=0
split_feature=26 13 46 51 0 22
split_gain=2.01052e-05 2.38127e-05 4.64077e-05 1.64945e-05 0.000228557 0.000196659
threshold=-2.1763098239898677 0.0073441916611045608 -0.58216583728790272 1.0000000180025095e-35 0.0068073612637817868 0.36079666018486029
decision_type=2 2 2 2 2 2
left_child=-1 3 -3 4 -2 -5
right_child=1 2 -4 5 -6 -7
leaf_value=-3.4338879191884718e-06 2.7725362892338413e-07 7.4207550416115604e-06 -1.2731346238394743e-06 6.4746764298360482e-07 -1.2875222435884314e-05 -3.0249929048841888e-06
leaf_weight=4275 345219 3027 3038 122614 3285 51819
leaf_count=4275 345219 3027 3038 122614 3285 51819
internal_value=-3.8707e-08 -1.09478e-08 3.09112e-06 -4.72176e-08 1.51449e-07 -4.44068e-07
internal_weight=533277 529002 6065 522937 348504 174433
internal_count=533277 529002 6065 522937 348504 174433
is_linear=0
shrinkage=0.05


Tree=189
num_leaves=7
num_cat=0
split_feature=10 50 12 12 40 0
split_gain=4.65286e-05 2.63201e-05 2.77981e-05 2.52139e-05 2.43636e-05 2.53934e-05
threshold=-0.032465519383549683 1.0000000180025095e-35 -0.063670959323644624 0.054202981293201453 1.5818531513214114 -0.0038821361958980556
decision_type=2 2 2 2 2 2
left_child=-1 2 -2 -3 5 -4
right_child=1 3 4 -5 -6 -7
leaf_value=5.1728455150823433e-06 -4.1731067790687876e-06 -5.6722814085817456e-07 -2.6159301807881621e-06 3.3738060844105283e-06 1.3088286304892602e-06 2.190462394474126e-07
leaf_weight=4374 3431 172424 8071 4107 52580 288823
leaf_count=4374 3431 172424 8071 4107 52580 288823
internal_value=6.64352e-08 2.37635e-08 2.73093e-07 -4.7461e-07 3.17335e-07 1.41551e-07
internal_weight=533810 529436 352905 176531 349474 296894
internal_count=533810 529436 352905 176531 349474 296894
is_linear=0
shrinkage=0.05


Tree=190
num_leaves=7
num_cat=0
split_feature=8 10 15 31 27 13
split_gain=2.84337e-05 4.30834e-05 2.01189e-05 2.71771e-05 7.15351e-05 3.56721e-05
threshold=-0.016596012748777863 -0.032465519383549683 0.0029634579550474886 1.1685591340065005 2.0522483587265019 0.0034379597054794435
decision_type=2 2 2 2 2 2
left_child=-1 -2 -3 4 -4 -5
right_child=1 2 3 5 -6 -7
leaf_value=-4.0159218525069984e-06 5.9056065218435009e-06 1.2528957659745358e-07 -6.6156414967955443e-07 -1.0012893239746336e-06 -8.3888373647159932e-06 5.1477826488219657e-06
leaf_weight=4374 3030 425080 88242 4986 3051 4403
leaf_count=4374 3030 425080 88242 4986 3051 4403
internal_value=-2.41119e-08 9.28368e-09 -2.52555e-08 -6.60605e-07 -9.24259e-07 1.89433e-06
internal_weight=533166 528792 525762 100682 91293 9389
internal_count=533166 528792 525762 100682 91293 9389
is_linear=0
shrinkage=0.05


Tree=191
num_leaves=7
num_cat=0
split_feature=15 0 51 16 41 3
split_gain=3.83247e-05 2.0582e-05 2.66266e-05 0.000145152 0.000109879 2.45724e-05
threshold=0.0066763022914528855 0.0045384718105196961 -1.0000000180025095e-35 0.003516063443385065 0.60122478008270275 0.0079890596680343168
decision_type=2 2 2 2 2 2
left_child=1 5 -3 4 -4 -1
right_child=-2 2 3 -5 -6 -7
leaf_value=9.4803570986048003e-08 3.9112137034300481e-06 -4.662491658342595e-06 9.4929048404450091e-06 -8.6994374945147342e-06 -3.1456061034924775e-06 4.5364987961818596e-06
leaf_weight=508855 6517 5109 3827 3361 3056 3083
leaf_count=508855 6517 5109 3827 3361 3056 3083
internal_value=1.15105e-07 6.78214e-08 -1.73303e-06 -2.56464e-07 3.89928e-06 1.21993e-07
internal_weight=533808 527291 15353 10244 6883 511938
internal_count=533808 527291 15353 10244 6883 511938
is_linear=0
shrinkage=0.05


Tree=192
num_leaves=7
num_cat=0
split_feature=0 44 7 50 51 51
split_gain=4.08233e-05 3.60535e-05 3.18049e-05 2.87882e-05 0.00113848 0.00068193
threshold=-0.0068490931298583737 2.1278938055038457 0.00795181328430772 1.0000000180025095e-35 1.0000000180025095e-35 1.0000000180025095e-35
decision_type=2 2 2 2 2 2
left_child=1 -1 3 5 -5 -2
right_child=2 -3 -4 4 -6 -7
leaf_value=7.629484230774306e-06 1.8442667353091592e-06 1.9757162920844805e-07 -4.4475440920903315e-06 -3.3556134678287353e-06 5.2135650892015356e-06 -2.8467475768655969e-06
leaf_weight=3257 232346 3227 3968 116506 58022 116164
leaf_count=3257 232346 3227 3968 116506 58022 116164
internal_value=3.26526e-08 3.96054e-06 -1.60451e-08 1.79961e-08 -5.06105e-07 2.80492e-07
internal_weight=533490 6484 527006 523038 174528 348510
internal_count=533490 6484 527006 523038 174528 348510
is_linear=0
shrinkage=0.05


Tree=193
num_leaves=7
num_cat=0
split_feature=15 0 15 6 14 43
split_gain=3.58728e-05 5.57388e-05 5.93319e-05 3.5968e-05 3.65883e-05 2.90784e-05
threshold=0.0066763022914528855 -0.0045185424387454978 0.0041757796425372371 0.0055518008302897224 0.0039921510033309468 -0.013403217308223246
decision_type=2 2 2 2 2 2
left_child=1 2 -1 -3 -5 -2
right_child=5 3 -4 4 -6 -7
leaf_value=1.4355438753540171e-06 -7.1239517393638424e-06 -2.2653406176051111e-08 8.8628071069553145e-06 9.8979640225127416e-09 6.5945106531168471e-06 -4.1325075438170693e-07
leaf_weight=12655 3044 502119 3374 4263 4127 3389
leaf_count=12655 3044 502119 3374 4263 4127 3389
internal_value=7.75472e-08 1.23051e-07 3.02163e-06 3.17537e-08 3.26872e-06 -3.61911e-06
internal_weight=532971 526538 16029 510509 8390 6433
internal_count=532971 526538 16029 510509 8390 6433
is_linear=0
shrinkage=0.05


Tree=194
num_leaves=7
num_cat=0
split_feature=1 51 6 38 11 2
split_gain=3.07391e-05 3.77194e-05 0.000494887 0.000219605 2.69225e-05 2.43552e-05
threshold=-0.0045744478702545157 -1.0000000180025095e-35 -0.0012941525201313195 2.6392716169357304 -0.044059621170163148 0.0061320774257183084
decision_type=2 2 2 2 2 2
left_child=1 -1 -3 -4 -2 -6
right_child=4 2 3 -5 5 -7
leaf_value=5.3488588749736257e-06 -4.7960597928828704e-06 1.5416493615193184e-05 -1.5624320575413086e-05 1.3332941487112171e-06 -1.4304161810333265e-07 2.8432396667847178e-06
leaf_weight=5647 3024 3627 3664 3914 506387 6871
leaf_count=5647 3024 3627 3664 3914 506387 6871
internal_value=-6.20635e-08 2.03617e-06 3.50324e-07 -6.91447e-06 -1.30743e-07 -1.02791e-07
internal_weight=533134 16852 11205 7578 516282 513258
internal_count=533134 16852 11205 7578 516282 513258
is_linear=0
shrinkage=0.05


Tree=195
num_leaves=7
num_cat=0
split_feature=23 15 32 1 5 39
split_gain=3.12342e-05 5.92055e-05 2.7387e-05 2.5736e-05 1.5008e-05 1.36801e-05
threshold=2.2258125543594365 0.0027520748553797607 0.17252369970083239 -0.0079856431111693365 -0.00072246344643644978 3.1160368919372563
decision_type=2 2 2 2 2 2
left_child=3 2 4 -1 -2 -5
right_child=1 -3 -4 5 -6 -7
leaf_value=-4.1090748078463815e-06 -7.4430216890875575e-07 8.0128496868399329e-06 -2.945077092423507e-06 3.4950048807779866e-08 3.4731880075836449e-06 2.3413446537278736e-06
leaf_weight=3671 3101 3450 3676 506437 6446 6462
leaf_count=3671 3101 3450 3676 506437 6446 6462
internal_value=1.03033e-07 2.22975e-06 6.96389e-07 3.41812e-08 2.10655e-06 6.42336e-08
internal_weight=533243 16673 13223 516570 9547 512899
internal_count=533243 16673 13223 516570 9547 512899
is_linear=0
shrinkage=0.05


Tree=196
num_leaves=7
num_cat=0
split_feature=39 0 13 14 51 21
split_gain=3.41037e-05 2.55927e-05 4.92788e-05 3.81469e-05 2.27043e-05 0.000345956
threshold=5.1298756599426278 -0.006071351468563079 0.0047226985916495332 0.007029143627732993 -1.0000000180025095e-35 0.31032323837280279
decision_type=2 2 2 2 2 2
left_child=1 2 -1 4 5 -3
right_child=-2 3 -4 -5 -6 -7
leaf_value=8.5031626424121863e-07 4.5144737013789235e-06 2.0979636395024765e-06 -7.2248187684635516e-06 4.2866228967867672e-06 -2.1704750340166342e-07 -2.6243687886965043e-06
leaf_weight=4092 4203 113559 3445 5237 343737 58837
leaf_count=4092 4203 113559 3445 5237 343737 58837
internal_value=5.49984e-08 1.91374e-08 -2.86394e-06 6.10863e-08 1.78003e-08 4.85986e-07
internal_weight=533110 528907 7537 521370 516133 172396
internal_count=533110 528907 7537 521370 516133 172396
is_linear=0
shrinkage=0.05


Tree=197
num_leaves=7
num_cat=0
split_feature=35 15 34 27 51 44
split_gain=4.97581e-05 4.9713e-05 1.92848e-05 2.56456e-05 0.000124216 0.000359632
threshold=-1.3469904661178587 0.0021711068693548445 77.146499633789077 2.0997407436370854 1.0000000180025095e-35 0.68919357657432567
decision_type=2 2 2 2 2 2
left_child=1 -1 3 -2 -5 -6
right_child=2 -3 -4 4 5 -7
leaf_value=-1.9975601005227209e-07 -8.152011564439818e-08 -9.0796779534118702e-06 -2.8040264134160738e-06 -9.9284552486969131e-07 -3.808248885991987e-06 1.7751299621041821e-05
leaf_weight=3255 497384 3010 6183 15170 3908 3752
leaf_count=3255 497384 3010 6183 15170 3908 3752
internal_value=-9.2294e-08 -4.5042e-06 -3.93622e-08 -6.23644e-09 1.63052e-06 6.79862e-06
internal_weight=532662 6265 526397 520214 22830 7660
internal_count=532662 6265 526397 520214 22830 7660
is_linear=0
shrinkage=0.05


Tree=198
num_leaves=7
num_cat=0
split_feature=8 41 30 28 43 7
split_gain=7.47316e-05 2.75121e-05 2.66117e-05 3.78592e-05 2.51272e-05 1.9875e-05
threshold=0.013833959586918356 0.585342437028885 -1.5941584110260008 -4.1931288242340079 0.17138599604368213 -0.0023832712322473522
decision_type=2 2 2 2 2 2
left_child=1 2 -1 -4 -2 -3
right_child=4 5 3 -5 -6 -7
leaf_value=-4.3103203550294787e-06 1.9905597083566365e-06 3.0980692337951955e-06 4.057979292242978e-06 -2.4598481569868014e-07 8.2213207046285926e-06 4.9686165044290068e-07
leaf_weight=3914 3110 8039 5121 429981 3420 80093
leaf_count=3914 3110 8039 5121 429981 3420 80093
internal_value=-4.09381e-09 -7.01883e-08 -2.32046e-07 -1.94868e-07 5.29151e-06 7.35754e-07
internal_weight=533678 527148 439016 435102 6530 88132
internal_count=533678 527148 439016 435102 6530 88132
is_linear=0
shrinkage=0.05


Tree=199
num_leaves=7
num_cat=0
split_feature=18 36 2 33 8 27
split_gain=4.13747e-05 9.18473e-05 3.54007e-05 3.74629e-05 2.8794e-05 2.69663e-05
threshold=0.0092942253686487692 0.054880341514945037 -0.0056040745694190255 28.596472740173343 -0.012456714175641535 -2.4000042676925655
decision_type=2 2 2 2 2 2
left_child=2 -2 3 -1 -4 -6
right_child=1 -3 4 -5 5 -7
leaf_value=-7.6007179105321526e-06 -1.6875862386858551e-06 1.0217699380136141e-05 3.9504317197558429e-06 -7.956511461267321e-07 -2.4361563334845452e-06 2.7580448954950163e-08
leaf_weight=3057 3385 3036 4541 5833 11308 501283
leaf_count=3057 3385 3036 4541 5833 11308 501283
internal_value=3.25314e-09 3.97697e-06 -4.56262e-08 -3.16513e-06 8.30183e-09 -2.70031e-08
internal_weight=532443 6421 526022 8890 517132 512591
internal_count=532443 6421 526022 8890 517132 512591
is_linear=0
shrinkage=0.05


end of trees

feature_importances:
Column_50=148
Column_51=137
Column_13=48
Column_18=45
Column_8=42
Column_14=39
Column_12=35
Column_0=34
Column_15=34
Column_10=33
Column_9=32
Column_1=31
Column_36=30
Column_16=26
Column_24=26
Column_2=25
Column_21=25
Column_3=24
Column_44=24
Column_11=23
Column_6=22
Column_23=21
Column_4=20
Column_22=20
Column_43=18
Column_5=16
Column_7=16
Column_17=16
Column_40=16
Column_37=15
Column_39=15
Column_19=14
Column_26=14
Column_42=10
Column_30=9
Column_32=9
Column_35=9
Column_25=8
Column_34=8
Column_41=8
Column_31=7
Column_33=7
Column_29=6
Column_38=6
Column_45=6
Column_20=5
Column_27=5
Column_28=5
Column_47=3
Column_48=3
Column_46=2

parameters:
[boosting: gbdt]
[objective: regression]
[metric: l2]
[tree_learner: serial]
[device_type: cpu]
[data_sample_strategy: bagging]
[data: ]
[valid: ]
[num_iterations: 200]
[learning_rate: 0.05]
[num_leaves: 7]
[num_threads: 0]
[seed: 1]
[deterministic: 0]
[force_col_wise: 0]
[force_row_wise: 0]
[histogram_pool_size: -1]
[max_depth: -1]
[min_data_in_leaf: 3000]
[min_sum_hessian_in_leaf: 0.001]
[bagging_fraction: 0.7]
[pos_bagging_fraction: 1]
[neg_bagging_fraction: 1]
[bagging_freq: 1]
[bagging_seed: 1]
[bagging_by_query: 0]
[feature_fraction: 0.6]
[feature_fraction_bynode: 1]
[feature_fraction_seed: 1]
[extra_trees: 0]
[extra_seed: 15724]
[early_stopping_round: 0]
[early_stopping_min_delta: 0]
[first_metric_only: 0]
[max_delta_step: 0]
[lambda_l1: 0]
[lambda_l2: 50]
[linear_lambda: 0]
[min_gain_to_split: 0]
[drop_rate: 0.1]
[max_drop: 50]
[skip_drop: 0.5]
[xgboost_dart_mode: 0]
[uniform_drop: 0]
[drop_seed: 6334]
[top_rate: 0.2]
[other_rate: 0.1]
[min_data_per_group: 100]
[max_cat_threshold: 32]
[cat_l2: 10]
[cat_smooth: 10]
[max_cat_to_onehot: 4]
[top_k: 20]
[monotone_constraints: ]
[monotone_constraints_method: basic]
[monotone_penalty: 0]
[feature_contri: ]
[forcedsplits_filename: ]
[refit_decay_rate: 0.9]
[cegb_tradeoff: 1]
[cegb_penalty_split: 0]
[cegb_penalty_feature_lazy: ]
[cegb_penalty_feature_coupled: ]
[path_smooth: 0]
[interaction_constraints: ]
[verbosity: -1]
[saved_feature_importance_type: 0]
[use_quantized_grad: 0]
[num_grad_quant_bins: 4]
[quant_train_renew_leaf: 0]
[stochastic_rounding: 1]
[linear_tree: 0]
[max_bin: 255]
[max_bin_by_feature: ]
[min_data_in_bin: 3]
[bin_construct_sample_cnt: 200000]
[data_random_seed: 41]
[is_enable_sparse: 1]
[enable_bundle: 1]
[use_missing: 1]
[zero_as_missing: 0]
[feature_pre_filter: 1]
[pre_partition: 0]
[two_round: 0]
[header: 0]
[label_column: ]
[weight_column: ]
[group_column: ]
[ignore_column: ]
[categorical_feature: ]
[forcedbins_filename: ]
[precise_float_parser: 0]
[parser_config_file: ]
[objective_seed: 19169]
[num_class: 1]
[is_unbalance: 0]
[scale_pos_weight: 1]
[sigmoid: 1]
[boost_from_average: 1]
[reg_sqrt: 0]
[alpha: 0.9]
[fair_c: 1]
[poisson_max_delta_step: 0.7]
[tweedie_variance_power: 1.5]
[lambdarank_truncation_level: 30]
[lambdarank_norm: 1]
[label_gain: ]
[lambdarank_position_bias_regularization: 0]
[eval_at: ]
[multi_error_top_k: 1]
[auc_mu_weights: ]
[num_machines: 1]
[local_listen_port: 12400]
[time_out: 120]
[machine_list_filename: ]
[machines: ]
[gpu_platform_id: -1]
[gpu_device_id: -1]
[gpu_device_id_list: ]
[gpu_use_dp: 0]
[num_gpu: 1]

end of parameters

pandas_categorical:null
