tree
version=v4
num_class=1
num_tree_per_iteration=1
label_index=0
max_feature_idx=49
objective=binary sigmoid:1
feature_names=ret_1 ret_lag2 ret_lag3 ret_lag4 ret_lag5 ret_lag6 ret_lag7 ret_lag8 ret_4 ret_8 ret_16 ret_32 ret_96 vol_8 vol_16 vol_48 vol_96 vol_ratio_8_96 atr14_pct body body_frac upper_wick_frac lower_wick_frac range_atr close_pos up_streak ema8_dist ema20_dist ema50_dist ema200_dist ema8_20 macd macd_hist rsi7 rsi14 bb_pos bb_width dist_high_96 dist_low_96 vol_z vol_rel_4 taker_ratio taker_ratio_8 taker_delta_z trades_z vwap_dist tod_sin tod_cos dow_sin dow_cos
feature_infos=[-0.076213425842074245:0.040004704750242336] [-0.076213425842074245:0.040004704750242336] [-0.076213425842074245:0.040004704750242336] [-0.076213425842074245:0.040004704750242336] [-0.076213425842074245:0.040004704750242336] [-0.076213425842074245:0.040004704750242336] [-0.076213425842074245:0.040004704750242336] [-0.076213425842074245:0.037808065313792626] [-0.094383253717975013:0.068971738031242569] [-0.11699657792845415:0.059306827298879143] [-0.11512359289346794:0.072864952962005222] [-0.12179186391220276:0.10456379295653011] [-0.15915682203103576:0.10678875768541814] [1.0161094470032587e-07:0.035718411358417405] [3.087676767672863e-05:0.024816717190534503] [0.00012100033038553425:0.014391541350006675] [0.00016801329708760813:0.010260882317102512] [0.00041526695610289165:3.5533882076599101] [3.5440894060754866e-05:0.019502071801317133] [-7.973802917701704:8.4810548762733635] [-1:1] [0:1] [0:1] [8.1085712693035271e-05:9.2175693099859863] [0:1] [-18:15] [-7.176876001056848:7.5493656659880397] [-8.5929857341399885:9.2818468968441437] [-9.6720158360916386:10.952457918510239] [-20.954967608983512:21.148823276549731] [-3.2259487629994288:3.9464337959999942] [-2.9266675126636446:3.6260976828409524] [-1.0489686183060827:1.1785489597888863] [1.3587609000856133:98.953223163338066] [4.4142681454555941:95.796486579651557] [-2.0884344148011929:2.0921502326092258] [0.00032432031932768762:0.13247429841836997] [0:38.732003096400462] [0:49.092159752142862] [-1.915317286339562:9.5906661736035712] [0.066812267326243971:13.131335145162311] [0.012326574224498055:0.9841827546012285] [0.10282841600629808:0.83928153358981361] [-14.327365589953146:13.543123896874805] [-2.7709738059114231:9.4170136192494152] [-8.3876941019206743:7.4771052607707968] [-1:1] [-1:1] [-0.97492791218182362:0.97492791218182362] [-0.90096886790241903:1]
tree_sizes=1819 1821 1824 1828 1820 1815 1816 1811 1823 1809 1825 1819 1821 1817 1824 1820 1829 1822 1817 1828 1821 1813 1822 1831 1820 1815 1815 1825 1826 1826 1825 1822 1818 1808 1832 1810 1821 1818 1819 1820 1835 1841 1822 1823 1818 1831 1819 1842 1816 1823 1831 1825 1822 1819 1826 1825 1832 1828 1813 1825 1813 1823 1821 1833 1836 1811 1821 1819 1828 1839 1814 1807 1811 1833 1810 1831 1824 1819 1816 1818 1850 1821 1822 1802 1822 1829 1824 1837 1819 1822 1813 1824 1815 1829 1815 1813 1825 1845 1822 1820 1816 1820 1827 1831 1826 1817 1803 1826 1818 1819 1802 1832 1818 1826 1818 1812 1818 1817 1820 1813 1820 1811 1834 1821 1829 1799 1804 1818

Tree=0
num_leaves=15
num_cat=0
split_feature=9 27 26 29 48 33 0 24 41 18 31 9 20 5
split_gain=170.598 94.0956 38.6276 26.1261 21.0549 20.1031 23.6258 16.9886 15.6114 19.0664 15.2403 15.8372 14.1918 15.9072
threshold=-0.0014775767512183891 1.332211389174381 -1.4204776789737825 0.83850187459655723 -0.60785761079279388 72.476402701935129 -0.00072067103491469341 0.091938707721059179 0.69281398802295946 0.0002523311455306985 1.9695316044063473 0.0033127056619501362 -0.13520338577298682 -0.00090734482171245733
decision_type=2 2 2 2 2 2 2 2 2 2 2 2 2 2
left_child=2 3 7 8 -4 -3 -7 -1 9 -2 11 -8 13 -5
right_child=1 5 4 12 -6 6 10 -9 -10 -11 -12 -13 -14 -15
leaf_value=-0.0015392163340071608 -0.016111130083424401 -0.010569304728448874 -0.0052477534363833071 -0.0069578687426714303 -0.0076665407342691528 -0.0038904443919536126 -0.011531896014631293 -0.0055642601869773569 -0.010322025002560012 -0.0080551008112231554 -0.0055400681008586665 -0.014421036612301428 -0.0090454593354619903 -0.010899731175082085
leaf_weight=683.73679548501968 113.7478032708168 3673.1790625452995 1767.965856552124 448.74133378267288 7709.101119697094 113.49780809879303 1288.475116610527 1114.7284720540047 1466.4716790914536 11605.025880515575 102.24802535772324 1903.2132446169853 5700.1399173140526 4299.4169684648514
leaf_count=2735 455 14693 7072 1795 30837 454 5154 4459 5866 46421 409 7613 22801 17198
internal_value=-0.00880557 -0.00957799 -0.00670211 -0.00897186 -0.00721368 -0.0115995 -0.0127059 -0.00401818 -0.00837997 -0.00813639 -0.0130166 -0.0132608 -0.00971864 -0.0105257
internal_weight=41989.7 30714.2 11275.5 23633.5 9477.07 7080.61 3407.43 1798.47 13185.2 11718.8 3293.94 3191.69 10448.3 4748.16
internal_count=167962 122859 45103 94536 37909 28323 13630 7194 52742 46876 13176 12767 41794 18993
is_linear=0
shrinkage=1


Tree=1
num_leaves=15
num_cat=0
split_feature=9 34 45 20 48 36 38 43 33 43 35 33 7 30
split_gain=178.062 85.1237 35.8302 24.5227 19.098 18.7045 17.5495 21.3773 13.4241 12.9191 12.6758 12.0037 12.4236 11.8606
threshold=-0.0015416945676904666 61.491347874605673 -1.5351335389201888 -0.98829867010855754 -0.8783796973249266 0.0028562485442948297 7.2777504773568475 0.29545308193712566 71.408995529032595 -0.10490452256987141 -0.97377070344168037 77.17571929645878 -0.00057052554605666148 -0.25194410815758334
decision_type=2 2 2 2 2 2 2 2 2 2 2 2 2 2
left_child=2 3 4 5 -1 10 7 -5 -8 -6 -2 12 -3 -12
right_child=1 11 -4 6 9 -7 8 -9 -10 -11 13 -13 -14 -15
leaf_value=0.0073130426981533134 0.0034647012736326896 -0.0045459039166541081 0.0011745557854830875 0.00052715444314575073 0.0039126404113816841 -0.00064186080888213376 -0.00082419448052926882 -0.0017097172374485085 -0.0088898633591456937 0.0016032528042961168 -0.010971278062617315 -0.0042680676400457911 -0.0018345277747325861 -0.0044358228778027592
leaf_weight=467.24720242619514 52.748666480183601 824.22463040053844 6333.1658280193806 13763.986176460981 2609.2252329140902 625.486343562603 7711.5767738819122 1946.2043337970972 78.497438937425613 1556.7306866049767 164.24544341862202 1777.6723217666149 3762.8832522928715 364.24072062969208
leaf_count=1869 211 3297 25333 55057 10437 2502 30847 7785 314 6227 657 7111 15052 1457
internal_value=-3.6609e-05 -0.000809918 0.00215383 -0.000278375 0.0034897 -0.00305295 -0.000135283 0.000249591 -0.000911119 0.00305263 -0.00562001 -0.00287144 -0.00232613 -0.00655073
internal_weight=42038.1 31071.8 10966.4 24707 4633.2 1206.72 23500.3 15710.2 7790.07 4165.96 581.235 6364.78 4587.11 528.486
internal_count=168156 124290 43866 98830 18533 4827 94003 62842 31161 16664 2325 25460 18349 2114
is_linear=0
shrinkage=0.02


Tree=2
num_leaves=15
num_cat=0
split_feature=34 9 33 33 1 0 0 38 43 43 28 24 14 9
split_gain=162.077 92.536 28.2594 25.2644 21.465 18.8345 18.8342 14.7869 14.2183 13.6405 12.4888 10.9595 13.2754 12.5408
threshold=59.699163754990415 -0.0018283641823578227 36.213082651750881 75.549340992459165 -0.00036811461840372271 -0.00064844920840932804 0.00040947438474490402 6.972464016981891 1.1164700358292541 0.32324041482340232 -3.1808260184024237 0.00013543712386563915 0.002140017978487565 -0.0015749125574341582
decision_type=2 2 2 2 2 2 2 2 2 2 2 2 2 2
left_child=1 2 6 -2 9 -5 -1 8 11 -3 -4 13 -13 -6
right_child=3 4 10 5 7 -7 -8 -9 -10 -11 -12 12 -14 -15
leaf_value=0.0035276645178538507 -0.0018156304949307851 0.0011259851788178558 -0.0051854330809131413 0.0058793639457735527 0.0071965361999601135 -0.0045926675698152323 0.00011621640685943086 -0.0012531597205570585 -0.0061980541117438613 -0.0021210203209454143 0.0010873151027980591 0.00049435137692490369 -0.0022371538530814319 -0.0022910782709356296
leaf_weight=5297.7220948934555 5989.264188721776 6628.1256161630154 126.99878337979317 66.748481556773186 53.9996357858181 2245.8350909054279 737.74434851109982 5767.0929967910051 141.49533699452877 556.73379717767239 3384.9684224426746 9225.5771637707949 766.23696650564671 1061.7212962508202
leaf_count=21191 23958 26513 508 267 216 8984 2951 23069 566 2227 13540 36903 3065 4247
internal_value=-1.19839e-06 0.000614707 0.00228152 -0.00250382 -4.31945e-05 -0.00427838 0.00311111 -0.000430225 -7.95823e-06 0.000873084 0.000853432 7.36487e-05 0.000283868 -0.00180183
internal_weight=42050.3 33748.4 9547.43 8301.85 24201 2312.58 6035.47 17016.1 11249 7184.86 3511.97 11107.5 9991.81 1115.72
internal_count=168205 134996 38190 33209 96806 9251 24142 68066 44997 28740 14048 44431 39968 4463
is_linear=0
shrinkage=0.02


Tree=3
num_leaves=15
num_cat=0
split_feature=34 9 26 1 33 25 0 24 18 29 39 4 39 24
split_gain=159.728 88.2493 39.0847 27.2941 20.4848 19.4811 19.1149 17.513 16.3864 15.3739 14.3479 17.6341 14.1503 14.7044
threshold=59.699163754990415 -0.0018283641823578227 -1.0345812564718124 -0.00033851529142785798 78.527313810315846 -1.4999999999999998 -0.00048592300471725505 0.98604173597527123 0.00049398719248790028 -7.0262940044877942 -0.20947747261160463 7.6600232241162233e-05 -0.31329240292139454 0.0059839781940335549
decision_type=2 2 2 2 2 2 2 2 2 2 2 2 2 2
left_child=1 2 5 -3 -2 -1 -6 8 12 -10 -9 -12 13 -5
right_child=4 3 -4 7 6 -7 -8 10 9 -11 11 -13 -14 -15
leaf_value=0.0049863641484585294 -0.002039223185731142 0.0009507972013136272 0.001271007838224312 -0.0077542112410496382 0.0068721765748732426 0.0017142717653062124 -0.0050701469471762899 0.002043999092171382 0.0024643535092986522 -0.00071723958883030054 0.0012215218142178374 -0.0059173217485492934 -0.00050512479732633833 -0.0014866536367222031
leaf_weight=2302.4928596615791 6803.6087316572666 7508.6237122863531 6147.7169630378485 351.22648973762989 51.498187452554703 1073.7465821504593 1432.3237335830927 1706.4608551710844 633.23853848874569 12682.697821587324 346.49063484370708 223.99392642080784 473.73153722286224 263.24323196709156
leaf_count=9210 27216 30035 24591 1405 206 4295 5730 6826 2533 50732 1386 896 1895 1053
internal_value=-1.95611e-05 0.000592009 0.00222222 -5.01619e-05 -0.00250632 0.00394981 -0.00463398 -0.000500872 -0.000758556 -0.000565071 0.00112735 -0.00160852 -0.00311275 -0.00510282
internal_weight=42001.1 33713.7 9523.96 24189.7 8287.43 3376.24 1483.82 16681.1 14404.1 13315.9 2276.95 570.485 1088.2 614.47
internal_count=168009 134857 38096 96761 33152 13505 5936 66726 57618 53265 9108 2282 4353 2458
is_linear=0
shrinkage=0.02


Tree=4
num_leaves=15
num_cat=0
split_feature=34 45 18 1 43 46 26 35 15 0 11 38 29 35
split_gain=137.172 82.9065 23.1924 17 17.1639 16.3221 15.6605 15.188 14.4514 16.6732 14.1875 13.6285 12.4437 11.8216
threshold=59.699163754990415 -1.5600233943921136 0.00043070942209604029 -0.00010044481013736877 0.62367132472492581 0.75894212529897775 0.97966657098516774 -1.1127029575509944 0.00042460671945742284 -0.00059572844824407089 -0.0074897585689992626 6.2014106755105027 -10.107879435714567 -0.46457600422556483
decision_type=2 2 2 2 2 2 2 2 2 2 2 2 2 2
left_child=1 5 -3 4 -4 7 -2 10 -8 -10 -1 12 -5 -9
right_child=6 2 3 11 -6 -7 8 13 9 -11 -12 -13 -14 -15
leaf_value=0.0022463938252963184 -0.001466215438836538 -0.0029640285385720854 0.00095292960483479361 0.0083034296863386155 -0.0034327423366091081 0.00089125211503738797 0.0012415275480069626 0.0025172805377191303 0.0024374855782538112 -0.0038750210144072477 0.0074264607270309937 -0.00097230154828908499 0.00021700196711907767 0.0079858898669901684
leaf_weight=325.24481509625912 4500.451907351613 906.6979124546051 12090.591067835689 71.749390542507172 362.98791474103928 1281.4807845801115 267.72125640511513 3038.9652285426855 172.9928120970726 3323.0657843053341 631.99017706513405 5458.5842627733946 9360.0788333415985 163.24718636274338
leaf_count=1301 18003 3627 48363 287 1452 5126 1071 12156 692 13294 2528 21835 37441 653
internal_value=4.32143e-05 0.00060965 0.000174054 0.000278632 0.000823773 0.00286914 -0.002265 0.00347671 -0.00321692 -0.00355963 0.00568722 -0.000177419 0.000282884 0.00280808
internal_weight=41955.8 33691.6 28250.7 27344 12453.6 5440.93 8264.23 4159.45 3763.78 3496.06 957.235 14890.4 9431.83 3202.21
internal_count=167829 134769 113005 109378 49815 21764 33060 16638 15057 13986 3829 59563 37728 12809
is_linear=0
shrinkage=0.02


Tree=5
num_leaves=15
num_cat=0
split_feature=34 45 33 36 0 42 26 46 1 0 31 10 33 38
split_gain=159.485 79.8293 36.275 20.1651 20.0431 18.2084 17.1443 15.0079 14.9634 12.3724 12.2546 12.0174 11.5301 11.4295
threshold=54.216406541846766 -1.8123971595749973 72.476402701935129 0.0030274221180722938 -0.00072067103491469341 0.50524583755525909 -1.4204776789737825 0.77296446310593003 -2.1524725620370155e-05 0.00031866758312965802 1.9695316044063473 0.0049405769292869516 34.575362724289889 6.7781835629861504
decision_type=2 2 2 2 2 2 2 2 2 2 2 2 2 2
left_child=1 7 5 -3 -4 -2 -5 9 -8 12 -6 13 -1 -10
right_child=2 3 4 6 10 -7 8 -9 11 -11 -12 -13 -14 -15
leaf_value=0.0050057887653742273 -0.00017196408893828196 -0.0007648502473720821 0.0048104960182377768 0.0072564764257537573 -0.0038342124325063819 -0.0017385999156112222 0.0012998286540258416 0.0013488349863344004 0.00066133004573702041 0.00033794763054203488 0.0031457910153711937 -0.0050715393492215812 -0.00066954108859072162 -0.00108339350107725
leaf_weight=2630.1832184046507 5473.7549869120121 3859.8660349547863 112.49842299520969 159.24687153100967 3263.1607331037521 6479.4203968495131 9836.9055342078209 903.73499175906181 6651.1525445580482 287.99933762848377 100.2390022277832 166.99671590328217 150.24730475246906 1934.6915678083897
leaf_count=10521 21896 15440 450 637 13055 25919 39348 3615 26605 1152 401 668 601 7739
internal_value=7.18374e-05 0.00101063 -0.00154531 0.000550847 -0.0033424 -0.00102156 0.000821842 0.00362368 0.000764784 0.0042904 -0.00362183 0.000163074 0.00469846 0.000267781
internal_weight=42010.1 26581 15429.1 22608.9 3475.9 11953.2 18749 3972.16 18589.7 3068.43 3363.4 8752.84 2780.43 8585.84
internal_count=168047 106326 61721 90437 13906 47815 74997 15889 74360 12274 13456 35012 11122 34344
is_linear=0
shrinkage=0.02


Tree=6
num_leaves=15
num_cat=0
split_feature=9 34 45 20 33 29 36 34 44 20 20 11 24 9
split_gain=135.293 73.5346 34.9271 28.5896 16.9175 21.1363 16.5178 13.4742 13.4024 12.8435 12.7619 12.7482 16.5046 14.7656
threshold=-0.0015416945676904666 61.491347874605673 -1.7211885182797164 -0.98829867010855754 64.172933207880092 2.9386083909034917 0.0027861803009614446 42.640315644588902 0.27190944247906962 -0.99990974724531723 0.99985108521470545 -0.014847411531758637 0.43809579061025566 0.0040491649333881169
decision_type=2 2 2 2 2 2 2 2 2 2 2 2 2 2
left_child=2 3 -1 6 5 11 -2 -8 10 -4 -7 12 -5 -14
right_child=1 -3 9 4 -6 8 7 -9 -10 -11 -12 -13 13 -15
leaf_value=0.0034664887376404962 -0.0056483328802297526 -0.0025790189358017974 0.0093292866172727737 0.0019531395464150027 -0.0014651896615481563 -0.0014941092461317018 0.0044342663543196449 -0.0024777931734473605 0.0013550770411282487 0.0010042998101422156 0.0053179150050699257 0.00065631120161340406 -0.0093062520024791966 0.0025471885061493856
leaf_weight=3797.6063835024834 563.93286621570587 6391.2101697772741 69.999496147036552 153.74784234166145 2834.5906195789576 4442.5895842015743 139.49725316464901 511.48000375926495 886.96505464613438 7071.2132732868195 107.99711427092552 14836.202386394143 168.99783934652805 52.999087110161781
leaf_count=15191 2256 25569 280 615 11339 17771 558 2046 3548 28285 432 59346 676 212
internal_value=5.29097e-06 -0.000667808 0.0019178 -0.000172833 -1.77598e-05 0.000181238 -0.00315803 -0.000974106 -0.000888479 0.00109237 -0.00132678 0.000563777 -0.00305054 -0.00648261
internal_weight=42029 31090.2 10938.8 24699 23484.1 20649.5 1214.91 650.977 5437.55 7141.21 4550.59 15211.9 375.745 221.997
internal_count=168124 124368 43756 98799 93939 82600 4860 2604 21751 28565 18203 60849 1503 888
is_linear=0
shrinkage=0.02


Tree=7
num_leaves=15
num_cat=0
split_feature=34 9 26 18 42 40 14 25 26 29 23 33 31 0
split_gain=152.418 66.0826 28.258 17.5319 16.1134 15.2868 15.109 14.1845 14.1239 16.6488 15.78 14.1186 18.0009 18.7694
threshold=59.699163754990415 -0.0018283641823578227 -1.0345812564718124 0.0002523311455306985 0.48018780451671589 0.27170975837502209 0.00060701526713964453 -2.4999999999999996 0.22502555908657781 3.4359092223976115 0.56015667706114336 75.549340992459165 1.9695316044063473 -0.00059572844824407089
decision_type=2 2 2 2 2 2 2 2 2 2 2 2 2 2
left_child=1 2 7 -3 8 -4 -7 -1 9 10 -5 -2 13 -13
right_child=11 3 5 4 -6 6 -8 -9 -10 -11 -12 12 -14 -15
leaf_value=0.0048073698146774424 -0.0019448814366909359 -0.0051083711556225188 -0.0055221165490811162 -0.0013299752967658467 -0.00040422579004857271 0.0062099679346020661 0.001105445323242873 0.0022055087962003987 0.0017773319656677986 -0.001578039626214168 0.001200081242099838 0.0059431643027852577 0.0045652299756733976 -0.0044784912346248719
leaf_weight=1599.8782965391874 5955.5234036445618 259.9639398753643 128.9994128793478 1241.4693175703287 13168.881179973483 236.99756127595901 5776.2250941097736 1787.9093166440725 3097.9184239208698 1680.6840055584908 4723.1627534478903 67.248036235570908 94.989845797419548 2161.8113997280598
leaf_count=6400 23825 1040 516 4966 52677 948 23105 7152 12392 6723 18893 269 380 8650
internal_value=-3.32254e-05 0.000564145 0.00197411 7.96164e-06 6.46409e-05 0.00116372 0.00131162 0.00343951 0.000639291 0.000177291 0.000672806 -0.0024637 -0.00378617 -0.00415148
internal_weight=41981.7 33702.1 9530.01 24172.1 23912.1 6142.22 6013.22 3387.79 10743.2 7645.32 5964.63 8279.57 2324.05 2229.06
internal_count=167936 134812 38121 96691 95651 24569 24053 13552 42974 30582 23859 33124 9299 8919
is_linear=0
shrinkage=0.02


Tree=8
num_leaves=15
num_cat=0
split_feature=9 33 45 20 32 36 4 29 46 33 3 41 21 45
split_gain=126.246 53.6817 34.2007 25.9267 16.3987 15.6456 14.335 14.1957 16.1533 13.6501 13.4247 13.1221 14.291 12.6331
threshold=-0.0011094993537757016 64.172933207880092 -1.7811915268591949 -0.98829867010855754 0.13904728079343118 0.0037884223871330939 0.00052197940707393424 3.6052917911976405 -0.45201865172701744 70.712962241269963 0.00012399414452546383 0.62557462016204368 0.31710027645231825 0.62335229847300044
decision_type=2 2 2 2 2 2 2 2 2 2 2 2 2 2
left_child=2 3 -1 5 -5 -2 9 -4 -9 10 -3 12 -12 -6
right_child=1 6 7 4 13 -7 -8 8 -10 -11 11 -13 -14 -15
leaf_value=0.0031771156381482464 -0.0050124192325398265 0.0011131530050908706 0.0012684778098836572 -0.00040664195455932819 0.0023723400830192791 2.0111168375841916e-05 -0.0032025904299040992 0.0019863368527475709 -0.0023302374216128039 -0.0025282982295303071 -0.0021341403698247677 -0.0043984289752423038 0.0028234142841444404 0.00022416321831834494
leaf_weight=3790.9398645758629 697.1335579007864 1171.1363309174776 7902.1752255111933 14241.799791693687 1622.7137326151133 381.23065592348576 3134.1124940812588 525.74084451794624 996.97917895019054 2585.0253410339355 672.68730415403843 492.20314636826515 349.2165591865778 3349.8913408368826
leaf_count=15165 2789 4685 31609 56969 6491 1525 12539 2103 3988 10343 2691 1969 1397 13400
internal_value=-4.31165e-05 -0.000787988 0.001574 -0.00023113 -6.13865e-05 -0.0032414 -0.00213161 0.000927842 -0.000838255 -0.00149229 -0.000492101 -0.00173332 -0.00043449 0.000926858
internal_weight=41913 28697.2 13215.8 20292.8 19214.4 1078.36 8404.38 9424.9 1522.72 5270.27 2685.24 1514.11 1021.9 4972.61
internal_count=167663 114798 52865 81174 76860 4314 33624 37700 6091 21085 10742 6057 4088 19891
is_linear=0
shrinkage=0.02


Tree=9
num_leaves=15
num_cat=0
split_feature=33 45 20 9 43 29 23 22 33 30 36 29 47 42
split_gain=127.826 75.6918 23.025 21.91 19.857 17.4353 15.6046 15.7808 14.7618 13.5008 12.4008 12.1927 11.7628 11.7569
threshold=64.172933207880092 -1.5351335389201888 -0.98829867010855754 -0.0015416945676904666 0.53824958503286024 6.7999958623776173 0.70004488950465371 0.23886598279255072 75.549340992459165 1.8223854703848232 0.0029258074255718298 3.9616679376502542 -0.96298784033749829 0.56269382957197378
decision_type=2 2 2 2 2 2 2 2 2 2 2 2 2 2
left_child=1 5 3 -3 6 13 -4 -8 -2 -10 -5 12 -6 -1
right_child=8 2 4 10 11 -7 7 -9 9 -11 -12 -13 -14 -15
leaf_value=0.0029999280561881039 -0.0016652086600254315 0.0050846901633673693 -0.00029359059188311174 -0.0060421598754430705 0.0053199774570276458 -0.0046364555032792232 0.0012597926360742823 1.2066560410269705e-05 -0.004039807297087316 0.001109882409561261 -0.0015827029513114101 -0.0072654878298450531 -0.0022283713187916778 -0.0027577785280763064
leaf_weight=5377.0312295854092 6129.8531940281391 125.99721457064152 9097.7639194279909 457.62307167053223 87.245935589075089 122.99224729835987 9659.5163368433714 6985.3519516140223 2092.3144758790731 223.43312637507915 551.96581569314003 168.98719945549965 800.21644330024719 141.98968335986137
leaf_count=21510 24523 504 36392 1831 349 492 38639 27942 8373 894 2208 676 3201 568
internal_value=1.71481e-05 0.000570421 0.000143481 -0.00263958 0.000261881 0.00268229 0.000372351 0.00073632 -0.0021815 -0.00354162 -0.00362389 -0.00241903 -0.00146065 0.00284944
internal_weight=42022.3 33576.7 27934.7 1135.59 26799.1 5642.01 25742.6 16644.9 8445.6 2315.75 1009.59 1056.45 887.462 5519.02
internal_count=168102 134312 111742 4543 107199 22570 102973 66581 33790 9267 4039 4226 3550 22078
is_linear=0
shrinkage=0.02


Tree=10
num_leaves=15
num_cat=0
split_feature=34 33 38 41 1 20 47 3 24 41 21 2 26 36
split_gain=121.516 71.5546 21.1789 21.9236 18.3862 19.2182 19.1584 18.3206 15.926 13.8887 13.1608 12.917 12.2556 12.0818
threshold=59.699163754990415 29.844330977947056 6.972464016981891 0.68239947387093447 -0.00013194644031241153 -0.98829867010855754 0.8604686372286926 0.0020865946076078089 0.97356428407193929 0.38484168091928511 0.25681962116842544 -0.0018526621682271171 0.97966657098516774 0.0036320226914654569
decision_type=2 2 2 2 2 2 2 2 2 2 2 2 2 2
left_child=1 -1 3 8 6 9 -4 10 -3 -6 -5 -2 -13 -7
right_child=11 2 4 7 5 13 -8 -9 -10 -11 -12 12 -14 -15
leaf_value=0.0029557733654340134 0.0027043752858076282 0.00063568299853385081 0.0011547665123691226 -0.0020232532175995604 -0.0082917261484031762 0.00033122591809008447 -0.0021856103903333873 -0.011945502104038342 0.0025569366800557874 0.00033169797401033023 0.0013329156614504164 -0.0015060253420683168 -0.0030724520516826857 -0.0017356490246957894
leaf_weight=4475.9747893065214 213.95936799049377 15709.156972065568 3280.1599576920271 1460.940617904067 250.93686094880104 1761.6485308557749 863.47828447818756 57.497181788086891 1934.9747826606035 104.97436800599098 681.97238865494728 4352.7640295773745 3719.0157962441444 3149.3569211512804
leaf_count=17906 856 62838 13121 5844 1004 7047 3454 230 7740 420 2728 17414 14882 12598
internal_value=6.91297e-05 0.000602251 0.000241722 0.000612244 -0.000539526 -0.00132312 0.000456882 -0.00126818 0.000847045 -0.00577893 -0.000954551 -0.00210025 -0.0022292 -0.000994648
internal_weight=42016.8 33731.1 29255.1 19844.5 9410.55 5266.92 4143.64 2200.41 17644.1 355.911 2142.91 8285.74 8071.78 4911.01
internal_count=168082 134930 117024 79380 37644 21069 16575 8802 70578 1424 8572 33152 32296 19645
is_linear=0
shrinkage=0.02


Tree=11
num_leaves=15
num_cat=0
split_feature=9 33 45 20 22 36 31 38 41 21 36 41 43 47
split_gain=112.487 53.6529 30.7287 28.2273 22.0502 20.2505 13.8371 13.5957 17.4399 12.111 16.5163 13.527 12.1038 11.9895
threshold=-0.0013204950940942097 64.172933207880092 -1.7811915268591949 -0.98829867010855754 0.14914567425340433 0.0036934097846678944 -0.56150240799290374 6.7781835629861504 0.71887542261294168 0.33333333325229964 0.0017616855537740878 0.31352122474404331 0.69798824594020614 0.99845357241023069
decision_type=2 2 2 2 2 2 2 2 2 2 2 2 2 2
left_child=2 3 13 5 6 -2 -4 8 -5 10 -3 -11 -6 -1
right_child=1 9 4 7 12 -7 -8 -9 -10 11 -12 -13 -14 -15
leaf_value=0.0032867154021276835 -0.0051503343074347776 0.0039494842966723235 0.0039433912234863909 0.00068688172494998923 0.00022064898628672042 0.00038848265452924807 0.0012767568031833798 -0.0005909073077076867 -0.0020864536142272787 0.006184476524103694 -0.0026662347901849088 -0.0011376368026259965 -0.0074484137957529619 -0.0057003121079117229
leaf_weight=3649.8679246902466 735.01776647567749 150.71610800921917 1165.230363458395 11308.10614708066 4819.4263779520988 409.46975672245026 2348.954962849617 8088.2927747070789 981.20050492882729 100.47910344600677 5811.2501615285873 2366.0748361647129 78.748072996735573 55.990233972668648
leaf_count=14602 2941 603 4661 45233 19278 1638 9396 32355 3925 402 23252 9467 315 224
internal_value=1.62763e-06 -0.000656211 0.0016271 -0.000126334 0.000957642 -0.00317561 0.0021653 4.56624e-05 0.000464695 -0.00200836 -0.00249582 -0.000827451 8.98835e-05 0.00314344
internal_weight=42068.8 29950.6 12118.2 21522.1 8412.36 1144.49 3514.19 20377.6 12289.3 8428.52 5961.97 2466.55 4898.17 3705.86
internal_count=168292 119816 48476 86092 33650 4579 14057 81513 49158 33724 23855 9869 19593 14826
is_linear=0
shrinkage=0.02


Tree=12
num_leaves=15
num_cat=0
split_feature=9 34 26 21 24 41 24 43 42 0 6 2 4 0
split_gain=107.546 59.2838 24.6773 17.8667 17.6438 16.4262 14.9667 14.8368 13.7109 13.5949 12.3215 12.132 13.2692 12.7029
threshold=-0.0015416945676904666 59.850814631121374 -1.0345812564718124 0.25681962116842544 0.00013543712386563915 0.4097051523121909 0.091938707721059179 0.42108257958016493 0.59688776959072609 -0.0012756621702653794 -0.0037479186396760819 -0.0017883594305355989 -1.3150302925516769e-05 0.0020809223667832351
decision_type=2 2 2 2 2 2 2 2 2 2 2 2 2 2
left_child=2 4 5 -4 9 6 -1 -6 11 -2 -5 12 -3 -13
right_child=1 8 3 10 7 -7 -8 -9 -10 -11 -12 13 -14 -15
leaf_value=0.0060726122192430246 0.001759111057457228 0.011325299819884836 0.00019845398738081282 -0.0038855261925547888 0.00025052510484977034 0.0013208744406391143 0.0027393244623653574 -0.0018839767187969637 -0.0039475660827755941 -0.0024642298612960736 0.0024474054834174282 -0.0015494214411364794 -0.00010413305230492947 -0.0044580907322794893
leaf_weight=924.51079969108105 361.23227702081203 51.991488963365555 4197.9172675609589 123.74774520099163 19439.876712322235 1343.7559301406145 1320.9653626382351 1391.1275396049023 1301.20983697474 1846.5161389261484 3017.6796776354313 5839.654223293066 141.22217528522015 666.87824720144272
leaf_count=3699 1445 208 16792 495 77762 5376 5285 5565 5207 7387 12071 23366 565 2669
internal_value=1.27577e-05 -0.000588004 0.00171855 0.00105272 -7.27816e-05 0.00307669 0.00412215 0.000107562 -0.00207062 -0.00177079 0.00219216 -0.00170341 0.00317949 -0.00185074
internal_weight=41968.3 31039.7 10928.6 7339.34 23038.8 3589.23 2245.48 20831 8000.96 2207.75 3141.43 6699.75 193.214 6506.53
internal_count=167892 124174 43718 29358 92159 14360 8984 83327 32015 8832 12566 26808 773 26035
is_linear=0
shrinkage=0.02


Tree=13
num_leaves=15
num_cat=0
split_feature=27 26 1 29 33 0 42 24 4 38 18 46 31 7
split_gain=106.863 55.1142 24.6764 19.1284 17.2612 18.4991 17.2413 18.1486 14.7867 14.6627 14.4573 13.596 13.5422 11.2041
threshold=1.0514785274779215 -1.4204776789737825 -0.0002290380033791017 -6.7651120303945511 76.035917968310699 -0.00059572844824407089 0.51423138381491296 0.0022220922831439299 -0.00016265148773138041 4.4474068042450492 0.0033073367106997062 0.79989897227935891 1.9695316044063473 0.0017963105499099981
decision_type=2 2 2 2 2 2 2 2 2 2 2 2 2 2
left_child=1 8 -3 10 13 -6 7 9 -1 -5 11 -4 -7 -2
right_child=4 2 3 6 5 12 -8 -9 -10 -11 -12 -13 -14 -15
leaf_value=0.0021028704397343481 -0.001710646098157638 0.00094602926526325822 0.0043620677025682829 0.00039216658269259778 0.0066560058460502615 -0.0041727529668868502 -0.0013781813725150377 0.00036568629716785542 0.0055706883853595939 -0.003318765357406982 -0.0046428615761781372 -0.00060492726134172648 0.0038769897249567682 0.001012435662628915
leaf_weight=1081.8957878947258 6716.6819895356894 12667.273070260882 766.96744950115681 709.42814667522907 64.997722700238228 1992.0157037228346 4907.4653164744377 9941.1625283360481 912.46567422151566 1057.0620697885752 106.24644105136395 306.98239803314209 83.485800266265869 660.85040564835072
leaf_count=4329 26873 50671 3068 2838 260 7974 19631 39766 3651 4229 425 1228 334 2644
internal_value=-6.38168e-05 0.000482699 0.000271529 -0.000208733 -0.00192674 -0.00350692 -0.000383731 3.35206e-05 0.00369944 -0.00183154 0.00224616 0.00294606 -0.00384042 -0.0014662
internal_weight=41975 32456.9 30462.6 17795.3 9518.03 2140.5 16615.1 11707.7 1994.36 1766.49 1180.2 1073.95 2075.5 7377.53
internal_count=167921 129836 121856 71185 38085 8568 66464 46833 7980 7067 4721 4296 8308 29517
is_linear=0
shrinkage=0.02


Tree=14
num_leaves=15
num_cat=0
split_feature=27 26 29 13 9 46 18 43 23 1 21 20 6 23
split_gain=112.575 56.7696 25.967 17.0494 15.3954 15.2723 14.118 15.8794 14.0802 11.9827 20.8097 14.9262 11.9393 11.2875
threshold=1.0686903575492359 -0.99653565170334679 2.9386083909034917 0.00095324357753681004 -0.00059400276292810833 0.88186879444286481 0.0030507310286887286 -0.049066395707306865 0.46519089527708829 9.2526389963583196e-05 0.41430743786938401 -0.52194976273913196 0.0017404993876919057 0.21421977132161177
decision_type=2 2 2 2 2 2 2 2 2 2 2 2 2 2
left_child=1 4 8 13 5 6 7 -1 12 -10 -11 -12 -3 -4
right_child=-2 2 3 -5 -6 -7 -8 -9 9 10 11 -13 -14 -15
leaf_value=0.0044873305760883527 -0.0019089158095009185 -0.00059203236595405963 0.0049092514336884462 0.00037098976174298651 -0.0030798192108826201 0.00019396762070012608 -0.00012225099824371061 0.0010763049887863644 0.0012033887368246394 -0.00035487490457450355 -0.0071392016054105728 0.0023501806022861887 -0.0075011354206989322 -0.0018405889163930498
leaf_weight=2658.9866964370012 9400.3916733264923 2156.1182673424482 96.981894865632057 2743.8786100000143 178.730069860816 730.1075699031353 415.13366954028606 691.37837393581867 10565.73585255444 6441.2714718133211 63.997472524642944 1853.948200315237 99.997430428862572 3930.2173146754503
leaf_count=10639 37616 8625 388 10976 715 2921 1661 2766 42264 25766 256 7416 400 15722
internal_value=1.89053e-05 0.000574559 0.000233202 -0.000844538 0.00261342 0.00284293 0.00335562 0.00378609 0.000577847 0.000755911 0.000189935 0.0020158 -0.000914173 -0.00167216
internal_weight=42026.9 32626.5 27952.1 6771.08 4674.34 4495.61 3765.5 3350.37 21181.1 18925 8359.22 1917.95 2256.12 4027.2
internal_count=168131 130515 111813 27086 18702 17987 15066 13405 84727 75702 33438 7672 9025 16110
is_linear=0
shrinkage=0.02


Tree=15
num_leaves=15
num_cat=0
split_feature=9 33 26 31 43 0 24 43 32 21 46 46 37 13
split_gain=96.3443 43.1457 34.7075 19.0727 18.7881 17.1282 14.9594 14.6179 15.7703 14.3437 14.8248 14.0647 13.3749 13.26
threshold=-0.0011094993537757016 72.476402701935129 -1.4204776789737825 1.1203279557548689 0.65950216221228108 -0.00067671022009037276 0.99982570805977 -0.59350386245279263 0.20163239892165322 0.25681962116842544 -0.54643492068321309 -0.98279651670771906 2.8356373966932025 0.0007042993271162433
decision_type=2 2 2 2 2 2 2 2 2 2 2 2 2 2
left_child=2 3 -1 6 9 -3 7 8 -2 10 -4 -8 -12 -9
right_child=1 5 4 -5 -6 -7 11 13 -10 -11 12 -13 -14 -15
leaf_value=0.0039533850325123229 0.00077889348308692323 0.0045854847013136338 0.0018734358335791149 -0.0025751095752594251 -0.0045517563244371105 -0.0029676998879525252 -0.0051508114208775871 -0.0011249645819609783 0.0073137682458166708 0.0020225467989316796 -0.003911783559015192 0.0015710206221987322 0.00020343332361736757 -7.4245298118438374e-05
leaf_weight=1894.3720008432865 729.1988964676857 120.24022263288498 2265.3708602488041 1413.3970829695463 231.23839347064495 3346.5168032944202 126.23889055848122 7756.4666535258293 180.73311087489128 4494.4748163670301 337.4882011115551 2490.5399739593267 4066.7327711135149 12611.530370607972
leaf_count=7581 2917 481 9062 5655 925 13396 505 31029 723 17979 1350 9963 16268 50450
internal_value=4.17934e-05 -0.000608683 0.00144991 -0.000321801 0.00103217 -0.0026995 -0.000188005 -0.000363569 0.00210974 0.00114982 0.000560631 0.00123754 -0.000115987 -0.000474554
internal_weight=42064.5 28774.9 13289.7 25308.1 11395.3 3466.76 23894.7 21277.9 909.932 11164.1 6669.59 2616.78 4404.22 20368
internal_count=168284 115119 53165 101242 45584 13877 95587 85119 3640 44659 26680 10468 17618 81479
is_linear=0
shrinkage=0.02


Tree=16
num_leaves=15
num_cat=0
split_feature=9 34 26 42 2 9 3 18 43 45 21 12 0 12
split_gain=98.0674 52.9082 30.0911 19.0019 17.8755 16.0878 14.5228 14.2068 12.7924 11.0045 11.7334 10.577 11.6979 10.4208
threshold=-0.0018283641823578227 61.491347874605673 -1.0345812564718124 0.47803123630899341 -0.0020005738397753329 0.00026957617264584862 -0.00098974971077985408 0.00029287080755591914 0.65950216221228108 -1.949008412883297 0.15977467478465965 -0.0032823737747736752 0.0011407174477257318 -0.01705764099049234
decision_type=2 2 2 2 2 2 2 2 2 2 2 2 2 2
left_child=2 3 6 5 -3 7 13 -2 -4 10 -9 12 -6 -1
right_child=1 4 8 -5 11 -7 -8 9 -10 -11 -12 -13 -14 -15
leaf_value=-0.0021039944275074822 -0.0052328724604034727 0.0049694953225768264 0.0010903795824885559 -0.00058560813795557529 -0.0029731194315387372 0.001569758940201808 0.0041970446631021995 0.00077180095147351099 -0.0049950732306605489 -8.1149835127366477e-05 0.0078972430874386362 -0.0020418785528189686 -0.0093276074474064104 0.0024710745428464724
leaf_weight=257.40236440300941 199.69250154495239 133.71593433618546 6111.011946156621 14921.146036967635 389.52856495976448 3760.0252029299736 2294.5158603340387 261.71407108008862 136.49582633376122 6757.6960442960262 138.98422707617283 5735.9432432204485 165.11697447299957 828.91945819556713
leaf_count=1030 799 535 24445 59689 1559 15041 9182 1047 546 27032 556 22957 661 3317
internal_value=5.25783e-06 -0.000520516 0.00177734 -0.000119323 -0.00214529 0.00050644 0.00329601 -3.76191e-05 0.000953536 0.00011086 0.00331017 -0.00230035 -0.00493127 0.00138235
internal_weight=42091.9 32463.6 9628.35 26039.3 6424.3 11118.1 3380.84 7358.09 6247.51 7158.39 400.698 6290.59 554.646 1086.32
internal_count=168396 129876 38520 104164 25712 44475 13529 29434 24991 28635 1603 25177 2220 4347
is_linear=0
shrinkage=0.02


Tree=17
num_leaves=15
num_cat=0
split_feature=33 33 38 41 22 18 18 48 3 1 4 33 43 20
split_gain=84.2728 52.7346 30.611 17.2687 19.1309 16.1793 14.6236 14.4132 13.8547 13.4674 11.6749 11.6066 13.2656 11.455
threshold=64.172933207880092 29.844330977947056 7.1221553627996093 0.69281398802295946 0.28549776085677286 0.00054723628220421821 0.0002523311455306985 -0.8783796973249266 5.2178573366872516e-05 -0.0002290380033791017 -0.0017905423230627946 72.476402701935129 -0.64679794534892554 -0.1546839863522099
decision_type=2 2 2 2 2 2 2 2 2 2 2 2 2 2
left_child=1 -1 3 6 5 -5 -3 -8 -6 -4 -7 12 -2 -11
right_child=11 2 9 4 8 10 7 -9 -10 13 -12 -13 -14 -15
leaf_value=0.0024542984079309869 0.0062691332827012544 -0.0084315707828508963 0.00012209707875073317 -0.0065264956400380202 -0.0085766761580412451 0.0078474599779263885 0.0022355076393886877 0.00058152817458493526 -0.0011869793556963432 -0.0021839856960582933 8.4101113282022096e-05 -0.0026886672221977915 -0.0013218218284604694 -0.00042990761155250762
leaf_weight=4471.5545886605978 88.979253932833672 63.717071905732155 4025.0045963674784 136.23438611626625 211.23485319316387 78.494862034916878 2450.3699092119932 14929.286337912083 194.73597507178783 3219.2556685358286 1077.9389684349298 3470.2620575129986 4883.1461015194654 2773.039688244462
leaf_count=17893 356 255 16101 545 845 314 9802 59719 779 12879 4312 13893 19538 11093
internal_value=-1.535e-05 0.000433169 0.000122863 0.00059159 -0.00133075 -0.000135217 0.000779116 0.0008153 -0.00508956 -0.000772675 0.000642567 -0.00180126 -0.00117982 -0.00137329
internal_weight=42073.3 33630.9 29159.3 19142 1698.64 1292.67 17443.4 17379.7 405.971 10017.3 1156.43 8442.39 4972.13 5992.3
internal_count=168324 134537 116644 76571 6795 5171 69776 69521 1624 40073 4626 33787 19894 23972
is_linear=0
shrinkage=0.02


Tree=18
num_leaves=15
num_cat=0
split_feature=9 26 26 29 20 14 47 48 19 22 21 1 23 17
split_gain=104.114 44.1711 28.7409 27.555 22.2272 17.9321 18.1926 16.2194 13.4502 12.6303 12.4061 21.8218 16.6242 14.2412
threshold=-0.0015098525085881231 0.69391907059372226 -1.4204776789737825 2.9945007409219286 -0.98829867010855754 0.0022481619267770295 0.45201865172701733 -0.60785761079279388 -0.54687973974016668 0.11880520952490299 0.28005064667851337 -0.00018792016330090061 1.9330195758941657 1.6300082002478422
decision_type=2 2 2 2 2 2 2 2 2 2 2 2 2 2
left_child=2 3 -1 4 8 6 -5 9 -2 -4 -3 -12 13 -13
right_child=1 10 7 5 -6 -7 -8 -9 -10 -11 11 12 -14 -15
leaf_value=0.0040114047049074897 -0.0010648034226170468 -0.00232591307539136 0.0050869260757483003 -0.00061534577406678322 0.0005351090561942581 0.0033803586367541034 -0.0028401358173809881 0.00085736439126174696 -0.006412800465096468 0.0015814184679627964 0.0042747688247940716 -0.0012758772303549492 -0.0066288879866733229 0.0048033829467044051
leaf_weight=1803.4661493897438 609.09227329492569 5691.5487303286791 692.64694474637508 4181.3584960401058 15102.383447825909 325.43785472214222 2265.6954770535231 7601.0415640026331 268.87249174714088 1018.1229009926319 311.34121654927731 1853.3060060143471 209.83441540598869 163.17369252443314
leaf_count=7219 2437 22778 2771 16728 60412 1302 9064 30407 1076 4073 1246 7417 840 653
internal_value=4.33137e-05 -0.000552453 0.00170342 -9.81738e-05 0.000354945 -0.00116682 -0.0013988 0.00125451 -0.00272964 0.0030114 -0.00180766 -0.000643027 -0.0013388 -0.000773279
internal_weight=42097.3 30982 11115.3 22752.8 15980.3 6772.49 6447.05 9311.81 877.965 1710.77 8229.2 2537.66 2226.31 2016.48
internal_count=168423 123953 44470 91019 63925 27094 25792 37251 3513 6844 32934 10156 8910 8070
is_linear=0
shrinkage=0.02


Tree=19
num_leaves=15
num_cat=0
split_feature=34 33 1 41 20 14 4 42 2 46 44 26 11 36
split_gain=100.889 53.8525 22.3981 17.7864 14.0322 13.9577 13.8612 13.2986 11.5394 10.3388 10.2413 11.26 10.199 9.87193
threshold=61.491347874605673 29.510012577544995 -0.00010044481013736877 0.69281398802295946 0.99985108521470545 0.00031056810984654782 0.00041942291697449094 0.51500955371596524 0.0018002587378629744 -0.054511258297739562 0.62463379244129269 0.81717291055138375 0.00013070869950703598 0.0092850081648941044
decision_type=2 2 2 2 2 2 2 2 2 2 2 2 2 2
left_child=1 -1 3 5 -5 12 -2 9 -7 -4 -8 -12 -3 -9
right_child=6 2 7 4 -6 8 10 13 -10 -11 11 -13 -14 -15
leaf_value=0.0025524074351358349 -0.0014524519649598677 0.00028265631885271013 0.00070135668891009844 -0.0020628328044393638 0.0054119084116509217 0.00090694869920248007 -0.0042613838558589389 -0.0006854618046593995 0.0032567723556816601 -0.00049839273659174762 0.0022355605475014593 -0.0028218092597279919 -0.0085572358557929329 -0.0027622451362930467
leaf_weight=4302.1580966114998 3673.7037273347378 103.72847616672516 5544.8389377743006 1209.3789252787828 104.7425339370966 11572.18669000268 1744.8127132952213 4674.380753621459 897.20926164090633 5951.9912653267384 220.41890966892242 812.22096487879753 99.477931872010231 1135.3896464705467
leaf_count=17217 14705 415 22181 4838 419 46291 6984 18700 3589 23810 882 3252 398 4542
internal_value=3.8558e-05 0.000455704 0.000167091 0.000762147 -0.0014488 0.000991899 -0.0022617 -0.000313898 0.00107726 8.02912e-05 -0.00332754 -0.00173673 -0.00414641 -0.00109335
internal_weight=42046.6 35595.5 31293.3 13986.7 1314.12 12672.6 6451.16 17306.6 12469.4 11496.8 2777.45 1032.64 203.206 5809.77
internal_count=168223 142400 125183 55950 5257 50693 25823 69233 49880 45991 11118 4134 813 23242
is_linear=0
shrinkage=0.02


Tree=20
num_leaves=15
num_cat=0
split_feature=9 34 48 33 33 43 20 8 39 22 37 4 46 43
split_gain=92.8523 49.6581 26.6194 19.5074 19.367 18.3606 19.3589 28.1232 15.2933 13.2192 12.9746 12.8315 12.7405 11.9714
threshold=-0.0018283641823578227 61.491347874605673 -0.60785761079279388 44.117246064083346 37.080758004194969 0.39331298935552139 -0.98829867010855754 -0.00069528299900211267 -0.3505803512930647 0.00029864118933858164 1.2634163451670652 -0.00044117626586973442 -0.054511258297739562 -0.71517371292354681
decision_type=2 2 2 2 2 2 2 2 2 2 2 2 2 2
left_child=2 5 3 -1 -4 6 7 -2 12 11 -11 -7 -9 -8
right_child=1 -3 4 -5 -6 9 13 8 -10 10 -12 -13 -14 -15
leaf_value=0.0046738145356754329 0.0017670697762086707 -0.0020433053133200397 0.001996302419165165 -0.0022524699049225761 -9.018688235244368e-05 0.0054350630366705012 0.0025988003555432993 -0.0026653827607369934 6.0085991519458066e-11 0.0047676713744963205 -0.0036547968997560605 -0.0012426851721874721 -0.0085837608363279576 0.00011781848668880097
leaf_weight=1603.0451830774546 436.40846920013428 6391.7936940938234 5104.6412584036589 177.99246932566166 2729.6780859231949 149.47764253616333 801.45533043146133 257.37302760779858 223.15747816860676 73.730507865548134 1187.5506155490875 446.91241872310638 349.55895838141441 22041.684119269252
leaf_count=6415 1746 25587 20426 712 10919 598 3206 1030 893 295 4751 1788 1399 88172
internal_value=4.79298e-05 -0.000464873 0.00177304 0.00397725 0.00126972 -7.60275e-05 7.17634e-05 -0.00233014 -0.00448188 -0.00198916 -0.00314556 0.00046228 -0.00611632 0.000205414
internal_weight=41974.5 32359.1 9615.36 1781.04 7834.32 25967.3 24109.6 1266.5 830.089 1857.67 1261.28 596.39 606.932 22843.1
internal_count=167937 129465 38472 7127 31345 103878 96446 5068 3322 7432 5046 2386 2429 91378
is_linear=0
shrinkage=0.02


Tree=21
num_leaves=15
num_cat=0
split_feature=9 34 26 15 41 29 26 47 41 36 22 44 43 31
split_gain=91.6083 44.5639 26.2827 16.2196 15.9183 15.4399 20.308 17.3315 14.4239 13.2443 11.8079 11.7627 11.5915 11.5565
threshold=-0.0014775767512183891 61.491347874605673 -1.4204776789737825 0.0003811250521174473 0.16261268846317431 2.7251768418902143 0.69391907059372226 0.96863394805116498 0.41145552427214444 0.0017616855537740878 0.26431666308471152 -1.178880875387502 -0.59350386245279263 0.57033032786277649
decision_type=2 2 2 2 2 2 2 2 2 2 2 2 2 2
left_child=2 3 8 4 12 6 -5 11 -1 -3 -8 13 -2 -7
right_child=1 9 -4 5 -6 7 10 -9 -10 -11 -12 -13 -14 -15
leaf_value=0.0049015118089032967 -0.002692662760282123 0.0052751162529839704 0.0010862947032652273 0.00053232025420699614 -0.0017058410284424516 -0.0053633722523485066 -0.00056055351871346854 -0.0043626539972065883 0.0010472216716009182 -0.0021889787785198704 -0.0036096602336188918 -0.00034385071625658945 -0.015601356242759323 0.0019789698617053522
leaf_weight=1254.1858907490969 56.230175584554672 91.94017231464386 9461.66327868402 14098.900432765484 1087.2225169688463 356.70490674674511 1814.6858807951212 529.43054881691933 566.29770405590534 6322.9486420303583 701.86691945791245 5526.0908722281456 55.453425630927086 109.48431874811649
leaf_count=5022 225 368 37852 56398 4350 1427 7260 2118 2267 25313 2808 22107 222 438
internal_value=-3.0172e-05 -0.000595727 0.0015109 -0.000204665 -0.00246795 -8.688e-05 0.000236829 -0.000911148 0.00370871 -0.00207798 -0.00141642 -0.000602818 -0.009496 -0.00363632
internal_weight=42033.1 30751 11282.1 24336.1 1198.91 23137.2 16615.5 6521.71 1820.48 6414.89 2516.55 5992.28 111.684 466.189
internal_count=168175 123034 45141 97353 4797 92556 66466 26090 7289 25681 10068 23972 447 1865
is_linear=0
shrinkage=0.02


Tree=22
num_leaves=15
num_cat=0
split_feature=45 27 42 46 19 29 9 29 13 17 9 43 39 42
split_gain=78.5081 47.2529 22.3516 15.0133 14.3367 18.6096 14.3141 17.3575 13.6019 13.1536 11.978 11.935 12.0538 11.4185
threshold=-1.7211885182797164 1.3128161579672322 0.47803123630899341 0.75894212529897775 -0.28833333100996345 -1.0829299589721433 0.00026957617264584862 3.1536761889509766 0.00097108693397011459 0.26385722784618504 0.0043909710128021018 0.69798824594020614 1.1011006916042494 0.32037834692430106
decision_type=2 2 2 2 2 2 2 2 2 2 2 2 2 2
left_child=3 2 6 -1 5 -3 7 9 11 -2 -10 12 -4 -5
right_child=1 4 8 13 -6 -7 -8 -9 10 -11 -12 -13 -14 -15
leaf_value=0.0031211228987936776 -0.0072752549416524237 0.0098284234537135313 -0.0010429926453792303 0.007643962563552961 -0.0021380705572360916 -0.00035708489172987746 0.0016950281259101526 -0.0012551507850476257 0.00038597872381007512 0.00074030549299146928 -0.0021897717692315865 -0.0047664673741588488 0.0032851549216293685 -0.00017615000236651004
leaf_weight=3406.9322243481874 77.739866510033607 72.464631736278534 7727.695883885026 75.708012983202934 6226.7736574560404 969.28314830362797 3540.5187808871269 2432.7378692924976 6835.5495360046625 8318.3758524805307 802.4199653416872 327.91846773028374 261.4756027162075 998.50787690281868
leaf_count=13637 311 290 30914 303 24929 3879 14163 9732 27344 33276 3210 1312 1046 3996
internal_value=-2.88913e-05 -0.000327277 1.99667e-05 0.00247188 -0.001775 0.000394989 0.00059202 0.000230773 -0.000495257 0.000661803 0.000114123 -0.00105461 -0.000899372 0.000407853
internal_weight=42074.1 37593 30324.4 4481.15 7268.52 1041.75 14369.4 10828.9 15955.1 8396.12 7637.97 8317.09 7989.17 1074.22
internal_count=168342 150406 121308 17936 29098 4169 57482 43319 63826 33587 30554 33272 31960 4299
is_linear=0
shrinkage=0.02


Tree=23
num_leaves=15
num_cat=0
split_feature=27 45 24 27 22 11 18 1 18 21 42 7 39 26
split_gain=86.0099 42.0272 24.268 21.0197 23.1305 18.7008 17.9522 16.8518 18.4871 16.1427 14.4699 13.8243 13.4278 14.7975
threshold=0.70572801555757037 -1.8781432657374524 0.00015692429270248439 1.5380343648168031 0.16631493434094721 -0.0051756886824830747 0.003147896733031166 0.00037639126803573527 0.00043070942209604029 0.25426091860994876 0.50019597704081242 0.00061015420937733818 0.72343402767401888 0.83030502740189627
decision_type=2 2 2 2 2 2 2 2 2 2 2 2 2 2
left_child=1 -1 5 4 6 -3 -2 8 -4 -9 12 -8 13 -6
right_child=3 2 7 -5 10 -7 11 9 -10 -11 -12 -13 -14 -15
leaf_value=0.0026575401780547614 0.00083889654210740042 0.0028210719331397279 -0.0027321561809599132 -0.0022210233076205409 6.2259484899512593e-05 -0.002189412911469167 -0.00059194213535346187 -0.001141586900861848 0.0010261937096455679 0.00094249647825793632 -0.0027364686924323694 -0.010463979763819671 0.0055705593466052784 -0.0056044528383125515
leaf_weight=3646.4515236318111 3585.2299165725708 340.95821171998978 536.61980341374874 5629.6064846366644 1186.5581074208021 2166.2900468111038 130.97324328124523 3762.0373823046684 15924.890311196446 2451.1330469399691 2246.4224526882172 95.981880754232407 140.22379069030285 213.2038306593895
leaf_count=14597 14344 1364 2147 22541 4747 8667 524 15049 63704 9805 8988 384 561 853
internal_value=3.96381e-05 0.000652295 0.000361457 -0.00129527 -0.0006084 -0.00150378 0.000491113 0.000567991 0.000902885 -0.000319307 -0.00171459 -0.0049025 -0.000219905 -0.000817738
internal_weight=42056.6 28828.4 25181.9 13228.2 7598.59 2507.25 3812.19 22674.7 16461.5 6213.17 3786.41 226.955 1539.99 1399.76
internal_count=168275 115333 100736 52942 30401 10031 15252 90705 65851 24854 15149 908 6161 5600
is_linear=0
shrinkage=0.02


Tree=24
num_leaves=15
num_cat=0
split_feature=27 45 36 25 26 29 43 25 40 37 7 46 10 28
split_gain=82.4478 41.2873 15.4634 18.4398 14.3314 14.2288 12.8013 12.4864 12.3165 12.2402 12.1799 12.1598 11.6485 15.6252
threshold=1.0350266438463964 -1.8431500035607187 0.0048980217484983482 1.0000000180025095e-35 -1.4632737749207523 2.6717021199737312 0.47419833485247759 -2.4999999999999996 1.4097766516995902 16.245891193710797 -0.0011052260472857861 -0.86046863722869249 -0.0017634985800899278 1.2200457709153458
decision_type=2 2 2 2 2 2 2 2 2 2 2 2 2 2
left_child=1 7 3 5 -4 12 10 8 -1 -6 -2 -9 -3 -14
right_child=6 2 4 -5 9 -7 -8 11 -10 -11 -12 -13 13 -15
leaf_value=0.0051771466400860489 -0.0038909314319052141 -0.0026596166874571108 0.0078268249406280212 0.0004953695592094375 0.000464627228011374 -0.0025301147920226887 -0.0032129971668173841 0.0051156010117944031 0.0014978441089935942 0.0046762938712117544 -0.001077130009973026 0.00086919242724509214 0.00032192187709150264 -0.0045790351142220862
leaf_weight=955.84796521067619 668.08288361132145 807.15224888920784 103.65765000879765 5538.941572919488 15896.68915836513 1894.3739644438028 1729.0118951201439 307.77579012513161 594.52747377753258 275.98092411458492 7319.3126657605171 1986.4550185650587 3642.2963391393423 275.20098988711834
leaf_count=3827 2674 3229 415 22157 63591 7579 6924 1232 2381 1104 29297 7951 14571 1101
internal_value=-3.93233e-05 0.000446908 0.000183707 -0.000355855 0.00058673 -0.00106801 -0.00165403 0.00239075 0.00377558 0.000537921 -0.00131477 0.00144874 -0.000479723 -2.77644e-05
internal_weight=41995.3 32278.9 28434.3 12158 16276.3 6619.02 9716.41 3844.61 1550.38 16172.7 7987.4 2294.23 4724.65 3917.5
internal_count=168033 129138 113747 48637 65110 26480 38895 15391 6208 64695 31971 9183 18901 15672
is_linear=0
shrinkage=0.02


Tree=25
num_leaves=15
num_cat=0
split_feature=27 45 38 41 29 20 21 26 7 20 1 25 43 20
split_gain=57.4408 38.6857 16.3472 19.8548 14.6328 14.4878 13.8336 13.3276 12.6604 11.4021 18.5913 13.3092 10.5449 10.1156
threshold=1.3128161579672322 -1.5351335389201888 6.7315350905234519 0.68239947387093447 6.3686710291930835 0.99990741169371955 0.26257627344752593 -1.0345812564718124 0.0016807056237318305 -0.1447471899493242 -0.0010792256495518184 -2.4999999999999996 -1.0350189075166913 0.99866710963073912
decision_type=2 2 2 2 2 2 2 2 2 2 2 2 2 2
left_child=1 4 3 13 -1 9 -5 -6 12 10 -4 -12 -2 -3
right_child=8 2 5 6 7 -7 -8 -9 -10 -11 11 -13 -14 -15
leaf_value=0.0020800632623914229 0.0061120538959156543 0.00062137729750785277 0.0027124291622064784 -0.0025615825028156465 0.002832885484777236 0.005569122567315639 0.00097361557412288058 -0.0088106312961501749 0.00087022729728999178 7.3675950955988719e-06 0.00060554895817392315 -0.0022056904355866307 -0.0019264202697559802 0.004482001715127421
leaf_weight=5493.8755341917276 61.212680160999298 16294.317646160722 414.72480845451355 1359.5629167109728 63.463988751173019 148.74123510718346 652.1783682256937 90.737572059035301 764.30131407082081 5522.9285213202238 822.37916129827499 3672.7685142308474 6442.328300267458 271.24144360423088
leaf_count=21991 245 65181 1659 5439 254 595 2609 363 3060 22094 3290 14694 25795 1085
internal_value=5.64949e-05 0.000394215 0.000100636 0.000457992 0.00190842 -0.000526668 -0.00141595 -0.0040801 -0.00156006 -0.000616202 -0.00131693 -0.00169128 -0.00184612 0.000685924
internal_weight=42074.8 34806.9 29158.8 18577.3 5648.08 10581.5 2011.74 154.202 7267.84 10432.8 4909.87 4495.15 6503.54 16565.6
internal_count=168354 139254 116646 74314 22608 42332 8048 617 29100 41737 19643 17984 26040 66266
is_linear=0
shrinkage=0.02


Tree=26
num_leaves=15
num_cat=0
split_feature=33 45 24 43 38 38 44 1 43 26 31 33 12 22
split_gain=77.8109 48.1743 25.5193 17.4969 16.8325 15.9932 15.2482 14.5894 14.1399 12.9627 12.4325 12.4251 12.4037 11.8031
threshold=64.172933207880092 -1.5351335389201888 0.010604045622943052 0.56500740803124416 6.7781835629861504 12.609013726225177 -0.95532702770317468 0.00030779649995449088 -0.54808161362848773 1.3400187398739438 1.9695316044063473 76.035917968310699 -0.010595510327623256 0.10771029810479028
decision_type=2 2 2 2 2 2 2 2 2 2 2 2 2 2
left_child=1 5 6 4 -4 -1 12 -6 9 -2 11 -10 -3 -9
right_child=8 2 3 -5 7 -7 -8 13 10 -11 -12 -13 -14 -15
leaf_value=0.0023026982512312048 0.0060724265283668708 0.0038988258391397983 0.00080941715452502254 -0.0023854893412968165 0.00022950437516995638 -0.0030498974322646683 -0.00079003477645575408 0.00049002334382918184 -0.0015256896285527554 -0.0045667507603302064 0.0042001125020919485 -0.0033460287547499279 -0.0046237866083798157 -0.0024921883113032317
leaf_weight=5446.6575541347265 162.16727565228939 71.244394898414612 14878.130762144923 930.55668717622757 5996.1854291111231 228.64871257543564 2765.1347635537386 760.40580733120441 6079.5981317460537 58.939723178744316 127.92759504914284 1995.95954439044 759.9916287958622 1742.4942082166672
leaf_count=21803 649 285 59515 3723 23987 915 11063 3042 24334 236 512 7998 3041 6971
internal_value=-2.55266e-05 0.000405685 6.3914e-05 0.000296642 0.000403894 0.00208456 -0.00150731 -0.000306055 -0.00174351 0.00319811 -0.00187856 -0.0019774 -0.00387438 -0.00158699
internal_weight=42004 33579.4 27904.1 24307.8 23377.2 5675.31 3596.37 8499.09 8424.59 221.107 8203.49 8075.56 831.236 2502.9
internal_count=168074 134345 111627 97238 93515 22718 14389 34000 33729 885 32844 32332 3326 10013
is_linear=0
shrinkage=0.02


Tree=27
num_leaves=15
num_cat=0
split_feature=27 33 15 33 17 1 23 48 40 3 36 37 28 47
split_gain=68.1443 29.2918 16.0169 15.7623 14.7891 14.1154 13.7458 12.1874 14.1289 14.0609 18.711 14.9444 15.1968 12.1834
threshold=0.70572801555757037 32.813109371307931 0.0003811250521174473 72.476402701935129 0.3050911680248784 0.00010797758371424203 0.53355134232783519 -0.60785761079279388 0.30461701670532587 0.0010207938129674118 0.020600479781482866 12.828673198019173 -2.9468258831324636 0.72982064943493996
decision_type=2 2 2 2 2 2 2 2 2 2 2 2 2 2
left_child=1 -1 -3 -2 13 7 -5 8 -6 10 11 12 -9 -4
right_child=3 2 4 6 5 -7 -8 9 -10 -11 -12 -13 -14 -15
leaf_value=0.0017719244975856762 -0.00078314030913059318 -0.0026670284884937785 -0.00067299870876206007 -0.0067696058080970135 0.0076101190503541716 -0.00022493431241814695 -0.0019901579221642913 -0.0059375483326871356 0.0015396145173064589 0.0021376491988576302 0.0062584249045081544 0.0030986350936178654 -0.00018926492252789047 -0.0085169320914133418
leaf_weight=6077.0601352155209 9777.3661522716284 743.95972004532814 193.97781106829643 256.65622286498547 156.48032684624195 9170.7946751117706 3200.6481291204691 184.23892742395401 3235.6933327615261 1581.426027789712 185.23867073655128 537.97348277270794 6620.384043186903 129.98589168488979
leaf_count=24326 39124 2977 776 1028 626 36686 12823 737 12944 6326 741 2152 26483 520
internal_value=-6.54034e-06 0.000539062 0.000209275 -0.00119429 0.000307142 0.000370946 -0.00235423 0.000807986 0.00183043 0.000426444 6.57791e-05 -9.46012e-05 -0.000349148 -0.00390188
internal_weight=42051.9 28817.2 22740.2 13234.7 21996.2 21672.2 3457.3 12501.4 3392.17 9109.26 7527.84 7342.6 6804.62 323.964
internal_count=168269 115294 90968 52975 87991 86695 13851 50009 13570 36439 30113 29372 27220 1296
is_linear=0
shrinkage=0.02


Tree=28
num_leaves=15
num_cat=0
split_feature=34 33 41 20 36 29 0 47 44 28 40 43 14 2
split_gain=75.9616 44.7744 21.0141 17.6566 18.082 14.5899 16.6754 14.6967 14.7135 13.4997 12.9176 12.5845 12.4263 12.1887
threshold=61.491347874605673 34.575362724289889 0.69281398802295946 -0.98829867010855754 0.0036934097846678944 2.9386083909034917 -0.0014135265748161335 0.40274668985873718 -0.95532702770317468 0.28244736573029805 1.3429591957853209 -0.16979708299102603 0.0008309087006007881 -0.00027329842455855693
decision_type=2 2 2 2 2 2 2 2 2 2 2 2 2 2
left_child=1 11 3 4 -3 -5 -7 -8 9 -9 12 -1 -2 -13
right_child=10 2 -4 5 -6 6 7 8 -10 -11 -12 13 -14 -15
leaf_value=0.0025601125532421927 -0.0014606184739507069 -0.0045746029381091595 -0.0015472860726165839 0.00060435554780889557 0.00064914210722781063 0.0032681191554531763 7.749222974003012e-06 -0.0092744682958549648 -0.001016860547212755 -0.0027864331881979122 -0.00084996848001200496 0.0019246417958813911 -0.0037112526981938829 -0.00046618903213682021
leaf_weight=3802.3697858303785 1798.803736358881 605.20246438682079 3094.2966647297144 17752.303718224168 466.6593621224165 430.45554055273533 3631.0554605126381 172.98246286809444 1655.01441372931 487.17185389995575 2451.8270510435104 1970.5425175875425 2181.7557545155287 1498.1691195964813
leaf_count=15223 7204 2423 12380 71014 1867 1722 14526 692 6621 1949 9820 7886 8737 5995
internal_value=4.81892e-06 0.000366614 6.7902e-06 0.000197877 -0.00230787 0.000309643 -0.00051065 -0.000786716 -0.00203007 -0.00454345 -0.00199436 0.00176589 -0.00269731 0.000892835
internal_weight=41998.6 35566.2 28295.1 25200.8 1071.86 24129 6376.68 5946.22 2315.17 660.154 6432.39 7271.08 3980.56 3468.71
internal_count=168059 142298 113194 100814 4290 96524 25510 23788 9262 2641 25761 29104 15941 13881
is_linear=0
shrinkage=0.02


Tree=29
num_leaves=15
num_cat=0
split_feature=34 9 42 18 45 48 12 14 38 26 7 22 41 42
split_gain=71.4745 41.6517 15.4591 19.1987 17.8082 14.3596 13.7547 13.5205 12.7155 13.3102 11.5342 21.6147 14.6258 12.4992
threshold=61.491347874605673 -0.0017886879260649207 0.47803123630899341 0.0002523311455306985 0.13080363111886542 -0.60785761079279388 -0.0051804616812730709 0.00080295191986798635 1.7763460613613427 -1.1947060524930013 0.0016807056237318305 0.22236032519839119 0.49777270409179847 0.53134790297480516
decision_type=2 2 2 2 2 2 2 2 2 2 2 2 2 2
left_child=1 5 3 -3 8 -1 -2 -4 -5 -10 -8 12 -12 -14
right_child=6 2 7 4 -6 -7 10 -9 9 -11 11 -13 13 -15
leaf_value=0.003086422083290762 -0.0055370620349265596 -0.0064939973339655874 -0.0012248926310062561 0.0019151329351879342 0.0016576135634979606 0.0011162982475646762 -0.0019903872733022187 1.2088766986321045e-05 0.0043330720118919851 -0.00061041003945443866 0.0037207353255561864 0.0046113311561306056 0.0009793773875101195 -0.0081735404840915515
leaf_weight=1821.0765211582184 390.63767205178738 148.89144937694073 5781.5586603730917 1128.3646231740713 4101.3250274062157 7879.7218662202358 5370.4988823831081 9081.4398194104433 222.16308711469173 5335.7177886664867 102.92998021841049 310.94551022350788 89.40275864303112 168.7661252617836
leaf_count=7290 1565 596 23131 4514 16407 31534 21510 36330 889 21345 412 1245 358 676
internal_value=1.91357e-05 0.000370701 -4.94453e-05 0.000521152 0.000620939 0.00148754 -0.00191969 -0.000469335 -1.57175e-05 -0.000409089 -0.00168145 0.000783818 -0.00253005 -0.00504554
internal_weight=41933.4 35500.3 25799.5 10936.5 10787.6 9700.8 6433.18 14863 6686.25 5557.88 6042.54 672.044 361.099 258.169
internal_count=167802 142036 103212 43751 43155 38824 25766 59461 26748 22234 24201 2691 1446 1034
is_linear=0
shrinkage=0.02


Tree=30
num_leaves=15
num_cat=0
split_feature=9 34 26 20 16 20 1 41 43 1 38 41 38 12
split_gain=70.4383 32.537 21.0482 17.342 16.306 14.5707 13.7232 17.436 11.35 11.187 11.0155 14.6272 10.9876 10.9794
threshold=-0.0018283641823578227 59.699163754990415 -1.4204776789737825 -0.98829867010855754 0.00029358727381237809 0.99985108521470545 -0.00016307780356511942 0.65354412971111053 -0.64679794534892554 -0.00013194644031241153 6.2475994752483128 0.70702583500112215 6.6787051178918455 0.0033577548185529664
decision_type=2 2 2 2 2 2 2 2 2 2 2 2 2 2
left_child=2 3 -1 4 -2 10 7 -4 -3 -6 11 -5 -8 -11
right_child=1 8 6 5 9 -7 12 -9 -10 13 -12 -13 -14 -15
leaf_value=0.0034064611414551826 -0.010978653660131562 0.0027925475060460859 0.0020622062520581214 0.00043885968121578587 0.00090189399076748039 0.0034124831706155408 0.00066075224200062702 -0.0028089930992616302 -0.0017556588062465326 -0.001891690614888909 -0.00067304244277951748 -0.0018416510860763608 -0.0019663637549823683 -0.0075017799730520175
leaf_weight=1725.1977783441544 79.129391476511955 221.36621730029583 4078.1993597149849 12480.798140928149 392.58785110712051 471.70671054720879 2661.0636720061302 312.44029526412487 7961.5546214133501 597.84910069406033 8798.4687813818455 1231.4788770973682 831.6357938349247 179.3586807101965
leaf_count=6913 317 886 16319 49926 1571 1887 10647 1250 31884 2393 35198 4927 3327 718
internal_value=-9.51713e-05 -0.000541001 0.00140833 -0.000172653 -0.00246304 -4.76783e-05 0.000969176 0.00171277 -0.00163099 -0.00184274 -0.000120927 0.000233454 3.33011e-05 -0.00322603
internal_weight=42022.8 32414.3 9608.54 24231.4 1248.93 22982.5 7883.34 4390.64 8182.92 1169.8 22510.7 13712.3 3492.7 777.208
internal_count=168163 129707 38456 96937 4999 91938 31543 17569 32770 4682 90051 54853 13974 3111
is_linear=0
shrinkage=0.02


Tree=31
num_leaves=15
num_cat=0
split_feature=33 33 29 47 11 48 31 24 23 43 22 1 21 16
split_gain=62.2924 36.0061 17.0165 21.043 13.2613 13.1457 11.7702 10.6997 16.0363 13.1946 15.2857 11.4506 12.4274 15.7234
threshold=35.518507169462907 64.61521861158981 2.9945007409219286 0.52803643325367278 0.0027781294845146873 0.87837969732492682 -1.367879516380121 0.015302104977842972 0.47103547861395273 0.7889485642691122 0.30491138102187093 2.8834789473697298e-05 0.41016891553466328 0.0017673855083198858
decision_type=2 2 2 2 2 2 2 2 2 2 2 2 2 2
left_child=4 2 6 5 -1 -4 -2 8 -8 11 -11 -9 -13 -14
right_child=1 -3 3 -5 -6 -7 7 9 -10 10 -12 12 13 -15
leaf_value=0.0014080702374871053 -0.0037646417357278064 -0.0015444398413866274 -0.00050971429643199612 -0.0023666433120962845 0.0053273357162343443 0.0024274509642887004 -0.004509995202459878 0.0011478881575063115 -0.00014143731502198669 -0.00054651836286979483 -0.009692927317670243 -0.00036378732802543447 0.00057746008776169962 0.0053483230389040886
leaf_weight=7544.8060301244259 275.46872363984585 8109.3352436721325 4208.0705018788576 2404.2020004093647 357.7879059612751 707.62012451887131 401.2675451785326 8232.977836728096 1948.5936037898064 244.19061733782291 99.710399597883224 5848.414912134409 1282.6873642206192 347.73323011398315
leaf_count=30202 1102 32476 16836 9619 1432 2831 1606 32934 7796 977 399 23395 5131 1391
internal_value=-1.06304e-05 -0.000381355 -1.83771e-05 -0.000835416 0.00158877 -8.48685e-05 0.000301906 0.000363774 -0.000895414 0.000548286 -0.00329932 0.000633525 6.6907e-05 0.00160822
internal_weight=42012.9 34110.3 26000.9 7319.89 7902.59 4915.69 18681 18405.6 2349.86 16055.7 343.901 15711.8 7478.84 1630.42
internal_count=168127 136493 104017 29286 31634 19667 74731 73629 9402 64227 1376 62851 29917 6522
is_linear=0
shrinkage=0.02


Tree=32
num_leaves=15
num_cat=0
split_feature=9 34 20 24 43 11 16 32 42 1 2 42 29 31
split_gain=58.5695 27.3179 19.3173 17.7453 14.41 16.7667 13.3638 14.4638 12.9872 11.7905 11.4438 11.0612 10.8892 10.7612
threshold=-0.0018283641823578227 57.870675172430161 -0.98829867010855754 0.77777777777775803 0.53824958503286024 0.00039490381724865015 0.0008393276813254988 -0.28345674292105566 0.47803123630899341 0.0011139122821441415 -0.0011327592756783923 0.46492133810404473 3.2663994576237836 0.72387331641398955
decision_type=2 2 2 2 2 2 2 2 2 2 2 2 2 2
left_child=3 2 -2 6 -3 -6 7 11 10 13 -4 -1 -12 -5
right_child=1 4 8 9 5 -7 -8 -9 -10 -11 12 -13 -14 -15
leaf_value=0.0069766721843181594 -0.0024944871344120905 -0.00094805452800683122 -0.0015218382522801813 0.0003942912732503566 -0.010723968947959165 -0.0024790122042774232 0.0014117414674276701 0.0013238115055869009 -0.00031482572741966137 -0.0056409815559832835 0.0012923747235137634 0.00087119904177959467 -0.0004144860805695212 -0.0081410474891061031
leaf_weight=529.94577631354332 1177.3647190928459 8780.0188943296671 849.44554309546947 1502.6373550444841 102.11716061830521 1366.2806838005781 6650.2462064921856 584.74394819140434 11588.93060310185 154.99044924974442 6604.006318539381 154.54150345921516 1929.5123496502638 56.495359271764755
leaf_count=2123 4713 35153 3398 6012 409 5475 26618 2341 46360 620 26418 619 7719 226
internal_value=4.79383e-06 -0.000402347 -7.23585e-06 0.0013735 -0.00125586 -0.00308684 0.00177265 0.00365071 0.00013296 -0.000470409 0.000685895 0.00561451 0.00090642 5.99768e-05
internal_weight=42031.3 32397.7 22149.3 9633.6 10248.4 1468.4 7919.48 1269.23 20971.9 1714.12 9382.96 684.487 8533.52 1559.13
internal_count=168204 129645 88608 38559 41037 5884 31701 5083 83895 6858 37535 2742 34137 6238
is_linear=0
shrinkage=0.02


Tree=33
num_leaves=15
num_cat=0
split_feature=27 43 26 22 38 27 17 46 40 36 17 10 10 21
split_gain=55.2172 21.0811 19.085 18.158 16.6368 18.6126 12.6999 12.5723 12.3008 12.1077 11.1153 10.7494 13.2384 10.173
threshold=-0.60560618696463131 0.53824958503286024 -1.4204776789737825 0.58117065582939331 6.3418710946749828 1.764795285321221 2.074357818199918 -0.87137607974597298 4.5628997491852985 0.0027509863946797507 2.3046351843575659 -0.0025432040441109248 -0.0021777431784462081 0.34004871206007675
decision_type=2 2 2 2 2 2 2 2 2 2 2 2 2 2
left_child=2 4 8 7 5 11 -6 -3 -1 -4 -11 -2 13 -13
right_child=1 3 9 -5 6 -7 -8 -9 -10 10 -12 12 -14 -15
leaf_value=0.0032261128424497828 -0.0014743913872911074 -0.0060462126200394881 -0.0011143772680589465 -0.0090907244475182478 -0.00083024690320661668 -0.0038548336143223445 0.0046883956653673529 -0.0012674742676736493 -0.0041558038619682247 0.0010669874282024415 -0.0045906982096070746 0.0076979929865606533 0.00048832301037164618 -0.00090729766540388157
leaf_weight=1911.1374796330929 1097.7028483003378 246.408901065588 1217.3786193281412 144.09368631243706 14228.40791285038 421.27572570741177 163.87575432658195 1819.7215603441 90.596705228090286 10240.157564938068 135.96643160283566 174.74287278950214 9986.4044182747602 77.747179910540581
leaf_count=7659 4391 987 4871 577 56946 1688 656 7289 363 40973 544 699 39951 311
internal_value=3.3636e-05 -0.00046871 0.00108134 -0.00234208 -0.000309954 0.000248118 -0.000765803 -0.00185061 0.00288249 0.000769248 0.000990675 0.000402218 0.00060403 0.00508207
internal_weight=41955.6 28360.4 13595.2 2210.22 26150.2 11757.9 14392.3 2066.13 2001.73 11593.5 10376.1 11336.6 10238.9 252.49
internal_count=167905 113495 54410 8853 104642 47040 57602 8276 8022 46388 41517 45352 40961 1010
is_linear=0
shrinkage=0.02


Tree=34
num_leaves=15
num_cat=0
split_feature=9 26 22 20 16 29 2 24 8 20 32 1 12 1
split_gain=55.8113 28.9508 21.5071 14.9675 20.2994 15.2758 13.0036 12.5665 12.1293 12.0909 12.1275 15.3325 15.2341 14.8277
threshold=-0.0010801933253353202 0.97966657098516774 0.14914567425340433 -0.98829867010855754 0.00029358727381237809 -9.1520979527755362 -0.00083321470311144351 0.97356428407193929 -0.00087752362366893112 0.40043458155617279 -0.30723552305257007 -0.00022066355847960348 -0.015678769723568225 -0.00027273349774521884
decision_type=2 2 2 2 2 2 2 2 2 2 2 2 2 2
left_child=2 3 -1 4 -2 -5 -3 -7 -6 10 12 13 -4 -12
right_child=1 6 9 5 8 7 -8 -9 -10 -11 11 -13 -14 -15
leaf_value=0.0019728032397468712 -0.011880684873238583 0.00199456641852208 -0.0032870740733332501 0.0048252636497517921 0.0023290684002262407 -0.0003476799281391816 -0.0021874625847300155 0.00097649611586378838 -0.0028743963794122551 -0.0015196100945426999 0.00093322626953017357 -0.0010461640106155517 0.0028359861369941981 0.0089025168201985645
leaf_weight=5929.2090174108744 80.075851872563362 314.82200121879578 178.27252584695816 244.72292324900627 228.18260377645493 19074.525075599551 4460.503949418664 3368.6745043694973 778.75050790607929 1151.5579068511724 2444.3224424570799 2175.3241392374039 1481.6524041444063 92.22102002799511
leaf_count=23732 321 1261 714 979 913 76316 17871 13478 3118 4607 9782 8703 5933 369
internal_value=1.06793e-05 -0.000489749 0.00107252 -0.00020415 -0.00249125 -9.40473e-05 -0.00190996 -0.000148751 -0.00168955 0.000362162 0.000703175 0.00018451 0.00217049 0.00123991
internal_weight=42002.8 28550.3 13452.6 23774.9 1087.01 22687.9 4775.33 22443.2 1006.93 7523.35 6371.79 4711.87 1659.92 2536.54
internal_count=168097 114257 53840 95125 4352 90773 19132 89794 4031 30108 25501 18854 6647 10151
is_linear=0
shrinkage=0.02


Tree=35
num_leaves=15
num_cat=0
split_feature=34 45 24 29 39 33 41 36 48 24 43 35 43 25
split_gain=50.0094 28.2034 15.1472 15.3343 12.6306 12.5677 17.0904 11.9816 12.8548 15.0709 13.6756 12.7644 11.7093 11.5892
threshold=58.283839283103539 -1.7211885182797164 0.00082338536455784153 -1.0829299589721433 -0.53013995061894026 64.172933207880092 0.36254886183007934 0.0022372883866507028 -0.8783796973249266 0.091938707721059179 -0.14869672616357979 -1.0641159544815979 -1.250807420847482 -3.4999999999999996
decision_type=2 2 2 2 2 2 2 2 2 2 2 2 2 2
left_child=1 7 3 -3 -5 -4 -7 11 -9 10 -10 -1 -2 -12
right_child=12 2 5 4 -6 6 -8 8 9 -11 13 -13 -14 -15
leaf_value=0.0042074591895863633 0.0071333833698329473 0.00042987831034697714 0.00040326804833743169 -0.0040311447132914263 -0.00071303849608041507 0.0068927787469017059 -0.0023267948104337285 0.0049981215294367031 0.0049542428158560713 0.00078738504153569636 0.0061316928101044213 -0.0058649439693267977 -0.0013119451227798097 -0.001663757959255305
leaf_weight=69.938702702522278 61.221672341227531 1384.5755488276482 23217.411853045225 904.80639506876469 931.15330609679222 81.737235948443413 1132.1600390821695 522.16723933815956 818.18231302499771 2563.7231292873621 98.348122015595436 151.43641869723797 9844.1120547056198 286.46562705934048
leaf_count=280 245 5540 92880 3621 3726 327 4530 2092 3279 10268 394 606 39424 1147
internal_value=-1.39714e-05 0.00036874 0.000129409 -0.00115879 -0.00235479 0.000299422 -0.00168027 0.00183428 0.00206909 0.00165696 0.0034992 -0.00266014 -0.00125617 0.000381646
internal_weight=42067.4 32162.1 27651.8 3220.54 1835.96 24431.3 1213.9 4510.26 4288.89 3766.72 1203 221.375 9905.33 384.814
internal_count=168359 128690 110624 12887 7347 97737 4857 18066 17180 15088 4820 886 39669 1541
is_linear=0
shrinkage=0.02


Tree=36
num_leaves=15
num_cat=0
split_feature=34 27 46 32 8 40 35 1 21 0 26 45 41 12
split_gain=46.7251 32.3429 19.6719 19.6638 11.3552 12.9971 11.2065 10.9894 12.0366 17.8823 14.2316 21.904 14.0109 13.0412
threshold=61.491347874605673 -1.7682366076173623 -0.43245347597985068 -0.27462191253898599 -0.00081466648730913447 1.2000398784720163 -0.63956550970016879 -0.00096739370631402667 0.26838039029311106 0.00043122046556217075 0.1522109213773665 -0.4621817152742973 0.31859175476899698 -0.033084875892252265
decision_type=2 2 2 2 2 2 2 2 2 2 2 2 2 2
left_child=1 4 3 -3 5 6 -1 -4 13 10 11 -10 -12 -9
right_child=-2 2 7 -5 -6 -7 -8 8 9 -11 12 -13 -14 -15
leaf_value=0.0034246508222128135 -0.0015844701994113448 0.0035480186176743977 0.00090009828544031754 0.00046875766687212321 -0.00053780746210540761 0.0013462103807369693 0.011990922925647438 0.0064870730350821641 0.00037193403498555713 0.0025461438108149814 0.0062398492122656317 -0.0028633388680722521 0.00053038154662180296 -0.00095766219886263195
leaf_weight=1387.5011202096939 6437.2687891721725 896.38158123195171 2543.5210141092539 10444.642121046782 632.89092110097408 2069.7417408674955 59.973796963691711 89.989196822047234 1894.374466329813 1068.8206292390823 186.97800187766552 1493.3577021807432 1658.6838752031326 11211.47815361619
leaf_count=5559 25792 3587 10176 41786 2533 8292 240 360 7579 4276 748 5974 6636 44857
internal_value=-1.6971e-05 0.000266345 4.74874e-05 0.000713595 0.00192484 0.0023681 0.00381964 -0.000327554 -0.00050514 0.0001951 -0.000287027 -0.00105634 0.00112408 -0.00089554
internal_weight=42075.6 35638.3 31488.2 11341 4150.11 3517.22 1447.47 20147.2 17603.7 6302.21 5233.39 3387.73 1845.66 11301.5
internal_count=168395 142603 125979 45373 16624 14091 5799 80606 70430 25213 20937 13553 7384 45217
is_linear=0
shrinkage=0.02


Tree=37
num_leaves=15
num_cat=0
split_feature=33 33 43 29 47 11 42 22 29 24 8 22 21 31
split_gain=47.3438 28.6638 18.1571 15.716 20.6136 14.8993 14.8761 14.0974 14.9461 11.2739 16.8779 13.2015 12.168 11.1313
threshold=29.510012577544995 72.476402701935129 0.85127575721047022 2.9386083909034917 0.40274668985873718 -0.014847411531758637 0.49872425849073415 0.27010924766137628 4.8739601017618517 0.091938707721059179 -0.00058364946267475809 0.11213926084371199 0.25129325859056034 1.9695316044063473
decision_type=2 2 2 2 2 2 2 2 2 2 2 2 2 2
left_child=9 2 3 5 -5 -2 -7 8 -4 10 -1 -11 -13 -3
right_child=1 13 7 4 -6 6 -8 -9 -10 11 -12 12 -14 -15
leaf_value=0.0041702305489095069 -0.0023220911599719915 -0.0020834750437197414 0.00015767356935546213 0.00013731862708309667 -0.0017529050749043814 0.00090028716030380717 -0.00012990888306491105 -0.0079840323940879761 -0.0087119937618978793 -0.0025228985408861943 -0.0045911418329149392 0.00087010484528246752 0.0037625117413177833 0.0042259229825580367
leaf_weight=1267.9721312820911 788.38857275247574 3364.1304604411125 416.50973108410835 6089.9760225713253 3710.1777612864971 13285.785735920072 9695.7507434785366 176.10933816432953 87.905876621603966 307.8421835899353 90.43352684378624 1767.4487426280975 865.46509692072868 111.16165366768837
leaf_count=5082 3154 13488 1667 24370 14847 53153 38792 705 352 1233 362 7080 3466 445
internal_value=8.0147e-05 -0.000146563 2.91535e-05 9.49391e-05 -0.000578818 0.000372787 0.000465721 -0.00319305 -0.00145841 0.00206742 0.00357226 0.00136742 0.0018262 -0.00187588
internal_weight=42025.1 37725.9 34250.6 33570.1 9800.15 23769.9 22981.5 680.525 504.416 4299.16 1358.41 2940.76 2632.91 3475.29
internal_count=168196 150973 137040 134316 39217 95099 91945 2724 2019 17223 5444 11779 10546 13933
is_linear=0
shrinkage=0.02


Tree=38
num_leaves=15
num_cat=0
split_feature=33 9 20 18 43 48 42 25 20 46 39 21 41 45
split_gain=45.5996 25.1017 16.6782 15.7895 14.9889 14.2905 13.2602 16.6758 12.9436 12.7803 12.582 11.5269 12.2193 11.2493
threshold=64.172933207880092 -0.0018283641823578227 -0.98829867010855754 0.00039532941554483556 -0.71517371292354681 -0.60785761079279388 0.48733128956156141 5.5000000000000009 0.99985108521470545 0.74455857214455079 -0.24219249528588341 7.3059360842967519e-05 0.77193544690786309 -1.5351335389201888
decision_type=2 2 2 2 2 2 2 2 2 2 2 2 2 2
left_child=1 5 3 10 9 -1 7 -2 -6 -4 -3 -8 -13 -5
right_child=6 2 4 13 8 -7 11 -9 -10 -11 -12 12 -14 -15
leaf_value=0.0027992557209519137 -0.00022180651283846862 -0.0093698459945335336 0.0044411891210231948 0.0039749712025399855 -5.7965330699819632e-05 0.00082308889810934777 0.00039979874189993286 0.0093033510011431494 0.003456683351440643 -0.00092380988607666445 0.00038220038302912423 -0.0017945492355526042 -0.0052217235270922277 -0.0019660993176099594
leaf_weight=1799.4573695212603 1803.035696387291 182.83786776661873 560.63497023284435 144.42910109460354 21513.632415950298 7798.1499165892601 869.68062391877174 71.637080326676369 422.4599022269249 256.70898905396461 73.146025970578194 5207.6496183723211 449.39511089026928 871.11906060576439
leaf_count=7207 7220 733 2243 578 86066 31216 3484 287 1690 1027 293 20863 1801 3487
internal_value=1.19588e-06 0.000330553 -1.49032e-05 -0.00223943 0.000109875 0.00119487 -0.00131631 0.000165958 1.04944e-05 0.00276079 -0.00662932 -0.00174187 -0.00207117 -0.00110584
internal_weight=42024 33622.6 24025 1271.53 22753.4 9597.61 8401.4 1874.67 21936.1 817.344 255.984 6526.73 5657.04 1015.55
internal_count=168195 134540 96117 5091 91026 38423 33655 7507 87756 3270 1026 26148 22664 4065
is_linear=0
shrinkage=0.02


Tree=39
num_leaves=15
num_cat=0
split_feature=9 43 38 9 25 26 16 42 41 20 26 22 25 41
split_gain=47.3841 29.7925 17.5665 18.8577 17.3086 16.264 14.0058 12.4593 12.8662 12.4504 12.4168 11.9873 11.8817 15.4994
threshold=-0.0018283641823578227 0.56500740803124416 6.104217791595862 0.0049885076136730556 -2.4999999999999996 -1.0345812564718124 0.00097443386323614438 0.56529470058016551 0.13725395878623084 0.99866710963073912 -1.1210637112808211 0.58772292633397216 -4.4999999999999991 0.41513268303233075
decision_type=2 2 2 2 2 2 2 2 2 2 2 2 2 2
left_child=4 2 3 6 5 10 -2 8 -4 -9 12 -3 -1 -14
right_child=1 11 7 -5 -6 -7 -8 9 -10 -11 -12 -13 13 -15
leaf_value=0.00088241259016792956 -0.00024774583586387579 -0.0022643591407094567 -0.0055830599625135294 -0.0026319175388673263 0.00066282800229141908 0.00028632980055893473 0.001027079218011978 -0.0023109498101769061 -0.00041310662732530796 0.0036994077609569915 0.0091563302198630157 -0.0079545223351709365 0.0063170685156368287 0.00048817102931686363
leaf_weight=551.93144409358501 6852.4354358315468 2068.2948607355356 190.59126743674278 871.62414920330048 7174.8061987757683 792.17200109362602 6928.671548306942 2550.9580693095922 12555.92953504622 141.33267375826836 152.32467177510262 155.76808622479439 625.85720236599445 257.98377180099487
leaf_count=2213 27416 8287 763 3489 28717 3170 27718 10215 50253 566 610 624 2510 1034
internal_value=-8.29073e-05 -0.000448771 -0.000283455 0.000212538 0.00115404 0.00263021 0.000393333 -0.000754111 -0.000492569 -0.00198916 0.00379482 -0.00267983 0.0031962 0.00462799
internal_weight=41870.7 32315.6 30091.5 14652.7 9555.08 2380.27 13781.1 15438.8 12746.5 2692.29 1588.1 2224.06 1435.77 883.841
internal_count=167585 129331 120420 58623 38254 9537 55134 61797 51016 10781 6367 8911 5757 3544
is_linear=0
shrinkage=0.02


Tree=40
num_leaves=15
num_cat=0
split_feature=45 34 12 14 7 46 20 44 35 14 46 4 2 21
split_gain=51.6155 28.709 14.3973 14.041 13.5834 12.2809 14.9191 12.6766 12.5492 14.853 11.7085 14.9027 14.101 11.9507
threshold=-1.4876086660836472 61.491347874605673 -0.0051804616812730709 0.00077263005017033605 0.0016807056237318305 -0.6173424505963897 0.53971128159174631 -0.95532702770317468 -0.09498749142975664 0.00071454617631577604 0.88186879444286481 -0.00016265148773138041 -0.00090748051401795657 0.1101618122776253
decision_type=2 2 2 2 2 2 2 2 2 2 2 2 2 2
left_child=10 3 -3 5 -4 -2 7 -7 9 -9 -1 13 -13 -12
right_child=1 2 4 -5 -6 6 -8 8 -10 -11 11 12 -14 -15
leaf_value=0.0021013578689501374 0.00074398023877657619 -0.0051752096599914478 -0.0015998144314917609 0.00028472910695164145 0.0013951825488981997 -0.0034323853713757253 0.00043710860328741559 -0.0014002395246145263 -9.8138597531489269e-05 -0.0056662083614175815 -0.0056254686093057549 -0.0035586483847607239 0.0044477696924855731 0.00032488438185812195
leaf_weight=4984.6460380703211 2082.6604518443346 397.0422295331955 5373.0197855979204 19212.175073072314 678.73556414246559 1089.7682884037495 2204.2435798943043 1999.8097895383835 2620.9397140592337 386.69863902032375 254.20780169963837 114.58772148191929 334.402627363801 280.70102888345718
leaf_count=19968 8333 1592 21533 76861 2719 4361 8819 8001 10487 1547 1018 459 1339 1124
internal_value=-1.37638e-05 -0.000299085 -0.00150772 -3.55216e-05 -0.00126304 -0.000627885 -0.000972298 -0.00148176 -0.00105425 -0.00210188 0.00170815 -0.00028449 0.00238775 -0.00252884
internal_weight=42013.6 36045.1 6448.8 29596.3 6051.76 10384.1 8301.46 6097.22 5007.45 2386.51 5968.55 983.899 448.99 534.909
internal_count=168161 144253 25844 118409 24252 41548 33215 24396 20035 9548 23908 3940 1798 2142
is_linear=0
shrinkage=0.02


Tree=41
num_leaves=15
num_cat=0
split_feature=9 34 1 1 12 4 24 6 23 47 43 22 42 18
split_gain=47.1713 21.6965 17.9051 14.9037 13.4435 12.7564 12.1041 11.9914 12.453 11.7075 11.7033 11.5116 11.0966 19.5779
threshold=-0.0015098525085881231 61.491347874605673 -2.1524725620370155e-05 -0.00036811461840372271 -0.0037983631115288195 0.00035735155963732016 0.99992722773992992 -0.00070762308585882883 0.79238222918973256 0.50938662908026078 0.051347037067972785 0.42625892895781409 0.47803123630899341 0.0002523311455306985
decision_type=2 2 2 2 2 2 2 2 2 2 2 2 2 2
left_child=2 3 10 -2 9 -6 -7 -4 -9 -3 -1 -12 13 -5
right_child=1 4 7 12 5 6 -8 8 -10 -11 11 -13 -14 -15
leaf_value=0.0021387852486686181 0.0006297512226777133 -0.0073790841856780209 -0.0012626717939082236 -0.0072325742469359989 -0.0003404331879178446 -0.0026211154578430606 0.0022589870428768649 -0.0010782393624842734 0.0020343428071537151 -0.0012713083813274265 0.0010265209496977156 -0.0032081295867400776 -0.00088706831304817524 0.00027884191992538472
leaf_weight=5481.5365823209286 6946.4859232157469 270.54833129048347 1679.8065834641457 136.54725457727909 3196.0546914935112 2433.9233760237694 218.01259452104568 780.28080783784389 1488.1995513886213 235.14860527217388 1336.8020917922258 312.56770719587803 10284.793567508459 7144.9705011695623
leaf_count=21953 27789 1085 6722 547 12808 9755 874 3122 5957 943 5350 1251 41151 28585
internal_value=-2.24222e-05 -0.000424254 0.00109676 -0.000154177 -0.00146528 -0.00119232 -0.00221643 1.60882e-05 0.000963703 -0.00457923 0.00169468 0.000216753 -0.000464268 0.000133117
internal_weight=41945.7 30866.5 11079.2 24512.8 6353.69 5847.99 2651.94 3948.29 2268.48 505.697 7130.91 1649.37 17566.3 7281.52
internal_count=167892 123537 44355 98072 25465 23437 10629 15801 9079 2028 28554 6601 70283 29132
is_linear=0
shrinkage=0.02


Tree=42
num_leaves=15
num_cat=0
split_feature=9 12 33 48 20 16 9 41 21 33 35 46 2 21
split_gain=44.8676 17.1314 17.4263 13.6717 11.7433 19.1681 11.2293 11.2627 14.2258 11.3403 10.9687 10.7361 10.463 12.6066
threshold=-0.0015098525085881231 0.004459100508094462 75.549340992459165 -0.60785761079279388 -0.98829867010855754 0.00029358727381237809 0.0049885076136730556 0.75897214876941488 7.3059360842967519e-05 64.404541476589458 -0.46457600422556483 -0.99940512433088335 -0.0012469164526226477 0.18488630678677986
decision_type=2 2 2 2 2 2 2 2 2 2 2 2 2 2
left_child=3 2 4 -1 5 -2 7 -6 9 -9 -10 -5 13 -3
right_child=1 12 -4 11 6 -7 -8 8 10 -11 -12 -13 -14 -15
leaf_value=0.0024728168131402887 -0.010883310234402317 -0.0015313188733936511 -0.0027350088541056661 0.0072798734847950046 0.00040485878906385448 -0.0011808023205611183 -0.0021256950225856251 -0.00049173677180123468 0.005596634607734169 0.0078671741369579235 -0.0035490180983928218 0.00064472281604087715 -0.0012643438184942663 0.0032744781379105657
leaf_weight=2215.292877137661 84.482549801468849 406.78280240297318 935.8143711835146 93.692675232887268 16575.68183773756 929.85314498841763 812.21222347021103 208.68751978874207 51.732916608452797 88.890355855226517 794.88544026017189 8838.7524411678314 9531.0955320894718 460.79112814366817
leaf_count=8873 339 1628 3755 375 66318 3723 3251 835 207 356 3182 35383 38159 1844
internal_value=-1.93784e-05 -0.000412005 -7.62869e-05 0.00106795 5.16702e-05 -0.00203833 0.000166583 0.000272223 -0.00164264 0.00209392 -0.00296059 0.000718353 -0.00107291 0.0010253
internal_weight=42028.6 30880.9 20482.2 11147.7 19546.4 1014.34 18532.1 17719.9 1144.2 297.578 846.618 8932.45 10398.7 867.574
internal_count=168228 123597 81966 44631 78211 4062 74149 70898 4580 1191 3389 35758 41631 3472
is_linear=0
shrinkage=0.02


Tree=43
num_leaves=15
num_cat=0
split_feature=9 45 1 48 43 29 39 29 23 21 20 39 24 21
split_gain=49.0618 22.4346 18.3936 18.2542 13.0491 13.0366 12.2495 11.2853 11.1314 12.6691 12.4837 11.8606 10.7567 10.7498
threshold=-0.0015416945676904666 2.6014006816877866 -0.00035841997627724108 -0.60785761079279388 -0.89954592882506879 6.0740318646208964 -0.64799025835943869 0.57540908481778963 0.77053994215174859 0.27135521924271044 0.66612556898563724 2.4208699935334184 0.99999625007500059 0.47951543713273709
decision_type=2 2 2 2 2 2 2 2 2 2 2 2 2 2
left_child=3 2 7 -1 13 6 -3 -2 -6 12 11 -11 -10 -4
right_child=1 5 4 -5 8 -7 -8 -9 9 10 -12 -13 -14 -15
leaf_value=0.0028298324829243416 0.001304846512389973 0.0024510928383670062 0.0014604723999177241 0.00077290032495849965 -0.0011722583539227921 -0.00016343882442337835 -0.0051838293982939803 -0.00018327352813319944 -0.00095963137565199797 0.00069076099582695216 0.0058410592924018623 -0.00391316306045306 0.0015231019383650215 0.010063378614672007
leaf_weight=2146.9366311877966 3970.5905589163303 91.309614762663841 377.62884110212326 8751.3904527276754 9095.115283370018 448.00639578700066 771.48740272223949 4181.2767726480961 7105.4767120331526 3746.4920996725559 172.32665100693703 233.07315568625927 769.53383119404316 64.235188290476799
leaf_count=8600 15885 366 1511 35034 36399 1797 3095 16732 28441 14995 690 934 3080 257
internal_value=2.51433e-05 -0.000380361 -0.000267154 0.00117922 -0.000573063 -0.00293597 -0.00436636 0.000541912 -0.000644478 -0.000245032 0.000648451 0.000416549 -0.00071621 0.00280971
internal_weight=41924.9 31026.6 29715.7 10898.3 21563.9 1310.8 862.797 8151.87 21122 12026.9 4151.89 3979.57 7875.01 441.864
internal_count=167816 124182 118924 43634 86307 5258 3461 32617 84539 48140 16619 15929 31521 1768
is_linear=0
shrinkage=0.02


Tree=44
num_leaves=15
num_cat=0
split_feature=26 45 20 40 16 42 0 26 38 34 31 24 45 28
split_gain=41.8624 28.8817 17.4928 16.2954 14.1371 12.9582 13.6118 12.3416 11.2099 12.7967 13.6679 11.0581 11.407 10.4291
threshold=0.66002264831571356 -1.8431500035607187 0.99985108521470545 4.5628997491852985 0.00031854313791314105 0.43639307491726814 0.0018572772510530384 -1.4204776789737825 6.7781835629861504 46.907237263220054 0.38354511768548621 0.00015692429270248439 -1.3531905149795482 -1.4137667920820567
decision_type=2 2 2 2 2 2 2 2 2 2 2 2 2 2
left_child=1 3 4 -1 -3 6 -2 -6 9 10 -9 -11 -13 -14
right_child=5 2 -4 -5 7 -7 -8 8 -10 11 -12 12 13 -15
leaf_value=0.0021170441270974547 0.0024015338873890862 -0.0048566733363529123 0.0046546846589973923 -0.0066473863134785885 0.0048441455129831744 -0.0015034942449027417 -0.0053175539567705847 -0.00020602924625185551 -0.00048223587954424426 -0.0014829966691612207 0.0091791453563719958 0.0088130365158836082 0.0056713400756022514 0.00095182519396444488
leaf_weight=3734.9370351880789 622.0040976703167 230.83893360197544 324.45594343543053 82.075736239552498 209.0856057703495 8001.9901220500469 102.15617579221725 9825.3120558857918 10853.434109821916 688.07195040583611 57.465058028697968 72.229012042284012 187.73438701033592 6967.6844583004713
leaf_count=14971 2490 925 1298 329 838 32060 409 39311 43430 2753 230 289 751 27874
internal_value=-3.91802e-05 0.000284561 7.20409e-05 0.00192014 2.01405e-05 -0.0012716 0.00128362 5.99812e-05 2.42299e-05 0.000333119 -0.000146844 0.000932067 0.00116285 0.00107952
internal_weight=41959.5 33233.3 29416.3 3817.01 29091.9 8726.15 724.16 28861 28651.9 17798.5 9882.78 7915.72 7227.65 7155.42
internal_count=167958 132999 117699 15300 116401 34959 2899 115476 114638 71208 39541 31667 28914 28625
is_linear=0
shrinkage=0.02


Tree=45
num_leaves=15
num_cat=0
split_feature=34 8 24 24 46 0 5 2 1 31 17 34 12 7
split_gain=42.3491 18.1488 18.2669 16.0622 11.0933 11.9453 10.8543 9.92965 12.1055 9.63056 11.6836 9.45651 12.6209 10.4768
threshold=54.216406541846766 -0.0016793331503753713 0.13252077670291748 0.00015692429270248439 -0.36243803828370164 0.0018572772510530384 -0.0037405336986688774 -0.001490520570505034 0.00058298038781517535 -0.23007468186352462 1.1445281593475076 61.491347874605673 -0.0051804616812730709 0.0016807056237318305
decision_type=2 2 2 2 2 2 2 2 2 2 2 2 2 2
left_child=1 2 -1 -3 5 7 -2 -5 9 -9 -11 -8 -13 -14
right_child=6 3 -4 4 -6 -7 11 8 -10 10 -12 12 13 -15
leaf_value=0.0027830522660858802 0.0064707872196548 -0.0015066592652750168 0.00062085279951553263 0.0043877494193187592 -2.5489383296820996e-05 -0.002072895731198151 -0.00046386316973137291 0.0024961870234956186 -0.00060390079381679137 -9.6644126187890518e-05 0.0041037303127564083 -0.0049599346417318977 -0.0015379742394403986 0.0011074067028432751
leaf_weight=2334.6843191832304 75.698045939207077 2074.6061529219151 4719.9466935247183 376.18334366381168 11226.284800931811 458.43710991740227 8902.6118594706059 2176.1031060516834 1341.3313550651073 1672.4368761330843 309.68904960155487 385.05806069076061 5381.2697097063065 670.15091654658318
leaf_count=9354 303 8304 18898 1505 44916 1834 35623 8707 5366 6691 1239 1545 21572 2685
internal_value=-1.38376e-05 0.000468182 0.00133788 0.000155448 0.000352184 0.00102104 -0.000848304 0.00126399 0.00104653 0.001579 0.0005683 -0.000886521 -0.00147031 -0.00124435
internal_weight=42104.5 26689.7 7054.63 19635.1 17560.5 6334.18 15414.8 5875.74 5499.56 4158.23 1982.13 15339.1 6436.48 6051.42
internal_count=168542 106814 28252 78562 70258 25342 61728 23508 22003 16637 7930 61425 25802 24257
is_linear=0
shrinkage=0.02


Tree=46
num_leaves=15
num_cat=0
split_feature=33 42 17 26 12 34 9 26 4 6 29 39 47 15
split_gain=43.0664 21.52 17.2051 16.1181 13.0488 14.2 11.573 13.1124 12.0923 16.6262 12.9163 14.6779 16.4601 12.7677
threshold=34.575362724289889 0.49872425849073415 0.36594911567329841 0.69391907059372226 -0.0094564017878990218 44.855295869241068 0.0030289308027869029 0.23314110957816059 -0.0018535836361166437 -0.0016829056281681672 3.8399014945381587 -0.73718402774434788 -0.63435554093529911 0.00076251739835587432
decision_type=2 2 2 2 2 2 2 2 2 2 2 2 2 2
left_child=-1 6 -3 4 5 -4 7 8 9 -2 -10 12 -12 -14
right_child=1 2 3 -5 -6 -7 -8 -9 10 -11 11 -13 13 -15
leaf_value=0.0013584310739101918 -0.0040639883684709778 -0.0042505463372285932 -0.0010795421558870027 -0.0016013528470177161 -0.00058529037090680074 0.0026135525628297783 -0.0016957949670717352 0.0011187443957147651 9.9758177743663893e-05 0.0037258863273751525 0.0038598459799692318 -0.0007564619266897675 0.00033808072067349716 -0.0080889006368270611
leaf_weight=7279.0583432763815 128.72630344331264 568.4233080893755 648.68525269627571 5536.6614377349615 8972.1300691515207 1147.1041230857372 1255.3234701305628 5241.4921278804541 8307.1615205109119 616.63653244078159 73.226732775568962 1773.7040581852198 91.93723475933075 318.92305997014046
leaf_count=29159 515 2276 2595 22190 35901 4589 5027 20976 33235 2467 293 7097 368 1276
internal_value=-3.96127e-05 -0.000333203 -0.000844907 -0.00072491 -0.000273726 0.00128022 0.000151758 0.00029235 -9.09472e-05 0.00236244 -0.00026507 -0.00160465 -0.00467292 -0.00622182
internal_weight=41959.2 34680.1 16873 16304.6 10767.9 1795.79 17807.1 16551.8 11310.3 745.363 10565 2257.79 484.087 410.86
internal_count=167964 138805 67551 65275 43085 7184 71254 66227 45251 2982 42269 9034 1937 1644
is_linear=0
shrinkage=0.02


Tree=47
num_leaves=15
num_cat=0
split_feature=42 23 26 0 23 1 4 14 14 22 20 43 9 41
split_gain=41.1853 18.3914 16.0036 18.7744 15.1851 18.8691 14.0015 12.2417 14.3051 11.9217 19.5811 14.2134 13.7964 14.4501
threshold=0.47803123630899341 0.56015667706114336 1.1869966490458588 -0.00033854313964502348 0.77425902496548749 -0.00011689157628449063 -0.0019238892849544455 0.00078537807350639931 0.00060701526713964453 0.21691623042155103 -0.52194976273913196 -0.44468982774298121 0.0028977037012277657 0.16261268846317431
decision_type=2 2 2 2 2 2 2 2 2 2 2 2 2 2
left_child=1 6 4 -4 5 -2 -1 8 -6 11 -11 -3 13 -13
right_child=2 9 3 -5 7 -7 -8 -9 -10 10 -12 12 -14 -15
leaf_value=0.0058976083697398684 9.6897005807578069e-05 0.0031801075488651197 0.0048061810884682575 -0.0024619098074473438 0.00027920989092459857 -0.0017923267195770372 -0.00095828127295261023 0.00054125574712491763 -0.0022424953365207264 -0.0019493309541089834 0.00082777866587497337 -0.0061930267824093404 -0.0028044539348207422 0.0013708315773536888
leaf_weight=118.95886816084385 3599.9389441013336 1545.8017294257879 146.28362660109997 2466.8395983874798 1982.1802040934563 5118.8429927825928 3103.2951155602932 7805.1367411613464 1641.4590646028519 1230.3107894659042 5706.6220847219229 97.632248282432556 345.02652956545353 7087.951399281621
leaf_count=476 14405 6194 586 9897 7934 20488 12419 31239 6570 4926 22839 391 1382 28369
internal_value=1.75998e-07 0.000681376 -0.000575546 -0.00204664 -0.000384286 -0.00101267 -0.000696431 9.53268e-05 -0.000864604 0.000958754 0.000334191 0.00143565 0.00107569 0.00126382
internal_weight=41996.3 19235.6 22760.7 2613.12 20147.6 8718.78 3222.25 11428.8 3623.64 16013.3 6936.93 9076.41 7530.61 7185.58
internal_count=168115 76996 91119 10483 80636 34893 12895 45743 14504 64101 27765 36336 30142 28760
is_linear=0
shrinkage=0.02


Tree=48
num_leaves=15
num_cat=0
split_feature=45 1 43 29 21 44 47 11 47 44 19 1 6 21
split_gain=41.2259 20.12 19.3615 13.1868 12.3033 14.4242 13.8952 20.3249 13.6056 12.1602 22.4691 17.9655 14.6624 11.746
threshold=-1.5351335389201888 -9.3501342083713134e-05 0.45387287840608986 -9.5507376085422582 0.30417121232912542 1.0427567070824126 -0.81279832427823695 0.0094995916635563955 -0.38268343236508956 -0.78370262559391934 0.39337874835921749 0.0002193702367004745 -0.00075335156113222172 0.26838039029311106
decision_type=2 2 2 2 2 2 2 2 2 2 2 2 2 2
left_child=-1 2 -2 -3 5 6 7 -5 -7 10 11 12 -6 -4
right_child=1 3 13 4 9 8 -8 -9 -10 -11 -12 -13 -14 -15
leaf_value=0.0016199191788588939 0.00053004616376361655 0.005002469136311566 -0.0038026599397119015 -0.0022556020126317557 0.0028622834000791852 0.002085122350133993 -0.00091863858372506313 -0.011750661322630092 -0.0017133335008505319 0.00046329216880187701 0.0079174294721068624 -0.00067652510800743858 -0.0072257026657468115 0.00090619587746758681
leaf_weight=5630.4984797537327 14098.350559830666 160.93437051773071 684.6724060177803 2111.8176427036524 65.737592339515686 1075.4442772716284 10350.6097766608 89.618662476539612 574.9713369011879 5472.4999483674765 87.963000819087029 919.34645016491413 357.09189537167549 303.47975812852383
leaf_count=22564 56413 644 2742 8453 263 4308 41433 359 2304 21907 352 3679 1429 1215
internal_value=2.82358e-05 -0.000218483 0.000340084 -0.000614726 -0.000658734 -0.000995281 -0.00122637 -0.00266789 0.000760639 3.39436e-05 -0.00160487 -0.00225601 -0.00564219 -0.0023592
internal_weight=41983 36352.5 15086.5 21266 21105.1 14202.5 12552 2201.44 1650.42 6902.64 1430.14 1342.18 422.829 988.152
internal_count=168065 145501 60370 85131 84487 56857 50245 8812 6612 27630 5723 5371 1692 3957
is_linear=0
shrinkage=0.02


Tree=49
num_leaves=15
num_cat=0
split_feature=9 33 40 48 20 8 33 38 13 9 11 20 15 33
split_gain=40.8726 19.5499 13.0787 12.4415 11.2411 15.9194 11.1129 10.9718 16.96 16.8756 13.5507 16.8616 14.7759 14.3508
threshold=-0.0011094993537757016 78.527313810315846 0.22573842203685743 -0.60785761079279388 0.99985108521470545 0.0010694235549623752 44.117246064083346 8.5081135060763184 0.0002333383054158052 0.0043909710128021018 -0.014847411531758637 0.3690231970609798 0.0016049852690455961 70.075833335624111
decision_type=2 2 2 2 2 2 2 2 2 2 2 2 2 2
left_child=3 2 -2 6 7 -6 -1 8 -4 10 11 -10 -12 -14
right_child=1 -3 4 -5 5 -7 -8 -9 9 -11 12 -13 13 -15
leaf_value=0.002582174175190331 0.0033207254281588917 -0.0026629044600767417 -0.0044883793726762239 0.00058843962243677623 0.0050176906044546244 -0.0015890007027677434 -0.0008464982664754951 -0.0010309041149825229 -0.00039068406035339099 -0.0019544393871074052 -3.080053917021467e-05 -0.010971056016120811 0.0020437553388641489 -0.0068218629201961213
leaf_weight=2490.6525985002518 387.3503911793232 1477.7209535241127 347.89087562263012 10337.765241757035 354.61366321146488 242.24408674240112 443.1625059992075 8108.7887056320906 158.73697330057621 1697.8412899374962 13727.02040836215 92.491765290498734 2107.6618728339672 70.853958889842033
leaf_count=9978 1550 5933 1393 41386 1419 970 1773 32465 635 6799 54928 370 8432 284
internal_value=-2.75202e-06 -0.000426248 -0.000304695 0.000915216 -0.000357491 0.00234534 0.0020637 -0.000419237 -0.000146545 -6.07131e-05 0.000138833 -0.004424 0.000212271 0.00174045
internal_weight=42044.8 28773.2 27295.5 13271.6 26908.1 596.858 2933.82 26311.3 18202.5 17854.6 16156.8 251.229 15905.5 2178.52
internal_count=168315 115178 109245 53137 107695 2389 11751 105306 72841 71448 64649 1005 63644 8716
is_linear=0
shrinkage=0.02


Tree=50
num_leaves=15
num_cat=0
split_feature=28 9 43 22 48 39 12 15 36 39 30 39 46 42
split_gain=36.0278 20.2455 17.4578 16.9784 15.954 14.1388 13.2487 13.2268 13.0899 13.1328 12.5618 13.4767 11.4179 11.2971
threshold=-1.0754132054040157 0.0042638275057670779 0.56500740803124416 0.58772292633397216 -0.8783796973249266 0.3599128927247755 0.0022764262466499511 0.00047685383786108955 0.0026399810087190338 -0.75440754178788993 1.0097027300770536 0.81367476337886124 -0.99940512433088335 0.35653819796305469
decision_type=2 2 2 2 2 2 2 2 2 2 2 2 2 2
left_child=4 2 10 5 7 -4 -3 -1 9 -6 11 13 -10 -2
right_child=1 6 3 -5 8 -7 -8 -9 12 -11 -12 -13 -14 -15
leaf_value=-0.00025826102635828028 -0.0024246413374523937 -0.0035546504863311693 -0.0055211653512434612 -0.0092660014477559133 -0.0090555704157150602 -0.00049289073953442844 -0.00088437573556491525 0.0038063457684799364 0.0072017041500042145 -0.0009180999009624776 -0.0015052041785520573 0.0020997411487639586 0.00076962990199536379 8.7781503498600633e-05
leaf_weight=430.54942052066326 737.13192424178123 1133.5257403850555 282.32256932556629 122.49240425229073 87.196909099817276 1015.3133287727833 2154.7209854573011 1238.0838431715965 106.65873803198338 579.87628619372845 2071.5275652557611 1291.9500623643398 10446.215013459325 20234.660787060857
leaf_count=1724 2950 4542 1131 491 349 4069 8639 4958 427 2321 8300 5171 41822 80974
internal_value=5.82349e-05 -0.000332296 -0.000143464 -0.00229495 0.00093806 -0.00160387 -0.00180887 0.00275994 0.000666001 -0.00204125 -1.74638e-05 0.00012127 0.000838019 -1.08386e-06
internal_weight=41932.2 29043.6 25755.4 1420.13 12888.6 1297.64 3288.25 1668.63 11219.9 667.073 24335.3 22263.7 10552.9 20971.8
internal_count=167868 116267 103086 5691 51601 5200 13181 6682 44919 2670 97395 89095 42249 83924
is_linear=0
shrinkage=0.02


Tree=51
num_leaves=15
num_cat=0
split_feature=42 38 41 13 3 26 24 15 36 12 19 14 9 9
split_gain=36.7512 15.0978 19.3242 14.2758 12.4108 12.3063 13.1943 14.6796 13.1528 14.4034 11.8879 13.4964 11.12 11.0907
threshold=0.47803123630899341 6.972464016981891 0.69281398802295946 0.0015560149694326083 -0.0017883424994261964 -1.0761129315405167 0.98604173597527123 0.00029531530193903057 0.0022372883866507028 -0.00053939521719419798 0.56884685578744243 0.00041114016931143076 0.0043909710128021018 0.0020414914906717835
decision_type=2 2 2 2 2 2 2 2 2 2 2 2 2 2
left_child=5 2 12 10 -4 8 7 -7 -1 -10 -3 -12 -2 -6
right_child=1 3 4 -5 13 6 -8 -9 9 -11 11 -13 -14 -15
leaf_value=-0.0035751958736196503 0.00038561504747012566 -0.0019786257082598973 0.0057962392705778474 0.00047529659315395249 -0.0013516404659732425 -0.006851476780007101 0.0018458416460761639 0.00021154000676091181 0.001118821383179733 0.0041585183891510776 0.0043322414479691901 -0.00079208894723638724 -0.0016414057976715068 -0.0048262565000420964
leaf_weight=170.33582772314548 10008.167141094804 6059.7800750434399 72.96389551460743 1708.1701761186123 1261.3309325873852 113.71293172240257 2112.2438373714685 13885.639527752995 1994.9052655845881 905.93573744595051 227.08368572592735 1796.6296332776546 1208.8129407763481 517.29714106023312
leaf_count=682 40050 24265 292 6843 5048 456 8452 55565 8002 3633 910 7202 4842 2073
internal_value=-4.96311e-05 -0.000591241 -0.000146219 -0.00118482 -0.00203624 0.000595795 0.000374345 0.000151743 0.00175504 0.00207364 -0.0015357 -0.000207821 0.000166536 -0.0023729
internal_weight=42043 22860.2 13068.6 9791.66 1851.59 19182.8 16111.6 13999.4 3071.18 2900.84 8083.49 2023.71 11217 1778.63
internal_count=168315 91525 52305 39220 7413 76790 64473 56021 12317 11635 32377 8112 44892 7121
is_linear=0
shrinkage=0.02


Tree=52
num_leaves=15
num_cat=0
split_feature=42 45 18 43 34 32 2 42 48 7 38 22 6 39
split_gain=44.9244 21.7021 13.0076 12.6174 12.3455 14.7177 13.3422 11.4861 9.7255 12.2498 9.55822 9.75212 11.5025 9.89361
threshold=0.51729371100244803 -1.5351335389201888 0.00029287080755591914 0.56500740803124416 60.666708663761888 0.11161146216400251 -0.00090748051401795657 0.59920277602250072 -0.60785761079279388 0.00040851725211458632 12.609013726225177 0.091954022988539927 0.001319014105003081 -0.34527256192565686
decision_type=2 2 2 2 2 2 2 2 2 2 2 2 2 2
left_child=1 2 -1 -3 5 7 -6 -2 9 -8 11 12 13 -4
right_child=4 3 10 -5 6 -7 8 -9 -10 -11 -12 -13 -14 -15
leaf_value=-0.0055171164498266393 -0.00091981827104523962 0.00021403892109193647 0.0014364055902754114 -0.0022844960027828087 0.0017459621496619133 0.00031370786382070597 -0.0022819159480722711 -0.0036439790622021491 -0.0015695225962096963 -0.0065934279055600608 -0.0026683485865069303 0.0011605801214944445 -0.0038183965523526518 0.0045200810183351611
leaf_weight=97.133324831724167 4730.7073138654232 22175.561790660024 675.7041329741478 834.05570429563522 367.83254541456699 4053.1107540875673 802.83204381167889 708.67692998051643 2819.9390488862991 394.49587550759315 188.52299022674561 2989.4751053005457 90.012454569339752 1105.9837168604136
leaf_count=389 18930 88738 2707 3341 1474 16219 3220 2836 11311 1582 755 11982 361 4437
internal_value=-7.32892e-05 0.000385735 0.00155909 0.000122995 -0.00100441 -0.000598426 -0.00188158 -0.00127776 -0.00221548 -0.00372399 0.00170053 0.00187253 0.00300352 0.00335789
internal_weight=42034 28156.4 5146.83 23009.6 13877.6 9492.49 4385.1 5439.38 4017.27 1197.33 5049.7 4861.18 1871.7 1781.69
internal_count=168282 112710 20631 92079 55572 37985 17587 21766 16113 4802 20242 19487 7505 7144
is_linear=0
shrinkage=0.02


Tree=53
num_leaves=15
num_cat=0
split_feature=1 45 38 24 26 24 44 42 23 19 20 48 28 6
split_gain=30.3183 19.485 16.2719 15.7739 11.7755 15.1732 12.8034 11.2453 11.1948 15.8665 11.747 11.0202 10.9153 10.393
threshold=-0.0002290380033791017 -1.8781432657374524 6.2014106755105027 0.099848577876847047 0.56711188661691136 0.00026301946349387574 -0.95532702770317468 0.58428236241690878 1.9742803218116947 1.2812756021178808 0.99985108521470545 -0.60785761079279388 -2.1025078829859933 -0.00024642840607192151
decision_type=2 2 2 2 2 2 2 2 2 2 2 2 2 2
left_child=1 3 4 -1 5 6 13 -4 9 10 -3 -5 -6 -2
right_child=2 8 7 11 12 -7 -8 -9 -10 -11 -12 -13 -14 -15
leaf_value=0.0047365169233129908 0.0001824013849019426 0.00031888744232062025 -0.00071074027963667792 0.004015898232723779 -0.0098643757644377977 0.00069346460215286064 -0.00068276278885364609 -0.0024564980631493491 0.003483987689850785 -0.0039685228287190157 0.0053761825083139562 0.00024096975399846707 -0.00086699557683805439 -0.0087219715537707795
leaf_weight=750.14376276731491 77.95715394616127 12843.420211240649 10854.901889100671 413.46547670662403 49.984093889594078 8757.3533495217562 1167.1179668456316 1705.0291949808598 445.92319954931736 337.68328027427197 181.41289952397346 1188.9333964139223 3011.2524064034224 153.87426343560219
leaf_count=3012 312 51397 43468 1659 200 35043 4672 6836 1786 1352 726 4767 12057 616
internal_value=-7.5281e-06 0.000671498 -0.000433286 0.00235201 5.65759e-05 0.000384354 -0.00154624 -0.000948613 0.000384441 0.000279741 0.000391363 0.00122447 -0.00102975 -0.00578709
internal_weight=41938.5 16161 25777.5 2352.54 13217.5 10156.3 1398.95 12559.9 13808.4 13362.5 13024.8 1602.4 3061.24 231.831
internal_count=167903 64699 103204 9438 52900 40643 5600 50304 55261 53475 52123 6426 12257 928
is_linear=0
shrinkage=0.02


Tree=54
num_leaves=15
num_cat=0
split_feature=34 48 34 1 33 24 16 0 21 33 41 0 44 24
split_gain=34.9587 20.0798 16.8165 12.0403 11.7205 11.6059 14.5432 13.5864 11.7937 11.6315 14.0258 11.6747 14.4107 11.452
threshold=42.077067983035839 -0.8783796973249266 60.489113982653954 -0.00036811461840372271 30.182874813321671 0.98604173597527123 0.00035387906379673778 0.001796389744061607 0.27135521924271044 51.205651899353633 0.31352122474404331 0.00023757873545067197 -0.5861927817593916 0.23000133724228922
decision_type=2 2 2 2 2 2 2 2 2 2 2 2 2 2
left_child=1 -1 3 4 -2 6 -5 -7 13 -10 -11 12 -12 -8
right_child=2 -3 -4 5 -6 7 8 -9 9 10 11 -13 -14 -15
leaf_value=0.0035246674309525523 0.0077335196142437499 0.00076191166760082617 -0.0011001085120137693 -0.0049101831071745204 0.00056201004408312728 0.0013837699312207225 0.0001003936812013287 -0.0046699538778771877 -0.00082081057150709463 0.0051882142028848929 -0.0022502168361468724 0.0021083279702858609 0.0011305053738933245 -0.0014355818371822515
leaf_weight=1196.4086393415928 87.320769682526588 8525.0456051230431 7411.4443078041077 290.18293617665768 7485.997128739953 2237.3724358081818 2974.0026671290398 153.9450473934412 2408.8053030520678 285.4511544406414 883.50439637899399 1265.9400369822979 1161.7215623557568 5585.2361739128828
leaf_count=4794 350 34144 29717 1163 29950 8952 11902 616 9637 1142 3535 5065 4648 22347
internal_value=5.26426e-05 0.00110356 -0.000264455 -1.47462e-05 0.000649746 -0.000306649 -0.000514858 0.000985121 -0.000425631 0.000253703 0.00097349 0.00060287 -0.000331838 -0.000902143
internal_weight=41952.4 9721.45 32230.9 24819.5 7573.32 17246.2 14854.8 2391.32 14564.7 6005.42 3596.62 3311.17 2045.23 8559.24
internal_count=167962 38938 129024 99307 30300 69007 59439 9568 58276 24027 14390 13248 8183 34249
is_linear=0
shrinkage=0.02


Tree=55
num_leaves=15
num_cat=0
split_feature=8 42 24 3 18 9 5 39 11 3 37 40 23 23
split_gain=28.169 18.9828 23.1605 12.6153 12.0157 11.39 11.2445 10.6561 11.4435 12.1847 11.1885 11.8353 10.6461 13.0229
threshold=-0.001644450308141794 0.49872425849073415 6.0357317297841876e-05 -0.0010565744228281601 0.00046505184119962522 -0.00073778179091404039 -0.0033758367934885246 0.084026357149638173 -0.0098875316518649576 -0.00031865415613914683 8.9122045834274797 1.1534501987240222 0.70004488950465371 1.4571711413801145
decision_type=2 2 2 2 2 2 2 2 2 2 2 2 2 2
left_child=3 2 4 5 -2 -1 -3 10 9 -9 -5 -12 -4 -14
right_child=1 6 12 7 -6 -7 -8 8 -10 -11 11 -13 13 -15
leaf_value=0.0007373141419522106 -0.0065168143453806313 0.0046906365302021398 -0.0002441275889135044 0.00016153537555660652 -0.0014264077975696687 -0.0023584641005133552 -0.00073830182216063972 -0.0043271700633118375 0.0036060852965516662 0.0023568689122949573 0.0040707593593118131 -0.0046898267407404388 0.0011277866905079993 -0.00068140892889493947
leaf_weight=2488.7956814318895 220.72795169055462 149.17192150652409 5730.9317923039198 1941.7632097005844 1068.7630848884583 582.36620493233204 15827.69410045445 159.879105463624 1677.3083342760801 317.44149515032768 590.01252682507038 64.631398424506187 9232.0802583247423 1919.2084197551012
leaf_count=9969 885 597 22933 7774 4278 2330 63383 641 6724 1273 2363 259 36946 7684
internal_value=6.46498e-05 -0.000183372 0.000258756 0.00114684 -0.00231956 0.000147401 -0.000686162 0.00179206 0.0028306 9.63932e-05 0.000926447 0.00317686 0.00045632 0.000816247
internal_weight=41970.8 34148.6 18171.7 7822.2 1289.49 3071.16 15976.9 4751.04 2154.63 477.321 2596.41 654.644 16882.2 11151.3
internal_count=168039 136706 72726 31333 5163 12299 63980 19034 8638 1914 10396 2622 67563 44630
is_linear=0
shrinkage=0.02


Tree=56
num_leaves=15
num_cat=0
split_feature=33 24 38 18 6 46 30 32 44 31 17 44 16 24
split_gain=26.7329 14.1028 12.219 13.4636 12.2441 11.3575 12.1766 13.5314 10.5026 10.2558 9.95023 9.94058 10.1829 9.90013
threshold=37.080758004194969 0.99975000000004011 8.8142103086370636 0.00043070942209604029 0.0044025285706343646 0.88186879444286481 -0.61413380075394886 -0.070653148654246808 -0.47592289302647867 -1.2855714430509082 0.26385722784618504 -0.62847917408532461 0.0015550684455979576 0.21670954857580146
decision_type=2 2 2 2 2 2 2 2 2 2 2 2 2 2
left_child=5 2 3 8 -4 13 7 -7 -2 -5 -11 12 -3 -1
right_child=1 11 4 9 -6 6 -8 -9 -10 10 -12 -13 -14 -15
leaf_value=0.002011019664927506 -0.0065742226098563028 0.0027355362194179333 -0.001157927039737567 -0.0038225197935613919 0.0068003704009912385 -0.00013676339761663979 -0.0028118128653592286 0.0070726126147598756 -0.00047811243008609097 -0.0072794448929187619 -2.6424365087188467e-05 -4.1593837708987193e-05 -0.0013350067094377751 0.00056212134474874307
leaf_weight=3535.6322637200356 226.57713858783245 1356.2089224308729 8502.1641317456961 288.21441546082497 73.133804336190224 768.51363690197468 615.90463504195213 115.42906972765923 222.50790773332119 70.950748488306999 19650.109687000513 2231.4958870857954 296.80385975539684 4049.1410933881998
leaf_count=14172 908 5428 34051 1153 293 3079 2466 462 891 284 78643 8935 1188 16217
internal_value=-3.61035e-05 -0.000301184 -0.000452625 -0.000186885 -0.00108613 0.000924053 -0.000664458 0.000839154 -0.00359231 -0.000109575 -5.43572e-05 0.000829848 0.00200284 0.0012384
internal_weight=42002.8 32918.2 29033.7 20458.4 8575.3 9084.62 1499.85 883.943 449.085 20009.3 19721.1 3884.51 1653.01 7584.77
internal_count=168170 131774 116223 81879 34344 36396 6007 3541 1799 80080 78927 15551 6616 30389
is_linear=0
shrinkage=0.02


Tree=57
num_leaves=15
num_cat=0
split_feature=34 35 46 18 43 2 43 1 22 38 37 12 19 46
split_gain=27.7206 14.745 14.1073 12.6099 12.5441 13.7345 12.5033 13.5298 17.2421 16.554 16.135 15.8104 14.3011 12.3952
threshold=59.699163754990415 -1.1414660448450966 0.75894212529897775 0.00043070942209604029 0.028365177049299955 -0.00013192715318102627 0.56500740803124416 0.00010797758371424203 0.14914567425340433 6.7781835629861504 1.9830552972709512 0.010906827393624221 0.67470785821175261 -0.99940512433088335
decision_type=2 2 2 2 2 2 2 2 2 2 2 2 2 2
left_child=1 2 -1 4 5 -3 7 10 13 11 -5 12 -10 -9
right_child=-2 3 -4 6 -6 -7 -8 8 9 -11 -12 -13 -14 -15
leaf_value=0.0036209114962310069 -0.0010141662537793384 0.00058558591185640626 -0.0018579987829801079 -0.0017034930541372419 0.00084878225353382465 -0.0052685397459924545 -0.0018167973522659352 0.0091723827590828397 -0.00012192681794194102 -0.0023960838226769537 0.00085908363550373488 0.0078619116805639551 -0.0052957267597642391 0.00054821974432101418
leaf_weight=913.75810389220715 8225.6003592610359 233.19969598948956 232.98442885279655 1039.586913973093 436.4104019254446 501.40840534865856 1094.9283648133278 62.47478723526001 4466.1195206940174 1937.5973615497351 16727.669711709023 90.231857761740685 219.45731888711452 5733.6337362974882
leaf_count=3670 32979 934 935 4159 1747 2009 4383 250 17869 7753 66950 361 878 22944
internal_value=2.63753e-05 0.000280546 0.00250452 0.000201805 -0.00183151 -0.00341877 0.000277982 0.000354025 -0.00014981 -0.000839445 0.000708707 -0.000206055 -0.000369638 0.000649003
internal_weight=41915.1 33689.5 1146.74 32542.7 1171.02 734.608 31371.7 30276.8 12509.5 6713.41 17767.3 4775.81 4685.58 5796.11
internal_count=167821 134842 4605 130237 4690 2943 125547 121164 50055 26861 71109 19108 18747 23194
is_linear=0
shrinkage=0.02


Tree=58
num_leaves=15
num_cat=0
split_feature=42 26 31 22 9 6 44 27 34 27 35 15 37 37
split_gain=31.3454 20.7143 12.5616 13.5098 12.3496 11.7079 10.4963 16.9464 10.499 14.2397 10.18 10.8075 10.0641 12.0179
threshold=0.45093233398072763 0.97966657098516774 1.1203279557548689 0.14914567425340433 0.0021243792378984809 -0.00027344739762820072 1.0125725294055388 1.0870050656128039 53.318279761072766 0.95235331046340865 0.85335736669011408 0.0015099651863438527 3.0508756196787048 2.3026499509442346
decision_type=2 2 2 2 2 2 2 2 2 2 2 2 2 2
left_child=-1 2 3 -2 -4 -6 8 -8 -3 -10 -5 -12 13 -9
right_child=1 6 4 10 5 -7 7 12 9 -11 11 -13 -14 -15
leaf_value=0.0008608725313111131 0.00055123978137529219 -0.0087975492587780771 -0.0035076616625142917 -0.00051525213937249294 -0.0055735343139944092 0.0016035020146618296 0.0096715576041196214 -0.00053450468718732125 0.0066211810673141467 -0.0022885471333784009 0.0054275592899602574 -0.0021552503021758382 -0.005163766909166344 0.0076399651640923849
leaf_weight=13223.962377697229 10514.514576524496 91.207657545804977 816.15457481145859 12215.521209463477 106.56894642114639 486.39642368257046 61.472406506538391 1134.4410959333181 68.968337073922157 2725.6706622540951 227.38528825342655 107.82709543406963 168.99982894957066 71.788014054298401
leaf_count=52948 42084 365 3269 48886 427 1949 246 4554 276 10935 911 432 678 288
internal_value=5.49803e-05 -0.000315182 -8.96253e-05 2.25502e-05 -0.00191936 0.000277812 -0.00159071 -0.000192815 -0.00228511 -0.00205723 -0.000420408 0.00299258 -0.000667189 -1.84762e-05
internal_weight=42020.9 28796.9 24474.4 23065.2 1409.12 592.965 4322.55 1436.7 2885.85 2794.64 12550.7 335.212 1375.23 1206.23
internal_count=168248 115300 97958 92313 5645 2376 17342 5766 11576 11211 50229 1343 5520 4842
is_linear=0
shrinkage=0.02


Tree=59
num_leaves=15
num_cat=0
split_feature=34 17 43 35 40 46 21 15 48 14 8 37 46 34
split_gain=27.1802 14.8411 13.0402 12.7182 12.242 11.2127 10.963 14.9242 13.5455 12.9967 12.3377 11.8303 13.5767 11.7588
threshold=61.491347874605673 0.36594911567329841 -0.11533255199551735 -1.0858644731563962 1.4097766516995902 0.79989897227935891 0.25426091860994876 0.0003440469924611542 -1.0000000180025095e-35 0.00077263005017033605 -0.00085567117865263111 3.9577716231127336 0.99702681066517462 49.335180298214659
decision_type=2 2 2 2 2 2 2 2 2 2 2 2 2 2
left_child=1 2 -1 4 -3 -6 7 13 11 10 -10 -8 -13 -5
right_child=-2 3 -4 6 5 -7 8 -9 9 -11 -12 12 -14 -15
leaf_value=0.0014772604648329319 -0.0012578337663142825 0.0037180198287648431 -0.0031219106162697881 -0.0059860201403943323 0.0012172698843089945 -0.0056260852503598807 1.9638973630715703e-06 -4.2272499959622081e-05 0.0013901549710579289 0.00051794832466455052 -0.0025499344518929473 0.0022740887733614184 -0.0057566480545012625 -0.00021284313147043428
leaf_weight=327.92141430079937 6432.5468369275331 797.76734541356564 959.46942813694477 301.77161706984043 557.86267207562923 110.40799629688263 1614.245402649045 19723.591187551618 429.14662151038647 5767.0381693392992 1192.4025532603264 3368.6338396668434 81.71249595284462 262.05251428484917
leaf_count=1313 25803 3203 3840 1209 2241 443 6459 78935 1718 23078 4771 13483 327 1050
internal_value=-6.21806e-05 0.000154653 -0.00194924 0.000234108 0.00205336 5.32632e-05 0.000152345 -0.000134393 0.000619336 7.30161e-05 -0.00150611 0.00141549 0.00207585 -0.00332824
internal_weight=41926.6 35494 1287.39 34206.6 1466.04 668.271 32740.6 20287.4 12453.2 7388.59 1621.55 5064.59 3450.35 563.824
internal_count=167873 142070 5153 136917 5887 2684 131030 81194 49836 29567 6489 20269 13810 2259
is_linear=0
shrinkage=0.02


Tree=60
num_leaves=15
num_cat=0
split_feature=42 45 5 5 18 29 33 42 15 43 4 42 17 45
split_gain=24.8756 14.1868 10.3544 11.8992 10.2726 10.0724 9.99299 9.15168 8.91791 10.1973 9.35851 10.5351 8.89278 10.7553
threshold=0.51729371100244803 -1.5351335389201888 0.0016343902371723843 0.0013888487551269675 0.00029287080755591914 6.3686710291930835 74.590948807241006 0.52375466583511987 0.00057960362264960336 -0.89954592882506879 0.00070986175462093703 0.44089544710171102 0.98656354858483042 0.5012618249731785
decision_type=2 2 2 2 2 2 2 2 2 2 2 2 2 2
left_child=1 4 3 -2 -1 -6 8 -4 10 -10 -3 -12 13 -5
right_child=2 6 7 12 5 -7 -8 -9 9 -11 11 -13 -14 -15
leaf_value=-0.0047876929592048116 -0.00070979731227615727 -0.0010313978547284177 -0.0037100771638699931 0.0046278900617163559 0.0016244605088917977 -0.003698519628785168 -0.0021033044886291132 0.0014909957629371093 0.0032338177142345443 0.00033955613647907926 0.010279229566043465 -0.00028743729147997523 -0.0074617914170247435 -0.0043175393118263542
leaf_weight=102.34386759996414 12010.689478904009 2790.9909046590328 146.11888888478279 73.232642367482185 4910.0012246221304 141.83631870150566 735.77259384095669 1305.317726418376 495.00987055897713 18768.214705854654 58.477524429559708 92.443712905049324 177.26003044843674 168.43041168153286
leaf_count=410 48104 11171 585 293 19691 568 2954 5229 1981 75100 234 370 710 675
internal_value=5.28558e-05 0.000395065 -0.000639665 -0.000826357 0.0013427 0.0014715 0.000181912 0.000956455 0.00025809 0.00041475 -0.000766663 0.00400517 -0.00412039 -0.00156789
internal_weight=41976.1 28095.1 13881 12429.6 5154.18 5051.84 22940.9 1451.44 22205.1 19263.2 2941.91 150.921 418.923 241.663
internal_count=168075 112479 55596 49782 20669 20259 91810 5814 88856 77081 11775 604 1678 968
is_linear=0
shrinkage=0.02


Tree=61
num_leaves=15
num_cat=0
split_feature=26 29 11 19 46 45 47 1 14 48 11 1 47 24
split_gain=28.7329 22.7447 17.7061 14.7792 13.8619 12.7813 12.309 11.1848 11.9522 11.1471 10.8059 13.9178 12.427 12.2163
threshold=-0.99653565170334679 2.7251768418902143 0.0063090066145965445 0.76249627410748599 0.77296446310593003 3.3868802825284101 0.45201865172701733 -0.0023993165457046758 0.0012011692695533065 0.87837969732492682 -0.014032249717586905 -0.0012150540428846992 0.69930991848440849 0.62414436639883475
decision_type=2 2 2 2 2 2 2 2 2 2 2 2 2 2
left_child=4 2 5 -4 -1 10 9 -8 -9 -3 11 -2 13 -13
right_child=1 6 3 -5 -6 -7 7 8 -10 -11 -12 12 -14 -15
leaf_value=0.0021007687811107345 0.0019577148620238309 -0.00068673155867614234 -0.00096469699601137247 -0.0061642899698763085 -0.0005250508788212947 -0.0077569048506714615 -0.0092709833839235908 -0.0022692030320400672 -5.4872763722267799e-05 0.0013591558958416883 0.00047746865472691964 -0.0022187579988911309 0.0019568803651542305 -0.0083382213637456914
leaf_weight=3616.8158413916826 300.36442656815052 6982.3364465981722 1528.3214668929577 250.76618254184723 1031.458353087306 72.425097525119781 71.45193113386631 2969.6138664931059 1450.8796920031309 1252.115272551775 21774.350079089403 359.8454904705286 148.21207942068577 204.68934163451195
leaf_count=14511 1202 27965 6120 1006 4135 291 286 11893 5811 5015 87141 1440 593 819
internal_value=3.61312e-05 -0.000148412 0.000206227 -0.00171281 0.00151816 0.00035592 -0.000834825 -0.0016764 -0.00154331 -0.000375002 0.000383401 -0.00163077 -0.00314613 -0.00449128
internal_weight=42013.6 37365.4 24639 1779.09 4648.27 22859.9 12726.4 4491.95 4420.49 8234.45 22787.5 1013.11 712.747 564.535
internal_count=168228 149582 98612 7126 18646 91486 50970 17990 17704 32980 91195 4054 2852 2259
is_linear=0
shrinkage=0.02


Tree=62
num_leaves=15
num_cat=0
split_feature=1 43 21 4 2 16 21 9 48 20 16 19 4 12
split_gain=27.0274 14.982 13.9968 13.8935 14.2019 12.7234 12.9201 11.5725 18.8052 12.4211 17.1837 15.9711 12.4536 11.1801
threshold=-3.0188898305685825e-05 0.49317268487400034 0.30417121232912542 0.00067977790210429882 -0.0037431335974476673 0.0015667586931676256 0.19255902304851516 -0.0010801933253353202 -0.8783796973249266 0.99985108521470545 0.00036823135908321158 0.3178945493001662 0.0001780539282073269 7.1360265276821093e-05
decision_type=2 2 2 2 2 2 2 2 2 2 2 2 2 2
left_child=1 7 -2 4 -4 6 -3 8 -1 10 11 -9 -11 -10
right_child=2 5 3 -5 -6 -7 -8 9 13 12 -12 -13 -14 -15
leaf_value=0.0041003107197392094 -0.00083106371407495362 -0.0029877504976761351 0.010070180695286779 -0.0013888801922255602 0.00062334792641765841 -0.0074365278908716335 0.0017556492970905442 -0.0073822336249333917 0.00028299667684960022 0.0080968429089423328 0.00027372654283638073 0.0029823204039855066 -0.0008449269917337926 0.0018807032322388174
leaf_weight=819.51271960139275 14633.894337326288 522.11773031949997 59.44863748550415 1586.2797558903694 5373.8940704017878 133.26667080819607 402.67165468633175 214.12270650267601 4445.6431126445532 152.4146281927824 10565.51519779861 78.456271529197693 101.67492747306824 2888.6194881945848
leaf_count=3286 58603 2092 238 6353 21514 534 1613 858 17814 610 42282 314 407 11568
internal_value=1.26253e-05 0.000536379 -0.000478981 0.000255079 0.000735873 -0.00177544 -0.000924046 0.000663768 0.00123576 0.000243689 0.000140357 -0.00459952 0.0045715 0.00091311
internal_weight=41977.5 20324 21653.5 7019.62 5433.34 1058.06 924.789 19266 8153.78 11112.2 10858.1 292.579 254.09 7334.26
internal_count=168086 81378 86708 28105 21752 4239 3705 77139 32668 44471 43454 1172 1017 29382
is_linear=0
shrinkage=0.02


Tree=63
num_leaves=15
num_cat=0
split_feature=42 26 43 32 16 36 26 48 36 44 11 0 11 23
split_gain=28.6239 14.8088 13.9077 12.8203 13.7655 13.6041 12.97 12.9812 13.8987 12.647 16.4367 12.2452 16.862 11.6451
threshold=0.47803123630899341 0.66002264831571356 0.43618777602717501 -0.27462191253898599 0.00029358727381237809 0.014196644861589669 0.25736945602209688 -0.60785761079279388 0.0038758724020351363 -0.18630816957230759 -0.0015264919430084643 0.0002283320856056717 -0.014847411531758637 1.4571711413801145
decision_type=2 2 2 2 2 2 2 2 2 2 2 2 2 2
left_child=3 2 11 4 -1 6 7 8 -5 10 -8 -2 -13 -14
right_child=1 -3 -4 5 -6 -7 9 -9 -10 -11 -12 12 13 -15
leaf_value=-0.0071431991191077916 -0.00037884088040671609 -0.0012817633166415871 -0.0024472454798893134 -0.00035337463660762121 0.0016979954982107176 0.002291801572060805 0.0052235415081255737 -0.00075732135574342857 0.0023692999847581111 -0.00037270617685330294 0.0011291998758681549 -0.0052253257347549221 0.0014243555167025726 -0.0029571335013454398
leaf_weight=66.870913624763489 10704.970065414906 6872.3569202870131 1001.4027647823095 1763.8354627937078 3968.0228268653154 1224.4757670164108 489.42623049020767 6998.4251188337803 1298.3060828000307 1488.4801466912031 1919.2449548393488 168.20125694572926 3825.3860952407122 254.43826502561569
leaf_count=268 42846 27558 4009 7061 15907 4902 1958 28009 5198 5959 7682 673 15306 1018
internal_value=-2.71928e-05 -0.000505954 -0.000171478 0.000541481 0.00154281 0.000274943 9.7252e-05 -0.000282248 0.000802983 0.00107604 0.00197024 -1.83026e-05 0.000889627 0.00114782
internal_weight=42043.8 22826.8 15954.4 19217.1 4034.89 15182.2 13957.7 10060.6 3062.14 3897.15 2408.67 14953 4248.03 4079.82
internal_count=168354 91410 63852 76944 16175 60769 55867 40268 12259 15599 9640 59843 16997 16324
is_linear=0
shrinkage=0.02


Tree=64
num_leaves=15
num_cat=0
split_feature=26 0 1 24 0 21 0 43 9 11 12 49 21 43
split_gain=24.1378 17.7282 15.3168 15.4441 14.6929 13.3381 12.7444 12.5117 11.4594 11.1971 11.1397 10.2345 13.0837 13.1069
threshold=1.1869966490458588 -0.00034852654967818187 0.00037639126803573527 1.0000000180025095e-35 -0.00010836355523624722 0.50863949075478143 0.00026411079237368757 0.0606059072430448 0.0023584599292247369 0.0077780505839388728 -0.0013488292416547348 0.81174490092936691 0.11219389077118581 -0.29344508440438172
decision_type=2 2 2 2 2 2 2 2 2 2 2 2 2 2
left_child=2 -2 3 4 -1 -4 -7 11 -3 -9 -10 12 -5 -14
right_child=1 8 5 7 -6 6 -8 9 10 -11 -12 -13 13 -15
leaf_value=-0.00060165036541820482 0.0048290119143956636 -3.0162672971319476e-05 -0.00069976538997113436 0.00043048530134241341 -0.0058313356054481352 0.00027301744719216803 0.0043094929628342219 0.00014708933495290313 -0.0058051895894775741 -0.0026672725464704223 -0.0020612629750704718 -0.00030066470209425949 0.0031153485660270859 0.0011925047471926038
leaf_weight=1507.9574162214994 156.95787762105465 861.43873803317547 9703.5345168709755 6800.282256603241 245.91584952175617 1412.2687687128782 397.20378689467907 7376.6223918497562 389.58431397378445 607.37971703708172 1705.4411209523678 2493.983105763793 1813.796226888895 6502.5305617749691
leaf_count=6040 629 3455 38842 27231 986 5653 1590 29526 1565 2433 6851 9985 7267 26028
internal_value=7.02666e-05 -0.00162273 0.000206094 0.000463692 -0.00134941 -0.000405753 0.00116851 0.000588175 -0.00197282 -6.85474e-05 -0.00276964 0.000885844 0.00108163 0.0016135
internal_weight=41974.9 3113.42 38861.5 27348.5 1753.87 11513 1809.47 25594.6 2956.46 7984 2095.03 17610.6 15116.6 8316.33
internal_count=168081 12500 155581 109496 7026 46085 7243 102470 11871 31959 8416 70511 60526 33295
is_linear=0
shrinkage=0.02


Tree=65
num_leaves=15
num_cat=0
split_feature=27 43 22 48 15 35 46 43 28 40 2 40 23 32
split_gain=27.7046 13.8367 22.5333 12.2803 14.7181 12.7187 12.0802 12.0286 10.3147 10.2084 12.0285 11.1918 11.8496 10.1596
threshold=-0.60560618696463131 0.56500740803124416 0.58117065582939331 -0.8783796973249266 0.00048451161305563937 -0.27145426577342741 -0.27982901403099258 -0.2429357414685048 0.095394668634589189 1.1019298640773532 0.0013189718762191408 1.5172637121824804 0.45327733091648803 -0.075531587007441253
decision_type=2 2 2 2 2 2 2 2 2 2 2 2 2 2
left_child=3 -2 -3 4 6 8 -1 -5 -6 10 -9 12 -11 -12
right_child=1 2 -4 7 5 -7 -8 9 -10 11 13 -13 -14 -15
leaf_value=-0.0042354516026730004 -0.00026040452245911563 -0.0013968175486509455 -0.009780979146274767 0.0014036528841082946 0.0032174088198776212 0.011543105211816031 0.0018902901111730389 0.00032610468779927329 -0.0055303623331975863 -0.010958439443848339 0.0082254737530437078 0.00019003581475269252 -0.0019343415724874474 0.00018539785281809139
leaf_weight=213.64991246163845 26274.906368017197 1946.5947534292936 132.55022476613522 3760.8629340827465 1231.8675313144922 66.722596943378448 308.57499814033508 5024.628529548645 51.94921612739563 56.709327965974808 141.16620789468288 1483.3973297178745 1141.7307742536068 110.72334012389183
leaf_count=856 105185 7810 532 15077 4937 267 1236 20114 208 227 565 5940 4571 443
internal_value=-2.90182e-05 -0.000384879 -0.00195351 0.000713207 0.00221494 0.00331415 -0.000632241 0.000472384 0.00284335 3.16912e-05 0.000542254 -0.000971982 -0.00240511 0.00476369
internal_weight=41946 28354.1 2079.14 13592 1872.76 1350.54 522.225 11719.2 1283.82 7958.36 5276.52 2681.84 1198.44 251.89
internal_count=167968 113527 8342 54441 7504 5412 2092 46937 5145 31860 21122 10738 4798 1008
is_linear=0
shrinkage=0.02


Tree=66
num_leaves=15
num_cat=0
split_feature=34 26 46 32 9 35 29 22 18 43 19 43 47 39
split_gain=22.0344 13.4465 12.4188 13.596 11.4206 11.3755 16.1728 15.3912 12.7113 12.847 12.24 13.5653 11.6226 11.1578
threshold=61.491347874605673 -1.4204776789737825 -0.43245347597985068 -0.35455712260269268 -0.0075284631336578972 -0.042966941569528481 4.2154865676214976 0.48439109091902194 0.0011270717965211608 -0.0018325736717489346 -0.13066436746494428 0.15932418463684817 -0.99940512433088335 0.39355261244626055
decision_type=2 2 2 2 2 2 2 2 2 2 2 2 2 2
left_child=1 4 3 -3 13 6 12 -7 10 -10 -9 -12 -4 -1
right_child=-2 2 5 -5 -6 7 -8 8 9 -11 11 -13 -14 -15
leaf_value=0.006519440798019761 -0.0010646343149260213 0.0037446351781409144 0.0051195957310740019 0.00048001839571296042 0.0026961874074349686 0.00066981335032836582 -0.0025531271316912517 -0.0037186718634059511 -0.00083563517748184925 -0.0055290768328002142 0.0037794867299411729 -0.0037835328798646248 -0.00040135679080893462 -0.0018428945247762232
leaf_weight=68.919238939881325 6447.339999049902 529.17447872459888 149.91708678007126 11494.594163581729 1476.6027331799269 8309.5967119187117 1479.2127660810947 192.42083913087845 518.11854748427868 422.53896649181843 418.87023583054543 117.85037246346474 9933.6098934561014 464.26797366142273
leaf_count=277 25870 2120 600 46000 5934 33253 5920 770 2073 1691 1676 472 39759 1865
internal_value=1.06776e-05 0.000205677 0.000110404 0.000625193 0.00179263 -0.000177005 -0.000603852 0.000317621 -0.0014318 -0.00296199 0.000549023 0.00209924 -0.000316777 -0.000711461
internal_weight=42023 35575.7 33565.9 12023.8 2009.79 21542.1 11562.7 9979.4 1669.8 940.658 729.141 536.721 10083.5 533.187
internal_count=168280 142410 134334 48120 8076 86214 46279 39935 6682 3764 2918 2148 40359 2142
is_linear=0
shrinkage=0.02


Tree=67
num_leaves=15
num_cat=0
split_feature=26 29 6 26 43 41 21 24 21 16 5 26 7 26
split_gain=25.3371 13.2491 17.0208 15.4812 14.3349 14.1298 12.4751 12.4666 16.5785 13.1084 12.4394 12.4633 11.9591 11.5852
threshold=-1.4204776789737825 2.4038766649750896 0.0026743063107185871 0.69391907059372226 -0.75201538984921812 0.2039143923350685 0.15249675940077081 0.9950723630293361 0.088728891416562386 0.00029358727381237809 0.001224577448985969 0.27321145583356726 -0.00052219913527707165 -1.1694523771655403
decision_type=2 2 2 2 2 2 2 2 2 2 2 2 2 2
left_child=-1 3 4 7 -3 6 -6 8 9 -2 11 -9 -10 -14
right_child=1 2 -4 -5 5 -7 -8 10 12 -11 -12 -13 13 -15
leaf_value=0.0021669572116165387 -0.0098538747563505832 0.0031907358589415191 0.0032696800446320468 -0.0010370531537509016 -0.0073043564349703442 -0.0007674002397832537 0.0017236047723338743 0.00021182755237024442 0.0014446334325723795 -0.00058571827423223148 0.0076427190030430442 0.0035196190426723061 0.0034717020954674544 1.5143516956585751e-05
leaf_weight=1984.436024621129 56.673226937651634 352.21028508245945 426.81503121554852 3904.6109558194876 235.13585633039474 12940.944527506828 79.944576308131218 1290.8114046156406 4247.7005254626274 6215.5684019476175 130.96407909691334 699.79762530326843 400.45265479385853 8940.9325456768274
leaf_count=7975 228 1410 1710 15648 942 51834 320 5165 17001 24877 524 2800 1606 35777
internal_value=-3.58952e-05 -0.00014565 -0.00064036 0.000122631 -0.000764152 -0.000870396 -0.00502257 0.000328804 0.000172929 -0.000677243 0.00178421 0.00138058 0.000565443 0.0001651
internal_weight=41907 39922.6 14035.1 25887.5 13608.2 13256 315.08 21982.9 19861.3 6272.24 2121.57 1990.61 13589.1 9341.39
internal_count=167817 159842 56216 103626 54506 53096 1262 87978 79489 25105 8489 7965 54384 37383
is_linear=0
shrinkage=0.02


Tree=68
num_leaves=15
num_cat=0
split_feature=45 31 23 22 19 30 19 43 12 33 11 38 30 21
split_gain=20.9533 12.8472 12.3122 13.5571 13.3312 12.3986 12.2085 11.3343 10.8191 10.486 12.1807 10.2959 10.2756 10.1639
threshold=1.7020151406857156 1.6395057763539171 0.63740747537766296 0.34426725277370601 -0.28833333100996345 0.99211591203824379 -0.36201772873509624 0.14351679327772418 0.019939776517028687 62.317537825460583 -0.0052994706049101998 10.965935198631795 -0.82096906973295736 0.18219128669770765
decision_type=2 2 2 2 2 2 2 2 2 2 2 2 2 2
left_child=2 9 4 11 6 7 -1 -5 -7 -2 -11 -4 -8 -13
right_child=1 -3 3 5 -6 8 12 -9 -10 10 -12 13 -14 -15
leaf_value=-0.00090255397169814746 0.0029977759043710475 0.0026740023289553118 0.00077161345300403477 0.00014769548669936144 -0.00016892950725331149 -0.0054021725430285703 0.0037322914337787972 -0.0019677793981837549 0.0033297694383920958 -0.0089188618449952128 -0.001578917027469217 -0.0018743932945596198 -0.0054331124348987745 0.00065862900030109485
leaf_weight=1062.0156593024731 191.1846077144146 304.88134486973286 17476.856591612101 6086.7486556023359 7745.3747141063213 315.94214843213558 50.678248599171638 1210.2233966439962 65.397295743227005 87.642723575234413 4356.3500274568796 1247.4466873705387 500.92326582968235 1278.5775762051344
leaf_count=4252 765 1223 69979 24365 30999 1266 203 4845 262 351 17485 4995 2005 5119
internal_value=-5.03239e-05 -0.00127314 0.000112913 0.000324931 -0.000514015 -0.000389278 -0.00216479 -0.000204269 -0.00388099 -0.00153536 -0.00173353 0.000599117 -0.00456508 -0.000593505
internal_weight=41980.2 4940.06 37040.2 27681.2 9358.99 7678.31 1613.62 7296.97 381.339 4635.18 4443.99 20002.9 551.602 2526.02
internal_count=168114 19824 148290 110831 37459 30738 6460 29210 1528 18601 17836 80093 2208 10114
is_linear=0
shrinkage=0.02


Tree=69
num_leaves=15
num_cat=0
split_feature=9 42 1 46 17 29 14 44 47 39 11 12 12 5
split_gain=29.035 12.67 12.5209 11.6535 11.6523 12.2999 15.4717 14.335 12.1878 11.9102 11.8082 13.7792 12.2307 13.4742
threshold=-0.0015416945676904666 0.47803123630899341 -0.00035841997627724108 -0.99940512433088335 1.6097984486729831 -1.437744046526386 0.0019241279210042359 -0.90229957096959346 0.37256073532439582 -0.14551282490588563 -0.0059554762262352843 -0.0031709466503169977 0.0042522839356932182 0.0016343902371723843
decision_type=2 2 2 2 2 2 2 2 2 2 2 2 2 2
left_child=3 -2 -3 -1 5 6 8 -7 -4 -10 -9 -12 -13 -14
right_child=1 2 4 -5 -6 7 -8 10 9 -11 11 12 13 -15
leaf_value=0.0071867352720660282 0.00021780508871451249 0.00022304926115661319 -0.00068427591582362335 0.00081267584931405128 0.0011517128797399396 -0.0031638915910959325 -0.0037086974221817717 0.0038890443092571714 0.0025744437067555821 -0.0018830120198609932 -0.003827794469628585 -3.4743098875913475e-05 -0.002146101910091393 0.0016042891377923399
leaf_weight=111.05455042421818 11292.672816559672 5173.8873123377562 2155.8266668915749 10856.013323411345 1005.0004419237375 1647.0086238384247 432.23729360103607 179.67326933145523 1176.1688689440489 296.95277635753155 734.84587371349335 3155.5045030862093 3359.5079235136509 428.77415472269058
leaf_count=445 45194 20709 8629 43496 4027 6596 1730 719 4708 1189 2944 12643 13468 1719
internal_value=-3.88813e-06 -0.00031646 -0.000621991 0.000880466 -0.000922012 -0.001076 -0.000154422 -0.00146946 0.000273441 0.00167258 -0.00111254 -0.00123203 -0.000954769 -0.00172006
internal_weight=42005.1 31038.1 19745.4 10967.1 14571.5 13566.5 4061.19 9505.31 3628.95 1473.12 7858.31 7678.63 6943.79 3788.28
internal_count=168216 124275 79081 43941 58372 54345 16256 38089 14526 5897 31493 30774 27830 15187
is_linear=0
shrinkage=0.02


Tree=70
num_leaves=15
num_cat=0
split_feature=8 38 41 24 38 20 44 47 48 42 19 21 46 28
split_gain=23.0303 19.4217 18.319 13.5288 13.4383 11.4653 10.8359 10.3609 12.2589 9.86796 14.7982 12.4796 9.37608 9.1485
threshold=-0.001644450308141794 6.104217791595862 0.69281398802295946 0.98604173597527123 0.050023294451899104 0.99999421182408887 -1.2420652575928752 -0.16288578192842371 0.87837969732492682 0.56529470058016551 0.61963375342562432 0.19255902304851516 -0.98658463173998423 -2.2065872867875611
decision_type=2 2 2 2 2 2 2 2 2 2 2 2 2 2
left_child=4 2 3 -2 -1 9 -5 8 -4 13 12 -12 -11 -3
right_child=1 5 7 6 -6 -7 -8 -9 -10 10 11 -13 -14 -15
leaf_value=0.0065278648246117725 0.000261365528563802 0.0048413252449379116 -0.0022549945869930182 0.0081492296572674445 0.00084189938050957525 0.0034815593613424238 0.0017334966921447089 -0.00024138703230880152 -0.0091943116528900165 -0.0082348313832173742 -0.0010811010021856858 0.0042001871361122857 -0.0023101252006132765 -0.00059397583796159253
leaf_weight=165.12173879146576 13572.509999364614 120.06299914419651 759.46571913361549 108.72006160020828 7616.1661584824324 251.68039359152317 1530.2591638118029 1018.3311629742384 113.8954011797905 108.27699589729309 604.4152889996767 248.46150024235249 2226.9444787204266 13543.453333809972
leaf_count=664 54321 481 3041 435 30519 1008 6124 4077 456 434 2427 998 8927 54237
internal_value=-1.50489e-05 -0.000238479 0.000238058 0.000469017 0.000966672 -0.000714944 0.00218257 -0.00161547 -0.00320714 -0.000778634 -0.00177982 0.000472966 -0.00260184 -0.000544462
internal_weight=41987.8 34206.5 17103.2 15211.5 7781.29 17103.3 1638.98 1891.69 873.361 16851.6 3188.1 852.877 2335.22 13663.5
internal_count=168149 136966 68454 60880 31183 68512 6559 7574 3497 67504 12786 3425 9361 54718
is_linear=0
shrinkage=0.02


Tree=71
num_leaves=15
num_cat=0
split_feature=27 46 32 22 11 23 27 31 24 12 38 40 37 0
split_gain=21.5939 15.342 13.7577 13.0398 19.9841 14.1187 12.9196 12.5209 12.265 11.8629 11.2331 12.6653 10.8212 10.4429
threshold=0.67710039101454023 -0.45201865172701744 0.15911791477813472 0.48439109091902194 0.014468445840974663 0.36561304369809217 -1.7682366076173623 -0.68231210048165047 0.98604173597527123 0.013377714851330555 2.303973912222403 1.0257179966164467 1.6134718538758339 0.00082472211929564829
decision_type=2 2 2 2 2 2 2 2 2 2 2 2 2 2
left_child=1 8 6 -2 5 -5 -3 10 9 -1 11 -4 -11 -14
right_child=3 2 7 4 -6 -7 -8 -9 -10 12 -12 -13 13 -15
leaf_value=0.00048086313621570359 -0.00040440858159244877 0.0010103495270351399 0.0063464926913113298 0.0037882934578102379 0.0041392226924663452 -0.0030942582112450301 -0.00048372957240467115 0.0024522887689030141 0.0031805103137377698 -0.0054224353667818781 -0.0038350982934300987 -0.0047791602616390405 0.0046929908008336478 -0.0016037424837482062
leaf_weight=8365.3191600739956 11285.663478419185 2774.3896863460541 114.97525925934315 123.07281690835953 184.34046185016632 1891.1481913030148 13857.079164043069 1460.1051642298698 872.45317195355892 52.237778425216675 275.62386658787727 57.73273591697216 623.85374364256859 123.96640926599503
leaf_count=33493 45230 11133 460 493 739 7579 55453 5842 3491 209 1103 231 2497 496
internal_value=-1.98177e-05 0.000291457 -4.95602e-05 -0.00067938 -0.00208675 -0.00266538 -0.000234265 0.00155649 0.000921029 0.000704332 -0.00135576 0.00259759 0.00302339 0.00364546
internal_weight=42062 28577.7 18539.9 13484.2 2198.56 2014.22 16631.5 1908.44 10037.8 9165.38 448.332 172.708 800.058 747.82
internal_count=168449 114408 74222 54041 8811 8072 66586 7636 40186 36695 1794 691 3202 2993
is_linear=0
shrinkage=0.02


Tree=72
num_leaves=15
num_cat=0
split_feature=42 24 29 47 14 48 26 24 40 39 42 27 42 42
split_gain=16.6027 13.7672 12.3604 18.7677 10.1186 14.4952 9.90468 10.2664 13.499 9.72611 10.4628 9.86587 9.65344 14.2369
threshold=0.51729371100244803 0.98604173597527123 3.1536761889509766 0.52803643325367278 0.00034405742047331967 -0.8783796973249266 -0.12261403582480662 0.13252077670291748 0.72369649159141858 -0.70375648073689379 0.45416885212505737 -0.89383339703521891 0.47516451530271869 0.50967242393968626
decision_type=2 2 2 2 2 2 2 2 2 2 2 2 2 2
left_child=1 2 4 -4 6 -6 7 -1 -9 10 11 -5 -11 -14
right_child=-2 -3 3 9 5 -7 -8 8 -10 12 -12 -13 13 -15
leaf_value=-0.0029200824632918451 -0.00052809330496390123 0.0015458801624664623 0.00014726284360222245 -0.00015418175120935696 0.0019673491402556883 0.00028109005402439743 -0.0057989344768685294 0.010043353935869937 -0.001209101057955621 1.3291036313009611e-05 -0.0018521300596716893 -0.0092080775795097304 -0.0049238535046516561 0.0032617840250721208
leaf_weight=249.42805595695972 13906.468854114413 3221.8442119061947 4180.4647531658411 62.182072222232819 2338.9211648404598 15699.483603999019 192.46185684204102 66.718761801719666 102.90092019736767 873.1247453391552 322.51109211146832 210.86388154327869 440.1414939314127 101.33771713078022
leaf_count=1000 55711 12896 16739 249 9369 62865 771 267 412 3496 1291 844 1763 406
internal_value=3.68728e-05 0.000316889 0.000157209 -0.000616817 0.000414234 0.000500221 -0.0021057 -0.000361085 0.00337782 -0.00220227 -0.00433704 -0.00718604 -0.00129141 -0.00337609
internal_weight=41968.9 28062.4 24840.5 6190.63 18649.9 18038.4 611.51 419.048 169.62 2010.16 595.557 273.046 1414.6 541.479
internal_count=168079 112368 99472 24788 74684 72234 2450 1679 679 8049 2384 1093 5665 2169
is_linear=0
shrinkage=0.02


Tree=73
num_leaves=15
num_cat=0
split_feature=9 48 9 3 47 12 47 41 3 31 31 44 47 16
split_gain=20.6458 14.9551 14.8658 12.5905 12.5213 11.523 14.2773 11.8115 11.3415 10.9849 10.7922 10.603 10.9546 10.5867
threshold=-0.0018283641823578227 -0.60785761079279388 0.0043909710128021018 -0.0023973068860049366 0.95032354012166631 0.004459100508094462 0.43245347597985034 0.68239947387093447 -0.0017883424994261964 0.94536168717836977 1.9695316044063473 0.243644769180553 -0.93585024503435321 0.00031854313791314105
decision_type=2 2 2 2 2 2 2 2 2 2 2 2 2 2
left_child=1 3 5 -1 10 7 11 13 -9 -10 -4 12 -7 -2
right_child=2 -3 4 -5 -6 6 -8 8 9 -11 -12 -13 -14 -15
leaf_value=-0.0036166291882858037 -0.0029830712323015867 0.00042565525920882795 -0.0013242766113923572 0.0029132302499462878 -0.0054126018490322763 -0.0029610239561569918 -0.0017563063372643803 0.007581095807777734 -0.0015222687981940191 0.0034083766620514443 0.0062474378358571593 0.0013490474495269867 -0.00016376518321082557 0.00042931365887446607
leaf_weight=122.94927757978439 366.73275834321976 7808.9595745950937 2930.060198456049 1659.6594883054495 296.37157543003559 663.66445851325989 3274.6783489882946 55.223687067627907 2690.9550866633654 189.06148052215576 72.397362247109413 1488.4812161624432 3450.4414124786854 16875.689457148314
leaf_count=493 1471 31286 11754 6660 1189 2657 13113 221 10777 759 290 5963 13814 67540
internal_value=-1.09791e-05 0.000803709 -0.000252588 0.002454 -0.00152384 -0.000108015 -0.000708283 0.000156185 -0.00101555 -0.00119325 -0.00113162 -9.46995e-05 -0.00061805 0.000355891
internal_weight=41945.3 9591.57 32353.8 1782.61 3298.83 29054.9 8877.27 20177.7 2935.24 2880.02 3002.46 5602.59 4114.11 17242.4
internal_count=167987 38439 129548 7153 13233 116315 35547 80768 11757 11536 12044 22434 16471 69011
is_linear=0
shrinkage=0.02


Tree=74
num_leaves=15
num_cat=0
split_feature=35 33 24 39 32 32 17 24 17 25 48 18 28 6
split_gain=26.8956 15.987 13.3852 17.6558 15.5667 14.3121 12.3465 12.746 12.393 13.3634 13.8039 11.8556 12.286 12.7066
threshold=-1.1127029575509944 64.172933207880092 0.00082338536455784153 -0.53925665964235725 0.23210887016928169 0.31516867075993543 0.34536973499538126 0.15360402490399028 0.73140502204842295 -2.4999999999999996 -1.0000000180025095e-35 0.00052124052178750921 2.2402951752584133 0.00018611755281163061
decision_type=2 2 2 2 2 2 2 2 2 2 2 2 2 2
left_child=-1 2 3 4 -2 -6 -4 8 11 10 -10 -8 13 -13
right_child=1 -3 6 -5 5 -7 7 -9 9 -11 -12 12 -14 -15
leaf_value=0.002747704467080165 -0.0031067857243328918 -0.00090958047670024829 -0.0023670064981348052 0.0001413390205858039 0.0079075204500110435 -0.004438849314086413 -0.0069980766741784186 0.00010073409689796386 0.0085659938434738108 0.0013445892156457265 0.0022157072609712719 0.0022623411389791903 -0.0068654980471524376 -0.0017619027190799688
leaf_weight=1334.9143009334803 1591.2684276103973 8391.232728227973 711.59205195307732 2320.7169726788998 98.415950194001198 54.930692255496979 91.824280798435211 22957.93145352602 223.02961304783821 2461.3002970665693 355.36599580943584 815.46892580389977 86.17698347568512 503.69861669838428
leaf_count=5367 6372 33660 2848 9294 394 220 368 91880 894 9853 1424 3265 345 2016
internal_value=-4.0305e-05 -0.000132158 7.00949e-05 -0.00100208 -0.00251914 0.00348438 0.000224776 0.000292272 0.00126033 0.00199295 0.00471681 -0.000228773 0.00023677 0.000724911
internal_weight=41997.9 40663 32271.7 4065.33 1744.62 153.347 28206.4 27494.8 4536.86 3039.7 578.396 1497.17 1405.34 1319.17
internal_count=168200 162833 129173 16280 6986 614 112893 110045 18165 12171 2318 5994 5626 5281
is_linear=0
shrinkage=0.02


Tree=75
num_leaves=15
num_cat=0
split_feature=9 48 20 8 18 41 41 29 1 22 23 17 6 32
split_gain=19.3828 15.765 10.9661 15.4053 13.5354 12.6183 11.3969 11.1866 11.4637 15.3357 13.5853 12.8497 10.9697 11.3817
threshold=-0.0018283641823578227 -0.60785761079279388 0.95527256170928421 0.00097773218497861146 0.00029287080755591914 0.16261268846317431 0.82746804372274196 -7.1673741919411853 4.2100228263298481e-06 0.73582623806551373 0.72934729793723485 0.26385722784618504 -0.000475722902786012 0.073613670931353362
decision_type=2 2 2 2 2 2 2 2 2 2 2 2 2 2
left_child=1 -1 4 -4 5 -2 7 12 11 10 -10 -9 -6 -14
right_child=2 -3 3 -5 6 -7 -8 8 9 -11 -12 -13 13 -15
leaf_value=0.0023838486206991523 -0.012673547070370533 0.00030413393157872871 0.0025671837156051249 -0.0010794253513101012 0.0052896053960051707 -0.0025487311322520963 -0.0037964373163572765 -0.0069307612534756325 -0.0017451591875015894 0.0020016714824955669 -0.00047503257885355012 8.8075788136970305e-05 -0.0020237885813208785 0.0027675853827794517
leaf_weight=1788.3182093799114 55.457811489701271 7807.3599006384611 1169.1393631547689 761.83108356595039 251.92358241975307 288.83722396194935 380.07766172289848 100.18176463246346 5131.603222027421 754.73908190429211 9802.7478467822075 12926.19039799273 368.30445821583271 418.31883452832699
leaf_count=7177 223 31281 4680 3054 1008 1159 1524 401 20547 3023 39268 51739 1474 1674
internal_value=-9.65711e-05 0.000692764 -0.000330346 0.0011294 -0.000422999 -0.00433767 -0.00037756 -0.000333257 -0.000407114 -0.000771146 -0.0009119 3.14576e-05 0.00170103 0.000525606
internal_weight=42005 9595.68 32409.4 1930.97 30478.4 344.295 30134.1 29754 28715.5 15689.1 14934.4 13026.4 1038.55 786.623
internal_count=168232 38458 129774 7734 122040 1382 120658 119134 114978 62838 59815 52140 4156 3148
is_linear=0
shrinkage=0.02


Tree=76
num_leaves=15
num_cat=0
split_feature=42 38 6 32 45 45 31 42 26 8 5 5 34 5
split_gain=25.7553 12.7461 17.0856 10.4445 18.8741 12.2177 11.3916 12.2136 10.6572 10.3107 9.64079 9.36667 8.88251 13.3656
threshold=0.47803123630899341 8.8142103086370636 0.0044025285706343646 -0.27906833475365161 0.086863091134573647 2.6846589626887503 -0.57148879713434531 0.34457261150848312 -0.1634961331081147 -0.0015175636356626503 0.00031839545309629943 -0.0005695423159819056 25.764219299591698 -0.00054455015142454595
decision_type=2 2 2 2 2 2 2 2 2 2 2 2 2 2
left_child=3 9 -3 -1 6 -6 12 10 -9 -2 11 -8 13 -5
right_child=1 2 -4 4 5 -7 7 8 -10 -11 -12 -13 -14 -15
leaf_value=0.0015038739429079418 0.001017257387590989 -0.0012753197737836125 0.0087982623595891669 -0.011578914175190518 0.0014034250410118903 -0.0051171861192117161 -0.0074855837177997446 6.4560323284706248e-05 -0.0018393429001467764 -0.00033957551466357803 -0.0094147870717627077 1.8012337663273455e-06 0.00093926351006839081 0.0018499638458687631
leaf_weight=3897.6938833296299 2672.6897036284208 6351.572418898344 63.137727633118629 52.304617628455162 5488.4953941255808 112.59370951354504 90.422489628195763 4280.6259154230356 1616.3168033063412 13709.484463647008 95.671094790101051 223.04835073649883 3262.6248177140951 58.984663128852844
leaf_count=15633 10703 25460 253 210 21968 452 362 17136 6467 54895 383 893 13065 237
internal_value=4.03423e-05 -0.000414017 -0.00116939 0.000580384 0.000344418 0.0012679 -0.00019031 -0.000691982 -0.000458404 -0.000117971 -0.00401234 -0.00224159 0.000746987 -0.00468793
internal_weight=41975.7 22796.9 6414.71 19178.8 15281.1 5601.09 9680 6306.08 5896.94 16382.2 409.142 313.471 3373.91 111.289
internal_count=168117 91311 25713 76806 61173 22420 38753 25241 23603 65598 1638 1255 13512 447
is_linear=0
shrinkage=0.02


Tree=77
num_leaves=15
num_cat=0
split_feature=1 34 12 36 21 4 37 35 24 46 45 48 24 22
split_gain=17.2848 14.7773 15.4444 14.6315 13.8778 12.4449 12.1197 12.0845 11.9786 20.7496 11.4821 11.2454 11.001 10.9912
threshold=7.658330413613973e-05 41.036862385512812 -0.0051804616812730709 0.0038758724020351363 0.080263278443773831 0.00027317893773173607 1.9830552972709512 -0.77324106760756539 0.33641805277919967 0.75894212529897775 -1.7211885182797164 0.6078576107927941 0.13638968481369448 0.0012558378393335513
decision_type=2 2 2 2 2 2 2 2 2 2 2 2 2 2
left_child=3 2 -2 8 5 -4 -5 -6 9 10 -1 13 -8 -12
right_child=1 -3 4 6 7 -7 12 -9 -10 -11 11 -13 -14 -15
leaf_value=0.0029002368061132704 -0.00040935095902924475 -0.0006404374780484951 -0.0013876755966749476 -0.00062556115097031791 0.00089821522776727862 0.0063603273251427285 0.00196795093093572 0.0066979704168671807 0.00027011397942700222 -0.004338027982820558 -0.0021679594158751114 -0.0052124478009217328 0.00062385142477722644 0.0017588733827207041
leaf_weight=347.45446638762951 1390.6096322983503 16725.982613191009 395.31644023954868 2361.3421460241079 222.25769101083279 99.592870309948921 3124.4998449832201 410.7690112143755 3739.8006993979216 730.76210059225559 605.65822812914848 222.13889250159264 11030.367983624339 529.94781617820263
leaf_count=1395 5569 66994 1584 9462 891 399 12525 1644 14969 2927 2426 889 44168 2121
internal_value=1.55004e-05 -0.000425349 0.00100152 0.000389386 0.00273508 0.000219511 0.000699879 0.00468465 -0.000440877 -0.00153074 -0.000318515 -0.00114983 0.000921134 -0.000335766
internal_weight=41936.5 19244.5 2518.55 22692 1127.94 494.909 16516.2 633.027 6175.76 2435.96 1705.2 1357.74 14154.9 1135.61
internal_count=167963 77081 10087 90882 4518 1983 66155 2535 24727 9758 6831 5436 56693 4547
is_linear=0
shrinkage=0.02


Tree=78
num_leaves=15
num_cat=0
split_feature=45 20 11 22 7 28 0 43 0 14 3 6 10 9
split_gain=20.4553 10.1539 15.8677 10.4977 16.0757 13.9386 15.969 17.9783 13.7744 13.7495 13.565 13.0566 11.7417 11.627
threshold=-1.5351335389201888 -0.98829867010855754 -0.0055452481551688838 0.38715622437722325 0.001922719192362517 1.7180880846993241 -0.00013181153322288256 0.73904180946798959 0.001796389744061607 0.0023697349665839618 0.003399061034027177 -0.0017941075638667136 0.007886746615199015 -0.0048068970973539531
decision_type=2 2 2 2 2 2 2 2 2 2 2 2 2 2
left_child=-1 2 -2 8 5 6 -5 -8 -3 -7 13 -6 -13 -10
right_child=1 3 -4 4 11 9 7 -9 10 -11 -12 12 -14 -15
leaf_value=0.0011385945365369051 0.0070727900891924544 0.00026364564419794609 -0.0025517792350722161 -0.0017701620221423681 -0.0045193500620633389 -0.0026895810689520163 0.00052329093835349954 -0.0074285854924762184 0.0041617490014060118 0.0040739132304300589 -0.0076201821430319549 0.0020195104424740916 0.009233416820678058 -0.0013343378915209921
leaf_weight=5659.6150076389313 68.212781459093094 23487.298194408417 1116.8547365367413 2285.6305750757456 83.450681179761887 2006.1342092454433 4107.8452028036118 111.97054804861546 160.66857029497623 123.5188315063715 123.90525044500828 361.24917079508305 117.27636736631393 2204.8277191519737
leaf_count=22712 273 94031 4477 9146 334 8044 16438 449 643 495 497 1446 470 8840
internal_value=2.06758e-05 -0.000153472 -0.0019704 -9.19851e-05 -0.000672468 -0.00088622 -0.0004257 0.00030375 0.000113625 -0.00228868 -0.0012995 0.00259082 0.00386468 -0.000953043
internal_weight=42018.5 36358.8 1185.07 35173.8 9197.08 8635.1 6505.45 4219.82 25976.7 2129.65 2489.4 561.976 478.526 2365.5
internal_count=168295 145583 4750 140833 36822 34572 26033 16887 104011 8539 9980 2250 1916 9483
is_linear=0
shrinkage=0.02


Tree=79
num_leaves=15
num_cat=0
split_feature=38 9 26 3 24 6 46 47 47 15 4 21 49 5
split_gain=15.1117 18.8085 15.2295 16.3713 13.8997 13.4141 12.4726 11.9169 11.8637 11.0711 10.9084 10.5557 9.92346 13.3284
threshold=8.5081135060763184 0.0043909710128021018 -1.0345812564718124 0.00029986043861127403 0.99994026640991651 0.0044025285706343646 -0.95688340256707771 0.95688340256707771 0.99940512433088358 0.0002366623799254581 -0.002400661947780523 0.00030595074893005652 1.0000000180025095e-35 0.0015905657096775508
decision_type=2 2 2 2 2 2 2 2 2 2 2 2 2 2
left_child=1 9 3 11 5 8 -6 -3 10 -1 -4 -2 -11 -14
right_child=2 7 4 -5 6 -7 -8 -9 -10 12 -12 -13 13 -15
leaf_value=-0.007591524456991499 -0.0028454734878424538 -0.001195985285524935 0.0042170386841247276 0.011605112527354609 -0.0066794514639751659 0.0068230307091936343 0.0022002536337844469 -0.0069419138346724987 -0.0068131457730926364 0.00069276868317167577 -0.0010517215528450636 0.0039476011838919592 -0.00023791826583237808 0.0025010841911453229
leaf_weight=65.052450105547905 146.85366979241371 1872.7342994064093 154.87721779942513 68.795013532042503 63.402189061045647 82.384279727935791 867.1064722687006 151.88319058716297 136.04256810247898 16201.926009148359 9954.0567066669464 226.3092138916254 11276.638769775629 753.4252365976572
leaf_count=261 589 7510 620 276 254 330 3474 609 545 64877 39882 908 45158 3016
internal_value=-1.88326e-05 0.000216767 -0.000629251 0.00299227 -0.000772689 -0.00098377 0.00156275 -0.00164307 -0.00104985 0.000350103 -0.000968955 0.00127199 0.000369743 -6.54107e-05
internal_weight=42021.5 30321.7 11699.8 441.958 11257.9 10327.4 930.509 2024.62 10245 28297 10108.9 373.163 28232 12030.1
internal_count=168309 121431 46878 1773 45105 41377 3728 8119 41047 113312 40502 1497 113051 48174
is_linear=0
shrinkage=0.02


Tree=80
num_leaves=15
num_cat=0
split_feature=9 43 1 24 17 36 13 13 10 11 30 43 4 4
split_gain=16.9319 11.9152 10.6417 13.7271 14.6214 12.5739 9.97859 10.3734 10.5461 9.85756 10.8583 9.64116 10.2209 11.7094
threshold=-0.0018283641823578227 -1.250807420847482 0.00041822240375103325 1.0000000180025095e-35 1.0397301690040155 0.0022372883866507028 0.00089150011989444044 0.00052057537527100222 -0.0012157729106191941 -0.011067206641417689 -0.5283387842688908 0.43618777602717501 -0.00046360955783774786 0.00027317893773173607
decision_type=2 2 2 2 2 2 2 2 2 2 2 2 2 2
left_child=9 -2 3 4 5 -3 7 -4 -9 10 -1 -5 -13 -14
right_child=1 2 6 11 -6 -7 -8 8 -10 -11 -12 12 13 -15
leaf_value=-0.00031471752791822341 0.0034359972683573139 -0.0043385331059401892 9.6661820954964045e-05 0.00018980150941490218 -0.0060662713276544182 0.00034792337896426018 -0.00035141298491468069 -0.0045986865842785659 -0.0016245741660754834 0.00094034850346855702 -0.0065650109930179721 0.0016873430606686494 -0.0038942174922564385 -0.00017950439160198763
leaf_weight=1426.8036017864943 333.48917391896248 312.99481073021889 1074.0281659662724 18260.452949494123 276.43529684841633 815.99585184454918 6351.805952295661 582.81541602313519 2599.5841859281063 8050.5727644711733 115.63551285862923 342.61407144367695 721.78217633068562 637.79805298149586
leaf_count=5721 1335 1256 4304 73094 1107 3267 25446 2332 10417 32269 463 1373 2894 2559
internal_value=-7.784e-05 -0.000296909 -0.000336372 -7.92365e-05 -0.0019861 -0.000964723 -0.000854036 -0.0016028 -0.0021756 0.000659768 -0.000802996 5.54758e-05 -0.00138185 -0.00215864
internal_weight=41902.8 32309.8 31976.3 21368.1 1405.43 1128.99 10608.2 4256.43 3182.4 9593.01 1542.44 19962.6 1702.19 1359.58
internal_count=167837 129384 128049 85550 5630 4523 42499 17053 12749 38453 6184 79920 6826 5453
is_linear=0
shrinkage=0.02


Tree=81
num_leaves=15
num_cat=0
split_feature=26 30 23 31 17 44 21 37 4 38 21 48 37 44
split_gain=20.9696 15.3884 13.0168 12.9061 11.7268 11.5484 11.5347 10.5377 10.5142 10.2278 9.29592 11.8881 12.098 12.2762
threshold=-1.4204776789737825 0.75233615106716056 0.75916644750985929 0.53493699995127109 0.28654995197166394 1.1080439282979719 0.059685442658088721 16.961008750671471 -0.00016265148773138041 0.050023294451899104 0.25681962116842544 -1.0000000180025095e-35 3.9577716231127336 -0.5861927817593916
decision_type=2 2 2 2 2 2 2 2 2 2 2 2 2 2
left_child=8 4 5 -4 -2 6 -3 10 9 -1 -6 12 -12 -14
right_child=1 2 3 -5 7 -7 -8 -9 -10 -11 11 -13 13 -15
leaf_value=0.0076609515280686297 -0.0031216603760709626 -0.00041201179036282483 -0.0062691142818920203 -8.5246854392923412e-05 -0.00014119741377504035 0.0066262064915415184 -0.0033969614845618451 0.0029582406847020342 0.0036176445704259141 0.00016446206832881782 -0.00012872250963215549 4.3820167642066438e-05 0.0003024363012309717 0.0028378237809267297
leaf_weight=73.487450063228607 433.2510159611702 799.30009727180004 134.40230931341648 4280.1236037015915 19955.877998188138 54.100943818688393 1473.58125205338 529.03116852045059 917.23963555693626 1007.9851488471031 1597.0333173125982 7331.2251907736063 1156.2974759340286 2253.4841224551201
leaf_count=296 1735 3205 540 17171 79891 217 5908 2118 3690 4054 6393 29345 4628 9023
internal_value=5.17007e-05 -4.83147e-05 -0.000919242 -0.000280397 0.000128346 -0.002128 -0.00235046 0.000171714 0.00204831 0.00070677 0.000125615 0.000557047 0.00130775 0.00197975
internal_weight=41996.4 39997.7 6741.51 4414.53 33256.2 2326.98 2272.88 32822.9 1998.71 1081.47 32293.9 12338 5006.81 3409.78
internal_count=168214 160174 27041 17711 133133 9330 9113 131398 8040 4350 129280 49389 20044 13651
is_linear=0
shrinkage=0.02


Tree=82
num_leaves=15
num_cat=0
split_feature=42 23 29 26 4 46 6 12 24 13 9 4 41 17
split_gain=17.3223 15.5329 13.1049 11.8323 11.393 12.6816 11.6416 11.0896 10.3829 12.5054 12.4587 9.93314 13.0521 10.0922
threshold=0.4435246128873645 0.56015667706114336 -9.1520979527755362 0.97966657098516774 5.9789602773024582e-05 0.93585024503435366 0.0026743063107185871 -0.010595510327623256 0.78227268594851296 0.0015146742388258798 0.0028977037012277657 0.0022789624109236877 0.41329986110699257 1.1710016121768276
decision_type=2 2 2 2 2 2 2 2 2 2 2 2 2 2
left_child=1 -1 -2 11 6 -6 -3 -7 9 -5 -10 -4 13 -13
right_child=2 4 3 8 5 7 -8 -9 10 -11 -12 12 -14 -15
leaf_value=-0.00095393244509751234 0.0032718808443074903 0.00038130850934039599 -0.00021836842395215797 -0.0011500256783281359 0.0014033890101223679 -0.0024633024576244771 0.0088962744372551202 0.0060438425990513023 -0.00049803204773919425 0.0025180695670288973 -0.0033149049858230382 0.0093472119994589542 0.00039133087899414934 0.0019814233535843675
leaf_weight=1985.6954758316278 412.25540393590927 6176.4722826331854 24258.822931006551 1293.1441044509411 3034.4784197360277 68.663686022162437 59.915332064032555 425.52835169434547 1120.8985534310341 515.97562023997307 1429.3869559913874 128.65437792241573 845.54363711178303 175.83406634628773
leaf_count=7950 1651 24747 97121 5194 12156 275 240 1704 4497 2071 5746 515 3385 704
internal_value=5.5392e-06 0.000656846 -0.000248113 -0.000297402 0.000984714 0.00189213 0.000470176 0.00484901 -0.00125942 -9.97984e-05 -0.00208023 -0.000132133 0.00168 0.00519439
internal_weight=41931.3 11750.8 30180.5 29768.3 9765.06 3528.67 6236.39 494.192 4359.41 1809.12 2550.29 25408.9 1150.03 304.488
internal_count=167956 47072 120884 119233 39122 14135 24987 1979 17508 7265 10243 101725 4604 1219
is_linear=0
shrinkage=0.02


Tree=83
num_leaves=15
num_cat=0
split_feature=43 34 30 24 30 48 46 26 36 24 26 34 37 41
split_gain=18.814 12.5643 13.472 13.4851 12.8853 13.134 13.2645 10.4327 9.59744 11.043 9.76715 9.06165 11.4828 9.87453
threshold=0.56500740803124416 54.216406541846766 0.53792109719568526 1.0000000180025095e-35 0.46813524772864251 -0.8783796973249266 0.99275059979806513 0.83030502740189627 0.0038185621886093128 0.079763146515199432 -0.53072113801609644 53.09377029049994 3.2645808643331677 0.80438783026729643
decision_type=2 2 2 2 2 2 2 2 2 2 2 2 2 2
left_child=1 2 3 -1 5 6 7 -5 -6 -10 -11 12 -7 -14
right_child=-2 -3 -4 4 8 11 -8 -9 9 10 -12 -13 13 -15
leaf_value=-0.0013801626924733698 -0.0016809929449511346 -0.00036872484020462128 0.0033786752273354875 0.0021208472741396371 -0.009992341522807386 -0.0013522151948670209 -0.0046869503506374024 -0.0054864135831699098 0.0056554901667658286 0.0024817122191291329 -0.0076757430290335061 0.0021453179593090704 0.00031728525371514882 0.006243804123454033
leaf_weight=1751.8719374537468 2460.7257543355227 13743.726069390774 580.65319706499577 2992.9908178597689 68.713599309325218 1726.4610407054424 121.10991507768631 69.228602916002274 56.968179389834404 54.46569150686264 105.98063799738884 1004.5051869601011 17164.773890405893 108.21423979103565
leaf_count=7020 9876 55066 2324 11988 275 6908 485 277 228 218 424 4019 68734 433
internal_value=1.3999e-05 0.000119658 0.000379782 0.000310096 0.00043651 0.000488911 0.00168112 0.0019402 -0.00374541 -0.00159082 -0.00425686 0.000298816 0.000200653 0.000356211
internal_weight=42010.4 39549.7 25805.9 25225.3 23473.4 23187.3 3183.33 3062.22 286.128 217.415 160.446 20004 18999.4 17273
internal_count=168275 158399 103333 101009 93989 92844 12750 12265 1145 870 642 80094 76075 69167
is_linear=0
shrinkage=0.02


Tree=84
num_leaves=15
num_cat=0
split_feature=42 1 43 4 33 11 38 7 42 34 28 36 21 0
split_gain=20.7862 10.769 10.4398 15.2052 12.737 10.0881 10.5162 9.8129 10.1811 9.68712 10.4856 9.67386 9.63765 12.7041
threshold=0.47803123630899341 -3.0188898305685825e-05 0.39331298935552139 -0.00044117626586973442 52.430014382494456 -0.025049164805589441 2.5086838163402549 2.1008456545137269e-05 0.59920277602250072 46.551018978891726 -3.908466467449657 0.0021935399953436139 0.42645923234160987 0.0002548975862075677
decision_type=2 2 2 2 2 2 2 2 2 2 2 2 2 2
left_child=-1 2 7 4 -4 -3 9 8 -2 10 -7 -8 -13 -14
right_child=1 5 3 -5 -6 6 11 -9 -10 -11 -12 12 13 -15
leaf_value=0.00046606063927600189 0.0013331528902772497 -0.0090120792258090859 -0.0020745530637451973 -0.0031742162511300097 0.0064580747793571867 0.006323868725366809 0.0012437749059021413 -0.00028910606945502129 -0.0027380267371098933 0.0041344294987416246 -0.00054977377431481391 -0.0014409139416235051 -0.00094630575344366156 0.002291627698528842
leaf_weight=19172.373354956508 3577.9341510683298 54.723654165863991 134.40300142765045 800.03808204829693 136.92309296131134 91.855441018939018 732.89502145349979 4997.1768328696489 259.18070982396603 281.44402596354485 1058.7399140298367 8364.3375373482704 1620.3846882432699 685.64991649985313
leaf_count=76790 14325 219 538 3208 549 368 2937 20007 1038 1126 4237 33526 6491 2749
internal_value=-1.92141e-05 -0.000427368 6.85214e-05 -0.00179123 0.00227033 -0.000808326 -0.000769853 0.000294945 0.00105496 0.000843378 2.39572e-05 -0.000972726 -0.00112548 1.92994e-05
internal_weight=41968.1 22795.7 9905.66 1071.36 271.326 12890 12835.3 8834.29 3837.11 1432.04 1150.6 11403.3 10670.4 2306.03
internal_count=168108 91318 39665 4295 1087 51653 51434 35370 15363 5731 4605 45703 42766 9240
is_linear=0
shrinkage=0.02


Tree=85
num_leaves=15
num_cat=0
split_feature=29 26 48 32 22 6 42 46 11 1 11 30 42 12
split_gain=15.0886 19.2095 14.8927 13.0203 11.3861 12.4713 11.799 15.2984 11.0955 11.127 11.0766 13.5306 20.1826 12.9971
threshold=2.9945007409219286 1.0946681639479918 0.87837969732492682 0.30980974380267839 0.39486551279631132 0.0030964297759124011 0.55646164108266216 0.90159026428466926 -0.014032249717586905 -0.0012150540428846992 -0.0023004929723063495 0.068813342562247803 0.59920277602250072 0.010458691915412387
decision_type=2 2 2 2 2 2 2 2 2 2 2 2 2 2
left_child=1 8 4 -3 -2 6 -6 -8 9 -1 13 12 -12 -10
right_child=2 3 -4 -5 5 -7 7 -9 10 -11 11 -13 -14 -15
leaf_value=0.00079191370526674864 -0.00055181402089471703 -0.00022976098771540667 0.0010163142028347793 -0.0038051788723786023 -0.0016217084947570183 0.0063582363059483142 -0.0036555324614386026 -0.01399804384731531 0.00083391343524860195 -0.0027410525272941622 -0.00031606768230651631 0.00064683730613495282 -0.0060629752971078704 0.0054026163089676092
leaf_weight=587.04874989390373 8082.9467666894197 877.35210265219212 1884.3369179964066 756.70566934347153 1866.2984449565411 62.905275970697403 426.58884970843792 62.557871162891388 9877.5540671795607 896.15806221961975 7385.6870925724506 8701.5039092600346 247.84017318487167 250.73630104959011
leaf_count=2354 32390 3520 7550 3042 7475 252 1712 251 39565 3589 29571 34835 992 1004
internal_value=-3.30228e-05 0.000212373 -0.000618951 -0.00189204 -0.000912724 -0.00211538 -0.00235467 -0.00510651 0.000335736 -0.00134475 0.00043016 0.00010788 -0.000506501 0.000949626
internal_weight=41966.2 29580.6 12385.6 1634.06 10501.3 2418.35 2355.45 489.147 27946.5 1483.21 26463.3 16335 7633.53 10128.3
internal_count=168102 118472 49630 6562 42080 9690 9438 1963 111910 5943 105967 65398 30563 40569
is_linear=0
shrinkage=0.02


Tree=86
num_leaves=15
num_cat=0
split_feature=1 24 21 19 24 43 34 13 6 4 6 36 29 44
split_gain=18.9871 16.5084 15.5944 16.3683 15.5495 14.5858 12.9396 12.7087 10.8412 14.7502 10.8155 10.0769 10.0525 9.42108
threshold=0.00036571817380971576 1.0000000180025095e-35 0.44315702527457912 -1.1009082798504806 0.091938707721059179 -0.49061643181817288 37.867179310239756 0.00047939735348211007 -0.0002825637985659801 0.00012360251896119436 -0.00033873630126639434 0.012514744545275515 5.9741985575286618 -0.70517320067443989
decision_type=2 2 2 2 2 2 2 2 2 2 2 2 2 2
left_child=1 11 3 -2 5 -3 -7 -8 10 -10 12 -1 -4 -11
right_child=2 4 8 -5 -6 6 7 -9 9 13 -12 -13 -14 -15
leaf_value=-0.001920504436630604 0.001851278570395982 0.0043195063702059508 0.002425482589412132 -0.0011918477802740355 0.00019888064258938285 0.0036323038957822296 -0.0023168714771085513 0.0011441138158165239 0.0012945687999085754 -0.0068622741838346105 0.0097025515877970266 0.0058037270602008407 -0.0036935726398004353 -0.0012704840250646833
leaf_weight=1678.5911198556423 755.54594007134438 645.99402239918709 903.6765024960041 10143.956217125058 22941.237375840545 597.99493823945522 545.20065706968307 1851.8949998319149 972.83785799145699 149.30973520874977 67.921363428235054 65.618869453668594 117.28181701898575 566.30297577381134
leaf_count=6728 3027 2595 3618 40641 91876 2402 2184 7414 3896 598 272 263 470 2270
internal_value=-2.74943e-05 0.000267972 -0.000639319 -0.000980148 0.000391749 0.00160501 0.00101331 0.000353756 0.000697608 -0.000306397 0.00224874 -0.00161415 0.00170799 -0.00247671
internal_weight=42003.4 28326.5 13676.8 10899.5 26582.3 3641.08 2995.09 2397.1 2777.33 1688.45 1088.88 1744.21 1020.96 715.613
internal_count=168254 113462 54792 43668 106471 14595 12000 9598 11124 6764 4360 6991 4088 2868
is_linear=0
shrinkage=0.02


Tree=87
num_leaves=15
num_cat=0
split_feature=8 3 24 21 23 8 26 16 14 32 39 1 10 7
split_gain=19.5236 15.9413 12.5268 21.8872 14.3207 13.5337 14.191 12.6423 12.2154 12.2054 12.5067 11.3779 10.9164 10.5538
threshold=-0.0016793331503753713 -0.0010565744228281601 0.98604173597527123 0.31063296846178773 1.6782393030592877 -0.00039252370062751806 0.69391907059372226 0.00029358727381237809 0.00095372450699548149 0.150486022104664 0.084026357149638173 0.0037704401164603972 -0.010826537620754044 -0.00055822740253404289
decision_type=2 2 2 2 2 2 2 2 2 2 2 2 2 2
left_child=1 8 3 7 11 -4 -7 -2 -1 10 -3 12 -5 -14
right_child=2 9 5 4 -6 6 -8 -9 -10 -11 -12 -13 13 -15
leaf_value=0.0027678568397224526 -0.0064485267655455918 0.00040508794808752141 -0.0016286530503235017 -0.0055928546900228075 -0.0026732646257610427 0.0022720611255986341 -7.9145008865793491e-05 -0.00070857592462830038 -0.000730622149475751 0.0057647230583256041 0.0025622278749018058 0.0061617063033325929 0.0016404618244114744 0.0001576355631453068
leaf_weight=467.77086012065411 149.87368446588516 2289.4678049832582 796.60924255847931 112.63903552293777 579.75768193602562 2269.972677230835 1870.9509370476007 18292.324823886156 2561.5423694252968 270.88605469465256 2025.6408059597015 137.26189735531807 2572.2892063558102 7532.7046813070774
leaf_count=1876 603 9174 3188 451 2325 9084 7503 73265 10264 1084 8134 550 10298 30162
internal_value=2.33438e-05 0.000939099 -0.000179995 -0.000336676 0.000372186 0.000751611 0.00121093 -0.000756958 -0.000186734 0.00168217 0.00141951 0.000543904 0.000465459 0.000535723
internal_weight=41929.7 7615.31 34314.4 29376.9 10934.7 4937.53 4140.92 18442.2 3029.31 4585.99 4315.11 10354.9 10217.6 10105
internal_count=167961 30532 137429 117654 43786 19775 16587 73868 12140 18392 17308 41461 40911 40460
is_linear=0
shrinkage=0.02


Tree=88
num_leaves=15
num_cat=0
split_feature=42 2 33 25 27 26 32 38 11 41 5 42 31 24
split_gain=16.1366 10.5928 12.5285 9.17987 9.81293 16.0959 12.3334 10.7094 13.6554 11.0967 10.6347 10.6034 9.70903 11.5963
threshold=0.47803123630899341 0.0023944955775577021 75.549340992459165 5.5000000000000009 1.2539984431199811 0.22502555908657781 -0.27906833475365161 7.0715984507001473 0.00052409105773890173 0.70702583500112215 -0.00015480334572890049 0.420397226657303 -0.54265851483200278 0.99988640881436919
decision_type=2 2 2 2 2 2 2 2 2 2 2 2 2 2
left_child=3 2 -2 4 5 6 -1 8 12 -9 -6 -7 13 -8
right_child=1 -3 -4 -5 10 11 7 9 -10 -11 -12 -13 -14 -15
leaf_value=0.0011759270969647158 -0.00035223538961882852 0.0015376622808455271 -0.0020854341438024597 0.00722883144825919 -0.003471135896764406 3.0919595419094468e-05 0.00028938507684689519 -0.0013579955617454929 0.0019012301959201625 0.0066532635020434064 0.00014714280858235996 0.0025475151751615144 -0.001022530894032609 0.0057008716158402006
leaf_weight=3829.4280947446823 19912.602768018842 1068.6724538356066 1816.2416988909245 73.109109818935394 531.43766754865646 964.71001334488392 3123.1034906953573 2892.7011474370956 1579.4811786711216 65.961801499128342 823.07647386193275 2185.9020659029484 2898.2502442151308 161.9057075381279
leaf_count=15366 79737 4284 7310 293 2130 3860 12511 11578 6321 264 3299 8746 11604 648
internal_value=-4.24606e-05 -0.000401834 -0.000497554 0.000385824 0.000357681 0.000483324 0.000202435 -0.00014566 0.00024467 -0.00116847 -0.00128002 0.00177821 -0.000179684 0.000564355
internal_weight=41926.6 22797.5 21728.8 19129.1 19056 17701.4 14550.8 10721.4 7762.74 2958.66 1354.51 3150.61 6183.26 3285.01
internal_count=167951 91331 87047 76620 76327 70898 58292 42926 31084 11842 5429 12606 24763 13159
is_linear=0
shrinkage=0.02


Tree=89
num_leaves=15
num_cat=0
split_feature=42 26 0 8 28 20 1 1 24 24 21 41 0 35
split_gain=15.2 10.4895 13.2316 10.6636 11.0403 10.2714 10.4316 10.2418 11.5142 10.3406 10.2246 15.2658 13.1533 11.5307
threshold=0.44266116730155858 0.97966657098516774 -0.00044149796113876981 0.0061899980123204705 3.6292691694010153 0.99985108521470545 0.00010797758371424203 -0.00010044481013736877 0.00013543712386563915 0.091938707721059179 0.25681962116842544 0.19716273570649995 0.00023757873545067197 0.89041423599122849
decision_type=2 2 2 2 2 2 2 2 2 2 2 2 2 2
left_child=7 5 3 4 -3 10 -7 9 -9 -1 13 -12 -13 -2
right_child=1 2 -4 -5 -6 6 -8 8 -10 -11 11 12 -14 -15
leaf_value=0.0027913488653850179 -0.0005355201117428018 0.0052856336140484775 -0.0014133685770297848 0.0095774903346497429 -0.004847700880891744 0.0055254603276361312 -0.002101392574785105 -0.0025145416747326759 0.00031190916612057706 0.0007468097593043739 0.0077511864545155738 -0.00021033272364951027 0.0013558402918331734 0.0039788646666964553
leaf_weight=1242.0118543356657 15216.931480258703 86.017777055501938 4171.1579249948263 71.636931985616684 76.575572118163109 242.11284166574478 97.948063045740128 649.75818821787834 4819.4849905371666 4825.1155503690243 105.17551615834236 7053.3906053304672 3076.6013391315937 224.78863887488842
leaf_count=4986 60929 345 16760 287 307 969 392 2604 19296 19332 421 28239 12315 901
internal_value=-1.61367e-05 -0.00025055 -0.00115247 0.00342608 0.000510955 -9.76382e-05 0.00333007 0.00060187 -2.58695e-05 0.0011673 -0.000143674 0.000346434 0.000265767 -0.000468537
internal_weight=41958.7 30422.3 4405.39 234.23 162.593 26016.9 340.061 11536.4 5469.24 6067.13 25676.9 10235.2 10130 15441.7
internal_count=168083 121865 17699 939 652 104166 1361 46218 21900 24318 102805 40975 40554 61830
is_linear=0
shrinkage=0.02


Tree=90
num_leaves=15
num_cat=0
split_feature=42 26 11 22 43 29 11 20 3 41 32 22 2 22
split_gain=13.897 10.9678 17.0027 10.6177 13.3975 9.78373 9.6148 11.0196 9.64365 11.1879 9.96757 10.4851 10.2003 9.52842
threshold=0.51729371100244803 -1.5099832787780569 -0.0074897585689992626 0.00046371457640811948 -0.52669784781241091 -4.476635230604086 0.0077780505839388728 0.99985108521470545 0.0010910838239037595 0.7277574305776443 -0.31799803715038949 0.35785236344972943 -0.0011600951664537376 5.4527113619207184e-05
decision_type=2 2 2 2 2 2 2 2 2 2 2 2 2 2
left_child=1 2 5 4 -4 -1 7 8 13 10 -10 -12 -13 -3
right_child=-2 6 3 -5 -6 -7 -8 -9 9 -11 11 12 -14 -15
leaf_value=-0.0026543824638968704 -0.00055801212017075647 -0.0009872234717307189 0.0059084828451495446 0.0046136943866160246 -0.0040328670065301964 0.0029632709116980578 -0.0011925977171937496 0.003412160957644501 0.0076323526265393432 -0.007405895107104681 0.0021056769152590134 0.0037327114424968977 -0.0019207631289433053 0.00020843099308820724
leaf_weight=388.45003461837769 13836.702059030533 3115.3327922821045 81.156369090080261 740.9618012458086 141.34977039694786 176.34957827627659 2050.3886930197477 423.11769379675388 97.278430268168449 52.696302473545074 1734.3679538667202 157.4106577038765 593.3041188120842 18307.785017833114
leaf_count=1563 55450 12477 327 2984 569 710 8214 1694 390 211 6943 630 2375 73299
internal_value=-3.94109e-05 0.000216372 0.00186106 0.0034699 -0.000356719 -0.00088975 0.000121302 0.000231566 0.000174931 0.00131547 0.00150741 0.0012528 -0.000718483 3.43701e-05
internal_weight=41896.7 28059.9 1528.27 963.468 222.506 564.8 26531.7 24481.3 24058.2 2635.06 2582.36 2485.08 750.715 21423.1
internal_count=167836 112386 6153 3880 896 2273 106233 98019 96325 10549 10338 9948 3005 85776
is_linear=0
shrinkage=0.02


Tree=91
num_leaves=15
num_cat=0
split_feature=33 38 15 43 0 34 12 10 22 43 37 46 13 47
split_gain=15.7264 11.5109 12.6773 10.9155 10.8673 9.65507 9.20328 10.6771 9.91389 11.7674 11.5858 9.9087 9.59777 9.1597
threshold=75.549340992459165 8.8142103086370636 0.0003811250521174473 1.7840693926010489 -0.00059572844824407089 35.533741994557872 0.011927962712866077 0.0066265082889007945 0.23331062700586111 0.85127575721047022 19.094986891076477 0.74455857214455079 0.004058548318265992 0.87137607974597331
decision_type=2 2 2 2 2 2 2 2 2 2 2 2 2 2
left_child=1 2 5 6 -2 -1 7 8 11 10 12 -4 -10 -3
right_child=4 13 3 -5 -6 -7 -8 -9 9 -11 -12 -13 -14 -15
leaf_value=0.0030405631175441463 0.0058172532273066636 -0.00021332842965842113 0.00098614214194153293 -0.0056432382079545911 -0.0018652937564883206 -0.0028215678033376847 0.0022214775619698594 -0.0017532284584782817 1.1208616574508545e-05 -0.0058243081530274712 0.0063719669785077798 -0.00021927918894692387 -0.0054163611249383294 -0.001798654265023707
leaf_weight=126.38655631244183 71.419103562831879 7770.156647592783 12128.575636968017 115.7236555814743 2209.3739712387323 800.8920950293541 1045.5926741361618 959.58989609777927 11051.536188930273 134.91256038844585 108.41082754731178 3516.6863635331392 126.87738361954689 1790.0206555724144
leaf_count=507 286 31123 48579 464 8894 3209 4187 3844 44248 541 434 14083 508 7170
internal_value=5.82774e-07 9.35063e-05 0.000285445 0.000358719 -0.00161253 -0.00201055 0.000383576 0.000314625 0.000388246 -5.9738e-05 1.17149e-05 0.000715208 -5.27895e-05 -0.000510945
internal_weight=41956.2 39675.4 30115.2 29187.9 2280.79 927.279 29072.2 28026.6 27067 11421.7 11286.8 15645.3 11178.4 9560.18
internal_count=168077 158897 120604 116888 9180 3716 116424 112237 108393 45731 45190 62662 44756 38293
is_linear=0
shrinkage=0.02


Tree=92
num_leaves=15
num_cat=0
split_feature=1 23 23 33 38 12 20 26 22 37 0 3 33 26
split_gain=15.4386 16.3332 13.4797 12.431 11.5539 12.2704 10.7856 10.6861 11.4675 10.0122 11.5813 10.3408 10.7837 10.5437
threshold=-9.3501342083713134e-05 0.7778182260780756 0.98773303187472838 24.018143713921834 6.972464016981891 0.012474529671070269 -0.99999603332010734 -1.3830961877975454 0.26143167971023523 7.3405651432788872 0.00024623784959088983 0.0001162942532993006 60.57248176275786 0.40041808593710937
decision_type=2 2 2 2 2 2 2 2 2 2 2 2 2 2
left_child=-1 3 -3 -2 5 -5 -6 8 -4 11 -11 12 -8 -14
right_child=1 2 7 4 6 -7 9 -9 -10 10 -12 -13 13 -15
leaf_value=0.00044809023361115592 -0.009444489075502752 0.00098827458547803273 0.0012289210923986465 -0.00040206122986141159 -0.0088247641800046801 0.0077370815345461069 -0.0021638785730711753 -0.00048248417370489149 0.0099506039051791752 0.0028161247874683853 -0.0047729348899927257 -0.0031925771716977973 0.0072469073115388298 1.1628289834728359e-05
leaf_weight=19022.273909583688 63.830588296055794 4662.008062556386 332.86903162300587 5094.9441694915295 78.834434047341347 70.189061224460602 1195.0704029351473 8677.3441915810108 69.176227733492851 366.69587317109108 97.843635275959969 1482.204210922122 86.334738224744797 683.33211679756641
leaf_count=76201 256 18671 1339 20394 317 281 4784 34776 278 1469 392 5942 346 2741
internal_value=2.67877e-05 -0.000322271 0.000114685 -0.000973266 -0.000909083 -0.000284083 -0.00171673 -0.000334176 0.00283338 -0.00156238 0.00118387 -0.00193367 -0.000978256 0.000864757
internal_weight=41983 22960.7 13741.4 9219.28 9155.45 5165.13 3990.32 9079.39 402.045 3911.48 464.54 3446.94 1964.74 769.667
internal_count=168187 91986 55064 36922 36666 20675 15991 36393 1617 15674 1861 13813 7871 3087
is_linear=0
shrinkage=0.02


Tree=93
num_leaves=15
num_cat=0
split_feature=43 0 4 19 41 14 21 1 39 30 21 41 14 11
split_gain=14.9437 11.644 14.6609 11.9053 10.5723 10.1784 10.0427 17.8333 12.1548 13.097 12.99 12.0082 11.6259 11.5944
threshold=0.56500740803124416 -0.0012756621702653794 0.0015462738422909802 -0.39315733383350054 0.79521927939255777 0.00064926330188075831 0.29191683802579221 0.00041822240375103325 -0.53471534664138365 -0.80778215329593483 0.63092605730134954 0.24123099888027158 0.0015872361571881088 0.016317124733415348
decision_type=2 2 2 2 2 2 2 2 2 2 2 2 2 2
left_child=1 3 6 5 -2 -1 7 12 9 -8 -11 -10 -3 -13
right_child=4 2 -4 -5 -6 -7 8 -9 11 10 -12 13 -14 -15
leaf_value=-0.0048413974923027158 -0.0006963977724448897 -7.4129391937653645e-06 -0.0014905620927949778 -0.0044866976580177033 -0.0036302409700058377 0.0013795912546183614 0.003924256908831047 -0.0011381528953638244 0.0042252629470740941 3.7362223816211433e-05 -0.0026848699487259458 0.00070290554846639489 0.0018215477546702889 0.0061088528703387279
leaf_weight=103.02180224657059 1771.070133253932 13519.095834359527 2539.809468254447 145.85062210261822 676.73346020281315 4331.7780913859606 263.605544090271 5630.2189576029778 436.16614706814289 2780.4398352205753 932.54707373678684 7076.5654692798853 1544.5444538444281 157.45530910789967
leaf_count=414 7112 54144 10174 584 2716 17368 1056 22555 1747 11129 3733 28345 6184 631
internal_value=1.47779e-06 9.56175e-05 -2.89386e-05 0.00104308 -0.00151325 0.00122979 8.60598e-05 -0.00017834 0.000555716 -0.000341332 -0.00064904 0.00102071 0.000180661 0.000824709
internal_weight=41908.9 39461.1 34880.4 4580.65 2447.8 4434.8 32340.6 20693.9 11646.8 3976.59 3712.99 7670.19 15063.6 7234.02
internal_count=167892 158064 139698 18366 9828 17782 129524 82883 46641 15918 14862 30723 60328 28976
is_linear=0
shrinkage=0.02


Tree=94
num_leaves=15
num_cat=0
split_feature=42 11 23 17 18 47 20 24 11 33 13 16 36 26
split_gain=14.4983 13.65 10.0757 13.1854 11.5869 9.99911 9.37556 8.96629 14.2926 12.9763 11.7618 11.1306 10.0336 9.25268
threshold=0.51729371100244803 0.0077780505839388728 0.63740747537766296 1.6753049183136575 0.00043070942209604029 -0.5 0.99999421182408887 0.99975000000004011 0.0024128409351669056 56.259612412705614 0.00085458728938443034 0.0018940363134043513 0.0031915291734912385 0.70557575808693562
decision_type=2 2 2 2 2 2 2 2 2 2 2 2 2 2
left_child=1 2 3 4 5 -1 -4 10 13 -10 11 -2 -12 -9
right_child=7 -3 6 -5 -6 -7 -8 8 9 -11 12 -13 -14 -15
leaf_value=0.0010116611174320819 -0.0013013541885712383 -0.0013256754736096705 0.00054573872521203998 -0.0058218751195094733 5.1321704602334925e-05 -0.0056146817680213824 0.005429137241011228 0.0041214506025324489 -0.010439190903612006 -0.00056963559374655851 0.0063063191840741148 -0.0077928565511478478 -0.00027555297726704234 0.00016485338239148915
leaf_weight=134.12250648438931 5288.7595388144255 2062.9638206809759 19553.113464891911 165.35968582332134 5730.8255981206894 270.26820576190948 153.60566753149033 534.76695720851421 54.230063676834106 538.46273450553417 88.92252641916275 103.05969299376011 6821.5616021007299 421.44774596393108
leaf_count=538 21197 8265 78329 662 22940 1084 615 2140 217 2162 356 413 27337 1690
internal_value=-2.29417e-05 0.000238325 0.000362616 -0.000333394 -0.000180845 -0.00343144 0.00058517 -0.000552308 0.00087974 -0.00155245 -0.000732892 -0.00143254 -0.000186361 0.00238753
internal_weight=41921.5 28070.3 26007.3 6300.58 6135.22 404.391 19706.7 13851.2 1548.91 592.693 12302.3 5391.82 6910.48 956.215
internal_count=167945 112433 104168 25224 24562 1622 78944 55512 6209 2379 49303 21610 27693 3830
is_linear=0
shrinkage=0.02


Tree=95
num_leaves=15
num_cat=0
split_feature=42 26 42 17 47 28 22 36 43 1 17 20 37 36
split_gain=18.5276 13.364 10.8861 10.2206 13.1225 13.0273 10.3799 9.90338 8.97822 8.96666 11.361 14.1894 13.8738 13.6322
threshold=0.51963283493890366 1.4175229996811198 0.49371824116313778 0.85732142018409219 0.91959550581536709 -2.0023690017335602 0.023226405858219504 0.010503999655881823 1.4699802357922656 -6.1423585923381209e-05 0.70789510331771577 -0.54497244186436822 7.1837132533448216 0.0084006984678419629
decision_type=2 2 2 2 2 2 2 2 2 2 2 2 2 2
left_child=1 3 -3 4 9 6 -6 -8 -5 -1 11 12 -11 -13
right_child=-2 2 -4 8 5 -7 7 -9 -10 10 -12 13 -14 -15
leaf_value=0.00076927289806812604 -0.00061709323818390108 -0.00045950293067608994 -0.0058102982496556045 0.00078832218697149714 0.0079180047823149378 -0.0021192572526265545 0.0020905705617748028 -0.0075060359682534205 -0.0064142721084530585 -0.0036074502059344365 -0.00151182398707752 0.0016065545086395591 0.00099323998772615275 -0.0018776783213106053
leaf_weight=6243.7055405974388 13355.065522685647 385.89145421981812 247.04841795563698 13259.166078984737 86.492887556552887 1819.6116267293692 194.20672143995762 49.859360307455063 64.64461150765419 619.68659880757332 2069.4021009653807 2533.0545882731676 448.7901719212532 541.35223183035851
leaf_count=25007 53526 1550 994 53113 347 7285 779 200 259 2482 8285 10140 1798 2168
internal_value=-2.30917e-06 0.000285201 -0.00257719 0.000350517 -1.49219e-05 -0.00145589 0.00217285 1.87877e-05 0.000750984 0.000234305 -0.000303554 0.00030108 -0.00167941 0.000990986
internal_weight=41918 28562.9 632.94 27930 14606.2 2150.17 330.559 244.066 13323.8 12456 6212.29 4142.88 1068.48 3074.41
internal_count=167933 114407 2544 111863 58491 8611 1326 979 53372 49880 24873 16588 4280 12308
is_linear=0
shrinkage=0.02


Tree=96
num_leaves=15
num_cat=0
split_feature=45 40 13 0 20 40 43 46 42 22 30 11 17 24
split_gain=12.3623 11.7515 11.523 13.4458 14.3343 13.2739 11.7483 10.9531 11.1173 9.86521 14.6627 11.2956 13.4775 11.5768
threshold=-1.8431500035607187 4.5628997491852985 0.0016832004676838846 0.001796389744061607 0.99990741169371955 1.3291389015158368 2.4130494688901964 0.77296446310593003 0.38508996359994735 0.38715622437722325 0.97578833984118163 0.0152700257285247 0.90955577352334294 0.0022220922831439299
decision_type=2 2 2 2 2 2 2 2 2 2 2 2 2 2
left_child=1 7 3 4 6 -5 9 -1 -9 11 -11 13 -13 -2
right_child=2 -3 -4 5 -6 -7 -8 8 -10 10 -12 12 -14 -15
leaf_value=0.0018218778396285364 -0.0010023199697396568 -0.0061973883562997795 0.00065048391272769918 -0.003869903900038349 0.0033658024717454962 0.0009024221300334269 -0.0077949168798524607 0.0025174503507194553 -0.0023036131421912925 -0.00056896300519171156 -0.0035101801527252841 -0.007279379002727438 0.0038887195156224099 0.00022760187942508797
leaf_weight=2860.2443722784519 3674.3322640061378 82.389064401388168 6217.5239701122046 777.41097778081894 436.44363331794739 329.7474061101675 77.646494209766388 278.34851849079132 585.23291508853436 7374.6698172241449 742.06945241987705 165.1352624297142 54.371330469846725 18216.944252192974
leaf_count=11499 14717 331 24902 3118 1748 1325 312 1118 2349 29524 2981 662 218 72950
internal_value=-2.80239e-05 0.00105798 -0.000136737 -0.000290497 -0.000212304 -0.00245088 -0.000264382 0.0012266 -0.000744147 -0.000243752 -0.000839858 -2.47841e-05 -0.00448807 2.09844e-05
internal_weight=41872.5 3806.21 38066.3 31848.8 30741.6 1107.16 30305.2 3723.83 863.581 30227.5 8116.74 22110.8 219.507 21891.3
internal_count=167754 15297 152457 127555 123112 4443 121364 14966 3467 121052 32505 88547 880 87667
is_linear=0
shrinkage=0.02


Tree=97
num_leaves=15
num_cat=0
split_feature=19 23 46 3 4 1 3 21 0 16 12 39 18 0
split_gain=13.1031 12.5192 17.3066 12.2723 11.3373 10.3323 10.9779 10.6983 11.4722 18.1578 12.8869 10.6745 10.6151 12.2822
threshold=0.98282792141041253 0.63740747537766296 -0.943311375140507 0.0023937142690028312 -0.0026856962309921351 0.00037639126803573527 -0.00085131224237525269 0.46988669751251383 -0.0012469164526226477 0.0011690227789987438 0.011657195959862319 -0.329542448473575 0.0016208179688413302 6.843001907289415e-05
decision_type=2 2 2 2 2 2 2 2 2 2 2 2 2 2
left_child=1 3 -3 4 -1 6 -4 8 9 -7 11 -10 13 -8
right_child=-2 2 5 -5 -6 7 12 -9 10 -11 -12 -13 -14 -15
leaf_value=0.0047597360790275394 -0.0012481492199233229 0.0017198745003339229 -0.00071120785754830954 -0.0047001986248280687 -0.0005055837661673238 0.0040813519337916573 -0.00031036234067414445 0.00101381323024689 -0.0005855563889109296 -0.00069317378696588552 0.0010701164110087475 -0.0025647827833582704 0.0014540297292265063 0.0011292198171307796
leaf_weight=161.37483783066273 3290.3770926892757 2989.0692854374647 2972.8029809743166 270.17686294019222 9830.0541454851627 446.05823361873627 5943.7035559117794 1579.2458968609571 1972.1510956436396 1081.3464452773333 800.79131045937538 2442.0881707072258 4296.1619121432304 3936.7372582107782
leaf_count=646 13199 11975 11915 1082 39364 1787 23819 6327 7897 4330 3212 9787 17211 15765
internal_value=-3.74675e-05 6.55579e-05 0.000281494 -0.000533178 -0.000418204 0.000112394 0.000392961 -0.000465691 -0.000812722 0.00070993 -0.00125894 -0.00168219 0.000624672 0.000263502
internal_weight=42012.1 38721.8 28460.2 10261.6 9991.43 25471.1 17149.4 8321.68 6742.44 1527.4 5215.03 4414.24 14176.6 9880.44
internal_count=168316 155117 114025 41092 40010 102050 68710 33340 27013 6117 20896 17684 56795 39584
is_linear=0
shrinkage=0.02


Tree=98
num_leaves=15
num_cat=0
split_feature=26 38 6 45 15 44 3 44 8 29 1 42 26 1
split_gain=14.369 11.6777 18.5102 10.8397 11.4622 12.2045 9.9296 10.2547 9.62809 9.56419 9.16723 8.64876 11.7006 11.7565
threshold=-1.4204776789737825 8.5081135060763184 0.0044025285706343646 2.6014006816877866 0.0003811250521174473 -0.48294263670432319 -0.0021797656988250575 -0.67031795087162949 0.0012135711704969467 9.3153035009451326 -4.657217726753702e-06 0.45012557821576299 0.06393630906512103 -0.00015534870104026328
decision_type=2 2 2 2 2 2 2 2 2 2 2 2 2 2
left_child=-1 3 6 4 5 -2 7 -3 -5 -6 -7 12 13 -8
right_child=1 2 -4 8 9 10 11 -9 -10 -11 -12 -13 -14 -15
leaf_value=0.0016449681461234251 -0.0051740778778114581 0.0010886593392482639 0.0085415675617085633 0.0025488152501242905 0.00022969939503619162 -0.0030440308395718904 0.00079159073517497027 -0.0078704900256496742 -0.003821971530291653 0.007731306698067637 0.0025441902749653573 -0.00095080007097898931 0.0018457858340843211 -0.0024086351300770682
leaf_weight=1987.9932755976915 319.43934091925621 75.695210874080658 82.382161006331444 114.82725538313389 27037.944641828537 218.51473027467728 982.1519782692194 145.55608642101288 470.02595134079456 63.159688889980316 242.39308413863182 8259.7111386358738 1183.7446287274361 854.34247615933418
leaf_count=8005 1281 303 330 461 108255 875 3932 583 1893 253 971 33117 4740 3421
internal_value=-1.2504e-05 -9.49725e-05 -0.000630195 0.000122894 0.000179624 -0.0022024 -0.000699574 -0.00484904 -0.00256016 0.000248605 -0.000109401 -0.000616072 0.000299396 -0.000699661
internal_weight=42037.9 40049.9 11583.6 28466.3 27881.5 780.347 11501.2 221.251 584.853 27101.1 460.908 11280 3020.24 1836.49
internal_count=168420 160415 46426 113989 111635 3127 46096 886 2354 108508 1846 45210 12093 7353
is_linear=0
shrinkage=0.02


Tree=99
num_leaves=15
num_cat=0
split_feature=42 6 39 25 2 8 13 12 47 24 29 29 6 44
split_gain=10.7154 10.488 10.3478 10.2268 9.53195 12.9555 9.64836 15.439 11.2113 11.0634 14.2505 10.4488 9.36009 9.87562
threshold=0.47803123630899341 -0.0043440356517750094 -1.2779943418772601 5.5000000000000009 0.0023944955775577021 0.0038239737969700351 0.00132723951921459 0.0025293115682492929 0.4126824757997184 0.14060415863971606 -2.1109591874796951 -4.0062197206579944 0.0013515425822969405 -0.96451251652653081
decision_type=2 2 2 2 2 2 2 2 2 2 2 2 2 2
left_child=2 -2 -1 -4 5 6 7 8 -3 12 -11 -10 13 -8
right_child=1 4 3 -5 -6 -7 9 -9 11 10 -12 -13 -14 -15
leaf_value=-0.0066621698585476764 -0.0055943419231812121 -0.00040923071027839953 0.00042128572557927036 0.0077672960715698064 0.0016778420593701175 -0.002194121672752963 0.010739698128309213 -0.0011824015165754897 0.0029398795414400315 -0.0016786236922469433 0.00098659958807719513 0.00039078546871870517 -0.00038616944196399514 0.0029065747109923612
leaf_weight=77.18265400826931 139.36589382588863 6099.6585526019335 19063.378923326731 71.12620310485363 1041.618718162179 1318.0840300470591 67.715536579489708 6036.5978042185307 845.26347997784615 1182.1582649797201 2471.4222880750895 2649.6707575470209 320.70213782787323 654.51190161705017
leaf_count=309 558 24431 76368 285 4176 5296 271 24197 3384 4732 9898 10614 1284 2622
internal_value=7.23119e-05 -0.000220604 0.000420313 0.000450614 -0.000186368 -0.000276443 -0.000151588 -0.000390423 0.00010822 0.000642885 0.00012312 0.00101061 0.00245445 0.00370979
internal_weight=42038.5 22826.8 19211.7 19134.5 22687.4 21645.8 20327.7 15631.2 9594.59 4696.51 3653.58 3494.93 1042.93 722.227
internal_count=168425 91463 76962 76653 90905 86729 81433 62626 38429 18807 14630 13998 4177 2893
is_linear=0
shrinkage=0.02


Tree=100
num_leaves=15
num_cat=0
split_feature=43 9 21 3 4 47 5 46 23 11 3 21 46 47
split_gain=14.9221 11.1805 13.2912 15.4798 10.3617 9.54976 9.4449 11.9522 9.37149 13.75 13.7408 10.3806 10.3233 11.8497
threshold=0.53824958503286024 -0.0022502636315789612 0.24011475821350706 0.0011412752278876224 -0.0043490394334665195 -0.84915165824291594 -0.002876104910745721 -0.84915165824291605 1.7475408456737191 -0.0074897585689992626 -0.00073749808811675711 0.023848998548394566 -0.54643492068321309 0.7729644631059297
decision_type=2 2 2 2 2 2 2 2 2 2 2 2 2 2
left_child=1 2 3 8 -4 -5 7 -3 12 11 -11 -10 13 -1
right_child=-2 6 4 5 -6 -7 -8 -9 9 10 -12 -13 -14 -15
leaf_value=0.00023404349597462776 -0.0015150901527204422 -0.0027821992194638425 -0.0045018961045601201 0.010003772941182492 0.001960889425670589 0.0022103957767374313 -0.00016009679166303356 0.0054377542124920868 0.0029896905317708766 -0.0012318577062467094 0.0063141019995635308 -0.004954406900819646 -0.0015967188106309341 0.0093449820253175692
leaf_weight=1236.6039344221354 2619.4453091770411 94.697342216968536 98.052484601736069 71.320885300636292 2964.6984559446573 387.63081547617912 31333.21565644443 247.59994667768478 105.09475785493851 139.45776158571243 298.39842024445534 160.09519550204277 2185.4949771612883 54.881645694375038
leaf_count=4958 10519 379 393 286 11888 1554 125478 991 423 561 1202 644 8764 220
internal_value=-5.48792e-05 4.24367e-05 0.000725626 5.0147e-05 0.00174699 0.00351624 -0.000123765 0.00315637 -0.000334164 0.00176392 0.00392393 -0.0018091 -0.000760321 0.000655759
internal_weight=41996.7 39377.2 7701.73 4638.98 3062.75 458.952 31675.5 342.297 4180.03 703.046 437.856 265.19 3476.98 1291.49
internal_count=168260 157741 30893 18612 12281 1840 126848 1370 16772 2830 1763 1067 13942 5178
is_linear=0
shrinkage=0.02


Tree=101
num_leaves=15
num_cat=0
split_feature=46 19 11 11 31 33 40 8 30 36 31 40 13 34
split_gain=12.8114 12.7695 10.9962 10.9673 10.8864 11.1709 10.1355 11.0206 9.13403 11.1945 12.5348 12.0795 11.1438 9.65063
threshold=-0.47136869107721052 -1.0004880728764676 -0.0038296411370149328 -0.0037505469264100251 -0.76251797246562647 10.599333228721678 0.42001012445931424 -0.0013939474087691515 0.40997655767623631 0.0082615020175799709 0.31006745290124832 2.2321901408099261 0.004058548318265992 52.201384252056791
decision_type=2 2 2 2 2 2 2 2 2 2 2 2 2 2
left_child=1 -1 4 -4 5 -2 -7 -8 12 10 -10 13 -3 -12
right_child=2 8 3 -5 -6 6 7 -9 9 -11 11 -13 -14 -15
leaf_value=0.0026665454471441587 -0.0065779045089600207 0.0007657463638339277 -0.006504747391713292 -0.00041796729024878827 0.0015321028056455141 0.0066338247869617388 0.0013073515668103445 -0.0012443816320034068 0.0039760443152297015 0.00052720357080072641 -0.0093429147350763096 -0.0096653207279718024 -0.0043193915430441328 -0.0013680928927109533
leaf_weight=993.44680206477642 102.88270558416843 9103.4421454071999 114.07927624881268 21943.52286246419 2470.8142962008715 83.688026577234268 1117.1516515016556 1701.9187445491552 146.66431994736195 2169.8068708777428 58.207777827978134 74.208888560533524 170.79620876908302 1673.914441421628
leaf_count=3988 414 36451 457 87917 9897 335 4485 6813 588 8702 233 298 684 6710
internal_value=9.76074e-07 0.000484484 -0.000251768 -0.000450914 0.000550016 -0.000258521 -2.36164e-05 -0.000232647 0.00032174 -0.000461128 -0.00155772 -0.00201677 0.00066982 -0.00166221
internal_weight=41924.5 14390.5 27534.1 22057.6 5476.46 3005.64 2902.76 2819.07 13397 4122.8 1953 1806.33 9274.24 1732.12
internal_count=167972 57654 110318 88374 21944 12047 11633 11298 53666 16531 7829 7241 37135 6943
is_linear=0
shrinkage=0.02


Tree=102
num_leaves=15
num_cat=0
split_feature=9 40 46 48 1 41 3 21 41 3 21 27 3 4
split_gain=12.5161 11.3353 13.2427 10.8034 13.2815 9.57247 14.2747 9.29837 11.6416 9.21851 8.68459 8.3932 8.37266 8.25583
threshold=-0.0022502636315789612 2.0565552601236461 -0.99940512433088335 -0.60785761079279388 -6.1423585923381209e-05 0.69281398802295946 0.0020865946076078089 0.10164197271757704 0.24570086125157783 -0.001851545926203869 6.1323359002012155e-05 0.35230767851559636 0.0011156567804481812 4.3511619417273623e-06
decision_type=2 2 2 2 2 2 2 2 2 2 2 2 2 2
left_child=1 2 -1 4 -4 -2 9 10 -9 -7 -5 -10 -3 -11
right_child=5 12 3 7 -6 6 -8 8 11 13 -12 -13 -14 -15
leaf_value=0.0093758481115549536 -4.560173743044488e-05 -0.0014228111013792012 0.0045156419629791538 0.0011575526836175782 -0.00019553873216849059 0.0054117021437066724 -0.0078726927608385143 0.0062760864099689184 0.00077850348075390722 -7.9367007946049635e-05 -0.001493023708731962 0.0063506329903141147 0.0036502429260181464 -0.0018988030095198653
leaf_weight=70.806099057197571 29850.603792250156 1275.8149324059486 663.65564915537834 810.14077205955982 372.18928550183773 86.626064538955688 114.79852810502052 170.1064842492342 3083.6827727258205 1955.7274010330439 1252.7897311598063 107.21683943271637 140.0475926399231 2032.1779598593712
leaf_count=284 119548 5122 2669 3250 1493 347 461 683 12359 7839 5023 429 562 8153
internal_value=-4.45867e-06 0.000709976 0.00106161 0.000963295 0.00283006 -0.00017132 -0.00106599 0.000604509 0.00125258 -0.000864796 -0.000451824 0.000975374 -0.000909939 -0.00100774
internal_weight=41986.4 7946.45 6530.59 6459.78 1035.84 34039.9 4189.33 5423.94 3361.01 4074.53 2062.93 3190.9 1415.86 3987.91
internal_count=168222 31874 26190 25906 4162 136348 16800 21744 13471 16339 8273 12788 5684 15992
is_linear=0
shrinkage=0.02


Tree=103
num_leaves=15
num_cat=0
split_feature=9 23 22 41 21 26 3 4 31 23 42 24 26 44
split_gain=12.2682 13.2226 11.2041 13.5754 10.9756 11.7999 11.5448 14.4444 9.7148 9.46964 13.7124 13.162 17.5548 16.6546
threshold=0.0042638275057670779 0.46519089527708829 0.34426725277370601 0.62557462016204368 0.00016335865504782114 0.27321145583356726 -9.3268011177938094e-05 -0.00031788126323368924 1.9695316044063473 0.46519089527708829 0.33965289399257664 0.73774154654925461 0.25736945602209688 -0.63568287680393365
decision_type=2 2 2 2 2 2 2 2 2 2 2 2 2 2
left_child=2 -2 9 -4 6 -6 7 -5 -3 10 -1 12 -11 -13
right_child=1 8 3 4 5 -7 -8 -9 -10 11 -12 13 -14 -15
leaf_value=-0.0077174324026325408 -0.0069372814337713843 -0.00098314239568487115 -9.0330293291417449e-05 0.0049376797200154157 -0.0012473710092705057 -0.0053983892226218957 0.0034241849940706464 -0.0069174562875609419 0.0060061778281523658 0.00045170696267574447 -0.00046193133024228144 0.0011755565687153733 0.0019523314125820348 -0.00092959751494032063
leaf_weight=103.79941135644913 142.43950200080872 3254.7811917215586 9559.8211452662945 56.192696869373322 599.44414930045605 505.68969625234604 243.53731232881546 123.56820337474346 76.607869058847427 13996.127930089831 2487.371383368969 2224.1123652160168 4009.0111107379198 4611.967256039381
leaf_count=416 571 13070 38283 225 2400 2029 976 495 307 56080 9963 8905 16060 18477
internal_value=6.30987e-05 -0.00107436 0.000165802 -0.000370589 -0.0021175 -0.00316256 0.000615979 -0.00317824 -0.000813657 0.000382641 -0.000766882 0.000502677 0.000786284 -0.000244329
internal_weight=41994.5 3473.83 38520.6 11088.3 1528.43 1105.13 423.298 179.761 3331.39 27432.4 2591.17 24841.2 18005.1 6836.08
internal_count=168257 13948 154309 44408 6125 4429 1696 720 13377 109901 10379 99522 72140 27382
is_linear=0
shrinkage=0.02


Tree=104
num_leaves=15
num_cat=0
split_feature=42 41 0 26 15 13 38 4 48 6 9 38 9 23
split_gain=12.6035 9.08577 12.4155 11.7455 11.2658 12.5406 12.7521 9.38984 9.20156 9.06624 9.90538 12.4723 16.1058 10.2942
threshold=0.51729371100244803 0.68934855125480199 0.0002548975862075677 -0.41442907959468223 0.0012748299151088512 0.0011992216472517699 4.2816500323836486 -0.00031788126323368924 -1.0000000180025095e-35 0.00028962389424751152 -0.00031446874400958271 6.1542822314594519 0.0070799217682162531 1.4830732601609904
decision_type=2 2 2 2 2 2 2 2 2 2 2 2 2 2
left_child=-1 9 3 -3 5 6 -4 -6 -7 -2 -11 -12 13 -13
right_child=1 2 4 -5 7 8 -8 -9 -10 10 11 12 -14 -15
leaf_value=0.00023987775762644386 0.00029320794250927958 0.0026630012765966921 -0.0043845681536084256 -0.0043335106780951439 0.00053447314381378037 -0.0010294345054301466 0.00061445038291441903 -0.0049045556875422849 0.0082084599960493432 -0.003031973224128176 0.00074202534384324912 -0.001611681827058543 0.0022695115465356155 -0.0060652879075529555
leaf_weight=28025.465508267283 5959.5697925835848 106.14114618301392 251.72792600095272 770.17261852324009 192.7544072419405 63.755521520972252 991.76330776512623 361.90357553958893 122.04097400605679 713.80606861412525 1861.2822285443544 1886.4168362915516 395.23340050876141 229.60749426484108
leaf_count=112265 23880 425 1008 3089 773 256 3983 1453 490 2858 7452 7564 1588 922
internal_value=-4.3642e-06 -0.0004965 -0.00150011 -0.00347578 -0.000620908 0.000319916 -0.00041104 -0.0030265 0.0050946 -0.000236062 -0.000855876 -0.000497577 -0.00141599 -0.0021081
internal_weight=41931.6 13906.2 2860.26 876.314 1983.95 1429.29 1243.49 554.658 185.796 11045.9 5086.35 4372.54 2511.26 2116.02
internal_count=168006 55741 11477 3514 7963 5737 4991 2226 746 44264 20384 17526 10074 8486
is_linear=0
shrinkage=0.02


Tree=105
num_leaves=15
num_cat=0
split_feature=21 1 30 5 19 24 0 28 4 22 30 1 30 39
split_gain=13.121 18.3688 12.7598 12.3465 10.5312 12.2425 9.98763 11.3825 11.3972 12.9222 10.3251 9.86735 9.86307 9.70547
threshold=0.27710843373494881 0.00063574093962868734 1.8223854703848232 -0.0037405336986688774 -0.91609422222883963 0.98188429861320181 -0.0012469164526226477 2.3774027740827979 6.7969387763439751e-05 0.34426725277370601 0.66877608579917236 -0.0012150540428846992 -0.19689858324775958 -0.70375648073689379
decision_type=2 2 2 2 2 2 2 2 2 2 2 2 2 2
left_child=1 3 13 -1 -3 -6 7 8 9 11 -10 12 -5 -2
right_child=2 4 -4 6 5 -7 -8 -9 10 -11 -12 -13 -14 -15
leaf_value=0.0052379821081114178 -0.00069362037915368039 0.00092068662665533026 0.0068891103811785075 0.0062073190860372366 -0.0019788260218483469 0.00058449808345439414 -0.00020691985627276809 -0.0045561262570469893 0.0021328466417886664 -0.0048282478530441023 0.0081015509738163686 -0.0001359083571013092 -0.0013370241922722543 0.00065576829742612327
leaf_weight=174.15774171054363 2586.7956780344248 788.32451409101486 117.8895458728075 219.8400371670723 4453.820680513978 892.50154274702072 18150.073556736112 132.1115233451128 1094.8072883635759 176.74775162339211 125.9403750449419 976.52340979874134 97.977216988801956 12030.285447567701
leaf_count=698 10355 3158 473 885 17852 3579 72708 529 4393 709 504 3920 393 48197
internal_value=-9.90724e-06 -0.000269628 0.000470912 9.95941e-06 -0.00123268 -0.00155076 -3.46895e-05 0.00107068 0.00135477 0.000167368 0.00277915 0.000865496 0.00389685 0.00041681
internal_weight=42017.8 27282.8 14735 21148.2 6134.65 5346.32 20974 2823.95 2691.84 1471.09 1220.75 1294.34 317.817 14617.1
internal_count=168353 109328 59025 84739 24589 21431 84041 11333 10804 5907 4897 5198 1278 58552
is_linear=0
shrinkage=0.02


Tree=106
num_leaves=15
num_cat=0
split_feature=43 31 6 22 24 19 39 41 42 43 19 21 29 24
split_gain=12.4798 8.94552 11.82 11.3495 16.3088 12.4627 11.8549 10.7734 11.6764 10.2556 17.1519 10.234 9.43645 9.15412
threshold=0.56500740803124416 1.1203279557548689 0.0028597706842944776 0.14914567425340433 0.00018162005089062281 -0.52837440677329051 -0.62873916196906598 0.67611236959170384 0.45093233398072763 -0.54808161362848773 -0.95549695437190763 0.21073152581173052 -7.1673741919411853 0.99982570805977
decision_type=2 2 2 2 2 2 2 2 2 2 2 2 2 2
left_child=1 3 9 4 6 -6 -1 13 -9 -3 -11 -4 -8 -5
right_child=-2 2 11 7 5 -7 12 8 -10 10 -12 -13 -14 -15
leaf_value=-0.0023574524528433088 -0.0013508955126240244 0.0030433572852906409 -0.0010545666472625878 -0.00015748369700321099 0.0019675130102938918 0.00054153569244711137 0.0047492144497930586 0.0038077441293196059 -0.0026184003290400325 -0.01003925929987491 -0.0014848706914897727 0.0089472402598577347 -0.00020530328868323749 0.0014089369178220327
leaf_weight=1115.247902110219 2466.2206251323223 177.20354951918125 77.848220303654671 16963.327290743589 3171.8636450618505 10768.949511349201 160.22290028631687 121.68278950452805 1091.7542665302753 94.069351002573967 1835.0639264434576 79.118285194039345 2213.7295135706663 1631.2136296033859
leaf_count=4468 9907 710 312 67940 12721 43129 643 487 4374 377 7364 317 8873 6531
internal_value=2.79117e-05 0.000114156 -0.00110526 0.00018841 0.000560552 0.000866568 -0.0006616 -0.000139115 -0.00196101 -0.00150252 -0.00192688 0.00410738 0.000138366 -1.9727e-05
internal_weight=41967.5 39501.3 2263.3 37238 17430 13940.8 3489.2 19808 1213.44 2106.34 1929.13 156.967 2373.95 18594.5
internal_count=168153 158246 9080 149166 69834 55850 13984 79332 4861 8451 7741 629 9516 74471
is_linear=0
shrinkage=0.02


Tree=107
num_leaves=15
num_cat=0
split_feature=42 29 24 47 22 41 31 9 45 35 27 44 11 44
split_gain=10.9581 12.0698 10.1633 14.3035 10.1015 14.9343 15.7539 10.0983 8.99969 12.1533 11.6451 11.7133 10.8094 10.5506
threshold=0.45012557821576299 -7.4824667964277412 0.99995433581431636 0.94331137514050722 0.34096626834951693 0.60779632752096291 -1.1117393217652116 -0.0024501195170821117 1.7020151406857156 0.061243546416760962 0.23887180453883822 0.27190944247906962 -0.0058111373638385288 0.31499560173795699
decision_type=2 2 2 2 2 2 2 2 2 2 2 2 2 2
left_child=2 -2 3 -1 8 6 -6 -4 9 -3 -11 -12 -10 -13
right_child=1 4 7 -5 5 -7 -8 -9 12 10 11 13 -14 -15
leaf_value=0.00056123110108707559 0.0018565268210328112 -0.00045211250124655117 0.0086510842328459941 -0.001629790392504403 -0.0058716293405486619 -0.0025652039459757754 -0.00028169199109223729 0.0017959336922583513 -0.008935403714653737 0.0025036233539879366 -0.00011254260849325106 0.0083484592819627525 -0.00085296300435450567 0.001369887886006674
leaf_weight=10952.008415043354 1055.339006498456 7816.0634485632181 95.117148816585541 1332.4108269661665 203.53718794882298 1718.1531594097614 6147.991079300642 644.36525347828865 62.623646691441536 1152.2698039710522 5584.0192450433969 86.392056524753571 3296.5873369425535 1787.279263779521
leaf_count=43887 4227 31299 381 5340 815 6889 24625 2579 251 4611 22361 346 13251 7159
internal_value=-2.09148e-05 -0.000237909 0.000460672 0.000323019 -0.00031758 -0.000913713 -0.000465301 0.00272987 -7.42693e-05 0.000118713 0.000636865 0.000346953 -0.00101669 0.00171302
internal_weight=41934.2 28910.3 13023.9 12284.4 27854.9 8069.68 6351.53 739.482 19785.2 16426 8609.96 7457.69 3359.21 1873.67
internal_count=168021 115834 52187 49227 111607 32329 25440 2960 79278 65776 34477 29866 13502 7505
is_linear=0
shrinkage=0.02


Tree=108
num_leaves=15
num_cat=0
split_feature=43 22 47 22 11 22 39 42 4 46 39 17 4 10
split_gain=11.959 15.0012 11.9731 10.7312 10.2577 11.7601 9.44878 9.10103 12.9327 10.9976 10.3988 9.89509 9.20976 13.0745
threshold=0.56500740803124416 0.60084272761354163 -0.44228869021900119 0.14914567425340433 0.011351207954994622 6.677127568090443e-05 -1.0051535234055486 0.52796672558838387 0.0002371664105931809 -0.93969262078590832 1.6413537552940536 0.3562608573674711 0.00035735155963732016 0.0011235128268525351
decision_type=2 2 2 2 2 2 2 2 2 2 2 2 2 2
left_child=3 -2 -3 4 5 6 -1 8 9 -7 11 -9 13 -10
right_child=1 2 -4 -5 -6 7 -8 10 12 -11 -12 -13 -14 -15
leaf_value=-0.0036936483740773575 -0.00093514072018258002 -5.4936942701851575e-05 -0.011076398584223456 -0.00023599605010682728 -0.0018584941779847711 0.0032007749950697705 -2.6185885337670774e-05 -0.0064442552037592832 0.002716023582958354 0.00037029385679224897 0.006108767617458653 -5.354510040085468e-05 0.001822941959790455 0.010455703554577808
leaf_weight=290.85613042116165 2284.4452896267176 61.879438802599907 103.90051737427711 20993.235810995102 750.70823511481285 608.33089736104012 5597.0747565329075 95.260577216744423 306.19575542211533 5262.1391228288412 100.93705148994923 2905.272936180234 2518.5853561758995 120.3649473041296
leaf_count=1165 9177 249 418 84089 3010 2438 22427 382 1227 21086 405 11639 10090 482
internal_value=-1.03618e-05 -0.00136478 -0.00708455 7.37123e-05 0.000424074 0.000520808 -0.000210334 0.000881983 0.00120965 0.000666078 -4.98285e-05 -0.00026682 0.00229017 0.00499581
internal_weight=41999.2 2450.23 165.78 39549 18555.7 17805 5887.93 11917.1 8815.62 5870.47 3101.47 3000.53 2945.15 426.561
internal_count=168284 9844 667 158440 74351 71341 23592 47749 35323 23524 12426 12021 11799 1709
is_linear=0
shrinkage=0.02


Tree=109
num_leaves=15
num_cat=0
split_feature=42 6 36 39 41 22 22 6 41 36 6 32 7 31
split_gain=11.7803 9.61984 8.68907 9.58501 9.49536 10.4169 12.1224 10.4394 8.85366 10.9041 9.0695 11.8803 8.83865 8.38587
threshold=0.45012557821576299 0.0028597706842944776 0.025167965028164197 -0.53925665964235725 0.42218311924168023 0.0012558378393335513 0.025367205184839595 -0.00090863463291860974 0.46109162269001064 0.0047942686651216383 -5.3816867743268998e-05 -0.11643546711699206 8.4986479138026742e-05 -0.60205790366683642
decision_type=2 2 2 2 2 2 2 2 2 2 2 2 2 2
left_child=1 2 3 4 5 7 -7 -1 -6 10 11 -10 -13 -11
right_child=-2 -3 -4 -5 8 6 -8 -9 9 13 -12 12 -14 -15
leaf_value=0.0034506969723393098 -0.00024160645284165581 0.0064525439784597453 -0.0032123839999449256 0.00088074250058836926 0.0032437701780716273 0.0072169262166463279 -0.00065731578443853854 -0.003965758010340918 -0.0038308346894203745 0.001811444882031844 0.0040820412126313134 0.0059056382983131784 -0.0023778934127749785 -0.0030204248596279954
leaf_weight=81.898232832551003 28913.001730799675 102.07847145199776 251.5644153803587 8668.8082310259342 428.16945530474186 78.074491128325462 1329.9378373026848 655.85818655788898 195.85026405751705 191.78010052442551 338.0437083542347 135.93969854712486 77.72111052274704 536.36239238083363
leaf_count=328 115848 409 1009 34749 1714 313 5324 2628 784 768 1353 544 311 2147
internal_value=-1.63508e-05 0.000481774 0.000432314 0.000505638 -0.000297421 -0.00120835 -0.000196696 -0.00312477 0.000729724 -8.2102e-06 0.00168298 -0.000322759 0.00290695 -0.00174412
internal_weight=41985.1 13072.1 12970 12718.4 4049.64 2145.77 1408.01 737.756 1903.87 1475.7 747.555 409.511 213.661 728.142
internal_count=168229 52381 51972 50963 16214 8593 5637 2956 7621 5907 2992 1639 855 2915
is_linear=0
shrinkage=0.02


Tree=110
num_leaves=15
num_cat=0
split_feature=33 0 43 36 29 43 28 34 17 17 49 21 22 3
split_gain=11.197 12.7789 10.5888 8.87095 10.075 15.6453 12.0205 10.4624 9.35895 9.22592 8.94594 8.6435 8.47385 8.98041
threshold=72.476402701935129 -0.00067671022009037276 1.7840693926010489 0.002994689548767871 4.1476849009540349 0.20142909062270295 1.02676826388917 64.886317740041321 0.9514508140705723 0.86130646575902581 0.81174490092936691 5.5155676951228177e-05 0.30168106561011837 0.00087863707425116873
decision_type=2 2 2 2 2 2 2 2 2 2 2 2 2 2
left_child=2 -2 -1 -3 5 6 -5 8 -7 -8 -9 -6 13 -13
right_child=1 3 -4 4 11 7 9 10 -10 -11 -12 12 -14 -15
leaf_value=0.00015338221282768866 0.0051727696583354103 0.0021509643486825321 -0.0052423335398836058 0.0055646598145658943 0.0040210157028830861 -0.0054135136880148491 -0.00011027235672159159 -0.0044397371121224147 -0.014245409730665456 -0.0049135063695952717 0.0028333625028330099 0.0013448169367615997 -0.0033323288695653866 -0.0026908804941310513
leaf_weight=38391.581991285086 122.06674666702747 270.33567701280117 141.0381371229887 96.898867100477219 149.08338430523872 158.26414838433266 458.54161539673805 377.15268886089325 72.274279519915581 240.8432225883007 78.586969599127769 677.12307070195675 419.82638888061047 320.94794541597366
leaf_count=153769 489 1087 566 389 600 637 1845 1521 291 969 317 2726 1690 1292
internal_value=3.5278e-05 -0.00105683 0.000132955 -0.00129331 -0.00160166 -0.00278072 -0.000863659 -0.00498274 -0.00842596 -0.00178747 -0.00316844 -0.000480824 -0.000966632 4.01205e-05
internal_weight=41974.6 3441.95 38532.6 3319.88 3049.54 1482.56 796.284 686.278 230.538 699.385 455.74 1566.98 1417.9 998.071
internal_count=168188 13853 154335 13364 12277 5969 3203 2766 928 2814 1838 6308 5708 4018
is_linear=0
shrinkage=0.02


Tree=111
num_leaves=15
num_cat=0
split_feature=1 22 43 8 4 15 45 4 24 23 23 7 17 5
split_gain=14.7347 10.1035 11.3863 10.4673 11.2303 17.6326 10.9807 10.6884 10.281 9.62088 18.4338 9.05085 8.90663 9.76904
threshold=-2.1524725620370155e-05 1.0000000180025095e-35 0.39331298935552139 -0.0027025858009651787 0.0002546752395446808 0.00080473854444626156 0.77810530248642606 -0.00047503401039929936 0.99986904138289645 0.7778182260780756 0.99674162542568434 -0.00035911250216001011 1.2793319237271359 -0.00027222870848889912
decision_type=2 2 2 2 2 2 2 2 2 2 2 2 2 2
left_child=1 8 -3 -4 6 -6 -5 -8 -1 -2 -11 -10 13 -12
right_child=9 2 3 4 5 -7 7 -9 11 10 12 -13 -14 -15
leaf_value=-0.0010529344164636677 -0.00079272379885189344 0.00078783794033991065 0.0045892115263481727 -0.005105995987306421 0.0067351748095805328 -0.0020817046771487418 0.0057415081408663127 -0.0029696066924623384 0.0087237569235100731 0.0010921951779284181 -0.0019610921928463454 0.00068725578399427543 0.00063429925464497964 -0.0002955708383422211
leaf_weight=2486.0723223239183 8568.1664836555719 16541.522407963872 107.80301158130169 462.96100825071335 130.84558522701263 268.60620248317719 83.494510248303413 150.08463270962238 74.400176301598549 4569.2122708112001 2137.3233927488327 193.99668624997139 2115.6547365933657 4120.013112410903
leaf_count=9961 34321 66273 432 1854 525 1078 335 603 298 18302 8566 777 8485 16522
internal_value=9.25393e-05 0.000476165 0.000651097 -0.00122337 -0.00181335 0.000853937 -0.00333816 0.000199312 -0.000649946 -0.000273089 7.10991e-05 0.00303379 -0.000486441 -0.000865576
internal_weight=42010.2 20499.8 17745.3 1203.79 1095.99 399.452 696.54 233.579 2754.47 21510.4 12942.2 268.397 8372.99 6257.34
internal_count=168332 82136 71100 4827 4395 1603 2792 938 11036 86196 51875 1075 33573 25088
is_linear=0
shrinkage=0.02


Tree=112
num_leaves=15
num_cat=0
split_feature=35 21 33 37 46 41 19 27 11 2 43 20 45 15
split_gain=11.8479 11.0593 10.8142 10.4213 12.2288 10.1969 13.6649 14.5978 14.1173 9.59221 11.7769 12.6388 10.4353 9.52869
threshold=-1.0858644731563962 0.25681962116842544 10.599333228721678 14.406204099577179 0.51877325816052167 0.24123099888027158 0.14322219748749884 -1.3645728457215778 -0.013271218317487067 0.0026743063107185871 0.56500740803124416 0.99985108521470545 1.7020151406857156 0.00067358934362763518
decision_type=2 2 2 2 2 2 2 2 2 2 2 2 2 2
left_child=2 3 -1 9 -5 -3 7 -7 -8 10 11 -2 -13 -14
right_child=1 5 -4 4 -6 6 8 -9 -10 -11 -12 12 13 -15
leaf_value=-0.0040736655513006178 -0.00046216480891351532 0.0028318994163669697 0.0022147345529156173 0.0036454877612078895 -0.0011492476211128508 0.0016652365807534439 -0.0041709632516501857 -0.0005692005521403062 0.0012150637414634711 0.0019653889695974867 -0.0022552265716061374 0.0037926916542806977 0.0039320185777900508 -0.0065592312348722428
leaf_weight=114.22478623688221 21442.479373246431 620.6690910756588 1378.0127125680447 539.27843230962753 346.17640690505505 1366.1109459400177 197.29512314498425 7952.4594843089581 5279.7194935679436 646.74580013751984 1422.6585979610682 483.33481349050999 53.373225942254066 81.703282997012138
leaf_count=460 85891 2486 5551 2160 1387 5481 790 31841 21153 2593 5719 1935 214 328
internal_value=-2.56871e-05 -9.03718e-05 0.00172139 -0.000350011 0.00177502 0.000330918 0.000225082 -0.000240913 0.00101742 -0.00042834 -0.000494668 -0.000380649 0.00242684 -0.00242141
internal_weight=41924.2 40432 1492.24 25015.7 885.455 15416.3 14795.6 9318.57 5477.01 24130.3 23483.5 22060.9 618.411 135.077
internal_count=167989 161978 6011 100227 3547 61751 59265 37322 21943 96680 94087 88368 2477 542
is_linear=0
shrinkage=0.02


Tree=113
num_leaves=15
num_cat=0
split_feature=26 16 41 2 49 5 47 22 23 14 19 24 22 23
split_gain=8.40165 12.4658 14.7691 12.0089 10.9782 11.4124 10.8889 10.4409 20.1407 13.3971 12.9366 15.6399 11.729 14.6885
threshold=0.97966657098516774 0.00029358727381237809 0.25404729060173747 -0.00090748051401795657 1.0000000180025095e-35 0.0015469232884343924 -0.77988448309288172 0.22236032519839119 0.54230929455250021 0.0043402626987972962 0.7764468632139313 0.98188429861320181 0.84867582484603676 0.79238222918973256
decision_type=2 2 2 2 2 2 2 2 2 2 2 2 2 2
left_child=1 2 -1 -2 7 -6 -4 8 -3 12 -10 -12 -9 -14
right_child=3 4 6 -5 5 -7 -8 9 10 -11 11 -13 13 -15
leaf_value=-0.011483696474431948 0.0031064195435473456 -0.0011305923374272384 0.0059996856783028144 -0.0011070397663550389 -0.00049411418328423006 0.0014760855186688568 -0.00432869702998379 -0.00021009318902469193 0.001413010517780871 -0.0078752077683020855 -0.0021663909157822385 0.0021051944017386271 0.0064162601711696236 -0.0017435363215059663
leaf_weight=74.991882994771004 283.08510453999043 1899.1080504655838 54.577490374445915 4502.2810556739569 14480.269137486815 1275.1158191710711 125.33134929835796 8882.6953639835119 8522.3980918526649 83.669043645262718 938.3318213224411 533.87994760274887 232.53883744776249 137.58116628229618
leaf_count=302 1137 7605 219 18100 58001 5106 503 35572 34145 335 3756 2137 931 551
internal_value=-6.63947e-05 3.50164e-05 -0.00432981 -0.000854804 6.56795e-05 -0.000334244 -0.00111795 0.00036248 0.000755321 -0.000138095 0.00111406 -0.000615469 -6.39167e-05 0.00340029
internal_weight=42025.9 37240.5 254.901 4785.37 36985.6 15755.4 179.909 21230.2 11893.7 9336.48 9994.61 1472.21 9252.82 370.12
internal_count=168400 149163 1024 19237 148139 63107 722 85032 47643 37389 40038 5893 37054 1482
is_linear=0
shrinkage=0.02


Tree=114
num_leaves=15
num_cat=0
split_feature=1 38 23 23 33 33 6 41 22 16 23 37 16 8
split_gain=11.944 11.6776 10.6068 17.6177 12.8372 10.8543 9.7735 9.2617 12.7263 10.8551 11.2915 10.6803 13.3702 13.0968
threshold=-0.00010044481013736877 0.050023294451899104 0.77425902496548749 0.99240720543178307 24.549656103260322 77.17571929645878 0.0025227569005166236 0.67611236959170384 0.27327170429994391 0.0019462012623306677 1.2830108511528173 1.9830552972709512 0.00083010970463642342 -0.0013127707108671184
decision_type=2 2 2 2 2 2 2 2 2 2 2 2 2 2
left_child=1 -1 4 5 -2 6 -4 11 9 10 -9 12 -3 -14
right_child=2 7 3 -5 -6 -7 -8 8 -10 -11 -12 -13 13 -15
leaf_value=0.0056364817964387557 -0.0090666573107577308 -0.0040502845320217109 0.00098116201121011058 -0.00054451042203195583 -0.00082695238897749241 -0.003258372880149068 0.006029428222556376 0.0015046294531694325 -0.0041432438737797079 -0.0058712086025764203 -0.0022916136464086402 0.00060132508148273375 -0.0046631293004781018 0.0006429720998965226
leaf_weight=158.19047163426876 71.323908656835556 432.0062338411808 4516.0314956009388 9034.9903517067432 9130.9137940257788 229.43241980671883 154.06745015084743 973.88237817585468 410.74451003968716 119.29282709956169 456.06051388382912 14715.710273176432 210.88180850446224 1342.4172888845205
leaf_count=638 286 1731 18084 36228 36576 924 617 3900 1646 478 1829 58961 844 5379
internal_value=-6.46514e-05 0.000309465 -0.000368954 -2.08965e-05 -0.000895705 0.000944246 0.00115398 0.00026281 -0.00103614 -0.000201685 0.000290104 0.000415515 -0.000959819 -9.00553e-05
internal_weight=41955.9 18819.2 23136.8 13934.5 9202.24 4899.53 4670.1 18661 1959.98 1549.24 1429.94 16701 1985.31 1553.3
internal_count=168121 75406 92715 55853 36862 19625 18701 74768 7853 6207 5729 66915 7954 6223
is_linear=0
shrinkage=0.02


Tree=115
num_leaves=15
num_cat=0
split_feature=1 21 41 33 46 19 1 37 11 21 33 24 46 1
split_gain=15.1962 12.4345 15.5616 17.0582 13.8929 12.0396 10.5894 12.569 13.8646 12.1215 12.417 10.1395 12.0142 11.7878
threshold=-3.0188898305685825e-05 0.41840825999671644 0.31352122474404331 50.862904597372768 -0.11969653353600822 0.16983874961660322 0.002851336928575554 5.3703026345045553 -0.015807223707381805 0.46494742508854897 49.842032365109631 0.99999625007500059 -0.95688340256707771 0.00089413404241322038
decision_type=2 2 2 2 2 2 2 2 2 2 2 2 2 2
left_child=-1 11 3 -3 -5 6 7 -4 -9 -10 -11 12 -2 -14
right_child=1 2 5 4 -6 -7 -8 8 9 10 -12 -13 13 -15
leaf_value=0.00038098619095267656 0.00093359741290137139 0.00020001540902949222 -0.0019572380031280508 0.00124590523915743 0.012683864308241352 0.001792724981772122 0.0044124327589785805 -0.0081877716486646254 0.0061588021058655504 0.0024699499712254633 -0.001906394183051979 0.0010778562993608418 -0.00054332325630800722 -0.001765331107323638
leaf_weight=20293.709359630942 1491.1547332108021 192.04560030996799 1606.4760276079178 66.936714068055153 117.15410682559013 1300.9721551537514 160.71807144582272 61.445785135030746 164.35141685605049 538.27525529265404 491.31659570336342 1277.7824653834105 9472.8583768755198 4736.7640804350376
leaf_count=81316 5975 769 6436 268 469 5214 644 246 658 2155 1967 5120 37962 18990
internal_value=-1.22886e-05 -0.000380449 0.000529577 0.00440374 0.00866786 0.000187839 -0.000504751 -0.000788107 0.000709818 0.00119996 0.000382458 -0.000632427 -0.000771915 -0.000951156
internal_weight=41972 21678.3 4699.69 376.136 184.091 4323.56 3022.58 2861.87 1255.39 1193.94 1029.59 16978.6 15700.8 14209.6
internal_count=168189 86873 18826 1506 737 17320 12106 11462 5026 4780 4122 68047 62927 56952
is_linear=0
shrinkage=0.02


Tree=116
num_leaves=15
num_cat=0
split_feature=35 24 17 36 45 39 43 24 11 22 4 19 36 15
split_gain=13.3891 10.0317 11.1065 9.76828 9.70163 10.8983 11.8595 8.58525 8.48327 21.4591 9.28931 10.8038 12.0379 15.4316
threshold=-1.1414660448450966 0.99982570805977 1.846416958790434 0.0027121607757749655 2.7756923133070215 4.4414931625344272 -0.11280710845655587 0.091938707721059179 -0.00013349446904940205 0.32438944668625375 -0.00020336033650223252 -0.45854397302619249 0.0014420158684918302 0.00039260921424569603
decision_type=2 2 2 2 2 2 2 2 2 2 2 2 2 2
left_child=7 3 -3 8 -5 6 -6 -1 9 10 -2 -12 -13 -14
right_child=1 2 -4 4 5 -7 -8 -9 -10 -11 11 12 13 -15
leaf_value=0.0042962335876916401 -0.0059224221691061953 0.0011588735249076785 -0.0054617729119141459 7.3950207542277996e-05 0.003727876577694631 0.0051172082636584161 -0.0040460616165866091 0.00077007269327676597 -0.00018953759679143532 0.0016347188411728604 0.00042934621368374121 0.0025530311728190146 -0.011431551614927931 -0.0031015836034225686
leaf_weight=459.9525897949934 389.33470992743969 3749.9809433370829 99.280122876167297 32286.052608370781 86.584769681096077 68.399542897939682 583.14676620066166 687.14320558309555 2188.0401989370584 465.97460781037807 368.1640979796648 92.136108502745628 116.00217717885971 360.4999523460865
leaf_count=1857 1559 15023 398 129340 348 276 2351 2767 8767 1865 1475 370 465 1443
internal_value=7.01804e-05 1.02165e-05 0.00098125 -9.09112e-05 2.19584e-05 -0.00223737 -0.00302085 0.00219647 -0.00102627 -0.00204449 -0.00333856 -0.00223897 -0.00395525 -0.00522712
internal_weight=42000.7 40853.6 3849.26 37004.3 33024.2 738.131 669.732 1147.1 3980.15 1792.11 1326.14 936.802 568.638 476.502
internal_count=168304 163680 15421 148259 132315 2975 2699 4624 15944 7177 5312 3753 2278 1908
is_linear=0
shrinkage=0.02


Tree=117
num_leaves=15
num_cat=0
split_feature=1 41 23 20 26 36 13 6 22 26 44 40 31 41
split_gain=8.69004 13.3551 9.58554 13.1373 19.4716 11.8272 11.7029 13.7367 10.097 10.0757 9.7829 10.3232 12.8318 12.3918
threshold=-0.0002290380033791017 0.69281398802295946 0.77053994215174859 -0.23380693581789957 0.54766949599550852 0.0091246483862099277 0.0013792744258010062 0.0023937980473205315 0.34426725277370601 0.23314110957816059 -0.52453620188688455 0.30461701670532587 0.031301786497683941 0.32596201497609462
decision_type=2 2 2 2 2 2 2 2 2 2 2 2 2 2
left_child=1 -1 3 -2 5 9 -7 8 -8 -5 11 12 -11 -13
right_child=2 -3 -4 4 -6 6 7 -9 -10 10 -12 13 -14 -15
leaf_value=0.00059064681831499542 -0.001566275408972707 -0.0015176682873947363 0.00014053454461450426 0.00043960908145001984 -0.0015575656030861283 -0.0042552950359654581 -0.00090072123353360321 -0.0076559736604489993 0.0050207573113418714 0.013956558435852062 0.0055230944822402799 0.0082647549990676611 0.0008479088533167767 -0.00026273804767732329
leaf_weight=14815.309437856078 3867.0585945248604 1303.1005784869194 15522.648865386844 1999.6299201995134 2292.4960218667984 330.19057670235634 252.09850545227528 66.213096141815186 205.14664569497108 51.226727843284607 354.97573149204254 71.210517764091492 65.20067423582077 643.05075545608997
leaf_count=59368 15491 5221 62218 8003 9196 1322 1009 265 821 205 1421 285 261 2574
internal_value=5.57427e-05 0.000419781 -0.000172423 -0.000648596 -8.73105e-05 0.000748097 -0.00133701 0.000526656 0.00178157 0.00130812 0.00276487 0.00156021 0.00695276 0.00063898
internal_weight=41839.6 16118.4 25721.1 10198.5 6331.44 4038.94 853.649 523.458 457.245 3185.29 1185.66 830.689 116.427 714.261
internal_count=167660 64589 103071 40853 25362 16166 3417 2095 1830 12749 4746 3325 466 2859
is_linear=0
shrinkage=0.02


Tree=118
num_leaves=15
num_cat=0
split_feature=22 23 33 47 14 14 34 13 16 43 15 19 41 42
split_gain=9.53598 9.53289 11.6046 9.76864 9.56466 12.5911 11.4816 11.1452 13.074 13.8894 10.6427 10.4673 10.9789 10.2299
threshold=0.34426725277370601 0.34154043003914109 48.303785365037285 -0.71473537162315148 0.0043402626987972962 0.0021735502507276706 53.995179814096382 0.00049009319754542938 0.00091025952074230709 0.31334290236483514 0.0013480660258412692 0.28800670634731934 0.60779632752096291 0.57877386498213546
decision_type=2 2 2 2 2 2 2 2 2 2 2 2 2 2
left_child=-1 2 -2 -4 5 6 7 -3 13 -10 -11 12 -8 -9
right_child=1 4 3 -5 -6 -7 11 8 9 10 -12 -13 -14 -15
leaf_value=0.00015231278739291063 -0.001746727472642726 0.0015569427297721539 0.012287546100437918 0.002888765804390916 -0.0071592726249597172 0.0015685262139105694 -0.0016097880455813781 -0.0025873907020450126 0.00022128714216806876 -0.0085143163124725089 0.0014846365994010322 0.00033380084675694249 -0.004705439563053547 0.0044654540065835234
leaf_weight=29835.319198846817 165.9075590968132 1103.7336073964834 52.439899414777756 215.70442777872086 83.901683658361435 998.97581787407398 2448.1819378882647 1465.7761943042278 3862.695106908679 125.82377998530865 61.169863909482956 834.89015632867813 562.33252447843552 82.679317250847816
leaf_count=119570 664 4419 210 864 336 4001 9813 5871 15465 504 245 3350 2259 331
internal_value=-3.95563e-05 -0.000513923 0.00237974 0.00491813 -0.000622895 -0.000572319 -0.000775735 -0.00027546 -0.000637804 -3.94027e-05 -0.00528995 -0.00164614 -0.00219487 -0.00219765
internal_weight=41899.5 12064.2 434.052 268.144 11630.2 11546.3 10547.3 6701.88 5598.14 4049.69 186.994 3845.4 3010.51 1548.46
internal_count=167902 48332 1738 1074 46594 46258 42257 26835 22416 16214 749 15422 12072 6202
is_linear=0
shrinkage=0.02


Tree=119
num_leaves=15
num_cat=0
split_feature=1 43 21 2 45 33 42 35 7 46 0 24 42 7
split_gain=11.6448 10.9537 19.246 12.1203 11.3616 9.85613 9.31919 14.1657 13.1415 14.5739 11.2849 11.0845 13.783 10.6027
threshold=-0.00010044481013736877 0.42108257958016493 0.25129325859056034 -3.7238832944847263e-05 -0.47781293952696696 31.416315000711617 0.44089544710171102 -0.63170403663217345 -0.00020456136430792093 0.41268247579971845 -0.0013415791020486361 1.0000000180025095e-35 0.52796672558838387 -0.001159918056970261
decision_type=2 2 2 2 2 2 2 2 2 2 2 2 2 2
left_child=1 6 -3 5 -5 -4 -1 8 13 -10 -9 12 -12 -8
right_child=-2 2 3 4 -6 -7 7 10 9 -11 11 -13 -14 -15
leaf_value=0.0011576762064075012 -0.00029928203215652034 -0.0033393043593910681 0.0050233649795706093 -0.0031558434777102114 0.0072794099846673092 -0.004583331973871882 -0.0021223828038827611 0.0029928944857636115 -0.00098394688279538505 -0.005346069992283934 -0.0057968318408183027 0.00047892970710907058 0.0020648073633552193 0.0021253223190072948
leaf_weight=5744.19004522264 23155.294792607427 776.20159167051315 56.32326178252697 50.692669734358788 180.77482248842716 137.5533691495657 371.25200380384922 680.1464147567749 893.61483766138554 463.58570392429829 243.72845150530338 8448.2843824476004 135.82921870052814 621.90640789270401
leaf_count=23037 92793 3114 226 203 725 551 1490 2723 3586 1859 976 33819 544 2496
internal_value=9.39328e-07 0.000370612 -0.00147314 0.0019316 0.00497563 -0.00173635 0.000496849 0.000176392 -0.00121232 -0.00248809 0.000520136 0.000328035 -0.00299318 0.000534812
internal_weight=41959.4 18804.1 1201.55 425.344 231.467 193.877 17602.5 11858.3 2350.36 1357.2 9507.99 8827.84 379.558 993.158
internal_count=168142 75349 4819 1705 928 777 70530 47493 9431 5445 38062 35339 1520 3986
is_linear=0
shrinkage=0.02


Tree=120
num_leaves=15
num_cat=0
split_feature=43 21 10 9 45 40 29 42 21 45 48 10 11 17
split_gain=10.5533 9.61725 10.2788 10.728 18.9057 12.2586 12.4831 12.3742 11.3479 10.5491 15.1906 13.5935 9.64099 8.6707
threshold=2.4130494688901964 0.25681962116842544 0.021634182094193707 -0.0022502636315789612 -1.8781432657374524 1.144011876944967 -0.15210074983639324 0.51729371100244803 0.67023779703304076 0.043517060305032086 -1.0000000180025095e-35 0.0020729747090903836 0.00078573465195853562 1.6753049183136575
decision_type=2 2 2 2 2 2 2 2 2 2 2 2 2 2
left_child=1 -1 3 5 -5 6 8 12 -3 10 -6 -11 -7 -13
right_child=-2 2 -4 4 9 7 -8 -9 -10 11 -12 13 -14 -15
leaf_value=-0.00013736597433166729 -0.0049496268850564747 0.0051612254526914678 0.0078363616689757984 0.0055748709162361599 0.00062525131474279883 0.0001091104403840194 0.00067283457290347442 -0.0058633685021510116 -0.00093622360659062118 0.001378888451486818 -0.0016856758747895912 -0.00057918061539695453 0.0056325280553076885 0.002840841786866308
leaf_weight=26123.888651847839 161.36663454771042 782.23572912812233 70.817133992910385 251.19016936421394 2025.0135811269283 1120.7601217031479 696.24108837544918 120.02967113256454 142.84799228608608 3848.0381759256124 2585.9242219626904 3576.0238449573517 137.50535224378109 318.33577477931976
leaf_count=104701 650 3137 284 1008 8105 4500 2790 481 573 15404 10348 14340 551 1276
internal_value=7.76308e-05 9.76285e-05 0.000489189 0.000453346 0.000197266 0.00152728 0.00270334 0.00013909 0.00421971 8.57078e-05 -0.000671194 0.000536618 0.000732623 -0.000296334
internal_weight=41960.2 41798.9 15675 15604.1 12604.5 2999.62 1621.32 1378.3 925.084 12353.3 4610.94 7742.4 1258.27 3894.36
internal_count=168148 167498 62797 62513 50481 12032 6500 5532 3710 49473 18453 31020 5051 15616
is_linear=0
shrinkage=0.02


Tree=121
num_leaves=15
num_cat=0
split_feature=11 45 38 48 48 44 43 1 5 31 29 32 30 38
split_gain=11.91 13.8431 10.6694 8.72192 10.5231 10.0413 10.021 10.0294 9.13103 9.9761 9.10461 9.35339 9.89521 10.3288
threshold=-0.0023004929723063495 1.9380121009076638 0.050023294451899104 0.87837969732492682 -0.8783796973249266 -0.5380474933338929 -0.1237742441823395 0.00060928058625877028 -0.00062162217179544425 -0.99143463429190826 4.5337360530218485 0.32576688552566674 -0.94006698957140422 4.9714691383443901
decision_type=2 2 2 2 2 2 2 2 2 2 2 2 2 2
left_child=1 2 -1 4 6 -6 8 -8 -4 -10 11 12 13 -7
right_child=-2 -3 3 -5 5 10 7 -9 9 -11 -12 -13 -14 -15
leaf_value=0.0050878481251244853 -0.00024781120248023426 -0.0046471152944114217 -0.0047662463036900254 0.0017610410664039196 0.0011233639816056523 -0.0014510344758166256 0.0048710237653699587 -0.0010716971285552053 -0.0043022976699807793 0.0034335849027337575 -0.0047132902842953756 -0.0045970429631705893 0.00048149437698210982 0.0046117538442258721
leaf_weight=200.5340885668993 29103.393125280738 202.00184974074364 122.10755874216557 1841.4220721721649 2544.9376283586025 2204.5639947205782 534.40246273577213 141.87850123643875 84.5379528850317 259.05965039134026 180.77247330546379 185.14159473776817 4203.9613238424063 113.62155885994434
leaf_count=809 116628 810 491 7377 10188 8843 2141 568 340 1040 724 741 16841 456
internal_value=-2.40899e-05 0.000483733 0.000567688 0.000492665 0.000271075 5.11031e-05 0.00207994 0.00362557 -0.000179249 0.00149586 -0.000345594 -0.000224454 -9.69043e-05 -0.00114459
internal_weight=41922.3 12818.9 12616.9 12416.4 10575 9433 1141.99 676.281 465.705 343.598 6888.06 6707.29 6522.15 2318.19
internal_count=167997 51369 50559 49750 42373 37793 4580 2709 1871 1380 27605 26881 26140 9299
is_linear=0
shrinkage=0.02


Tree=122
num_leaves=15
num_cat=0
split_feature=34 4 22 14 48 11 46 10 32 8 27 33 20 8
split_gain=11.22 11.2019 11.4695 11.3625 10.5479 9.71772 10.9074 15.8483 10.0736 11.1481 10.2222 9.9501 13.2718 14.8983
threshold=59.699163754990415 0.00050970616959980801 0.41025942330289616 0.0020825915200193014 -0.60785761079279388 -0.014032249717586905 -0.43245347597985068 0.0053032411527969133 0.15338255714498614 0.0032279142206930508 -1.7682366076173623 61.340345993438071 -0.98829867010855754 -0.00039252370062751806
decision_type=2 2 2 2 2 2 2 2 2 2 2 2 2 2
left_child=5 2 -2 -4 -3 -1 7 -7 9 10 -8 12 13 -10
right_child=1 4 3 -5 -6 6 8 -9 11 -11 -12 -13 -14 -15
leaf_value=-0.0015096646270452224 0.000309651050024562 -0.003990328782887324 -0.0026465838687626596 0.0043613595725198549 -0.0011139002206095915 0.00081058411572938098 0.00079644818032202343 -0.0026528089640424834 0.0043531442049800223 0.0035302475266431699 -0.00060119303548205173 -0.00047533553116816009 0.0021100252864381603 -0.0075834840545602258
leaf_weight=1505.5099532902241 4015.0765445828438 636.83311428129673 990.20368079841137 97.526315048336983 2518.3341115564108 10582.874828711152 2436.2099036425352 551.44609117507935 59.681455433368683 288.31602430343628 14699.367797523737 1444.1702602356672 2046.7508083432913 116.84854444861412
leaf_count=6035 16123 2559 3978 391 10117 42386 9793 2207 239 1154 58842 5783 8190 469
internal_value=-0.000103595 -0.000764105 -0.000184407 -0.00200117 -0.00169987 5.81987e-05 0.000131669 0.00063794 -0.000135685 -0.000336246 -0.000402312 0.000816331 0.00165454 -0.00353919
internal_weight=41989.1 8257.97 5102.81 1087.73 3155.17 33731.2 32225.7 11134.3 21091.3 17423.9 17135.6 3667.45 2223.28 176.53
internal_count=168266 33168 20492 4369 12676 135098 129063 44593 84470 69789 68635 14681 8898 708
is_linear=0
shrinkage=0.02


Tree=123
num_leaves=15
num_cat=0
split_feature=8 43 24 25 0 32 46 46 8 8 41 23 6 17
split_gain=10.9999 13.3792 13.2757 11.7365 12.6551 10.7793 10.2317 14.4155 11.2172 10.9364 12.3303 11.765 10.0105 10.6363
threshold=-0.001644450308141794 -0.2429357414685048 0.98604173597527123 -4.4999999999999991 -0.00045208927986426395 0.20831151201932352 -0.45201865172701744 -0.98279651670771906 -0.00039252370062751806 0.0010460243862787453 0.66157718292024736 0.53809030460758722 -0.00043081271290469565 1.3481040290942075
decision_type=2 2 2 2 2 2 2 2 2 2 2 2 2 2
left_child=1 3 -2 4 -1 -5 7 -4 -8 -10 11 -11 -3 -14
right_child=2 12 6 5 -6 -7 8 -9 9 10 -12 -13 13 -15
leaf_value=-0.0029303074856365454 -0.00029996918496942609 0.0013048474983073186 -0.0023742776416877365 0.0020426671291385581 0.0062780095001334678 0.010228701011740639 -0.0023489442908086462 0.0030082225316641533 0.0017562550072070353 -0.0054960071518912893 -0.0032939267649342769 0.0019258064237535353 -0.0011779176071554159 0.001730998022390027
leaf_weight=343.9699459373951 29230.231106385589 1657.6702616214752 231.37641540169716 2481.6917772889137 67.178146570920944 61.453183799982071 565.11229281127453 1288.3570545017719 1677.0727824866772 94.324266269803047 459.43234337866306 609.68555103242397 2563.8241426497698 620.4918338060379
leaf_count=1385 117109 6645 927 9973 270 246 2262 5162 6716 378 1845 2444 10272 2486
internal_value=1.66606e-05 0.000694265 -0.000138087 0.00175372 -0.00136839 0.00226016 0.000821956 0.00218365 0.000212002 0.000724727 -0.000763348 0.000899675 4.6708e-05 -0.000609265
internal_weight=41951.9 7796.28 34155.6 2954.29 411.148 2543.14 4925.36 1519.73 3405.63 2840.51 1163.44 704.01 4841.99 3184.32
internal_count=168120 31277 136843 11874 1655 10219 19734 6089 13645 11383 4667 2822 19403 12758
is_linear=0
shrinkage=0.02


Tree=124
num_leaves=15
num_cat=0
split_feature=38 46 33 19 3 33 0 0 40 11 31 46 49 19
split_gain=13.4061 11.6865 14.0023 9.55754 9.03786 10.004 8.97987 15.6888 13.2485 8.76976 11.7175 9.81181 9.99577 13.8956
threshold=6.7781835629861504 0.72982064943493996 76.035917968310699 -1.0742756915331604 -0.0022794727826478925 49.842032365109631 -0.0012756621702653794 -0.0011329270183822791 0.8838572392612688 -0.014847411531758637 -0.53326019021270832 -0.95688340256707771 1.0000000180025095e-35 0.67470785821175261
decision_type=2 2 2 2 2 2 2 2 2 2 2 2 2 2
left_child=1 2 9 -3 5 -2 8 -8 -5 10 -1 -11 13 -13
right_child=4 3 -4 6 -6 -7 7 -9 -10 11 -12 12 -14 -15
leaf_value=-0.00053866799738695314 -7.8186833235622833e-05 -0.0034088064239581497 -0.0037175659469329235 0.0091049035031884988 -0.00033186869551436293 -0.007194730088726631 -0.0093721638603859788 -0.00029203414343547974 -0.00031327856182340887 0.0019742984448747106 -0.008717677727754742 0.0013159481358250476 -1.1521666309792953e-05 -0.00095423296224355139
leaf_weight=1048.6107687205076 153.57510821521282 409.05913881957531 296.45261877775192 94.642446026206017 16706.600049450994 157.98445868492126 72.376391246914864 4706.1722910106182 148.40709137916565 2229.7820837944746 70.155892014503479 7720.5540468543768 6937.8316830992699 1249.7805463671684
leaf_count=4204 615 1642 1196 379 66976 633 290 18848 595 8932 281 30931 27794 5005
internal_value=3.74567e-05 0.00033233 0.000560268 -0.000488125 -0.000395407 -0.00374346 -0.000247052 -0.000439215 0.00346373 0.000627072 -0.00108807 0.000733134 0.000558599 0.000999303
internal_weight=42002 24983.8 19553.2 5430.66 17018.2 311.56 5021.6 4778.55 243.05 19256.7 1118.77 18137.9 15908.2 8970.33
internal_count=168321 100097 78343 21754 68224 1248 20112 19138 974 77147 4485 72662 63730 35936
is_linear=0
shrinkage=0.02


Tree=125
num_leaves=15
num_cat=0
split_feature=33 29 32 31 0 17 47 22 23 29 47 41 47 6
split_gain=9.37308 12.9036 16.7308 10.2755 9.7267 7.67168 12.1844 12.2111 7.80281 7.34806 14.6094 14.7511 14.5781 12.4464
threshold=77.846693374454574 4.5337360530218485 0.18293565633619666 0.34327365199364063 4.431481009081736e-05 0.74479315264916746 0.71473537162315182 0.11880520952490299 2.0728092295610199 3.1023679035578478 0.50938662908026078 0.68239947387093447 0.56457333468532434 0.0044025285706343646
decision_type=2 2 2 2 2 2 2 2 2 2 2 2 2 2
left_child=9 3 -3 -2 -5 6 7 -6 -7 10 11 -1 13 -11
right_child=1 2 -4 4 5 8 -8 -9 -10 12 -12 -13 -14 -15
leaf_value=6.9305195469110138e-05 0.0014973748542165734 -0.0063990221833497389 0.0011053130908444087 0.0016450772341787857 -0.0052193140586184288 -0.010340293392917395 -0.009905047761617481 0.005417495837328699 -0.0020756487079684792 3.2546488877423508e-06 0.00082841088233962207 -0.0017108718558897376 -0.0015048749831160977 0.0089165259110764294
leaf_weight=17687.290414229035 126.54935839772224 134.24041879177094 805.98982481658459 79.144739300012589 84.043217211961746 182.06472012400627 67.876248702406883 78.800986140966415 64.359208822250366 7406.3127221614122 9731.6051048338413 2075.9323281645775 3372.3239291906357 58.200575351715088
leaf_count=70859 511 541 3248 319 339 735 274 318 260 29676 38988 8319 13514 233
internal_value=-2.93853e-05 -0.00151718 5.70775e-06 -0.0035989 -0.00476125 -0.00582992 -0.0031079 -6.40655e-05 -0.008266 3.06686e-05 0.000194302 -0.00011807 -0.000414579 7.86732e-05
internal_weight=41954.7 1623.07 940.23 682.838 556.289 477.144 230.72 162.844 246.424 40331.7 29494.8 19763.2 10836.8 7464.51
internal_count=168134 6545 3789 2756 2245 1926 931 657 995 161589 118166 79178 43423 29909
is_linear=0
shrinkage=0.02


Tree=126
num_leaves=15
num_cat=0
split_feature=42 43 31 21 14 39 5 30 18 13 38 4 28 19
split_gain=11.2936 11.4435 11.1694 15.9585 11.1605 9.4324 9.23336 13.1901 10.7193 14.0301 10.7181 9.83538 11.8037 9.74697
threshold=0.45012557821576299 -1.0350189075166913 -0.36896554612127835 0.090815681275781282 0.0015872361571881088 2.072156989026364 -0.0037405336986688774 -0.19689858324775958 0.002849197787707077 0.0011833459721413383 5.7809974368513073 -0.00099026307499108638 2.64111939212109 0.71117467933950118
decision_type=2 2 2 2 2 2 2 2 2 2 2 2 2 2
left_child=-1 2 4 -4 -2 -5 7 -3 9 11 -9 12 -8 -11
right_child=1 6 3 5 -6 -7 8 10 -10 13 -12 -13 -14 -15
leaf_value=0.0004783975443030688 0.01030270260571201 5.3456437501225106e-05 -0.004347018575505659 0.010617635161546774 -0.00077462543702318211 -0.00043931962912920687 0.0006428956933661234 0.013828412746490161 -0.0013792993159662187 0.00097844073346722502 0.0014374557012640874 -0.00059633932211649633 0.007686324697988434 -0.00095357058649686805
leaf_weight=12989.891911745071 115.22724691033363 207.50359347462654 132.68808250129223 62.173277854919434 51.215173438191414 56.382307574152946 1217.471230879426 60.44441482424736 3352.9159514158964 5411.3306215107441 50.945134326815605 16723.129164949059 98.376066237688065 1289.8086383938789
leaf_count=52061 463 831 532 249 206 226 4875 242 13434 21677 204 67022 395 5177
internal_value=-1.11299e-05 -0.000231743 0.00303498 0.000342339 0.00697097 0.00555422 -0.000280293 0.00307747 -0.000318949 -0.000174995 0.00846649 -0.00046526 0.00119658 0.000606141
internal_weight=41819.5 28829.6 417.686 251.244 166.442 118.556 28411.9 318.893 28093 24740.1 111.39 18039 1315.85 6701.14
internal_count=167594 115533 1676 1007 669 475 113857 1277 112580 99146 446 72292 5270 26854
is_linear=0
shrinkage=0.02


Tree=127
num_leaves=15
num_cat=0
split_feature=5 42 1 5 19 23 16 12 12 33 44 45 44 3
split_gain=9.48131 9.83236 11.5889 11.5538 11.7885 12.1671 10.5872 9.26324 9.21378 13.3118 10.9161 11.4242 9.72441 10.343
threshold=-0.0037405336986688774 0.44266116730155858 -0.00010044481013736877 0.0015039522074435331 0.19718819910481838 1.0207526985218607 0.00031854313791314105 -0.008629035503277243 -0.00022925003549747848 59.822406253855569 0.076503157044059425 0.23422565520340249 -0.38213317944228115 -0.00066351977908824433
decision_type=2 2 2 2 2 2 2 2 2 2 2 2 2 2
left_child=-1 2 8 4 6 7 -4 -6 9 -2 12 -12 -10 -14
right_child=1 -3 3 -5 5 -7 -8 -9 10 -11 11 -13 13 -15
leaf_value=0.0027016872638101325 0.00012564273796494911 -0.00023242732719197038 -0.0076651939918310598 0.0047569922040900797 -0.002920534680022329 -0.000994027379448905 -0.00084315316606406703 0.00321255026917096 0.0020237217236289168 0.0079600405152427962 0.0049245995649983432 -0.0019843729287054583 -0.0059695057772973376 0.00038103643800652516
leaf_weight=504.87188012897968 3178.2941358089447 30029.664019703865 88.515205845236778 175.80917805433273 107.68964724242687 686.33745133876801 3531.4198084771633 833.0069904178381 1407.6441470384598 84.193641930818558 656.31636570394039 109.14352016150951 126.96648459136486 458.44260756671429
leaf_count=2023 12756 120342 356 704 431 2748 14146 3334 5638 337 2635 437 509 1837
internal_value=-9.00888e-06 -4.23289e-05 0.000456393 -0.0002142 -0.000385139 0.00102683 -0.00102031 0.00249871 0.00106003 0.000339693 0.00190983 0.003933 0.0011249 -0.00103519
internal_weight=41978.3 41473.4 11443.8 5422.78 5246.97 1627.03 3619.94 940.697 6021 3262.49 2758.51 765.46 1993.05 585.409
internal_count=168233 166210 45868 21719 21015 6513 14502 3765 24149 13093 11056 3072 7984 2346
is_linear=0
shrinkage=0.02


end of trees

feature_importances:
taker_delta_z=78
ema8_dist=69
close_pos=68
rsi7=67
taker_ratio_8=67
ret_lag2=63
ret_8=60
upper_wick_frac=58
lower_wick_frac=55
taker_ratio=54
tod_sin=52
ema200_dist=48
body_frac=47
rsi14=45
ret_1=44
vwap_dist=44
ret_32=42
range_atr=42
dist_low_96=42
ret_lag5=37
tod_cos=37
dow_sin=37
bb_width=34
macd=33
ret_lag7=31
ret_96=31
vol_z=30
trades_z=30
vol_ratio_8_96=29
body=28
ret_lag4=27
atr14_pct=25
ret_4=24
vol_16=24
macd_hist=24
ema20_dist=23
vol_96=22
vol_rel_4=22
ret_lag3=20
ret_lag6=20
dist_high_96=20
vol_48=19
ema8_20=19
bb_pos=19
vol_8=18
ret_lag8=17
ema50_dist=17
up_streak=13
ret_16=12
dow_cos=5

parameters:
[boosting: gbdt]
[objective: binary]
[metric: binary_logloss]
[tree_learner: serial]
[device_type: cpu]
[data_sample_strategy: bagging]
[data: ]
[valid: ]
[num_iterations: 128]
[learning_rate: 0.02]
[num_leaves: 15]
[num_threads: 0]
[seed: 42]
[deterministic: 0]
[force_col_wise: 0]
[force_row_wise: 0]
[histogram_pool_size: -1]
[max_depth: -1]
[min_data_in_leaf: 200]
[min_sum_hessian_in_leaf: 0.001]
[bagging_fraction: 0.8]
[pos_bagging_fraction: 1]
[neg_bagging_fraction: 1]
[bagging_freq: 1]
[bagging_seed: 400]
[bagging_by_query: 0]
[feature_fraction: 0.7]
[feature_fraction_bynode: 1]
[feature_fraction_seed: 30056]
[extra_trees: 0]
[extra_seed: 12879]
[early_stopping_round: 0]
[early_stopping_min_delta: 0]
[first_metric_only: 0]
[max_delta_step: 0]
[lambda_l1: 0]
[lambda_l2: 5]
[linear_lambda: 0]
[min_gain_to_split: 0]
[drop_rate: 0.1]
[max_drop: 50]
[skip_drop: 0.5]
[xgboost_dart_mode: 0]
[uniform_drop: 0]
[drop_seed: 17869]
[top_rate: 0.2]
[other_rate: 0.1]
[min_data_per_group: 100]
[max_cat_threshold: 32]
[cat_l2: 10]
[cat_smooth: 10]
[max_cat_to_onehot: 4]
[top_k: 20]
[monotone_constraints: ]
[monotone_constraints_method: basic]
[monotone_penalty: 0]
[feature_contri: ]
[forcedsplits_filename: ]
[refit_decay_rate: 0.9]
[cegb_tradeoff: 1]
[cegb_penalty_split: 0]
[cegb_penalty_feature_lazy: ]
[cegb_penalty_feature_coupled: ]
[path_smooth: 0]
[interaction_constraints: ]
[verbosity: -1]
[saved_feature_importance_type: 0]
[use_quantized_grad: 0]
[num_grad_quant_bins: 4]
[quant_train_renew_leaf: 0]
[stochastic_rounding: 1]
[linear_tree: 0]
[max_bin: 255]
[max_bin_by_feature: ]
[min_data_in_bin: 3]
[bin_construct_sample_cnt: 200000]
[data_random_seed: 175]
[is_enable_sparse: 1]
[enable_bundle: 1]
[use_missing: 1]
[zero_as_missing: 0]
[feature_pre_filter: 1]
[pre_partition: 0]
[two_round: 0]
[header: 0]
[label_column: ]
[weight_column: ]
[group_column: ]
[ignore_column: ]
[categorical_feature: ]
[forcedbins_filename: ]
[precise_float_parser: 0]
[parser_config_file: ]
[objective_seed: 16083]
[num_class: 1]
[is_unbalance: 0]
[scale_pos_weight: 1]
[sigmoid: 1]
[boost_from_average: 1]
[reg_sqrt: 0]
[alpha: 0.9]
[fair_c: 1]
[poisson_max_delta_step: 0.7]
[tweedie_variance_power: 1.5]
[lambdarank_truncation_level: 30]
[lambdarank_norm: 1]
[label_gain: ]
[lambdarank_position_bias_regularization: 0]
[eval_at: ]
[multi_error_top_k: 1]
[auc_mu_weights: ]
[num_machines: 1]
[local_listen_port: 12400]
[time_out: 120]
[machine_list_filename: ]
[machines: ]
[gpu_platform_id: -1]
[gpu_device_id: -1]
[gpu_device_id_list: ]
[gpu_use_dp: 0]
[num_gpu: 1]

end of parameters

pandas_categorical:[]
