tree
version=v4
num_class=1
num_tree_per_iteration=1
label_index=0
max_feature_idx=49
objective=binary sigmoid:1
feature_names=ret_1 ret_lag2 ret_lag3 ret_lag4 ret_lag5 ret_lag6 ret_lag7 ret_lag8 ret_4 ret_8 ret_16 ret_32 ret_96 vol_8 vol_16 vol_48 vol_96 vol_ratio_8_96 atr14_pct body body_frac upper_wick_frac lower_wick_frac range_atr close_pos up_streak ema8_dist ema20_dist ema50_dist ema200_dist ema8_20 macd macd_hist rsi7 rsi14 bb_pos bb_width dist_high_96 dist_low_96 vol_z vol_rel_4 taker_ratio taker_ratio_8 taker_delta_z trades_z vwap_dist tod_sin tod_cos dow_sin dow_cos
feature_infos=[-0.045888061084904667:0.053934205405202447] [-0.045888061084904667:0.053934205405202447] [-0.045888061084904667:0.053934205405202447] [-0.045888061084904667:0.053934205405202447] [-0.045888061084904667:0.053934205405202447] [-0.045888061084904667:0.053934205405202447] [-0.045888061084904667:0.053934205405202447] [-0.045888061084904667:0.053934205405202447] [-0.076715936326498452:0.071785322777419849] [-0.082859737483614707:0.087582553035699201] [-0.090700463546002058:0.10043580697543601] [-0.16266048544580042:0.11889712469450331] [-0.20379443934768335:0.15377224418517885] [8.3329473858086018e-05:0.023781970407554923] [0.00012792929180966274:0.016511030582028338] [0.00027925010500432233:0.012957279996928073] [0.00033069000566016908:0.011426553815658021] [0.081326556587931906:3.4882683878153191] [0.00022853159921821788:0.02163055484406555] [-6.0428796195592751:8.3512457211179321] [-1:1] [0:1] [0:1] [0.00014748801259109186:9.4185185884844262] [0:1] [-16:11] [-5.4435803416029946:6.989193772654585] [-7.3450660540799317:8.3963855545633592] [-9.0379793453487878:9.8256651164420159] [-15.242441582492408:16.592092497599346] [-2.8767337528869423:2.7793333115901699] [-2.910452059514637:2.4864840628776181] [-1.0271532203357743:0.96837313977083028] [1.2169061556917597:98.903649905028473] [6.9041864030724156:96.697224200866756] [-2.0250422011208209:2.0927350592909337] [0.00069296699536940543:0.15624292420456037] [0:38.635212411320431] [0:45.150412088014022] [-1.9112738270397451:9.4573194264147187] [0.071343706217042224:11.576259809110674] [0.077219324885705612:0.94288004520801205] [0.22823834564842876:0.74268856146543416] [-14.848157217170431:8.9250325309054404] [-2.2623706423938823:9.3168706031396518] [-5.0926682269349683:6.8926893835089427] [-1:1] [-1:1] [-0.97492791218182362:0.97492791218182362] [-0.90096886790241903:1]
tree_sizes=1794 1810 1801 1816 1804 1816 1806 1813 1821 1799 1821 1808 1816 1813 1811 1819 1816 1813 1812 1832 1818 1817 1815 1810 1813 1810 1821 1817 1812 1817 1813 1817 1816 1818 1819 1808 1816 1818 1807 1823 1800 1822 1822 1816 1825 1812 1806 1810 1819 1816 1830 1812 1809 1808 1802 1804 1818 1818 1822 1820 1811 1804 1831 1808 1819 1802 1819 1818 1806 1813 1802 1813 1811 1819 1811 1802 1820 1813 1817 1805 1808 1826 1819 1809 1815 1820 1824 1823 1815 1812 1806 1808 1806 1810 1832 1805 1820 1817 1814 1813 1824 1818 1818 1814 1810 1817 1816 1802 1803 1815 1816 1804 1811 1791 1808 1819 1819 1806 1808 1812 1813 1829 1832 1814 1810 1809 1804 1823 1799 1823 1808 1815 1804 1817 1801 1808 1807 1824 1815 1808 1805 1810 1811 1809 1809 1832 1797 1808 1829 1800 1808 1810 1821 1808 1813 1820 1820 1799 1810 1806

Tree=0
num_leaves=15
num_cat=0
split_feature=26 26 26 24 24 22 21 41 22 37 1 48 44 29
split_gain=256.343 96.2293 65.3283 32.2065 31.1136 24.6136 19.4304 18.2055 20.5499 24.0434 17.4668 16.7377 18.2303 15.6858
threshold=0.19498919904168974 -0.57244198228253562 0.68940321097558721 0.15460703339577253 0.39646088855777378 0.24947810959914687 0.17131732558288382 0.58626486661670429 0.36690689740725385 1.8788093916655018 0.0003007884594346537 -0.60785761079279388 -0.031749091020818763 3.3546500434237148
decision_type=2 2 2 2 2 2 2 2 2 2 2 2 2 2
left_child=1 4 7 -4 10 -3 -7 8 9 -2 13 -5 -13 -1
right_child=2 5 3 11 -6 6 -8 -9 -10 -11 -12 12 -14 -15
leaf_value=0.011302611470756471 0.0028048201847249753 0.0072656080925280631 0.0095466461718192331 -0.0019032905597138015 0.0073728518392587889 0.0037314569528183713 0.0064773844642353594 0.0022434118667218872 0.0030090882216251319 0.0072809993441350735 0.0083517218446753083 -0.00075271874468221811 0.0027971191511325971 0.016326286565350977
leaf_weight=1830.9852666258812 640.49484613537788 4320.2152365595102 158.24872662127018 915.24263532459736 1303.7395092099905 2054.7334661930799 2059.2334299832582 1179.2405110150576 1260.2398592382669 1867.9849689006805 701.24435730278492 1003.7419231981039 1394.7387769669294 293.24764032661915
leaf_count=7324 2562 17281 633 3661 5215 8219 8237 4717 5041 7472 2805 4015 5579 1173
internal_value=0.00562825 0.00743769 0.00292892 0.000827674 0.00993733 0.00621212 0.00510523 0.00440677 0.00508733 0.00613465 0.0111155 0.000406089 0.00130126 0.0120195
internal_weight=20983.3 12563.4 8419.93 3471.97 4129.22 8434.18 4113.97 4947.96 3768.72 2508.48 2825.48 3313.72 2398.48 2124.23
internal_count=83934 50254 33680 13888 16517 33737 16456 19792 15075 10034 11302 13255 9594 8497
is_linear=0
shrinkage=1


Tree=1
num_leaves=15
num_cat=0
split_feature=26 26 26 21 21 20 25 17 37 21 31 21 48 17
split_gain=269.838 99.444 38.4273 28.6723 25.3037 22.0855 19.6932 17.9543 17.906 16.718 16.0323 14.6132 14.3658 16.0637
threshold=-0.26828053707726451 0.68940321097558721 -0.57244198228253562 0.27237470464123198 0.32951485071625125 -0.33347300907143873 1.5000000000000002 1.061795463893519 1.4691714289191649 0.14816909404193859 0.26785605047038458 0.22986689707465888 -0.60785761079279388 1.1388359148879106
decision_type=2 2 2 2 2 2 2 2 2 2 2 2 2 2
left_child=2 3 5 6 12 -1 7 10 -5 -4 -2 -11 -3 -14
right_child=1 4 9 8 -6 -7 -8 -9 -10 11 -12 -13 13 -15
leaf_value=0.0053268519710735641 -0.00056869473406533924 -0.0082047242438714803 -0.00055378563007573128 -0.0030983096288145296 -0.0019325729881674186 0.0022061001272178846 -0.0036450991998040801 0.0011943042206305063 0.00092061464507920234 0.0059262007166155494 -0.0033558858631959169 0.0015409442143516697 -0.0061220573509429554 -0.0021085305157132845
leaf_weight=2807.916950955987 2018.9842661619186 684.49908176064491 1154.9910327196121 494.24788670241833 990.24638146162033 1354.724039003253 1476.7411067783833 1129.2414494603872 3967.7086636126041 391.49582490324974 1394.4902459532022 1328.9839761704206 1180.4987159073353 612.24853052198887
leaf_count=11232 8076 2738 4620 1977 3961 5419 5907 4517 15871 1566 5578 5316 4722 2449
internal_value=-0.000103688 -0.00171445 0.00308764 -0.000742247 -0.00464788 0.00431507 -0.00164231 -0.000987953 0.000472471 0.00130636 -0.00171058 0.00255309 -0.0057272 -0.00476106
internal_weight=20987 13948.9 7038.11 10481.4 3467.49 4162.64 6019.46 4542.72 4461.96 2875.47 3413.47 1720.48 2477.25 1792.75
internal_count=83949 55796 28153 41926 13870 16651 24078 18171 17848 11502 13654 6882 9909 7171
is_linear=0
shrinkage=0.02


Tree=2
num_leaves=15
num_cat=0
split_feature=33 33 24 24 24 33 12 23 22 38 40 11 28 25
split_gain=217.12 77.4014 62.0388 35.4286 29.4402 26.5758 21.2268 20.7702 20.3134 15.7254 15.6923 15.6219 14.9728 14.7245
threshold=56.794711360315723 34.218990265630751 0.60553416454790554 0.30607355184612389 0.41103058287547317 65.96840611251811 -0.0047568961330065988 1.086762560223663 0.067927778477296599 3.9366760126733271 2.9700006670667185 -0.0040445617643178906 -0.21262061815114158 -2.4999999999999996
decision_type=2 2 2 2 2 2 2 2 2 2 2 2 2 2
left_child=1 4 9 7 11 12 8 13 -5 -2 -6 -1 -4 -3
right_child=2 3 5 6 10 -7 -8 -9 -10 -11 -12 -13 -14 -15
leaf_value=0.0043893698033006931 0.003427428257588112 0.004472221112018053 -0.0061964802099498031 0.0054125622665045373 0.0024363082661569375 -0.0058162096039355996 -0.0011239754266033557 0.0047837808679529878 0.00044967280724514543 -0.0010675684053285219 -0.0050157751732473133 0.0081006877020336054 -0.0018651620544773537 0.00075329892128451483
leaf_weight=1383.1691981852055 347.49678656458855 506.48113065958023 388.99754859507084 384.9952412545681 949.22629570960999 2210.2298802435398 4006.4551170319319 928.71692124009132 2148.2264876365662 2665.2326910197735 123.49689856171608 694.70421007275581 1731.740790143609 2563.4484320282936
leaf_count=5533 1390 2026 1556 1540 3797 8841 16026 3715 8593 10661 494 2779 6927 10254
internal_value=2.34541e-05 0.00151168 -0.0027498 0.000688522 0.00425959 -0.00428161 -0.000218446 0.00217026 0.0012131 -0.000544283 0.0015591 0.00564666 -0.00267234 0.00137313
internal_weight=21032.6 13688.9 7343.7 10538.3 3150.6 4330.97 6539.68 3998.65 2533.22 3012.73 1072.72 2077.87 2120.74 3069.93
internal_count=84132 54757 29375 42154 12603 17324 26159 15995 10133 12051 4291 8312 8483 12280
is_linear=0
shrinkage=0.02


Tree=3
num_leaves=15
num_cat=0
split_feature=26 26 24 24 26 6 24 24 1 3 48 23 18 29
split_gain=256.102 94.3808 46.2176 31.1356 30.4298 19.205 19.7493 18.8643 17.9552 14.0281 13.3208 15.4762 14.7957 16.4345
threshold=0.19498919904168974 -0.48214134982714812 0.73436482999099184 0.40636833032775171 0.51096579959047572 -0.0016220444259698759 0.51563727265323889 0.25451500566251889 0.00014322592741842295 -0.0029627274464642198 -0.8783796973249266 1.0527720214634033 0.0042864335238203917 3.2423284744447525
decision_type=2 2 2 2 2 2 2 2 2 2 2 2 2 2
left_child=1 3 7 8 -4 -3 10 -2 -1 -9 11 -7 13 -12
right_child=2 5 4 -5 -6 6 -8 9 -10 -11 12 -13 -14 -15
leaf_value=0.006015618696949855 0.00093808439155257937 0.0025581818236222911 -0.0018312281981256967 0.0016535720431253159 -0.005481631134247056 0.0021913399599681424 -0.0013262589760287995 0.0045315795879625666 0.0027632724681421156 -0.0023222452204251106 0.00076934994133839396 0.010858693206840242 0.0034612771152093855 -0.0028465372461127995
leaf_weight=2333.7445228546858 1134.7382684051991 1356.7292249947786 1391.9942185729742 1593.9509714245796 2690.9328368008137 525.49156427383423 2764.4743197411299 119.74893493950367 975.92603340744972 3081.4714795351028 1709.4662883877754 93.747490599751472 503.49054588377476 706.48788137733936
leaf_count=9336 4539 5427 5568 6376 10764 2102 11058 479 3904 12326 6838 375 2014 2826
internal_value=-1.65244e-05 0.00179199 -0.00271483 0.00395703 -0.00424086 0.000404317 -6.09543e-05 -0.00127462 0.00506221 -0.0020592 0.000927998 0.00357997 0.000360333 -0.000291725
internal_weight=20982.4 12563.5 8418.89 4903.62 4082.93 7659.89 6303.16 4335.96 3309.67 3201.22 3538.68 619.239 2919.44 2415.95
internal_count=83932 50256 33676 19616 16332 30640 25213 17344 13240 12805 14155 2477 11678 9664
is_linear=0
shrinkage=0.02


Tree=4
num_leaves=15
num_cat=0
split_feature=26 26 26 24 24 24 43 6 12 47 29 42 45 37
split_gain=229.961 87.7831 49.7611 34.4375 25.9074 23.4554 20.2384 20.0232 19.95 19.0199 18.8533 17.5871 15.7572 15.2581
threshold=0.18186618945387767 -0.81622497779930381 0.67791466014987001 0.41558351165789426 0.41103058287547317 0.25020358604464715 0.065173122833707839 -0.0016220444259698759 -0.0041981491591766363 0.99465189230620699 3.2983763103483086 0.45460783274819194 -0.9327945179999112 4.614528874912784
decision_type=2 2 2 2 2 2 2 2 2 2 2 2 2 2
left_child=1 4 8 -4 10 6 13 -7 11 -10 -1 -2 -9 -3
right_child=2 5 3 -5 -6 7 -8 12 9 -11 -12 -13 -14 -15
leaf_value=0.005563128755033446 0.0050571258248967334 0.0012249026949195036 0.00035937132639689713 -0.0051368313088859382 0.0016351171288770863 0.002505149715222798 -0.0024507277145216872 0.0018940525670099796 -0.0018514190865776081 -0.01068077531214677 0.012283326904738098 -0.00036478642952013092 -0.00088736442351819466 0.0040405697367425237
leaf_weight=1718.2044342309237 280.99707454442978 1435.4183492362499 536.74497343599796 3002.8427621275187 659.97009280323982 1211.4651131033897 328.23276245594025 1006.9576610922813 3165.227812603116 95.999373078346252 185.20501312613487 1462.4839725792408 4176.9384689182043 1670.6373448967934
leaf_count=6874 1124 5742 2147 12012 2640 4846 1313 4028 12661 384 741 5850 16708 6683
internal_value=3.28648e-05 0.00177299 -0.00249064 -0.00430405 0.00506548 0.00091223 0.00224414 0.000195805 -0.00120509 -0.00212728 0.00624748 0.000521026 -0.000345777 0.00274341
internal_weight=20937.3 12393 8544.3 3539.59 2563.38 9829.65 3434.29 6395.36 5004.71 3261.23 1903.41 1743.48 5183.9 3106.06
internal_count=83753 49575 34178 14159 10255 39320 13738 25582 20019 13045 7615 6974 20736 12425
is_linear=0
shrinkage=0.02


Tree=5
num_leaves=15
num_cat=0
split_feature=33 26 21 21 41 42 45 41 45 0 16 48 2 8
split_gain=210.596 98.6508 45.8139 23.8486 22.9598 19.4923 17.1656 16.8603 15.6062 14.6661 14.6301 14.3399 13.6857 12.974
threshold=61.086795487946468 -0.57244198228253562 0.19116493623067346 0.17575383735913835 0.50201479949822614 0.43091948384610168 1.113852071125484 0.57276877352746114 -0.77651806201446905 -0.00075562360682505578 0.0024082636355609124 -0.60785761079279388 -0.0019173022420143138 0.0010712236437832284
decision_type=2 2 2 2 2 2 2 2 2 2 2 2 2 2
left_child=1 5 6 7 -4 -1 -2 -3 -5 -7 -6 -8 -10 -9
right_child=2 3 4 8 10 9 11 13 12 -11 -12 -13 -14 -15
leaf_value=0.0061686582585859873 -0.0026297014805769089 -0.00021257188691298383 0.00057572091740683089 0.0034003027147888839 -0.0045488483415694917 0.0039372076207695459 -0.0094662825933197279 -0.00133160300549664 0.0032649389736545639 0.00096447818222360887 -0.0008311599528952249 -0.0053602527262114497 0.00024109873813081979 -0.0058732994849011923
leaf_weight=1047.2973266392946 637.71923835575581 4014.6796265989542 1073.4756868332624 935.20758897066116 1098.7009607702494 2111.0391502827406 477.18551242351532 681.99259561300278 677.73296359181404 973.1475597769022 691.22461162507534 1307.6485320478678 4872.8819246590137 397.49063645303249
leaf_count=4190 2551 16059 4294 3741 4395 8446 1909 2728 2711 3893 2765 5231 19492 1590
internal_value=-1.63221e-06 0.00116024 -0.0034529 0.000213112 -0.00173558 0.00381144 -0.00547497 -0.000810568 0.00101715 0.00300231 -0.00311948 -0.0064814 0.000612917 -0.00302333
internal_weight=20997.4 15711.5 5285.95 11580 2863.4 4131.48 2422.55 5094.16 6485.82 3084.19 1789.93 1784.83 5550.61 1079.48
internal_count=83995 62850 21145 46321 11454 16529 9691 20377 25944 12339 7160 7140 22203 4318
is_linear=0
shrinkage=0.02


Tree=6
num_leaves=15
num_cat=0
split_feature=26 26 41 24 40 46 29 37 27 24 18 27 41 32
split_gain=209.32 85.1433 45.0579 30.1842 28.8854 23.7712 22.6772 18.7109 17.9018 16.217 15.7112 16.9118 15.1422 14.0195
threshold=0.18186618945387767 -0.76928879664777738 0.58475780841764213 0.23417971390108203 1.4162994649768257 -0.35206144883412549 2.0495608402968148 1.4691714289191649 0.16471276576539487 0.82953635176585716 0.0026836311292834938 -1.3733039576352748 0.38618852873938314 0.20089019622526741
decision_type=2 2 2 2 2 2 2 2 2 2 2 2 2 2
left_child=1 4 3 7 6 -3 -1 -2 -5 -10 11 -7 -13 -11
right_child=2 5 -4 8 -6 10 -8 -9 9 13 -12 12 -14 -15
leaf_value=0.0051030439588837864 -0.0030320255729802195 0.0020262171746341226 -0.0046079770864739652 0.0010070177851852055 0.0021566155323334128 0.005812047918444958 0.010802104776545531 0.0033875245573524947 -0.0016611370658400565 -0.0028379438156715233 0.0010732764158636458 0.00098466644463347276 -0.0021372021493768719 -0.0069721771347728417
leaf_weight=1356.3709877878428 237.99849587678909 3596.5681546628475 2618.2640732228756 649.74189820885658 1104.7506801337004 135.73502026498318 356.11061996221542 719.9887237995863 2864.1503263860941 988.42539684474468 2784.8581332713366 854.19106885790825 2252.1615333855152 496.6709795743227
leaf_count=5427 952 14387 10474 2599 4420 543 1425 2880 11457 3954 11140 3417 9009 1987
internal_value=-1.99578e-05 0.00163695 -0.00242331 -0.00146002 0.00469175 0.000740697 0.00631616 0.00178522 -0.00208309 -0.00254535 -2.74781e-05 -0.000973191 -0.00127854 -0.00423934
internal_weight=21016 12440.7 8575.24 5956.98 2817.23 9623.51 1712.48 957.987 4998.99 4349.25 6026.95 3242.09 3106.35 1485.1
internal_count=84071 49768 34303 23829 11272 38496 6852 3832 19997 17398 24109 12969 12426 5941
is_linear=0
shrinkage=0.02


Tree=7
num_leaves=15
num_cat=0
split_feature=26 26 26 22 12 40 0 22 6 46 22 43 46 12
split_gain=182.664 75.7832 50.7744 29.2996 26.5628 21.171 18.2 19.0583 16.8436 16.3225 18.7739 15.0184 14.6923 14.3846
threshold=0.19498919904168974 -0.57244198228253562 0.68940321097558721 0.40754599619949344 -0.0021424164616442479 0.89390312475755185 -0.00016667708470694261 0.10283304599177134 -0.0023039962775953785 -0.4124860612920454 0.59027691073241739 -0.066145057555807615 -0.5277851165098012 -0.0038400698999409752
decision_type=2 2 2 2 2 2 2 2 2 2 2 2 2 2
left_child=1 3 13 11 5 8 7 -4 -3 10 -6 -1 -10 -2
right_child=2 4 6 -5 9 -7 -8 -9 12 -11 -12 -13 -14 -15
leaf_value=0.0057337480609515939 0.00061330715672539579 0.0081355579649546369 0.0077713111800313765 0.00074955852037431384 0.0019689138932364627 -0.00017385375034180932 -0.0045477357540221709 -0.0022797932574350303 0.0055144132800442518 -0.0012261742331635558 -0.0046135843900301518 0.0027751069856216887 0.0015209800987378075 -0.0016341425458013745
leaf_weight=2179.637153595686 1772.2064209133387 228.73573477566242 88.998727425932884 925.13868413865566 1490.4428034722805 1278.4393040835857 3019.1880177110434 377.72979941964149 477.22857600450516 3167.6678872406483 191.24802362918854 1023.7161701619625 1592.1950495541096 3173.1662143915892
leaf_count=8722 7089 915 356 3701 5962 5114 12079 1511 1909 12671 765 4096 6369 12693
internal_value=0.000142681 0.00167156 -0.0021335 0.00388973 0.000583053 0.00188937 -0.0039804 -0.00030113 0.003035 -0.000381359 0.00120887 0.00479403 0.00245298 -0.000828948
internal_weight=20985.7 12554.4 8431.29 4128.49 8425.96 3576.6 3485.92 466.729 2298.16 4849.36 1681.69 3203.35 2069.42 4945.37
internal_count=83952 50224 33728 16519 33705 14307 13946 1867 9193 19398 6727 12818 8278 19782
is_linear=0
shrinkage=0.02


Tree=8
num_leaves=15
num_cat=0
split_feature=33 45 21 22 43 43 12 3 22 20 1 13 40 17
split_gain=211.331 60.5126 55.4284 32.2034 23.0864 22.5148 17.9011 20.3407 16.5463 16.3777 16.4915 17.4011 16.0095 15.5623
threshold=56.794711360315723 -0.96731796296138906 0.31006890219448624 0.24947810959914687 0.050451213672858299 -0.1050165146457241 -0.0093514279070613365 0.00015825763392706985 0.41101480841155097 -0.6745734373010982 0.00036562959475296689 0.0030066379987818783 0.89390312475755185 1.0276679000550086
decision_type=2 2 2 2 2 2 2 2 2 2 2 2 2 2
left_child=1 4 5 6 8 13 12 -8 -1 -7 -11 -12 -3 -2
right_child=2 3 -4 -5 -6 9 7 -9 -10 10 11 -13 -14 -15
leaf_value=0.0049212244531617998 -0.0034212699959328642 0.0050589323809432495 -0.00040452463957623233 -0.00067363839461200405 0.00032670261665253714 0.0017639589521773159 -0.00044586058080136855 0.0026130442038533692 0.0016456029736668274 -0.0034972292125774254 -0.0070407253286319449 -0.002148125852735311 0.00075222204217161622 0.0023542583966509839
leaf_weight=2656.0992986112833 411.46472382545471 953.64717122912407 2627.3779873549938 4355.8558967411518 769.37375766038895 151.4968978613615 1981.8516049385071 1542.6263416409492 811.65557724237442 1814.189094722271 1619.9095303416252 360.93513679504395 542.70376428961754 333.47548539936543
leaf_count=10629 1646 3815 10510 17424 3078 606 7928 6171 3247 7258 6481 1444 2171 1334
internal_value=8.09385e-06 0.00148141 -0.00273156 0.000584356 0.00346353 -0.00403296 0.00167532 0.000894794 0.00415801 -0.00463433 -0.00489173 -0.00615688 0.00350466 -0.000837373
internal_weight=20932.7 13613.8 7318.85 9376.68 4237.13 4691.47 5020.83 3524.48 3467.75 3946.53 3795.03 1980.84 1496.35 744.94
internal_count=83742 54463 29279 37509 16954 18769 20085 14099 13876 15789 15183 7925 5986 2980
is_linear=0
shrinkage=0.02


Tree=9
num_leaves=15
num_cat=0
split_feature=26 26 24 24 26 37 47 11 1 29 47 43 26 1
split_gain=190.439 83.2497 37.7014 24.6731 19.6542 18.1704 23.3591 18.1092 17.5137 16.0971 16.008 15.244 12.5745 12.5088
threshold=-0.48214134982714812 0.53680445481548433 0.75058930645730448 0.38735289526889072 -0.783198809615541 4.614528874912784 0.55557023301960218 0.017802733448177656 0.0078503642283297165 3.2983763103483086 0.44228869021900119 -0.094564835451384124 -0.27645183961643088 0.0002239652383575308
decision_type=2 2 2 2 2 2 2 2 2 2 2 2 2 2
left_child=3 5 8 4 9 6 7 11 10 -1 -3 -2 -13 -12
right_child=1 2 -4 -5 -6 -7 -8 -9 -10 -11 13 12 -14 -15
leaf_value=0.0050638117962960513 0.0016273450928504865 -0.00061423452262903213 -0.0050264974150649915 0.001431815196077559 0.0024808835082724742 0.00060548929364742318 -0.0027515730482743977 0.0040287269012880709 0.0071179782055161324 0.011112800502587106 0.00056907786069867626 0.0023540856033902567 -0.0020019430609957639 -0.0058189192226876822
leaf_weight=1752.1666359305382 924.96828803420067 1457.3578017205 2478.6462135612965 1660.263785853982 1261.8569595366716 5860.4752457886934 1947.9341050088406 386.48548828065395 86.9951381534338 196.03812843561172 158.98270663619041 302.23626068234444 1954.9417348951101 518.94636024534702
leaf_count=7013 3700 5830 9918 6642 5049 23443 7792 1546 348 785 636 1209 7820 2076
internal_value=-4.56074e-05 -0.00109526 -0.00333259 0.00341707 0.00444003 -0.000169743 -0.000993107 -3.07429e-05 -0.00143623 0.00569938 -0.00180056 -0.00052933 -0.00141476 -0.00432766
internal_weight=20948.3 16078 4700.93 4870.33 3210.06 11377 5516.57 3568.63 2222.28 1948.2 2135.29 3182.15 2257.18 677.929
internal_count=83807 64318 18808 19489 12847 45510 22067 14275 8890 7798 8542 12729 9029 2712
is_linear=0
shrinkage=0.02


Tree=10
num_leaves=15
num_cat=0
split_feature=26 33 26 24 41 6 21 24 1 24 3 31 40 9
split_gain=196.418 79.0125 36.3441 28.8291 26.8418 23.6321 23.4916 19.6239 14.8306 18.8453 14.7999 16.332 16.2705 14.795
threshold=-0.27645183961643088 65.96840611251811 -0.81622497779930381 0.60076648505038921 0.61038292169484076 -0.0010764610577357354 0.24182387934960881 0.41103058287547317 7.9406583087109309e-05 0.83300592982733634 0.0010775388324440799 0.41356979754959455 0.54154302534360232 7.6924864664011896e-05
decision_type=2 2 2 2 2 2 2 2 2 2 2 2 2 2
left_child=2 4 7 -3 5 6 -2 -1 9 -4 11 13 -13 -7
right_child=1 3 8 -5 -6 10 -8 -9 -10 -11 -12 12 -14 -15
leaf_value=0.0057663385699849154 -0.00018126160175140768 -0.0013931457039572969 0.0031735913422278523 -0.0052906033909031567 -0.0028350959095426987 -0.0020835336744182138 0.003894509935167476 0.0017714386688301969 7.6307348707964847e-05 -0.0015311098075111937 0.00099621987526650642 -0.0064416994343763165 -0.0016362498382691305 0.00055064125114055295
leaf_weight=1897.4403787702322 1185.4232057929039 1166.4216791540384 2546.2396358847618 2193.7991802096367 1569.8254049420357 1353.7077341526747 1076.1890863180161 671.12914402782917 1451.5030732303858 389.9796601831913 1735.6571772396564 384.98566600680351 1036.2073964178562 2286.8608355522156
leaf_count=7596 4742 4666 10187 8779 6280 5415 4305 2685 5807 1560 6943 1540 4145 9148
internal_value=9.47636e-05 -0.00127093 0.00284011 -0.00394177 -0.000425109 -6.15236e-06 0.00176251 0.004728 0.00173081 0.00254719 -0.000595478 -0.00114171 -0.00295601 -0.000430364
internal_weight=20945.4 13989.1 6956.29 3360.22 10628.9 9059.03 2261.61 2568.57 4387.72 2936.22 6797.42 5061.76 1421.19 3640.57
internal_count=83798 55963 27835 13445 42518 36238 9047 10281 17554 11747 27191 20248 5685 14563
is_linear=0
shrinkage=0.02


Tree=11
num_leaves=15
num_cat=0
split_feature=26 26 21 33 22 22 41 37 48 47 21 1 36 3
split_gain=168.932 68.1 42.1951 27.7778 22.8249 20.8589 17.7713 17.1565 16.6087 15.3807 15.372 15.0931 14.6993 16.5756
threshold=0.18186618945387767 -0.57244198228253562 0.33252046895486248 65.96840611251811 0.40754599619949344 0.24947810959914687 0.45160920915647823 1.8456469431368236 -0.60785761079279388 0.58216583101416164 0.352660043744769 -0.0003518548641989197 0.01049138386881354 9.628337998904976e-05
decision_type=2 2 2 2 2 2 2 2 2 2 2 2 2 2
left_child=1 4 3 6 8 12 -2 9 -1 -4 -7 -10 13 -3
right_child=2 5 7 -5 -6 10 -8 -9 11 -11 -12 -13 -14 -15
leaf_value=0.0067803116763693804 0.00059792135635670181 -0.0012323306756906246 -0.00065276462093069739 -0.0048358390639896441 0.00082397482030660346 -0.001237401812121181 -0.0027717048378876077 0.0010343317643519245 0.0046834853224117625 -0.006323581464010926 0.0017390425357430037 0.0013138428013213955 0.0026933690212935669 0.0022021474785610985
leaf_weight=851.07289144396782 806.70831289887428 1236.6735481023788 655.45515123009682 2291.3060325235128 932.33140356838703 3167.9130249172449 2766.6178370118141 1796.1600790768862 1518.0343269258738 265.97468356788158 883.70414352416992 824.68244533240795 1948.0579025149345 1022.1604820042849
leaf_count=3407 3227 4947 2622 9170 3730 12672 11068 7185 6077 1064 3535 3301 7793 4089
internal_value=-8.18204e-06 0.00148603 -0.00216403 -0.00311797 0.00358255 0.000437034 -0.00201121 -0.000103451 0.00438529 -0.00231496 -0.000586862 0.00350263 0.00142267 0.00032326
internal_weight=20966.9 12384.6 8582.22 5864.63 4126.12 8258.51 3573.33 2717.59 3193.79 921.43 4051.62 2342.72 4206.89 2258.83
internal_count=83887 49551 34336 23465 16515 33036 14295 10871 12785 3686 16207 9378 16829 9036
is_linear=0
shrinkage=0.02


Tree=12
num_leaves=15
num_cat=0
split_feature=26 26 41 21 24 45 6 21 41 42 17 22 24 28
split_gain=157.493 58.437 48.8874 24.9728 23.0119 22.0147 20.028 18.7716 14.7082 14.4177 13.6545 13.485 13.4123 14.8433
threshold=0.18186618945387767 -0.57244198228253562 0.58015873950457697 0.39347436829607407 0.43899506185195963 1.1484954258746087 -0.00049639482506082624 0.40439215250092558 0.3655730023056642 0.44733602407255929 0.78028492525305559 4.6967115744621481e-05 0.83300592982733634 -0.98045084101007007
decision_type=2 2 2 2 2 2 2 2 2 2 2 2 2 2
left_child=1 4 5 -4 8 -2 -3 10 11 -6 -7 -1 13 -8
right_child=2 6 3 -5 9 7 12 -9 -10 -11 -12 -13 -14 -15
leaf_value=-0.00080926351864318792 -2.1552205167993986e-05 0.0016652121471202642 -0.0052185152318601959 -0.00031347102931094913 0.0036705782056355267 -0.0056728880479456571 0.0020317578310170585 0.00040643491223368909 0.0032682455296746378 -0.00091474297699011594 -0.0021400829854019924 0.0070727282484476465 -0.0026468741892088695 -0.00062530541091928064
leaf_weight=95.39993217587471 3305.4936182051897 3144.4897122979164 2264.4902424365282 508.95864926278591 448.38868479430676 723.41499778628349 1150.1409049481153 652.46159167587757 2042.4550582021475 690.622398853302 1123.0756409168243 862.84737603366375 851.23728127777576 3087.3317129611969
leaf_count=382 13223 12579 9062 2036 1794 2895 4601 2610 8177 2763 4494 3455 3405 12350
internal_value=-5.66529e-05 0.00138697 -0.00213856 -0.00432057 0.00332382 -0.00109314 0.000411684 -0.00250771 0.0042414 0.00089849 -0.00353574 0.0062879 -0.000363789 9.74231e-05
internal_weight=20950.8 12372.9 8577.89 2773.45 4139.71 5804.45 8233.2 2498.95 3000.7 1139.01 1846.49 958.247 5088.71 4237.47
internal_count=83826 49506 34320 11098 16571 23222 32935 9999 12014 4557 7389 3837 20356 16951
is_linear=0
shrinkage=0.02


Tree=13
num_leaves=15
num_cat=0
split_feature=26 26 24 24 12 40 26 24 42 40 44 42 24 36
split_gain=158.09 67.2923 39.0401 31.3345 26.5404 20.9128 20.7356 16.1225 14.4583 14.0449 13.9884 13.3797 14.0671 12.9099
threshold=-0.36164588019444738 0.68940321097558721 0.75058930645730448 0.40636833032775171 -0.0036610699085218002 2.7515733028144758 -0.783198809615541 0.60553416454790554 0.54868251487546238 1.4162994649768257 -0.75857464801991925 0.45268021734511737 0.81404765992807249 0.013064331675296291
decision_type=2 2 2 2 2 2 2 2 2 2 2 2 2 2
left_child=3 4 5 6 11 8 9 10 -3 -1 -6 -2 -13 -5
right_child=1 2 -4 13 7 -7 -8 -9 -10 -11 -12 12 -14 -15
leaf_value=0.0064726022948312315 0.0031033870719829439 -0.00088747564470749527 -0.0054447939512366084 -0.00064711740228955302 -0.0023100659687333549 0.0049228614056733826 0.0023338858393566189 -0.0021288385102071045 -0.0057150018063828068 0.0029217771093545614 0.00044478865481766287 0.0011121710730004285 -0.0017921797420925735 0.0025172192904661956
leaf_weight=1298.220497071743 877.93464194238186 1043.2411193847656 1894.1288914978504 1146.8104153722525 969.9608238786459 192.46999554336071 1951.9609310477972 3220.4414033442736 321.65922270715237 697.48666787147522 3019.8528161793947 2502.7984747737646 903.92420029640198 929.83022132515907
leaf_count=5200 3512 4174 7583 4588 3880 770 7811 12883 1287 2793 12080 10012 3616 3720
internal_value=2.9771e-05 -0.0010727 -0.00351957 0.00276365 -0.000336786 -0.00116812 0.00380884 -0.00107734 -0.00204186 0.00524202 -0.000226995 0.000909218 0.000340047 0.000772379
internal_weight=20970.7 14946.4 3451.5 6024.31 11494.9 1557.37 3947.67 7210.26 1364.9 1995.71 3989.81 4284.66 3406.72 2076.64
internal_count=83909 59797 13814 24112 45983 6231 15804 28843 5461 7993 15960 17140 13628 8308
is_linear=0
shrinkage=0.02


Tree=14
num_leaves=15
num_cat=0
split_feature=26 33 26 21 21 6 43 13 20 23 17 21 34 36
split_gain=152.348 55.5356 45.623 21.1569 18.0229 17.5888 16.1869 17.228 14.9914 14.6702 14.2739 13.2499 13.1713 12.6807
threshold=0.18186618945387767 34.490039821524363 0.71255306498068094 0.40825962506685648 0.32951485071625125 -0.0016540797585425403 -0.0068664978298743386 0.0021807423283754855 -0.57400093782310868 0.66855549911037782 1.2936140671434717 0.24182387934960881 57.029461009231611 0.004304476986883801
decision_type=2 2 2 2 2 2 2 2 2 2 2 2 2 2
left_child=1 8 3 9 -4 11 -7 -8 -1 -2 -6 -3 -9 -5
right_child=2 5 4 13 10 6 7 12 -10 -11 -12 -13 -14 -15
leaf_value=0.0054095948467597398 -0.0032402354069602369 0.00092564099358879949 -0.0047714570636088064 -0.0046473455204487455 -0.0029972249211365162 0.00098626317873068067 -0.0018341435533338521 0.0025774248101459369 0.002608517793733028 -0.0006832646178891932 0.0024934247962945999 0.0046321553669972015 -0.0065988398148050503 0.0019521247936640155
leaf_weight=1278.1495055854321 1378.0561164468527 853.09206785261631 2359.3939442187548 123.99642679095268 679.88248458504677 4823.9882939755917 2103.3554785847664 663.18053077161312 1940.0579954832792 2567.1316882967949 257.47141456604004 704.09262052178383 64.24730409681797 1215.2019242942333
leaf_count=5120 5513 3413 9446 496 2720 19300 8414 2653 7765 10270 1030 2817 257 4861
internal_value=5.32222e-05 0.001468 -0.00199581 -0.000842513 -0.00384036 0.000676988 0.000282105 -0.000917487 0.00372766 -0.00157939 -0.00148383 0.00261103 0.00172745 0.00132607
internal_weight=21011.3 12430.2 8581.13 5284.39 3296.75 9211.96 7654.77 2830.78 3218.21 3945.19 937.354 1557.18 727.428 1339.2
internal_count=84075 49739 34336 21140 13196 36854 30624 11324 12885 15783 3750 6230 2910 5357
is_linear=0
shrinkage=0.02


Tree=15
num_leaves=15
num_cat=0
split_feature=24 26 26 37 22 45 12 13 45 31 5 15 0 2
split_gain=157.26 75.3896 66.6134 22.794 18.9225 18.0402 17.9726 17.6709 16.4007 14.6269 13.2288 12.7473 12.6384 12.5295
threshold=0.49182718991432217 0.67791466014987001 -0.783198809615541 1.6404817157617828 0.25194120602444237 -0.62884573420079837 -0.0023093040800152812 0.003035378985371717 -1.1479284422879295 0.87176193642380928 -0.0013201299810388959 0.0029618437859414621 0.00011159684183263686 -0.0024256938745123922
decision_type=2 2 2 2 2 2 2 2 2 2 2 2 2 2
left_child=2 5 13 9 -5 -2 10 -8 -6 -4 -7 -12 -10 -1
right_child=1 -3 3 4 8 6 7 -9 12 -11 11 -13 -14 -15
leaf_value=0.0017523759436782777 0.00079132998051114386 -0.0045612689593306308 -0.0043069608269202852 0.0019718473105484369 0.0053691862041189619 -0.0026837633482651329 -0.0028087930507695747 0.0017983577277591984 -0.0011657535088311125 0.00042047943142849056 0.0016304390593952342 -0.0022869551943817275 0.005281892385063121 0.0055387494516249101
leaf_weight=444.67970348894596 2138.6516120284796 2860.0822434425354 512.95966947078705 4693.9291826337576 185.16247090697289 581.95840574800968 3007.6548323482275 370.96601976454258 1952.541157990694 527.70768730342388 1472.6326191574335 423.95813418924809 124.73890651762486 1739.2398036569357
leaf_count=1781 8556 11451 2052 18780 741 2328 12032 1484 7811 2111 5891 1696 499 6968
internal_value=-0.000103272 -0.00177747 0.00168192 0.000835163 0.00124829 -0.000779488 -0.00135323 -0.00230103 -0.00025391 -0.00191919 -5.92199e-05 0.000751046 -0.000766825 0.00477355
internal_weight=21036.9 10855.9 10181 7997.04 6956.37 7995.82 5857.17 3378.62 2262.44 1040.67 2478.55 1896.59 2077.28 2183.92
internal_count=84181 43438 40743 31994 27831 31987 23431 13516 9051 4163 9915 7587 8310 8749
is_linear=0
shrinkage=0.02


Tree=16
num_leaves=15
num_cat=0
split_feature=24 26 26 12 21 42 25 9 10 47 5 47 45 28
split_gain=132.498 69.8595 55.1569 18.4624 18.3266 17.4279 17.2362 16.175 14.1974 13.854 13.5357 12.7797 15.3766 13.5418
threshold=0.46294957197853887 0.67791466014987001 -0.75603176263536642 -0.001982248869049848 0.38286925509725939 0.45012105252128992 -2.4999999999999996 0.017410258624912096 -0.0093957470179074059 -0.72947329433276253 -0.0012676918403639948 0.93540483100319638 2.2772406053368184 1.1479753269527053
decision_type=2 2 2 2 2 2 2 2 2 2 2 2 2 2
left_child=2 3 8 5 -5 -2 -4 -3 9 -1 -7 12 -8 -13
right_child=1 7 6 4 -6 10 11 -9 -10 -11 -12 13 -14 -15
leaf_value=0.0068354374828313007 0.0028371712349948893 -0.0045048113504142289 0.0035920860320969327 -0.001859375606528223 0.0017282057018406134 -0.0025150762530910054 0.0010419443248158545 0.0011523999999074009 0.0056503944323329572 0.0007123050754394007 0.00059018454335542792 -6.366090869465061e-05 -0.0071483904272598708 -0.0057585677717186794
leaf_weight=194.20512722432613 976.34449383616447 2696.1365415155888 860.17876780033112 3937.1948416829109 661.69752605259418 766.91222286224365 5737.2784277647734 216.55659320950508 1481.5815678685904 578.35950714349747 2055.2803045660257 547.13801340758801 88.240907654166222 235.47554025053978
leaf_count=778 3906 10796 3442 15751 2647 3068 22953 867 5937 2317 8222 2189 353 942
internal_value=5.46437e-05 -0.00141685 0.00176628 -0.000490223 -0.00134187 0.000541278 0.000937264 -0.00408295 0.00450478 0.00228558 -0.000256605 0.000589232 0.000911859 -0.00180284
internal_weight=21032.6 11310.1 9722.46 8397.43 4598.89 3798.54 7468.31 2912.69 2254.15 772.565 2822.19 6608.13 5825.52 782.614
internal_count=84168 45257 38911 33594 18398 15196 29879 11663 9032 3095 11290 26437 23306 3131
is_linear=0
shrinkage=0.02


Tree=17
num_leaves=15
num_cat=0
split_feature=33 41 22 37 43 22 33 20 1 22 10 38 4 3
split_gain=154.183 67.9772 26.6278 28.025 23.6162 22.0191 19.7929 18.4773 16.2377 14.8378 14.5817 14.7673 13.0247 12.2563
threshold=38.644293480577041 0.58015873950457697 0.26222443755224456 1.4691714289191649 0.30966835849497915 0.40002840516094373 65.96840611251811 0.17360042735043299 7.9406583087109309e-05 0.056182579996518225 0.027176869184430023 4.8999546669639491 -0.0060050585590534378 -0.00086851806048109722
decision_type=2 2 2 2 2 2 2 2 2 2 2 2 2 2
left_child=4 2 3 9 5 8 -3 -5 12 -2 11 13 -1 -4
right_child=1 6 10 7 -6 -7 -8 -9 -10 -11 -12 -13 -14 -15
leaf_value=-0.0033255253102404958 -0.0057490492741516987 -0.002192169529909757 0.002432727588226173 0.0021615435180477468 -0.0047273188689399047 0.0012036526389697061 -0.0052758671897188145 -0.00012023412714114993 0.0021865572798891912 -0.00056282033512141771 0.0065512727897773836 -0.0020815273125520039 0.005507342620953504 -0.00092555590258643528
leaf_weight=65.671537846326828 347.33954049646854 2559.3000799417496 602.68336540460587 3411.4571672379971 139.93302695453167 1230.6725202351809 1239.7306032776833 2427.821925252676 996.12720890343189 593.76878717541695 91.705774292349815 3509.1311150193214 2268.5147658884525 1522.0373588949442
leaf_count=263 1390 10240 2411 13649 560 4924 4965 9714 3989 2376 367 14040 9088 6089
internal_value=5.72199e-05 -0.000862966 -0.000150792 0.000697041 0.00324638 0.00349593 -0.00320408 0.00121355 0.00433993 -0.00249719 -0.00115456 -0.00128569 0.00525226 3.05062e-05
internal_weight=21005.9 16305 12505.9 6780.39 4700.92 4560.99 3799.03 5839.28 3330.31 941.108 5725.56 5633.85 2334.19 2124.72
internal_count=84065 65241 50036 27129 18824 18264 15205 23363 13340 3766 22907 22540 9351 8500
is_linear=0
shrinkage=0.02


Tree=18
num_leaves=15
num_cat=0
split_feature=26 26 24 26 40 6 42 48 32 12 39 21 1 24
split_gain=139.23 48.6709 37.6541 23.9859 22.522 22.4395 18.7408 18.0663 16.3693 16.2881 19.2324 16.5875 15.5494 15.8193
threshold=0.19498919904168974 -0.57244198228253562 0.31052932659014426 0.68940321097558721 2.0100142171753359 -0.00049639482506082624 0.48406848710950962 -0.8783796973249266 0.59303336773663629 -0.0040205340830760895 -0.42975175592592246 0.13205932594582129 -0.00028945723240724467 0.45833927881685371
decision_type=2 2 2 2 2 2 2 2 2 2 2 2 2 2
left_child=1 4 6 -4 12 9 -2 -5 -9 10 11 -3 13 -1
right_child=2 5 3 7 -6 -7 -8 8 -10 -11 -12 -13 -14 -15
leaf_value=0.0058333975675086093 0.005054551119586974 0.001380878262724361 -0.0015203649000847842 -0.0080483781350671572 -6.7992443237456377e-05 -0.00034757709361525461 -0.00030568102312834356 -0.0035478798853152034 0.0063085891038584868 0.00059991442641468124 0.0012146131644726449 0.0084009443504434473 0.0018980135685025498 0.0021188259522236441
leaf_weight=1599.8162398338318 342.72395706176758 203.97483596205711 3918.7779861837626 362.71907217800617 732.46758103370667 5195.9799460023642 1042.9214490652084 2729.2989347279072 64.69259324669838 1923.7869268059731 699.35966192185879 404.38922473788261 1154.885090187192 653.27452939748764
leaf_count=6412 1371 816 15678 1453 2933 20786 4172 10930 259 7696 2798 1618 4626 2614
internal_value=4.33539e-06 0.00133941 -0.00197837 -0.00256853 0.00311369 0.000466376 0.00103352 -0.00386526 -0.0033088 0.00177366 0.00349148 0.00607767 0.00379662 0.00476345
internal_weight=21029.1 12567.9 8461.13 7075.49 4140.44 8427.49 1385.65 3156.71 2793.99 3231.51 1307.72 608.364 3407.98 2253.09
internal_count=84162 50299 33863 28320 16585 33714 5543 12642 11189 12928 5232 2434 13652 9026
is_linear=0
shrinkage=0.02


Tree=19
num_leaves=15
num_cat=0
split_feature=26 26 41 24 24 12 44 8 45 36 19 48 13 1
split_gain=129.646 50.514 38.3048 26.5071 23.4916 21.8083 28.0381 16.4978 15.9874 15.3515 21.5355 16.8126 13.7572 14.9321
threshold=0.18186618945387767 -0.81622497779930381 0.58475780841764213 0.41103058287547317 0.21362202206371986 -0.00029051720889318959 -0.27328735637535501 0.00097424328142092559 1.1484954258746087 0.012226240881590215 -0.47458887051187615 -1.0000000180025095e-35 0.0025956673582653209 0.00035016203708142848
decision_type=2 2 2 2 2 2 2 2 2 2 2 2 2 2
left_child=1 3 4 -1 -2 6 -3 -4 -6 10 11 -7 13 -10
right_child=2 5 7 -5 8 9 -8 -9 12 -11 -12 -13 -14 -15
leaf_value=0.0050614069952908411 0.0020607513870854366 0.0029775938616241338 -0.00087066351435775402 0.00042806485894550627 -0.00050355159152673729 0.0043568456687847262 -0.00013585429502181246 -0.0046963623737360021 -0.0013883898808491014 0.0013031114788835266 -0.0019137556087505858 -0.0013421114631311818 -0.0003055796568193636 -0.005389570445962776
leaf_weight=1876.9616374820471 870.43112747371197 2738.2329182326794 579.95739334821701 670.95899850130081 2874.2011101394892 454.05150072276592 2000.1245763599873 2062.6945936530828 629.20439599454403 1745.8690021634102 2548.6135635823011 373.84531378746033 643.81089985370636 927.85571202635765
leaf_count=7526 3482 10956 2321 2685 11499 1817 8003 8260 2519 6985 10196 1496 2577 3715
internal_value=2.97357e-05 0.00133697 -0.00185871 0.00384451 -0.000966684 0.000687427 0.00166461 -0.00386 -0.00148744 -0.000217236 -0.00100412 0.00179081 -0.00276828 -0.00378232
internal_weight=20996.8 12408.7 8588.16 2547.92 5945.5 9860.74 4738.36 2642.65 5075.07 5122.38 3376.51 827.897 2200.87 1557.06
internal_count=84037 49664 34373 10211 23792 39453 18959 10581 20310 20494 13509 3313 8811 6234
is_linear=0
shrinkage=0.02


Tree=20
num_leaves=15
num_cat=0
split_feature=24 45 33 24 45 3 25 43 41 13 19 40 43 5
split_gain=130.794 60.0937 53.7581 27.0874 14.809 15.7834 15.0132 14.6047 14.4302 13.9893 12.6691 13.4577 12.5455 18.0589
threshold=0.60553416454790554 -0.96731796296138906 65.728964441780263 0.25020358604464715 -0.42225897402181817 -0.0027840616777759239 1.5000000000000002 0.22647023356920956 0.72038289274172229 0.0033693601127277651 0.027152761468965406 0.8993857181171071 -0.072893861999566267 7.9406583087109309e-05
decision_type=2 2 2 2 2 2 2 2 2 2 2 2 2 2
left_child=1 7 4 12 6 -6 -2 -1 10 -4 -5 -12 13 -3
right_child=2 3 9 8 5 -7 -8 -9 -10 -11 11 -13 -14 -15
leaf_value=0.0039242298644672612 0.0013361528306378328 0.0006618542197574358 -0.0051687070626469005 -0.0012321038688819464 0.0025596491186451863 -0.0019040915061811754 -0.0028075834811733071 -0.0034150577725539149 -0.010210134068451617 -0.00064358636895101116 0.0024078534530885057 -0.0011504278209280789 0.0005891931281289609 0.0044593670441013325
leaf_weight=3155.9918634295464 1647.9517826735973 894.33026772737503 1909.1690315157175 2869.7756594270468 338.16887032985687 4235.4736889749765 438.70394220948219 108.6497820019722 55.988491877913475 320.57888059318066 1016.3445480465889 724.34301808476448 2093.2485761642456 1139.5004480630159
leaf_count=12647 6593 3579 7650 11481 1353 16947 1755 435 224 1284 4066 2898 8375 4560
internal_value=3.37603e-06 0.00136009 -0.00183656 0.000499028 -0.000935142 -0.00157161 0.000460334 0.00367512 -0.000544698 -0.00452101 -0.00041639 0.000928111 0.00167839 0.00279522
internal_weight=20948.2 12058.2 8890.05 8793.53 6660.3 4573.64 2086.66 3264.64 4666.45 2229.75 4610.46 1740.69 4127.08 2033.83
internal_count=83847 48265 35582 35183 26648 18300 8348 13082 18669 8934 18445 6964 16514 8139
is_linear=0
shrinkage=0.02


Tree=21
num_leaves=15
num_cat=0
split_feature=33 26 41 22 47 48 6 13 12 15 46 32 22 16
split_gain=121.588 49.8984 23.1791 16.7329 14.6456 13.4412 13.3918 14.9068 14.5705 14.3668 14.4339 14.1179 13.221 13.1948
threshold=58.451564380743648 -0.57244198228253562 0.56979722065818716 0.24947810959914687 0.95642797789208711 -0.60785761079279388 0.00028494728573301897 0.0039565811845341083 -0.0059893668361286918 0.0023303686126489027 0.16280825711808991 0.014865605000751016 0.26222443755224456 0.0050400321742946038
decision_type=2 2 2 2 2 2 2 2 2 2 2 2 2 2
left_child=1 -1 4 6 5 12 7 8 -3 10 11 -10 -2 -4
right_child=2 3 13 -5 -6 -7 -8 -9 9 -11 -12 -13 -14 -15
leaf_value=0.0028923830606019762 -0.00082085013701219025 0.0042539725279663867 -0.0040679840574407017 -0.00056523825984984241 -0.0053119189727495342 -0.00031462240883336481 -0.0001374863977740654 -0.0030409187741172166 0.0004631241922542958 0.0042419065340409644 -0.0016382443072632997 0.0063128689482912781 -0.0055173203995890095 0.005136046115951697
leaf_weight=4115.7112506777048 510.42001666128635 971.4215624332428 2317.011747404933 4855.5716563165188 338.30004799365997 2890.8934598863125 2250.8361437916756 225.43271294236183 550.64560291171074 489.4033657759428 758.37468358874321 231.20198181271553 450.64731456339359 59.930810958147049
leaf_count=16492 2043 3887 9281 19424 1354 11570 9005 902 2203 1958 3034 925 1804 240
internal_value=5.94676e-06 0.00103152 -0.0022495 0.000289274 -0.00135194 -0.000997715 0.00104661 0.00187159 0.00224505 0.00127545 0.000322187 0.00222209 -0.0030402 -0.00382563
internal_weight=21015.8 14448.6 6567.2 10332.9 4190.26 3851.96 5477.32 3226.48 3001.05 2029.63 1540.22 781.848 961.067 2376.94
internal_count=84122 57830 26292 41338 16771 15417 21914 12909 12007 8120 6162 3128 3847 9521
is_linear=0
shrinkage=0.02


Tree=22
num_leaves=15
num_cat=0
split_feature=45 24 25 38 24 43 45 11 37 45 47 17 43 42
split_gain=103.643 47.7737 27.3458 24.6225 23.5947 21.0005 20.5388 19.8172 14.8688 19.9391 16.9985 14.0139 13.5949 13.3258
threshold=-0.35377162988191363 0.79843254333038838 -1.4999999999999998 4.3326796320744583 0.45833927881685371 0.13361698306365946 0.98228772419769594 0.027063345454868108 1.6082161232595253 2.2135300497941821 0.63405362205439464 1.3222218551408931 0.079532871387411205 0.56082592208297932
decision_type=2 2 2 2 2 2 2 2 2 2 2 2 2 2
left_child=2 3 4 12 5 -1 -3 8 10 11 13 -10 -2 -5
right_child=1 6 -4 7 -6 -7 -8 -9 9 -11 -12 -13 -14 -15
leaf_value=0.0046040746904527701 0.002268602635162644 -0.0015156223091133765 0.00095524458432175911 -0.00079377293763964788 -0.00023237917889725165 -0.0047278924255901422 -0.0043431437420787247 0.0033270692387304774 -0.00064975178588907751 -0.0082870567069988771 -0.0063406225408919525 0.0034626336759641953 -0.0011029264213774999 -0.0074268466274222599
leaf_weight=2394.6365645229816 1991.2915295660496 2357.6602036654949 4645.0293450206518 1039.7766678631306 583.31297324597836 96.614246681332588 1828.4312082976103 423.10656781494617 4028.9524697065353 124.11772920191288 398.76157340407372 356.16850580275059 625.78694316744804 132.39879429340363
leaf_count=9600 7967 9434 18591 4161 2334 387 7328 1693 16120 497 1596 1425 2504 530
internal_value=8.2555e-05 -0.00098687 0.00192539 -0.000174559 0.00338716 0.00423342 -0.00275436 -0.000833706 -0.00112574 -0.000540618 -0.00279824 -0.000312172 0.00146185 -0.00157135
internal_weight=21026 13306.5 7719.59 9120.36 3074.56 2491.25 4186.09 6503.28 6080.18 4509.24 1570.94 4385.12 2617.08 1172.18
internal_count=84167 53255 30912 36493 12321 9987 16762 26022 24329 18042 6287 17545 10471 4691
is_linear=0
shrinkage=0.02


Tree=23
num_leaves=15
num_cat=0
split_feature=26 26 41 22 46 22 14 5 43 37 42 21 25 24
split_gain=112.771 46.397 37.7524 20.3908 20.2661 18.3273 18.2683 15.9477 15.9019 14.729 13.872 13.0046 12.4538 12.2058
threshold=0.18186618945387767 -0.83246682547488715 0.58626486661670429 0.38963044158235238 -0.4124860612920454 0.39301275089811266 0.0015330338679900399 -1.0000000180025095e-35 -0.092690929615348361 4.013183685779917 0.4434578342761239 0.55630299185843624 -2.4999999999999996 0.65700951661861107
decision_type=2 2 2 2 2 2 2 2 2 2 2 2 2 2
left_child=1 5 3 9 7 -1 -5 10 -8 -2 -3 -4 13 -6
right_child=2 4 11 6 12 -7 8 -9 -10 -11 -12 -13 -14 -15
leaf_value=0.0045324545301759509 -0.0011917256753571867 0.0040058969336785304 -0.0042329225729404295 -0.0053839478051301631 0.002933197145943596 0.00034613553635090105 0.0030481969775190505 0.0031850469682427242 -0.0025502126746792171 0.0011862990903417187 -0.00038066143464680956 0.0011961520959905111 -0.00044066785627278998 -0.0053564652410919992
leaf_weight=1928.6263618022203 2484.4681286662817 354.07770127058029 2385.6615249663591 656.4819587469101 759.66523507237434 534.88975466787815 266.36347788572311 1685.1346330940723 803.23222528398037 1786.7452838271856 1461.0135226994753 188.45593538880348 5623.134101331234 73.740547433495522
leaf_count=7738 9944 1417 9557 2628 3041 2141 1066 6743 3215 7150 5846 754 22499 295
internal_value=-4.61593e-05 0.00117144 -0.00181016 -0.000939074 0.000562605 0.00362604 -0.00277017 0.00178691 -0.00114833 -0.00019672 0.000483697 -0.0038339 -0.000101987 0.00217215
internal_weight=20991.7 12420.3 8571.41 5997.29 9956.77 2463.52 1726.08 3500.23 1069.6 4271.21 1815.09 2574.12 6456.54 833.406
internal_count=84034 49720 34314 24003 39841 9879 6909 14006 4281 17094 7263 10311 25835 3336
is_linear=0
shrinkage=0.02


Tree=24
num_leaves=15
num_cat=0
split_feature=24 26 26 29 37 21 46 45 5 17 29 7 25 17
split_gain=120.763 55.0284 45.8954 21.0385 19.5314 17.5871 16.2578 15.3605 15.1101 14.7646 13.8981 13.6987 13.2641 12.6723
threshold=0.31945528574576626 0.47677203584671712 -0.783198809615541 3.2983763103483086 1.3680575108906063 0.24936363639234929 -0.35206144883412549 -0.60055957196178678 -0.0011460308053794516 1.5210016221130369 -0.24962207664532829 0.0030945036878984567 4.5000000000000009 1.2647794530498981
decision_type=2 2 2 2 2 2 2 2 2 2 2 2 2 2
left_child=2 7 3 -1 -4 12 -6 9 -9 -2 -8 -10 -3 -7
right_child=1 5 4 -5 6 13 10 8 11 -11 -12 -13 -14 -15
leaf_value=0.0041006041404930476 0.0014243144579023299 -0.0034370302282913895 -0.0028670508907739463 0.011288553215132056 0.0030187672434726798 -0.0021995410905457633 0.0021196103925616426 -0.0026685329879364765 -0.00055935221342566759 -0.0025290308158325159 -0.00048879253893991238 0.0040325239859637894 -0.0083654682411914202 0.0019659909882427593
leaf_weight=1561.5958954691887 2751.1251728236675 2705.4869422614574 440.19134384393692 179.63604208827019 1817.5711473971605 1313.9734600037336 1459.2459456324577 1378.0649825632572 4270.1154410988092 433.25283715128899 1845.3508899956942 271.71152698993683 236.17969201505184 371.01341430842876
leaf_count=6267 11011 10842 1761 722 7274 5260 5840 5513 17083 1734 7384 1087 947 1485
internal_value=-3.38166e-05 -0.00113895 0.00204321 0.00487236 0.001154 -0.00291376 0.00150202 -0.00023591 -0.000838193 0.000883318 0.00066449 -0.000280514 -0.00384625 -0.00127924
internal_weight=21034.5 13730.9 7303.59 1741.23 5562.36 4626.65 5122.17 9104.27 5919.89 3184.38 3304.6 4541.83 2941.67 1684.99
internal_count=84210 54962 29248 6989 22259 18534 20498 36428 23683 12745 13224 18170 11789 6745
is_linear=0
shrinkage=0.02


Tree=25
num_leaves=15
num_cat=0
split_feature=26 26 21 41 6 33 43 13 46 1 37 28 47 10
split_gain=111.57 35.6204 34.3578 22.3873 19.3226 18.6026 18.1049 15.1078 15.9497 13.93 13.4741 13.2229 12.9014 12.9204
threshold=0.19498919904168974 -0.43687459660305389 0.39702152469452251 0.58626486661670429 -0.00049639482506082624 62.616059123766256 0.48678829082329239 0.0036079057222837274 -0.7518398074789775 0.0003325844093701023 1.8134992340451526 -1.8579931606655606 0.35206144883412571 0.014913871342976363
decision_type=2 2 2 2 2 2 2 2 2 2 2 2 2 2
left_child=1 6 3 5 -3 11 -1 9 -9 -7 12 -2 13 -4
right_child=2 4 10 -5 -6 7 -8 8 -10 -11 -12 -13 -14 -15
leaf_value=0.0026050905420669053 0.0066226555501886081 0.0016393214714889302 -0.0016333873070822772 -0.0041600348261749001 -0.00048261404175378101 -0.0014320807302746802 -0.0082703213993568642 0.0071928385219683201 -0.0022205295963694011 -0.0049362016016497468 0.0016489875926206522 -0.0006374076980009655 -0.0052775264236541867 0.0062052095099923025
leaf_weight=5233.0585423260927 100.74025511741638 2762.8760417699814 330.90700528025627 2093.9588265120983 4515.1735444366932 753.45781786739826 57.220006987452507 108.65511950850487 192.07743103802204 1157.1620132029057 1370.0095271915197 1965.0202918946743 256.39082542061806 107.22642362117767
leaf_count=20972 403 11054 1324 8392 18063 3018 229 435 769 4636 5481 7862 1026 429
internal_value=3.772e-05 0.00123173 -0.00174093 -0.00246705 0.000323483 -0.00163433 0.00247976 -0.00290701 0.00124255 -0.00356169 0.000500402 -0.000268223 -0.00176087 0.000333358
internal_weight=21003.9 12568.3 8435.61 6371.07 7278.05 4277.11 5290.28 2211.35 300.733 1910.62 2064.53 2065.76 694.524 438.133
internal_count=84093 50318 33775 25515 29117 17123 21201 8858 1204 7654 8260 8265 2779 1753
is_linear=0
shrinkage=0.02


Tree=26
num_leaves=15
num_cat=0
split_feature=26 26 12 24 29 47 11 43 22 26 23 16 3 43
split_gain=101.175 62.0081 30.5628 24.2388 19.8328 18.8606 17.8628 17.8388 17.4391 15.924 15.8534 15.0645 14.4353 14.2696
threshold=0.68940321097558721 -0.57244198228253562 0.0048365718213543756 0.12444904487469213 3.2983763103483086 0.99465189230620699 0.021600925267956303 0.22647023356920956 0.080109396007838229 -0.75603176263536642 1.0578434625154476 0.0015312487509605832 0.0025374619103079635 -0.022419014453930779
decision_type=2 2 2 2 2 2 2 2 2 2 2 2 2 2
left_child=1 4 8 -2 7 6 10 -1 11 -6 -4 -3 -5 -10
right_child=3 2 5 12 9 -7 -8 -9 13 -11 -12 -13 -14 -15
leaf_value=0.0025752670180091502 0.0053569401321873966 -0.00016091947681060251 -0.0019126456166513148 -0.0040022998675643615 0.0095864215742914212 -0.0074314627522353884 0.0027424200499672796 -0.004015317562857508 0.0012386466495602794 0.0024350128714556978 0.00093743747588957737 0.0035013519593096358 -0.0004962498591842829 -0.00072383185995878059
leaf_weight=3452.7469217032194 126.73636923730373 655.31519895792007 3750.5967969596386 2780.8848406225443 283.98701572418213 181.19007959961891 471.62292645871639 168.12142100930214 2848.8471624553204 226.69328193366528 982.24040323495865 1420.9923771321774 566.84244234859943 3078.4881277084351
leaf_count=13844 507 2622 15006 11148 1141 725 1887 673 11398 908 3930 5686 2271 12317
internal_value=3.19711e-05 0.000650435 -1.07948e-05 -0.00308324 0.00279074 -0.00117504 -0.0009503 0.00226414 0.000772868 0.00646627 -0.00132078 0.00234787 -0.00341028 0.000219641
internal_weight=20995.3 17520.8 13389.3 3474.46 4131.55 5385.65 5204.46 3620.87 8003.64 510.68 4732.84 2076.31 3347.73 5927.34
internal_count=84063 70137 53571 13926 16566 21548 20823 14517 32023 2049 18936 8308 13419 23715
is_linear=0
shrinkage=0.02


Tree=27
num_leaves=15
num_cat=0
split_feature=33 33 19 22 13 40 22 1 12 25 27 1 38 15
split_gain=101.725 49.7287 20.9596 20.6807 18.4004 17.1585 16.4167 20.3768 13.5563 12.1739 12.8317 12.1628 11.2154 14.5561
threshold=56.794711360315723 35.269628928030095 0.26564590676043254 0.24947810959914687 0.003658513301730068 1.4162994649768257 0.38963044158235238 4.878432773935381e-05 -0.0096330520951131409 -2.4999999999999996 -0.44239882813981996 0.0019194666209595942 8.2008046184936774 0.0011572759892947823
decision_type=2 2 2 2 2 2 2 2 2 2 2 2 2 2
left_child=1 5 4 8 6 -1 -2 -8 -3 10 -10 -11 -5 -14
right_child=2 3 -4 12 -6 -7 7 -9 9 11 -12 -13 13 -15
leaf_value=0.004152003221722351 -6.1776623352035069e-05 0.0027420207934948852 -0.0028876306948281329 -9.537273381392661e-05 0.0033382205381034596 0.0012214677469544156 0.00089940179246906723 -0.0046781545177967581 -0.00095910306716226446 -0.00019971415383382118 0.006681629063381378 0.0036397779945383959 0.0027324267556189971 -0.0033905302677787658
leaf_weight=2229.4911985993385 1842.0549138188362 1549.0553645044565 3874.4745763987303 3516.5859905183315 386.6440294533968 1252.7651890516281 370.29584139585495 879.25425392389297 135.43541669845581 3282.8736899197102 239.75503899157047 361.86257311701775 181.96947427093983 939.07948517799377
leaf_count=8943 7370 6200 15527 14069 1547 5021 1482 3521 543 13137 960 1448 728 3757
internal_value=1.99686e-05 0.00103905 -0.00187671 0.000334391 -0.000748108 0.00310099 -0.00126372 -0.00302829 0.00115547 0.000541459 0.00394715 0.000185949 -0.000651766 -0.00238893
internal_weight=21041.6 13688.9 7352.72 10206.6 3478.25 3482.26 3091.61 1249.55 5568.98 4019.93 375.19 3644.74 4637.63 1121.05
internal_count=84253 54806 29447 40842 13920 13964 12373 5003 22288 16088 1503 14585 18554 4485
is_linear=0
shrinkage=0.02


Tree=28
num_leaves=15
num_cat=0
split_feature=26 26 41 21 42 41 37 47 36 43 40 40 15 35
split_gain=97.0342 49.3837 18.6448 18.4894 17.8676 14.387 14.8466 15.4428 13.7172 12.9097 12.8847 11.3194 10.9506 9.95525
threshold=-0.26828053707726451 0.68940321097558721 0.36953167922491986 0.19333129864044199 0.55364263986109863 0.61038292169484076 4.614528874912784 0.99465189230620699 0.032091894171440018 0.30966835849497915 0.53794991699693606 2.7515733028144758 0.00086533983893147476 -0.36270463786640311
decision_type=2 2 2 2 2 2 2 2 2 2 2 2 2 2
left_child=2 5 -1 8 11 6 7 10 -3 -4 -2 12 -5 -12
right_child=1 3 9 4 -6 -7 -8 -9 -10 -11 13 -13 -14 -15
leaf_value=0.0036458059494749936 -0.0025871285521537712 -0.0050787269081330726 0.0014395265908652413 -0.0083881524538760143 -0.0056073668846369886 -0.0022411295084425287 0.00077931014710328058 -0.0068102650740689734 0.0010355360065317125 -0.0038678827563659317 -0.0044481289830516114 0.0046730232159159614 -0.00068838056810439213 0.0002091902926666172
leaf_weight=1721.4831273108721 1025.9988229423761 1618.228589117527 5119.2979699373245 74.126380518078804 349.1656266450882 1396.0403732359409 4348.2569854557514 162.18972755968571 159.6716311275959 185.42080014944077 189.22778974473476 142.6537312567234 1137.6501646190882 3345.9538412839174
leaf_count=6903 4105 6494 20508 297 1399 5587 17397 649 640 742 757 571 4557 13387
internal_value=-7.6332e-05 -0.00104169 0.00183958 -0.00310331 -0.00160731 -0.000354854 -6.34992e-05 -0.000839379 -0.00452825 0.00125054 -0.000619837 -0.000559288 -0.00119192 -4.60325e-05
internal_weight=20975.4 13949.2 7026.2 3481.5 1703.6 10467.7 9071.63 4723.37 1777.9 5304.72 4561.18 1354.43 1211.78 3535.18
internal_count=83993 55840 28153 13958 6824 41882 36295 18898 7134 21250 18249 5425 4854 14144
is_linear=0
shrinkage=0.02


Tree=29
num_leaves=15
num_cat=0
split_feature=33 26 21 12 40 21 40 5 13 25 37 19 48 36
split_gain=91.2164 38.2966 32.3295 24.9246 29.5414 17.518 16.9864 14.999 14.8319 15.9459 14.2483 13.094 19.6358 16.2952
threshold=56.794711360315723 -0.83246682547488715 0.40825962506685648 -0.0021424164616442479 0.86690188428351345 0.1691979582241355 1.4162994649768257 -0.0017623883778801165 0.0024596035901413424 4.5000000000000009 9.0426414360249137 -0.45852132793742756 -0.60785761079279388 0.010417870233830681
decision_type=2 2 2 2 2 2 2 2 2 2 2 2 2 2
left_child=1 6 8 4 5 -3 -1 10 9 -2 -6 12 -5 -13
right_child=2 3 -4 11 7 -7 -8 -9 -10 -11 -12 13 -14 -15
leaf_value=0.0046092416511819756 -0.0028700175259278159 0.001023595686037688 0.00052742023770882291 0.0046840942622200015 -0.0049042059274366171 0.0041398632590612296 0.0012368610159678673 0.00071965304072227256 -0.00084978731287312277 -0.0081915746328330829 0.0023331414279243834 -0.0018608159356687929 -0.00036926264917378675 0.00053681611384687525
leaf_weight=1444.1664240807295 3796.8444205373526 1276.3858458995819 1791.4543500542641 456.10462537407875 423.81397746503353 1667.7671883702278 1024.6898668259382 1522.2422485500574 1483.6064053326845 236.44679664075375 142.4217267036438 2820.2416702508926 921.78438910841942 1890.9037005752325
leaf_count=5801 15214 5108 7168 1826 1696 6675 4109 6092 5943 949 570 11284 3690 7566
internal_value=-4.72335e-06 0.000964138 -0.00180583 0.000463286 0.00150402 0.00279289 0.00321488 -0.000315242 -0.00256328 -0.00319174 -0.00307935 -0.000397417 0.00131437 -0.000898934
internal_weight=20898.9 13590.5 7308.35 11121.7 5032.63 2944.15 2468.86 2088.48 5516.9 4033.29 566.236 6089.03 1377.89 4711.15
internal_count=83691 54417 29274 44507 20141 11783 9910 8358 22106 16163 2266 24366 5516 18850
is_linear=0
shrinkage=0.02


Tree=30
num_leaves=15
num_cat=0
split_feature=26 26 24 40 41 46 1 31 15 21 1 3 2 1
split_gain=98.253 33.6986 28.4982 16.9952 16.2083 15.8708 19.4215 13.665 13.402 13.6065 12.0903 14.5988 12.6668 11.9274
threshold=0.19498919904168974 -0.83246682547488715 0.23417971390108203 2.0100142171753359 0.58626486661670429 -0.4124860612920454 7.9406583087109309e-05 0.13936406212122024 0.00242531520863442 0.25687963624180449 9.628337998904976e-05 -0.0044686466019731984 -0.001523081227164618 0.00023943350680367194
decision_type=2 2 2 2 2 2 2 2 2 2 2 2 2 2
left_child=1 3 -2 7 10 -3 -7 -1 9 -8 -4 -12 -13 -10
right_child=2 5 4 -5 -6 6 8 -9 13 -11 11 12 -14 -15
leaf_value=0.0032398341254615171 0.0013187781702140198 0.0015732074903208691 -0.00025962050978466908 0.00016704630249803737 -0.003551298762088212 0.00079331086818786533 -0.0038975004918615935 0.0077574999689829288 -0.0077154813026808957 -0.00030594818742037659 0.0068478644404761516 0.00078580327120778709 -0.0030119625133612901 0.0013384749429631742
leaf_weight=1544.8420900702477 1038.0606173574924 3561.8750279098749 1822.4997072964907 597.13804705440998 2432.5758659243584 3953.3198496550322 1028.6183056533337 324.62082795798779 57.978991344571114 714.51481899619102 63.470004215836525 402.67808653414249 2653.6821224540472 766.71122968196869
leaf_count=6204 4153 14255 7296 2394 9753 15822 4116 1305 232 2859 254 1612 10628 3068
internal_value=-0.000107083 0.00101387 -0.00177882 0.00310683 -0.00221543 0.000500589 -8.60357e-05 0.0040429 -0.00143875 -0.0024304 -0.001555 -0.00231008 -0.00251114 0.000659286
internal_weight=20962.6 12549.6 8412.97 2466.6 7374.91 10083 6521.14 1869.46 2567.82 1743.13 4942.33 3119.83 3056.36 824.69
internal_count=83951 50255 33696 9903 29543 40352 26097 7509 10275 6975 19790 12494 12240 3300
is_linear=0
shrinkage=0.02


Tree=31
num_leaves=15
num_cat=0
split_feature=26 26 43 26 21 29 48 9 42 37 3 12 1 36
split_gain=92.879 37.7248 21.5759 20.4735 19.532 16.7251 16.2772 18.9106 15.962 14.0229 13.7129 15.1647 20.7617 15.2267
threshold=-0.25365825074997317 0.68940321097558721 0.30966835849497915 -0.83246682547488715 0.20242489767211183 3.2983763103483086 -0.60785761079279388 -0.00038021644976376899 0.54868251487546238 1.4691714289191649 0.00089704855611859866 -0.0047568961330065988 0.0024069784404679322 0.017706333686984887
decision_type=2 2 2 2 2 2 2 2 2 2 2 2 2 2
left_child=2 9 3 5 -3 -1 7 -5 -6 -2 11 -11 -13 -14
right_child=1 4 -4 6 8 -7 -8 -9 -10 10 -12 12 13 -15
leaf_value=0.0029826325401046123 -0.0024684972048445906 -0.0041929264522918034 -0.0048085082124337281 0.0018136340831311788 -7.8416679528627028e-05 0.0088861014922044165 0.00047718060073383806 0.0075859234381274393 -0.0046963136044008017 0.00064850855767015984 0.0010836944321801103 -0.0017396992772881858 0.0069788943769818756 -0.003152816088985089
leaf_weight=2204.3167507648468 1118.4003319144249 1823.0327751785517 185.67345418035984 1019.7874522209167 1252.8929536491632 207.3421737998724 3282.8975441306829 289.0215060710907 388.49467912316322 2415.7693931907415 2737.4004964381456 3768.4154036194086 190.45302215218544 81.731957450509071
leaf_count=8850 4476 7319 743 4083 5019 835 13143 1157 1557 9666 10953 15078 762 327
internal_value=-4.72926e-06 -0.000966269 0.00183729 0.00201679 -0.00277032 0.00350752 0.00123087 0.00311234 -0.00118235 -0.00035914 -0.000101339 -0.000604225 -0.00135308 0.00393454
internal_weight=20965.6 13776.6 7189.04 7003.37 3464.42 2411.66 4591.71 1308.81 1641.39 10312.2 9193.77 6456.37 4040.6 272.185
internal_count=83968 55157 28811 28068 13895 9685 18383 5240 6576 41262 36786 25833 16167 1089
is_linear=0
shrinkage=0.02


Tree=32
num_leaves=15
num_cat=0
split_feature=24 45 1 2 42 22 41 24 11 25 36 11 45 7
split_gain=85.4587 39.5097 31.4606 21.1686 18.1734 17.1547 18.304 15.2388 12.3504 12.0347 11.8387 11.355 11.6026 11.2902
threshold=0.51563727265323889 -1.0522042740433115 9.628337998904976e-05 -0.0012431595687455777 0.44945495158499243 0.26473191850401706 0.37547126273082548 0.73852289828120099 0.027063345454868108 -2.4999999999999996 0.0060926007677030427 0.020766347658104995 1.113852071125484 0.00069219936820737909
decision_type=2 2 2 2 2 2 2 2 2 2 2 2 2 2
left_child=1 -1 4 -4 10 6 9 8 -5 -3 -2 12 -6 -11
right_child=2 5 3 7 11 -7 -8 -9 -10 13 -12 -13 -14 -15
leaf_value=0.0034377242504596249 -0.0010993137487388389 0.0080423740327383048 -9.1630674613793554e-05 -0.0019571713521492578 -0.00051899939030919937 -0.00072660191420719422 0.00064291713672927331 -0.0042469593597374072 0.0067689740167811872 0.0010232863977755339 0.0031559119378466627 0.0031633074681534524 -0.0031614613403587594 0.0053472254786488659
leaf_weight=2741.2911290824413 365.06628924608231 186.06949700415134 1187.4160889387131 1299.6898224800825 3358.8254891335964 2475.3001096248627 4140.204437404871 2113.2541348189116 63.441819041967392 686.16050332784653 898.68293131887913 268.67281359434128 824.53553245961666 370.44249793887138
leaf_count=11007 1461 746 4754 5204 13441 9905 16570 8475 254 2747 3597 1076 3307 1483
internal_value=0.00010971 0.00137256 -0.00117994 -0.00239796 -0.000184858 0.000650413 0.00128372 -0.00318447 -0.00152779 0.00340753 0.00192719 -0.000785872 -0.00104298 0.00255729
internal_weight=20979.1 10599.5 10379.6 4663.8 5715.78 7858.18 5382.88 3476.39 1363.13 1242.67 1263.75 4452.03 4183.36 1056.6
internal_count=84027 42458 41569 18687 22882 31451 21546 13933 5458 4976 5058 17824 16748 4230
is_linear=0
shrinkage=0.02


Tree=33
num_leaves=15
num_cat=0
split_feature=26 33 40 12 40 0 21 47 12 20 21 14 18 32
split_gain=95.0676 40.9527 22.1522 19.1446 19.8624 18.6261 16.597 15.9979 15.8563 14.492 13.6406 13.2586 13.2254 13.2219
threshold=-0.48214134982714812 61.669816460374882 2.0100142171753359 -0.0023093040800152812 0.97180846493449591 -0.0014306790991346055 0.20242489767211183 0.35206144883412571 0.00099570178013662944 0.25474318297409432 0.38649285762668034 0.00082709188109354541 0.0046679446551912617 0.14471671894668975
decision_type=2 2 2 2 2 2 2 2 2 2 2 2 2 2
left_child=2 3 -1 4 -2 -5 -3 9 12 -8 -7 -12 13 -9
right_child=1 6 -4 5 -6 10 7 8 -10 -11 11 -13 -14 -15
leaf_value=0.003115808186362362 0.0018254581807196379 -0.0033486581616604207 -0.00056847560389502994 0.0020832178732483812 -0.0010270616744996242 -0.0017491485033425428 0.0019538561024357963 -0.006035420852828946 -0.0050185369870113699 -0.0017449127147323431 -0.0043177849262575688 0.0011176757915442191 -0.0082973949323075918 0.0042253772461677335
leaf_weight=4106.4336035996675 3337.6313554793596 2400.5738829672337 774.32672087848186 837.27506256103516 1375.5349024087191 3905.1025598943233 851.80813227593899 59.17876398563385 614.18536162376404 833.27547541260719 200.46862114965916 1417.7459727078676 54.207968041300774 230.44326557219028
leaf_count=16476 13356 9634 3104 3350 5504 15626 3409 237 2460 3339 802 5672 217 923
internal_value=8.73378e-05 -0.000653316 0.00253132 2.72802e-05 0.000992746 -0.000688343 -0.00214616 -0.00104974 -0.00310606 0.00012506 -0.00110999 0.000433091 0.000333168 0.00206193
internal_weight=20998.2 16117.4 4880.76 11073.8 4713.17 6360.59 5043.67 2643.1 958.015 1685.08 5523.32 1618.21 343.83 289.622
internal_count=84109 64529 19580 44310 18860 25450 20219 10585 3837 6748 22100 6474 1377 1160
is_linear=0
shrinkage=0.02


Tree=34
num_leaves=15
num_cat=0
split_feature=26 26 24 41 22 1 47 6 41 8 13 47 26 1
split_gain=80.8222 43.6381 24.5868 22.3966 18.8241 15.5177 18.3877 14.9504 19.7217 14.2105 13.9136 12.7217 12.6478 11.8015
threshold=-0.57244198228253562 0.54698644833312782 0.75058930645730448 0.3655730023056642 0.22281034220986637 0.0078503642283297165 0.47114434510950071 -0.00041311703313375286 0.61687149158394095 -0.0026462183092309435 0.0039565811845341083 0.84874750804349197 0.89748460138164643 -0.00038305210141741146
decision_type=2 2 2 2 2 2 2 2 2 2 2 2 2 2
left_child=3 4 5 -1 7 6 12 8 10 -6 -2 -9 -3 -5
right_child=1 2 -4 13 9 -7 -8 11 -10 -11 -12 -13 -14 -15
leaf_value=0.0050212392424871565 0.0033746964877034466 0.0018315350795377709 -0.0036133071377476935 0.0025341101639513551 0.0018989155813718287 0.0075518642553324142 -0.0038302466351750903 0.00063810683552679992 -0.0025181555424106405 -0.001042237065925093 -0.0024953575345320793 -0.0024057221898662927 -0.0018942567833254609 -0.00010923902807310825
leaf_weight=1074.9295148700476 1815.5505738407373 829.12629106640816 2430.4225102066994 2049.8807741552591 739.09597419202328 82.717821806669235 646.82534791529179 2851.4584728032351 312.36251214146614 5636.4443304985762 173.66418941318989 674.99821402132511 642.29663598537445 1005.9180815815926
leaf_count=4320 7266 3319 9759 8225 2957 331 2591 11410 1250 22552 695 2701 2573 4035
internal_value=3.84242e-05 -0.000576822 -0.00222858 0.00254355 5.06937e-05 -0.000694767 -0.00103382 0.00087187 0.00212384 -0.000700058 0.00285725 5.2907e-05 0.000204268 0.00166521
internal_weight=20965.7 16835 4631.39 4130.73 12203.6 2200.97 2118.25 5828.03 2301.58 6375.54 1989.21 3526.46 1471.42 3055.8
internal_count=83984 67404 18573 16580 48831 8814 8483 23322 9211 25509 7961 14111 5892 12260
is_linear=0
shrinkage=0.02


Tree=35
num_leaves=15
num_cat=0
split_feature=33 41 45 40 38 47 46 42 24 27 5 19 3 46
split_gain=79.3081 47.1707 22.6839 18.6469 16.2335 19.0564 15.4443 17.9719 15.4172 14.2648 12.7133 11.4812 10.9613 12.0183
threshold=38.644293480577041 0.58626486661670429 1.1818687052842203 1.4162994649768257 7.4737341906606165 0.52778511650980109 0.88144907265856365 0.38514067036639693 0.9607285025735578 -1.3467813474475647 0.0010147074860067439 -0.76805480905464985 -0.0031718287605778115 -0.83146961230254501
decision_type=2 2 2 2 2 2 2 2 2 2 2 2 2 2
left_child=3 2 4 6 12 10 8 -8 -1 -9 -6 -5 13 -2
right_child=1 -3 -4 11 5 -7 7 9 -10 -11 -12 -13 -14 -15
leaf_value=0.0039471515266423472 0.0091707708360976789 -0.0027983690821707994 -0.0018532444087524553 0.0030395307309670156 -0.00072246059892135345 -0.0030895970428148653 0.010662459450675092 0.0025445695414713066 -0.0060662534949139516 -0.0038564921217960082 0.0024843004652248517 -0.00083895119749068851 0.00062762306880682309 0.0016705188853663208
leaf_weight=2581.1182814538479 120.7011975646019 3483.5667727142572 2572.2448806911707 430.6853235065937 1931.0657751113176 1051.9911598861217 54.039796978235245 251.43845301866531 58.722680762410164 300.27143567800522 659.17217057943344 1015.5375285595655 6227.521872907877 276.393884152174
leaf_count=10360 483 13964 10309 1730 7728 4210 217 1010 235 1204 2638 4069 24922 1106
internal_value=-7.7278e-05 -0.000736079 -0.000175656 0.00221301 0.000245343 -0.000826492 0.0030536 0.000171524 0.00371336 -0.000942594 9.68204e-05 0.000322554 0.000834818 0.00403599
internal_weight=21014.5 16322.7 12839.1 4691.81 10266.8 3642.23 3245.59 605.75 2639.84 551.71 2590.24 1446.22 6624.62 397.095
internal_count=84185 65360 51396 18825 41087 14576 13026 2431 10595 2214 10366 5799 26511 1589
is_linear=0
shrinkage=0.02


Tree=36
num_leaves=15
num_cat=0
split_feature=33 26 12 5 47 46 40 21 1 21 23 22 16 47
split_gain=69.3247 36.1999 25.7883 18.4172 15.9086 15.7585 15.3315 14.9073 16.4766 14.8026 14.3304 13.5629 17.1466 13.5164
threshold=38.644293480577041 0.68940321097558721 0.0057201990260975855 -0.001876914174407399 0.99465189230620699 -0.38268343236508934 1.4162994649768257 0.36913313941616144 -0.0023597515642044455 0.22745686598098347 0.6880958273249268 0.080109396007838229 0.0021054127446117859 -0.84874750804349175
decision_type=2 2 2 2 2 2 2 2 2 2 2 2 2 2
left_child=6 2 3 -2 7 -5 -1 8 -4 -3 -6 12 13 -7
right_child=1 9 4 5 10 11 -8 -9 -10 -11 -12 -13 -14 -15
leaf_value=0.0028055926373476247 -0.0020332749171561538 -0.003680630233548744 0.0025145301479816335 0.0022047326534159468 -0.013645115793006701 0.0047920637326487117 0.00033601115590321091 0.00060511426660744827 -0.0022596025281152931 -0.0010347062112596509 -0.0019526942676026955 -0.00051395899020750943 0.0049018795686390036 -0.0013996040175135013
leaf_weight=3250.0588913112879 994.85829372704029 1944.4719494432211 314.09542572498322 2330.3022243529558 73.203392952680588 180.41011628508568 1457.1711278855801 1418.8784763813019 3162.3658418804407 1503.1272634714842 94.675731375813484 3198.2107153683901 476.44539819657803 584.18161343038082
leaf_count=13046 3981 7814 1257 9326 293 722 5843 5677 12657 6023 379 12798 1907 2338
internal_value=-9.40342e-05 -0.00071235 -0.000222983 0.000501103 -0.00133276 0.000874783 0.00204228 -0.00112094 -0.00182527 -0.0025302 -0.00729834 0.000174955 0.00194526 8.3e-05
internal_weight=20982.5 16275.2 12827.6 7764.41 5063.22 6769.55 4707.23 4895.34 3476.46 3447.6 167.879 4439.25 1241.04 764.592
internal_count=84061 65172 51335 31072 20263 27091 18889 19591 13914 13837 672 17765 4967 3060
is_linear=0
shrinkage=0.02


Tree=37
num_leaves=15
num_cat=0
split_feature=33 26 24 29 11 33 48 25 24 22 3 36 17 43
split_gain=75.3764 33.4292 21.7668 18.0307 15.0022 15.1529 13.2628 12.404 11.6559 13.5963 13.1989 14.9165 19.3159 13.6207
threshold=56.794711360315723 -0.74175343689745354 0.31052932659014426 3.2983763103483086 0.020766347658104995 74.619850597828716 -0.8783796973249266 1.5000000000000002 8.0347101502391488e-05 0.24947810959914687 -7.5598027346701648e-05 0.016293889473290628 1.1739716120778532 -0.072893861999566267
decision_type=2 2 2 2 2 2 2 2 2 2 2 2 2 2
left_child=1 3 -2 -1 5 -4 7 -3 -8 10 11 -10 -13 -12
right_child=2 6 4 -5 -6 -7 8 -9 9 -11 13 12 -14 -15
leaf_value=0.0020889718425879966 0.00049388197905988064 0.0025801286496017163 -0.002202952759897011 0.0073318253906081163 0.00045702006679689705 -0.0051726258668630684 -0.0036806319125601574 -0.0021638298694034593 -0.0011996361740001962 -0.00075159899003293651 0.0040720967905946773 0.0055570757026704313 -0.001671933246302187 0.00074539169571141803
leaf_weight=2678.1968136578798 1367.9168917089701 1411.3979608863592 4468.0370606034994 287.34073312580585 695.59526333212852 812.6794647872448 343.4334174990654 257.16613154113293 1669.229655995965 4278.5920718461275 772.69517560303211 340.73032660782337 255.09277288615704 1349.5022332817316
leaf_count=10759 5473 5649 17910 1158 2788 3265 1375 1029 6681 17120 3094 1364 1021 5401
internal_value=-0.000147531 0.000731818 -0.00178049 0.00260846 -0.00230104 -0.00266443 0.000209646 0.00184469 -9.40274e-05 5.01528e-05 0.000832013 -0.000229983 0.00247393 0.00196337
internal_weight=20987.6 13643.4 7344.23 2965.54 5976.31 5280.72 10677.8 1668.56 9009.28 8665.84 4387.25 2265.05 595.823 2122.2
internal_count=84087 54651 29436 11917 23963 21175 42734 6678 36056 34681 17561 9066 2385 8495
is_linear=0
shrinkage=0.02


Tree=38
num_leaves=15
num_cat=0
split_feature=33 19 24 48 43 21 1 1 37 20 14 46 37 41
split_gain=72.8424 28.0313 23.8655 22.1073 19.2015 18.4592 18.0335 15.6393 12.1666 11.5744 11.2986 12.3501 11.2204 14.5446
threshold=56.794711360315723 -0.47458887051187615 0.49182718991432217 -0.8783796973249266 -0.059930201113060209 0.3355418628989027 -0.00024274731518867298 0.00014322592741842295 4.650618663883014 -0.4818514626248957 0.002210341628156959 -0.22695468355932449 1.4691714289191649 0.40473832542014604
decision_type=2 2 2 2 2 2 2 2 2 2 2 2 2 2
left_child=1 3 12 7 -5 6 -3 -1 -8 10 -6 -12 13 -2
right_child=2 5 -4 4 9 -7 8 -9 -10 -11 11 -13 -14 -15
leaf_value=0.0090817961625494718 0.0039605470199686518 0.00056300663911966627 -0.0023985089981843734 0.0024605057468587662 -0.0041648443908448643 0.0013658080062128569 -0.003372556324706801 0.0021637528291843541 -0.00058774850943206633 0.0052067706493830026 -0.0024738959222218881 0.0065862700986484158 0.00098148428972099472 -0.0033646041789017018
leaf_weight=294.93783529102802 128.44980156421661 3300.9139084070921 5032.7438623458147 2652.6522573232651 404.42491433024406 3747.0138961523771 1009.1272431463003 238.78623743355274 1653.2679382711649 93.827813073992729 141.20359981060028 97.568603724241257 1604.0255243033171 584.15023542940617
leaf_count=1185 514 13212 20189 10649 1621 15004 4038 957 6616 376 566 391 6418 2338
internal_value=-2.15721e-05 0.00084354 -0.00162591 0.00226908 0.00166802 0.000266686 -0.000424508 0.0060355 -0.00164762 -0.00118158 -0.00214648 0.00128748 5.40613e-05 -0.00202581
internal_weight=20983.1 13633.7 7349.37 3923.4 3389.68 9710.32 5963.31 533.724 2662.4 737.025 643.197 238.772 2316.63 712.6
internal_count=84074 54615 29459 15745 13603 38870 23866 2142 10654 2954 2578 957 9270 2852
is_linear=0
shrinkage=0.02


Tree=39
num_leaves=15
num_cat=0
split_feature=26 26 48 43 12 47 22 48 20 8 42 36 42 4
split_gain=70.133 31.1224 18.7261 18.2627 17.1893 17.172 17.2483 15.1662 20.499 17.4771 13.9452 13.7347 12.6615 12.5676
threshold=-0.26828053707726451 0.68940321097558721 -0.8783796973249266 0.40650273426103284 -0.0047568961330065988 0.99465189230620699 0.55053211388110623 -0.60785761079279388 -0.57400093782310868 -0.0044512286073079841 0.38514067036639693 0.03275347306657795 0.48313003376721175 0.00031673180983677425
decision_type=2 2 2 2 2 2 2 2 2 2 2 2 2 2
left_child=3 4 -3 7 11 6 -6 8 -1 -9 -11 -2 -7 -12
right_child=1 2 -4 -5 5 12 -8 9 -10 10 13 -13 -14 -15
leaf_value=0.0057880319398855981 0.0012139742609014166 -0.0064549182219580037 -0.0018908563119801171 -0.0064751752253624142 -0.00024627246152096475 -0.0005863347226995586 -0.0032344091476128652 0.0028355052061184893 0.0015602920434437569 0.0060846071452806665 -0.00080431645482696972 -0.0034867806791778026 -0.010285043448220562 0.0019398555574673302
leaf_weight=782.19103956222534 3361.3198125660419 404.53554759919643 3041.6440989524126 103.70471553504467 5715.2781154811382 92.433490484952927 888.68010883033276 1729.8117521107197 1112.3025338947773 156.22079500555992 2135.8765479028225 263.65080764889717 126.11981780827045 965.03433558344841
leaf_count=3143 13451 1626 12211 415 22871 370 3557 6945 4457 627 8561 1055 505 3867
internal_value=3.33358e-05 -0.000788519 -0.00243519 0.00166743 -0.000244447 -0.000835586 -0.000650522 0.00179475 0.00331647 0.00121392 0.000349694 0.000867748 -0.00628799 5.14452e-05
internal_weight=20878.8 13893.7 3446.18 6985.14 10447.5 6822.51 6603.96 6881.44 1894.49 4986.94 3257.13 3624.97 218.553 3100.91
internal_count=83661 55646 13837 28015 41809 27303 26428 27600 7600 20000 13055 14506 875 12428
is_linear=0
shrinkage=0.02


Tree=40
num_leaves=15
num_cat=0
split_feature=24 45 26 29 41 35 45 21 29 47 40 17 20 40
split_gain=71.4582 38.1159 20.5472 16.8537 13.7683 12.0098 13.9537 11.9404 11.253 25.6412 14.8688 12.0437 12.6492 11.047
threshold=0.31052932659014426 0.98228772419769594 -0.783198809615541 3.2423284744447525 0.35679669355301341 0.81432148728194109 -0.35377162988191363 0.39702152469452251 -0.10033985497284854 0.29012925520284133 1.19635846824078 0.64923259738462302 -0.40602063497079305 1.6088741063200434
decision_type=2 2 2 2 2 2 2 2 2 2 2 2 2 2
left_child=2 5 3 4 -1 6 13 -3 10 -10 11 12 -4 -2
right_child=1 7 8 -5 -6 -7 -8 -9 9 -11 -12 -13 -14 -15
leaf_value=0.0056869289494466081 0.001101256219260868 -0.0030707080867177963 -0.0011527439432893834 0.0092723917330993725 0.0015361812512601116 0.0067302692027217158 -0.00093968073963198275 -0.00018518702041463162 0.0017563814979509086 -0.0019050859567552778 -0.0015640341817602602 0.0040483633571517883 0.0041384350892979165 -0.0014555709199771439
leaf_weight=456.3769716322422 3324.045335829258 3213.4201051443815 484.63910479843616 176.77915588021278 1060.1224156320095 93.273233368992805 5693.0263381153345 698.85162813961506 1788.3323468118906 1329.2844716608524 378.87248845398426 1147.1287834197283 281.74565713107586 843.54414717853069
leaf_count=1839 13310 12905 1941 715 4265 374 22786 2798 7158 5321 1517 4594 1128 3378
internal_value=-4.93727e-05 -0.000884935 0.00158119 0.00350094 0.0027999 -0.000227124 -0.000296313 -0.00255616 0.000977644 0.00019466 0.00203975 0.00275551 0.000806666 0.000582616
internal_weight=20969.4 13866.2 7103.28 1693.28 1516.5 9953.89 9860.62 3912.27 5410 3117.62 2292.39 1913.51 766.385 4167.59
internal_count=84029 55551 28478 6819 6104 39848 39474 15703 21659 12479 9180 7663 3069 16688
is_linear=0
shrinkage=0.02


Tree=41
num_leaves=15
num_cat=0
split_feature=24 45 1 27 35 12 13 39 8 22 6 22 37 20
split_gain=63.0923 28.36 25.1267 18.9904 16.3589 18.4029 14.969 14.1477 13.5411 12.9332 14.7454 19.4831 14.7742 12.8938
threshold=0.51563727265323889 1.1818687052842203 0.0001274745138195235 -0.81437436129385554 0.81432148728194109 -0.0036610699085218002 0.0025956673582653209 -0.37572715629858361 -0.0054369534088989924 0.26222443755224456 -0.0011459355772979057 0.052163720776637806 3.8749704931147941 -0.31806113751925313
decision_type=2 2 2 2 2 2 2 2 2 2 2 2 2 2
left_child=2 4 3 13 5 7 -3 -2 -7 10 11 12 -4 -1
right_child=1 6 9 -5 -6 8 -8 -9 -10 -11 -12 -13 -14 -15
leaf_value=0.0043173208475953398 0.0019764827786625931 -0.0038888918442038208 -0.0071092494913448864 0.00099493629720381156 0.0053044391703092287 0.0039376384029758838 -0.00048245274359314845 -0.00074941504455977657 -0.0017420377400917514 -0.0014482352758113362 -1.3063014674170846e-05 0.0050111560630522068 0.0021718821364773216 0.00076536511096261502
leaf_weight=1628.3658431917429 1389.4785652011633 1909.3556613624096 105.15896765887737 3142.1210079044104 180.63581925630569 170.09348581731319 708.53664718568325 1673.878920853138 4309.5347048789263 1608.6976485699415 2777.6391451358795 591.14528013765812 177.60450093448162 548.55274423956871
leaf_count=6554 5561 7675 421 12582 725 681 2844 6700 17253 6440 11123 2368 712 2201
internal_value=-6.20687e-05 -0.00117266 0.0010236 0.00199221 -0.00056206 -0.000705969 -0.00296961 0.000488204 -0.00152223 4.32005e-05 0.000701338 0.00295915 -0.0013433 0.00342608
internal_weight=20920.8 10341.5 10579.3 5319.04 7723.62 7542.99 2617.89 3063.36 4479.63 5260.25 3651.55 873.909 282.763 2176.92
internal_count=83840 41439 42401 21337 30920 30195 10519 12261 17934 21064 14624 3501 1133 8755
is_linear=0
shrinkage=0.02


Tree=42
num_leaves=15
num_cat=0
split_feature=33 41 22 41 40 8 21 44 16 25 17 35 9 16
split_gain=67.1818 35.1789 22.7624 18.7524 15.1036 14.8684 14.6853 17.4197 14.1088 13.8559 12.8083 12.4127 11.7689 11.6595
threshold=38.644293480577041 0.58015873950457697 0.24196723234164549 0.50735081433982832 1.4162994649768257 0.0010045919210506175 0.19572026442599158 -0.91308449769911371 0.0041068034952808025 -2.4999999999999996 0.62482313944864087 -0.82940979983453189 0.007277390673166924 0.0012919943737545886
decision_type=2 2 2 2 2 2 2 2 2 2 2 2 2 2
left_child=3 2 9 4 13 -3 10 -8 -7 -2 -4 -6 -11 -1
right_child=1 5 6 -5 11 8 7 -9 -10 12 -12 -13 -14 -15
leaf_value=0.00034375187505613226 0.0044455673311502618 -0.0007331039852298746 -0.0036622784355124743 -0.00023748237717423156 0.0023759426728106629 -0.0037188729209854782 -0.004678637875527112 0.00060664853982339269 0.002718911392855552 0.00080618826818438627 -0.0010114601623251319 -0.0020893242948647503 -0.002006363113573289 0.0041582161838827668
leaf_weight=376.20847144722939 372.28108985722065 1460.1624781489372 1080.1964631676674 1069.0461411178112 687.89567972719669 2155.0213560312986 271.64563591778278 2531.4737933725119 141.83936809003353 5339.7416131645441 2240.4487823694944 384.08482028543949 664.86257669329643 2198.4288571327925
leaf_count=1513 1492 5846 4326 4284 2763 8653 1087 10132 569 21379 8972 1540 2664 8836
internal_value=-9.2951e-06 -0.000619004 -0.000108666 0.00209116 0.00277322 -0.00231464 -0.000979161 8.70417e-05 -0.00331627 0.000727388 -0.00187797 0.000773789 0.000493357 0.00360259
internal_weight=20973.3 16257.7 12500.6 4715.66 3646.62 3757.02 6123.76 2803.12 2296.86 6376.89 3320.65 1071.98 6004.6 2574.64
internal_count=84056 65120 50052 18936 14652 15068 24517 11219 9222 25535 13298 4303 24043 10349
is_linear=0
shrinkage=0.02


Tree=43
num_leaves=15
num_cat=0
split_feature=24 45 45 22 40 48 41 6 39 9 1 6 0 1
split_gain=72.1024 29.8603 26.4655 17.9202 17.207 15.1273 15.1166 14.7345 13.6168 13.086 12.4184 14.0997 12.2033 12.0427
threshold=0.49182718991432217 1.1818687052842203 -0.96731796296138906 0.31051625843361785 1.6088741063200434 -0.60785761079279388 0.57721744406773901 -0.00018231612440305423 -0.88551142531004212 0.0011227940640484442 -0.00039914865242025486 0.0006426377905265039 0.00011159684183263686 -9.151820098774263e-05
decision_type=2 2 2 2 2 2 2 2 2 2 2 2 2 2
left_child=2 6 4 -4 10 9 7 -2 -5 -3 11 -1 -10 -11
right_child=1 5 3 8 -6 -7 -8 -9 12 13 -12 -13 -14 -15
leaf_value=0.0037258469719833598 0.0010323817321441632 0.0032347302508102232 0.0010967886285873558 -0.0073721490295148278 6.6289927087278855e-05 -0.0020552040248771599 -0.0019489517498593989 -0.00097058007991482624 -0.0011391601683814877 -0.0021253872564898388 0.0020584862401660763 0.0087006326642245883 0.0071127878099527652 -0.0080728420079792165
leaf_weight=869.20310479402542 2839.8739342838526 60.444868534803391 5590.942096337676 129.71259185671806 693.94964095950127 2001.2997949421406 2184.8795808553696 3032.8549678176641 1439.9767023026943 200.46855767071247 1033.4555227011442 312.78985713422298 70.469336777925491 451.63114506006241
leaf_count=3501 11367 243 22384 519 2788 8040 8752 12139 5763 806 4153 1260 282 1818
internal_value=-3.48254e-06 -0.00114269 0.00120657 0.000557646 0.00281571 -0.00295518 -0.000530778 -1.95409e-06 -0.00127792 -0.00545097 0.00367483 0.00507343 -0.000731971 -0.00627456
internal_weight=20912 10771.5 10140.5 7231.1 2909.4 2713.84 8057.61 5872.73 1640.16 712.545 2215.45 1181.99 1510.45 652.1
internal_count=83815 43165 40650 28948 11702 10907 32258 23506 6564 2867 8914 4761 6045 2624
is_linear=0
shrinkage=0.02


Tree=44
num_leaves=15
num_cat=0
split_feature=26 26 24 12 24 48 24 3 6 30 20 26 21 44
split_gain=62.7183 27.9139 23.1817 22.7782 20.7643 20.6758 16.6011 15.3737 19.5944 13.7319 12.8159 12.7692 11.9516 13.6622
threshold=-0.26828053707726451 0.68940321097558721 0.12821591988641631 -0.0038400698999409752 0.15460703339577253 -0.60785761079279388 4.0803841670434502e-05 0.00089704855611859866 -0.00042945872276641672 0.090710312754139474 -0.44718167996543917 1.4417448268474755 0.31006890219448624 0.032324825450195022
decision_type=2 2 2 2 2 2 2 2 2 2 2 2 2 2
left_child=2 3 6 12 -3 11 -1 8 -5 -7 -9 -6 -2 -14
right_child=1 4 -4 7 5 9 -8 10 -10 -11 -12 -13 13 -15
leaf_value=-0.00070512423195423404 0.00014666803120679529 0.0048648622730268513 0.00086242148077604044 0.00022230764649117698 -0.0039128673021318078 -0.0047925600000788852 0.0042096680198800366 0.0032882992407451861 -0.0024934213347622071 -0.0009081694404563602 -0.00039628829210439353 -0.0097532258335142601 0.0034224544914419094 -0.0014041124399469162
leaf_weight=327.07717624306679 2417.6135971844196 150.71804066002369 5003.3798822462559 1630.6020036488771 717.56248611211777 443.89245457947254 1676.258486866951 506.07073944807053 3042.3780022412539 1945.8965996056795 1442.5952163934708 190.16096414625645 1150.12296654284 291.38536889851093
leaf_count=1314 9675 603 20063 6526 2886 1783 6738 2025 12177 7817 5774 766 4603 1166
internal_value=4.92367e-05 -0.000727118 0.00159201 -0.000213183 -0.00228664 -0.00262038 0.00340749 -0.000924737 -0.00154656 -0.00163818 0.00056657 -0.0051831 0.00100735 0.00244533
internal_weight=20935.7 13929 7006.72 10480.8 3448.23 3297.51 2003.34 6621.65 4672.98 2389.79 1948.67 907.723 3859.12 1441.51
internal_count=83916 55801 28115 41946 13855 13252 8052 26502 18703 9600 7799 3652 15444 5769
is_linear=0
shrinkage=0.02


Tree=45
num_leaves=15
num_cat=0
split_feature=26 24 1 37 11 40 26 32 24 1 5 48 46 17
split_gain=52.3168 26.6504 21.0338 14.8917 18.5816 15.1246 15.9043 14.4837 12.6358 13.3723 13.5837 12.8378 11.9666 11.7309
threshold=-0.48214134982714812 0.81404765992807249 6.3846496006428934e-05 1.6082161232595253 0.027063345454868108 2.85515747830997 1.0432433573282041 0.14219848855105852 0.92944895299458752 -0.000273067007886468 -0.0024261767461124552 -0.8783796973249266 -0.4124860612920454 1.197020412231409
decision_type=2 2 2 2 2 2 2 2 2 2 2 2 2 2
left_child=8 3 7 4 -2 6 12 -3 9 10 -1 -12 -5 -14
right_child=1 2 -4 5 -6 -7 -8 -9 -10 -11 11 -13 13 -15
leaf_value=-0.00069158007876601521 -0.0024660554478639343 0.00025376660650495297 -0.0032993257105859452 0.0013427601817368442 0.00294194833751725 0.0066953792954867258 -0.0042002597748814633 -0.0031759586572549237 -0.0040589020798306313 0.00047720766436440464 0.0068991597788685922 0.0026947807332349783 8.6264311574284601e-05 -0.002903329802813619
leaf_weight=406.83304741978645 1678.8173127323389 1911.213815882802 2182.3538052588701 2998.7859879434109 294.95995263755322 138.68083989620209 318.53542143106461 658.20413473248482 140.39611519873142 1647.3287615180016 329.85076710581779 2367.123350828886 5382.5475998967886 576.72063910961151
leaf_count=1634 6727 7653 8764 12003 1181 555 1279 2643 562 6615 1327 9514 21544 2308
internal_value=-5.12619e-05 -0.000600434 -0.00185774 -7.52731e-05 -0.0016525 0.000256071 0.000156251 -0.000629283 0.00175963 0.00193565 0.0027077 0.00322081 0.000313419 -0.000205251
internal_weight=21032.4 16140.8 4751.77 11389 1973.78 9415.27 9276.59 2569.42 4891.53 4751.14 3103.81 2696.97 8958.05 5959.27
internal_count=84309 64657 19060 45597 7908 37689 37134 10296 19652 19090 12475 10841 35855 23852
is_linear=0
shrinkage=0.02


Tree=46
num_leaves=15
num_cat=0
split_feature=26 26 12 47 3 40 42 6 40 6 38 28 26 4
split_gain=48.1638 23.2411 15.5419 22.4407 15.5143 14.67 14.9524 14.4986 13.7361 12.8058 12.4393 12.0946 12.9554 16.1675
threshold=-0.26828053707726451 0.68940321097558721 -0.0038400698999409752 0.99465189230620699 0.00097392450816135027 1.2066886895351054 0.42886102671420423 -0.001375061523905041 2.9700006670667185 -0.00081133042153407953 7.796648571680084 4.0006800455833025 0.11535479379657139 -0.0012919874194456985
decision_type=2 2 2 2 2 2 2 2 2 2 2 2 2 2
left_child=-1 2 5 4 9 6 7 -2 -3 -4 -5 12 -6 -14
right_child=1 8 3 10 11 -7 -8 -9 -10 -11 -12 -13 13 -15
leaf_value=0.0014040832516448751 0.014454778938006485 -0.0024047913673122534 0.00065487858224124481 -0.0027664592523633214 0.0028914916667758311 -0.0019610157132181243 0.00095687507114373591 0.00335046801261907 0.0024010873189608622 -0.0017585751220478788 -0.012489855991305823 0.0093260855306109003 -0.0051376699684278371 0.00069357714589652589
leaf_weight=7036.2520307004452 55.454971671104431 3193.0324801504612 1178.6122428774834 126.36445118486881 668.54085198044777 619.05877679586411 2958.0801939815283 235.64539554715157 253.06894199550152 3433.562021791935 90.104651793837547 62.955642983317375 242.07751685380936 822.16215915977955
leaf_count=28238 222 12836 4717 506 2675 2477 11839 943 1015 13743 361 252 969 3291
internal_value=5.57525e-05 -0.000625143 -0.000156784 -0.000744792 -0.000528037 0.000849843 0.00138758 0.00567422 -0.0020489 -0.00114179 -0.0070044 0.00104713 0.000720365 -0.000650651
internal_weight=20975 13938.7 10492.6 6624.38 6407.91 3868.24 3249.18 291.1 3446.1 4612.17 216.469 1795.74 1732.78 1064.24
internal_count=84084 55846 41995 26514 25647 15481 13004 1165 13851 18460 867 7187 6935 4260
is_linear=0
shrinkage=0.02


Tree=47
num_leaves=15
num_cat=0
split_feature=24 1 38 25 42 19 16 21 24 36 42 0 7 23
split_gain=45.1447 26.9322 17.1725 16.7552 15.8781 15.1426 18.5073 17.2997 12.8291 13.6033 12.183 14.6863 11.4539 11.2427
threshold=0.80227571249807672 7.9406583087109309e-05 6.5877196410651964 4.5000000000000009 0.57284393379145782 -0.83528246161827513 0.0021613040253551934 0.37260974519230178 0.48700650895319303 0.0050565224630129855 0.43091948384610168 -0.0042294333946944406 -0.00012244041859268048 1.356026445588413
decision_type=2 2 2 2 2 2 2 2 2 2 2 2 2 2
left_child=1 4 8 -2 10 -4 -7 -8 -3 -10 12 -12 -1 -5
right_child=3 2 5 13 -6 6 7 -9 9 -11 11 -13 -14 -15
leaf_value=0.0015244112514923261 -0.0015004119103113787 0.0011105547935750049 0.0028708850217557865 -0.0099456967903499699 -0.0036595289222153883 -0.0035948630467995193 -0.0022006338365207524 0.00202284231415334 0.00481586622309608 -0.0017776808212767068 0.0050369305745910035 0.00080922914494601338 0.0053997039498538861 0.00069341327305424223
leaf_weight=713.92056745290756 5072.4424662739038 3062.0555743575096 282.31877054274082 152.4110217243433 252.0525911450386 1419.2034506052732 932.34100039303303 657.02130629122257 133.29453441500664 1330.258345618844 342.99141779541969 6015.4523843824863 535.29379226267338 52.310202732682228
leaf_count=2868 20343 12267 1132 614 1010 5686 3735 2630 534 5328 1381 24112 2150 211
internal_value=-0.000132011 0.000406687 -0.000424479 -0.00173112 0.00123303 -0.00152267 -0.00193903 -0.000453836 0.00037489 -0.00116281 0.00139742 0.00104106 0.0031999 -0.00727548
internal_weight=20953.4 15676.2 7816.49 5277.16 7859.71 3290.88 3008.57 1589.36 4525.61 1463.55 7607.66 6358.44 1249.21 204.721
internal_count=84001 62833 31312 21168 31521 13183 12051 6365 18129 5862 30511 25493 5018 825
is_linear=0
shrinkage=0.02


Tree=48
num_leaves=15
num_cat=0
split_feature=33 19 48 21 8 47 42 21 6 11 48 22 40 31
split_gain=57.7296 20.3589 24.3777 17.8843 17.7808 13.584 13.1768 13.1615 16.4068 11.6811 14.2291 12.1291 11.6758 11.4404
threshold=56.794711360315723 -0.47458887051187615 -0.60785761079279388 0.19572026442599158 0.0073415908751119363 0.47114434510950071 0.56082592208297932 0.1691979582241355 -0.0016900631501547486 -0.0054000006460541419 -0.8783796973249266 0.036387336956782854 3.7283163098904368 0.33753849296264971
decision_type=2 2 2 2 2 2 2 2 2 2 2 2 2 2
left_child=1 2 -1 9 7 -4 12 -3 -9 -2 11 -11 13 -5
right_child=3 4 5 6 -6 -7 -8 8 -10 10 -12 -13 -14 -15
leaf_value=0.004513720797780417 -0.0064502213663522505 -0.00054121621707445679 0.0001080700391625517 0.0012218110699319729 -0.0080445485186519203 0.0031361601453658099 -0.0035272848733998315 0.0030879453454718685 0.00048245683741441567 2.7565287079230994e-05 -0.0015192287076701775 -0.0073146305281444795 0.0078189428054508698 -0.0011520845263714007
leaf_weight=1138.2804111838341 262.2590589672327 3511.8119821250439 1924.6275838911533 1373.1791434139013 94.956053003668785 851.44775719940662 479.53577588498592 1197.9564108848572 4936.8720441609621 123.02719479799271 2673.8179056197405 329.85459235310555 69.671535789966583 1971.9429624080658
leaf_count=4575 1053 14056 7732 5501 380 3420 1923 4799 19770 495 10741 1326 279 7900
internal_value=7.10452e-05 0.000837891 0.00205517 -0.00136636 0.000347962 0.00104078 -0.000440838 0.000434698 0.000993335 -0.00242767 -0.00208051 -0.00534157 -2.88859e-06 -0.000177227
internal_weight=20939.2 13656 3914.36 7283.29 9741.6 2776.08 3894.33 9646.64 6134.83 3388.96 3126.7 452.882 3414.79 3345.12
internal_count=83950 54732 15727 29218 39005 11152 15603 38625 24569 13615 12562 1821 13680 13401
is_linear=0
shrinkage=0.02


Tree=49
num_leaves=15
num_cat=0
split_feature=41 33 21 13 19 48 8 34 33 20 37 7 46 8
split_gain=52.0586 25.8654 16.3413 14.7126 14.4416 14.4039 14.2136 13.5064 14.0495 13.1611 12.4267 12.1737 11.7442 11.5657
threshold=0.58626486661670429 56.794711360315723 0.27746743444191413 0.0011702808321685427 -0.47458887051187615 -0.60785761079279388 -0.0024297201569794319 45.086338646477763 48.534724198563303 0.42635385240930196 7.2285446342990118 0.00011159684183263686 -0.47114434510950071 0.0080278166091741505
decision_type=2 2 2 2 2 2 2 2 2 2 2 2 2 2
left_child=1 4 3 9 5 -1 -2 11 10 -3 -9 -7 -5 -6
right_child=6 2 -4 12 13 7 -8 8 -10 -11 -12 -13 -14 -15
leaf_value=0.0038946118144043969 0.0022644405492113899 -0.0067297553472477449 0.00055244546279922119 0.00095248359676993908 0.00056198648212504052 0.00084526936169803215 -0.0024708258895179808 -0.0011563914490467619 0.0022203553483449504 -0.0014215602687912715 -0.008730638774106023 0.0043595593394948539 -0.0020420173956235054 -0.0079431330680137177
leaf_weight=1113.6911637485027 269.45863983035088 375.47903263568878 2291.828867405653 859.12241308391094 8086.9567167907953 912.71511195600033 3507.6621942073107 574.22297522425652 454.22603227198124 373.77113679051399 97.524567097425461 693.28815804421902 1328.2381982952356 59.480957686901093
leaf_count=4478 1079 1506 9175 3446 32383 3673 14078 2304 1818 1502 391 2790 5328 238
internal_value=-5.72712e-06 0.000460792 -0.000712636 -0.00169921 0.000972479 0.00198188 -0.00213047 0.00119646 -0.000482123 -0.00410869 -0.0023124 0.00237116 -0.000866387 0.000495052
internal_weight=20997.7 17220.5 5228.44 2936.61 11992.1 3845.67 3777.12 2731.98 1125.97 749.25 671.748 1606 2187.36 8146.44
internal_count=84189 69032 20957 11782 48075 15454 15157 10976 4513 3008 2695 6463 8774 32621
is_linear=0
shrinkage=0.02


Tree=50
num_leaves=15
num_cat=0
split_feature=24 45 8 6 17 48 12 44 3 39 5 36 45 12
split_gain=48.1333 25.1949 21.2729 18.3255 12.8872 12.6756 12.5321 16.4108 15.0125 12.6166 13.3988 12.3972 12.0209 11.9132
threshold=0.39646088855777378 -0.9327945179999112 0.002098470165585693 -0.0012431595687455777 0.52334046176547833 -0.60785761079279388 0.00057682292748394409 0.099390871176463655 -0.0023604609986728887 0.061327611192468344 -0.0016900631501547486 0.016443462327584823 1.4402354354001152 0.010996788178957996
decision_type=2 2 2 2 2 2 2 2 2 2 2 2 2 2
left_child=1 -1 3 4 -2 -4 9 -8 -9 -5 -11 -12 -10 -3
right_child=2 13 5 6 -6 -7 7 8 12 10 11 -13 -14 -15
leaf_value=0.0028366968633606001 -0.0033037646214880501 0.0010666952068276192 -0.0042379962501503127 0.00096861902734439638 0.0023082032561223724 -0.0013882191188324519 -0.0022467342335791602 0.0070728977133410059 0.00090130534373777547 -0.0062758371143246125 -0.0020980960389433414 0.0040426319130920773 -0.0070423906706154581 -0.00089039059623225532
leaf_weight=2623.4459890127182 179.31907624006271 4175.5882879793644 772.56949895620346 2442.0595250427723 1493.8183311969042 3223.4940846711397 2609.8953727334738 132.81676417589188 532.03117695450783 202.32542242109776 481.04190085828304 175.33109278976917 83.804344177246094 1766.8864250928164
leaf_count=10567 718 16722 3107 9779 5981 12939 10455 532 2131 810 1927 702 337 7073
internal_value=5.49338e-05 0.00120615 -0.000745105 -0.000169425 0.00169869 -0.00194378 -0.000639706 -0.00149889 0.00110581 0.000235461 -0.00184311 -0.000439616 -0.000227703 0.000484532
internal_weight=20894.4 8565.92 12328.5 8332.44 1673.14 3996.06 6659.31 3358.55 748.652 3300.76 858.698 656.373 615.836 5942.47
internal_count=83780 34362 49418 33372 6699 16046 26673 13455 3000 13218 3439 2629 2468 23795
is_linear=0
shrinkage=0.02


Tree=51
num_leaves=15
num_cat=0
split_feature=45 24 3 37 40 26 26 12 41 24 5 19 4 11
split_gain=51.1805 27.1867 18.1904 17.5043 16.0378 15.1919 14.3927 14.2013 12.0569 11.9088 11.3475 13.6146 11.2653 11.0109
threshold=-0.35377162988191363 0.25020358604464715 -0.0027064011641262432 1.4691714289191649 1.6088741063200434 0.34436959821956936 -0.83246682547488715 -0.023207188986131944 0.58475780841764213 0.10497849365784431 -0.0010765002832576051 -0.45852132793742756 -0.0038360093249675395 -0.0024022392034508621
decision_type=2 2 2 2 2 2 2 2 2 2 2 2 2 2
left_child=4 3 -3 -2 6 -5 13 9 -4 -6 11 -9 -12 -1
right_child=1 2 8 5 7 -7 -8 10 -10 -11 12 -13 -14 -15
leaf_value=0.0021167771496290884 -0.0028921991109736147 0.0021668846097411421 -0.000991849378090721 0.00076700641631552685 0.0093902897455389808 0.0045664239935579599 0.0011874158026976653 0.00044196576972506613 -0.0025614644272546052 0.00082771787417555242 0.0068417198165732582 -0.0075753968916831265 -0.0012939240021442211 0.005591725661960297
leaf_weight=1009.6491719931364 408.35534968972206 591.74401251971722 6995.7373691499233 2078.5119263827801 74.080640122294426 523.82942263782024 4668.1210539788008 130.82301512360573 2720.3971515148878 371.06404517591 72.806743830442429 232.70817115902901 539.94254000484943 576.11128227412701
leaf_count=4072 1634 2370 28029 8322 298 2096 18701 526 10930 1488 292 932 2167 2327
internal_value=1.29687e-05 -0.000736603 -0.00122484 0.000934252 0.0013133 0.00153909 0.0017489 -0.000602641 -0.00143241 0.00234117 -0.00194999 -0.00472336 -0.000279696 0.00339284
internal_weight=20993.9 13318.6 10307.9 3010.7 7675.31 2602.34 6253.88 1421.43 9716.13 445.145 976.28 363.531 612.749 1585.76
internal_count=84184 53381 41329 12052 30803 10418 25100 5703 38959 1786 3917 1458 2459 6399
is_linear=0
shrinkage=0.02


Tree=52
num_leaves=15
num_cat=0
split_feature=33 22 48 48 19 8 43 43 28 21 42 33 47 47
split_gain=41.4894 31.0786 19.7785 18.7083 14.0076 13.9902 15.283 12.984 12.7873 12.4453 12.2762 11.1317 13.2047 10.651
threshold=56.794711360315723 0.22500563479643798 -0.8783796973249266 -0.8783796973249266 -0.39882283407914482 -0.0024297201569794319 0.15662849820823485 0.053889169793626533 1.8408069459963901 0.36565352459781075 0.43197229321492403 36.219437843349858 0.52778511650980109 0.99465189230620699
decision_type=2 2 2 2 2 2 2 2 2 2 2 2 2 2
left_child=1 3 -2 4 -1 -3 8 13 9 -7 -6 12 -5 -4
right_child=2 5 7 11 10 6 -8 -9 -10 -11 -12 -13 -14 -15
leaf_value=0.0067667903855032491 -0.0038103899151833223 0.0010213227092690208 0.00027523663081207038 0.0014010516628379615 0.0071217992235418498 -0.00086388677689639868 -0.0047112072542558761 -0.0017313046387917796 -0.005234415733547053 0.0019329777257321027 0.00044411502605193397 0.00061349778793595971 0.0053459594023734782 -0.0066722433667089198
leaf_weight=439.51214569807053 1003.0477548837662 2169.8893433958292 3183.6931913793087 1173.3863319456577 140.24628172814846 3237.4358650296926 385.2599676400423 3043.2609631568193 218.15771262347698 786.88980773091316 458.49718163907528 4194.9105260968208 475.82713380455971 85.780163064599037
leaf_count=1768 4028 8704 12757 4727 562 12960 1542 12228 873 3150 1836 16800 1918 344
internal_value=6.8507e-06 0.000656956 -0.00120842 0.00160384 0.00407204 -0.00030221 -0.00092323 -0.000792298 -0.000574103 -0.000315287 0.00205428 0.00116224 0.00255195 8.30478e-05
internal_weight=20995.8 13680 7315.78 6882.38 1038.26 6797.63 4627.74 6312.73 4242.48 4024.33 598.743 5844.12 1649.21 3269.47
internal_count=84197 54840 29357 27611 4166 27229 18525 25329 16983 16110 2398 23445 6645 13101
is_linear=0
shrinkage=0.02


Tree=53
num_leaves=15
num_cat=0
split_feature=24 45 48 22 1 21 45 1 19 23 26 46 25 35
split_gain=43.5039 33.621 18.8629 16.0458 15.3036 26.238 14.563 12.7547 13.5904 13.0244 12.5408 13.0497 12.094 11.9306
threshold=0.23417971390108203 0.9988072896589274 -0.60785761079279388 4.6967115744621481e-05 4.878432773935381e-05 0.3355418628989027 -0.39308943028077908 7.9406583087109309e-05 -0.1437132169948972 0.5480775811846107 1.4417448268474755 0.81241147629689026 1.5000000000000002 -0.16022378541900159
decision_type=2 2 2 2 2 2 2 2 2 2 2 2 2 2
left_child=3 4 10 -1 6 -6 13 8 -5 -9 11 -3 -8 -2
right_child=1 2 -4 7 5 -7 12 9 -10 -11 -12 -13 -14 -15
leaf_value=-0.0014768164057338874 0.0011855869722736557 -0.0022284865131684782 -0.0013480542922572631 0.0034314988241663101 -0.0019100582869382844 0.0014068887293572682 -0.00051193949331777735 -0.0027454775688629703 -0.0011378597992711275 0.0014047755050813865 -0.0091174764918649995 -0.008455268406717455 0.0080134412781565894 0.0058495602559033568
leaf_weight=663.1959892064333 2993.5789373666048 720.65372826159 2958.7439233213663 2117.3454410433769 3235.4654257893562 1347.6875099539757 3348.4989261180162 343.96890419721603 294.33556471765041 2276.4875609576702 186.18788848817348 162.55399215221405 62.91463939845562 232.32981410622597
leaf_count=2661 12003 2899 11885 8519 12960 5394 13403 1377 1180 9125 752 654 252 930
internal_value=-5.1819e-05 -0.000608896 -0.00217505 0.00143892 -4.59316e-05 -0.000934232 0.000567692 0.00182427 0.00287263 0.00085581 -0.0044462 -0.00341567 -0.000343213 0.00153002
internal_weight=20943.9 15248.6 4028.14 5695.33 11220.5 4583.15 6637.32 5032.14 2411.68 2620.46 1069.4 883.208 3411.41 3225.91
internal_count=83994 61132 16190 22862 44942 18354 26588 20201 9699 10502 4305 3553 13655 12933
is_linear=0
shrinkage=0.02


Tree=54
num_leaves=15
num_cat=0
split_feature=41 33 40 31 46 10 30 25 1 39 30 41 21 20
split_gain=37.3833 23.5631 22.4762 15.8133 15.2721 13.4082 13.7835 12.9153 11.8346 12.663 11.5329 10.9685 14.124 12.2387
threshold=0.58475780841764213 34.490039821524363 0.5519643820060508 0.23410180073477641 -0.5277851165098012 -0.01418633213114503 -0.75970241855382514 -2.4999999999999996 -0.0010984384245091659 -0.88551142531004212 0.9590406273639358 0.39741492772804382 0.084180981163566773 -0.20266307035397763
decision_type=2 2 2 2 2 2 2 2 2 2 2 2 2 2
left_child=1 2 -1 -4 5 -3 -7 11 10 -10 -2 13 -13 -6
right_child=8 4 3 -5 7 6 -8 -9 9 -11 -12 12 -14 -15
leaf_value=0.0066095424680637869 0.0013798082762405196 -0.0043494880733797956 0.0010008743750217596 0.0076551117707250151 0.0068148748457592346 0.0068929801510170183 0.0010259070512300809 -0.0005878174146128919 -0.007468787002408564 -0.001947870698705887 -0.0079690263462187782 -0.0062537933771808201 0.0020634561606453984 -0.0036529792427989673
leaf_weight=372.15109054744244 641.5233716070652 173.31284610927105 2493.0357300341129 146.75927916169167 253.06010065972805 161.60778674483299 4295.5492097735405 8681.3586986660957 171.85162836313248 2997.4689788818359 52.49972753226757 101.30730350315571 347.41024611890316 50.705528035759926
leaf_count=1501 2571 694 10032 593 1016 647 17210 34777 689 12039 211 406 1392 203
internal_value=3.41694e-05 0.000436214 0.00204006 0.00138459 9.21396e-05 0.00103222 0.00124612 -0.000369587 -0.00174117 -0.00225853 0.000620668 0.00213538 0.000137441 0.00503669
internal_weight=20939.6 17076.3 3011.95 2639.8 14064.3 4630.47 4457.16 9433.84 3863.34 3169.32 694.023 752.483 448.718 303.766
internal_count=83981 68471 12126 10625 56345 18551 17857 37794 15510 12728 2782 3017 1798 1219
is_linear=0
shrinkage=0.02


Tree=55
num_leaves=15
num_cat=0
split_feature=24 8 37 41 18 42 21 39 42 40 16 30 42 28
split_gain=46.2592 23.5112 19.5105 15.0177 14.6127 13.9809 13.7693 13.3401 11.7181 12.9514 11.6299 11.1415 12.2728 11.1372
threshold=0.51563727265323889 0.0030217943091358081 1.3680575108906063 0.50735081433982832 0.0028156608775775707 0.45080712116187066 0.32114208976800251 1.4469263638884577 0.38026323246560706 0.70400816237326846 0.0052143441270940992 0.97931011839718407 0.48702796618841665 1.7020083878490311
decision_type=2 2 2 2 2 2 2 2 2 2 2 2 2 2
left_child=2 4 11 8 -2 -6 -5 10 9 -4 -3 -1 -13 -7
right_child=1 7 3 6 5 13 -8 -9 -10 -11 -12 12 -14 -15
leaf_value=-0.00421123750180636 -0.0010693703620950051 -0.0034851148514051106 0.010371145142509778 -0.0025750173174683665 0.0032868826825653225 0.00069887284768521316 0.00081813906467779248 0.00066758864500590903 0.0015435705428468044 0.0016590477025193462 0.0029925423515325738 0.007933120761430261 -0.001272103062528259 -0.0024491637832941759
leaf_weight=420.84471651911736 4399.4613147675991 2063.649450480938 124.30056546628475 657.72130900621414 656.33513687551022 2157.4563125371933 1714.7719135433435 440.44481045007706 7126.9437152445316 149.44515070319176 113.45516745746136 67.703635975718498 280.69946528971195 562.4970351010561
leaf_count=1685 17637 8295 500 2636 2628 8637 6867 1773 28605 602 455 271 1124 2255
internal_value=8.37539e-05 -0.000862882 0.00101697 0.00125855 -0.000310366 0.000678771 -0.000125976 -0.00250048 0.00170219 0.00573005 -0.00314146 -0.0020407 0.000603638 4.45471e-05
internal_weight=20935.7 10393.3 10542.4 9773.18 7775.75 3376.29 2372.49 2617.55 7400.69 273.746 2177.1 769.248 348.403 2719.95
internal_count=83970 41680 42290 39210 31157 13520 9503 10523 29707 1102 8750 3080 1395 10892
is_linear=0
shrinkage=0.02


Tree=56
num_leaves=15
num_cat=0
split_feature=1 24 24 46 2 6 11 33 20 48 1 24 42 49
split_gain=41.1472 26.9954 24.0407 17.6195 14.7203 11.8953 11.6565 11.1886 11.052 14.652 12.1594 11.8216 10.944 13.1691
threshold=7.9406583087109309e-05 0.73852289828120099 0.34606693353849999 -0.58216583101416131 -0.0011699834335436689 0.0054770274085067889 0.035243034336560057 66.701565517881662 -0.35525265907218778 -0.60785761079279388 -0.00092883419217176767 0.12444904487469213 0.44945495158499243 1.0000000180025095e-35
decision_type=2 2 2 2 2 2 2 2 2 2 2 2 2 2
left_child=2 3 8 6 -3 -5 7 -2 9 -1 -11 -12 13 -4
right_child=1 4 12 5 -6 -7 -8 -9 -10 10 11 -13 -14 -15
leaf_value=0.0050774018869606035 0.0015114101406918847 -0.00023907052305608884 0.0030390098787272486 -0.00084525561230510402 -0.0034806779648311375 -0.008568472463325259 0.0092514208514244533 -0.0025005132496948761 0.00033130572646810903 0.0032119222276782763 0.0023937109423814895 -0.0023024036370774318 -0.00030150880896767255 -0.00062334302590821085
leaf_weight=779.99018381536007 1833.4855885356665 766.85077427327633 969.68139033019543 4922.4999692887068 2083.658292979002 76.163797944784164 64.193863555788994 322.95370395481586 1026.417409747839 1102.6116074770689 420.81496219336987 426.89504183828831 5487.4919543713331 655.32743880152702
leaf_count=3141 7345 3075 3885 19724 8382 305 257 1295 4116 4440 1692 1715 21990 2626
internal_value=-4.35368e-05 -0.000964398 0.000809647 -0.000313062 -0.00261056 -0.000971378 0.00116767 0.00090618 0.00210272 0.00276683 0.00183215 2.9179e-05 0.000125665 0.00156469
internal_weight=20939 10069.8 10869.2 7219.3 2850.51 4998.66 2220.63 2156.44 3756.73 2730.31 1950.32 847.71 7112.5 1625.01
internal_count=83988 40383 43605 28926 11457 20029 8897 8640 15104 10988 7847 3407 28501 6511
is_linear=0
shrinkage=0.02


Tree=57
num_leaves=15
num_cat=0
split_feature=43 33 48 12 44 21 13 5 38 22 19 1 48 46
split_gain=39.8103 25.8836 20.1537 14.5396 17.8077 14.2993 16.2248 13.6762 13.6063 13.0851 11.8915 16.4045 19.8666 16.9917
threshold=-0.1050165146457241 61.086795487946468 -0.60785761079279388 -0.0021424164616442479 -0.3335952548106213 0.38649285762668034 0.0014333380291044581 0.0010774799862984703 6.9313845476448614 0.55594060563048997 -0.23155364864215086 3.1617389325355008e-05 -0.60785761079279388 -0.63405362205439475
decision_type=2 2 2 2 2 2 2 2 2 2 2 2 2 2
left_child=10 3 -3 4 -2 -5 -7 -6 -8 -9 11 12 -1 -13
right_child=1 2 -4 5 7 6 8 9 -10 -11 -12 13 -14 -15
leaf_value=0.0062543355204326438 0.0019178907796969563 -0.0040465201048473214 -0.0010164646188079072 -0.0013213743732396874 -0.0013764592940452155 -0.0011849860504531383 0.0053573965903054429 0.0033654218585102537 0.0003315428844061786 -0.0059464861731706002 8.1156381723561431e-05 0.0035911158664822282 0.0019725566755930553 -0.00066951905399179003
leaf_weight=606.31464050710201 2586.2545737177134 1200.5572328865528 3252.0003852546215 4165.0543609112501 1731.499299839139 792.3615600168705 414.25572523474693 484.90754200518131 444.72956237196922 64.214692041277885 1866.5073443055153 528.62921746075153 1518.2770457714796 1250.9708380997181
leaf_count=2444 10358 4833 13064 16684 6938 3173 1659 1943 1781 257 7478 2120 6112 5018
internal_value=-1.80123e-05 -0.000556911 -0.00183709 -2.27499e-05 0.000783412 -0.000697399 0.000875639 -0.000504484 0.0027723 0.00223265 0.00139471 0.00202178 0.0032063 0.000602616
internal_weight=20906.5 15135.8 4452.56 10683.3 4866.88 5816.4 1651.35 2280.62 858.985 549.122 5770.7 3904.19 2124.59 1779.6
internal_count=83862 60690 17897 42793 19496 23297 6613 9138 3440 2200 23172 15694 8556 7138
is_linear=0
shrinkage=0.02


Tree=58
num_leaves=15
num_cat=0
split_feature=19 42 48 0 21 6 3 18 45 22 6 3 40 40
split_gain=28.8763 19.9468 18.2855 16.7558 21.4006 16.0109 15.7189 14.7454 14.7161 13.0123 12.9307 10.8847 11.1135 19.9073
threshold=-0.47458887051187615 0.44945495158499243 -0.60785761079279388 -0.0038356012977697443 0.3468108186156123 -0.0023039962775953785 0.0018035285737145583 0.0040130367928021158 1.7234600956471053 0.55053211388110623 0.0031954228664359983 -0.0027064011641262432 0.61025736881887138 1.3584031903048353
decision_type=2 2 2 2 2 2 2 2 2 2 2 2 2 2
left_child=2 5 -1 -4 10 -2 -7 8 9 11 -5 12 -3 -14
right_child=1 7 3 4 -6 6 -8 -9 -10 -11 -12 -13 13 -15
leaf_value=0.0034756689159284827 0.0050626197222168956 -0.0052585539342592767 0.0031708886267655919 -0.00042897045348157172 0.0055037313388462891 0.00017436234793007121 0.0059713905778947998 0.00046038227583459178 -0.0031977579569996313 -0.0026099442710281807 -0.0070659623912041336 -0.00063133600365465571 0.0089690500284313086 -0.0014825939922257225
leaf_weight=1294.4731767773628 351.70531249046326 50.932297691702843 789.17414900660515 2020.639867246151 233.14152477681637 2725.8135597556829 195.91674283146858 3375.8410859256983 1144.6273304820061 1326.6670256108046 119.72961911559105 7067.6825594156981 165.21841242909431 125.32577796280384
leaf_count=5208 1410 204 3177 8116 936 10925 785 13529 4613 5315 480 28327 662 502
internal_value=5.0292e-05 -0.000335019 0.00147802 0.000656199 -0.000184825 0.00106202 0.00057262 -0.000680266 -0.00107003 -0.000789566 -0.000815838 -0.000462073 0.00299978 0.00451194
internal_weight=20986.9 16529.7 4457.16 3162.69 2373.51 3273.44 2921.73 13256.3 9880.45 8735.83 2140.37 7409.16 341.476 290.544
internal_count=84189 66272 17917 12709 9532 13120 11710 53152 39623 35010 8596 29695 1368 1164
is_linear=0
shrinkage=0.02


Tree=59
num_leaves=15
num_cat=0
split_feature=41 34 8 21 37 25 5 8 14 40 40 31 42 10
split_gain=46.9564 24.8285 18.5592 15.8164 16.9705 16.7837 15.7659 14.8827 14.465 12.3299 12.1535 14.8622 12.6515 11.7102
threshold=0.58626486661670429 42.914557397048078 0.0047374941664063896 0.21567492911763939 4.5064534977367252 2.5000000000000004 1.0000000180025095e-35 0.0010045919210506175 0.0018128657351801504 2.9700006670667185 1.4162994649768257 -0.027218222104604631 0.41220580886206343 0.014913871342976363
decision_type=2 2 2 2 2 2 2 2 2 2 2 2 2 2
left_child=1 2 10 5 9 6 -3 -2 -9 -5 11 -1 -12 -6
right_child=7 3 -4 4 13 -7 -8 8 -10 -11 12 -13 -14 -15
leaf_value=0.002231554352652996 -0.00060518008627609573 -0.0015303973654584174 -0.0078377702883995187 -0.00040813209514085989 0.0021782931658285679 -0.0038287971019442734 0.00056308560540691238 -0.0048137542110595934 -0.0015243739085416502 0.0052466434171824696 0.0051469192382103323 0.0081872515087413559 -0.00038172472330112869 -0.0065780073405847933
leaf_weight=2787.3623351305723 1627.4600043296814 2657.8361658751965 75.453465268015862 3626.3929391205311 2416.9513786882162 628.53544281423092 3126.5395886003971 1051.3702426999807 1096.7828001528978 156.08293423056602 185.82647982239723 174.37678155303001 1246.7722232788801 57.935785353183746
leaf_count=11206 6520 10653 302 14525 9679 2529 12534 4234 4410 625 747 706 5006 232
internal_value=-3.30612e-05 0.000411833 0.00169252 -4.04541e-05 0.000674631 -0.000738177 -0.00039933 -0.00205061 -0.00314173 -0.000168171 0.00186488 0.00259541 0.000350818 0.00196046
internal_weight=20915.7 17140.1 4469.79 12670.3 6257.36 6412.91 5784.38 3775.61 2148.15 3782.48 4394.34 2961.74 1432.6 2474.89
internal_count=83908 68744 17967 50777 25061 25716 23187 15164 8644 15150 17665 11912 5753 9911
is_linear=0
shrinkage=0.02


Tree=60
num_leaves=15
num_cat=0
split_feature=24 34 33 9 39 7 5 39 47 45 31 42 2 31
split_gain=41.6506 24.1702 16.2602 12.6921 11.8119 13.0112 11.6857 11.4954 11.2118 10.9212 10.8439 10.6198 13.0522 12.8591
threshold=0.51563727265323889 42.914557397048078 65.728964441780263 0.019540863895382076 -0.83533063280203323 0.0020935240414216255 -0.0054528383290090559 -0.40116050745974868 0.93540483100319638 2.2772406053368184 0.054995878820965217 0.47409903898025818 -0.00046280980848327377 0.23410180073477641
decision_type=2 2 2 2 2 2 2 2 2 2 2 2 2 2
left_child=1 7 6 4 -4 -6 -2 -1 9 -3 -9 12 -10 -13
right_child=2 8 3 -5 5 -7 -8 10 11 -11 -12 13 -14 -15
leaf_value=0.0044333034124780313 -0.0051192277609262461 0.00076339769546391375 -0.0091122493131501198 0.0034096074895281609 -0.0028671383328014257 0.0013777000337085931 -0.0002198092644219883 0.0013825836252422169 -0.0041212769263634782 -0.0054679081633853778 0.0074252186931816145 -8.6433095516849222e-05 0.0041892080956223918 -0.0060479614157809107
leaf_weight=852.15657718479633 194.82389433681965 6360.8559557795525 100.28397904336452 148.07207882404327 1933.7802936434746 336.31683142483234 7668.1455780863762 2193.1990811377764 113.65303519368172 109.58619077503681 121.0286705493927 266.21455025672913 204.09016245603561 312.53167834877968
leaf_count=3428 780 25484 404 595 7797 1354 30714 8832 456 439 490 1066 818 1252
internal_value=0.000105913 0.000991735 -0.000792915 -0.00218985 -0.00254607 -0.00223662 -0.00034438 0.00245162 0.000363025 0.000653721 0.00171393 -0.00172708 0.00119885 -0.00332998
internal_weight=20914.7 10533.3 10381.4 2518.45 2370.38 2270.1 7862.97 3166.38 7366.93 6470.44 2314.23 896.489 317.743 578.746
internal_count=83909 42265 41644 10150 9555 9151 31494 12750 29515 25923 9322 3592 1274 2318
is_linear=0
shrinkage=0.02


Tree=61
num_leaves=15
num_cat=0
split_feature=45 43 21 24 9 42 48 35 47 11 44 33 1 21
split_gain=37.1689 19.2844 14.0649 13.3317 13.2797 12.734 11.3904 11.1497 11.043 13.6148 12.6728 10.9933 10.9717 18.3801
threshold=1.1818687052842203 -0.11358875457020409 0.21120929756248416 0.22551441051782989 0.0010833898062862345 0.54868251487546238 -0.60785761079279388 0.52019505150414069 0.47114434510950071 0.019422636881404356 -0.30104265096701099 62.256781046193687 7.9406583087109309e-05 0.36565352459781075
decision_type=2 2 2 2 2 2 2 2 2 2 2 2 2 2
left_child=1 3 4 -1 -2 -4 -6 11 9 10 -7 -8 -3 -14
right_child=2 12 5 -5 6 8 7 -9 -10 -11 -12 -13 13 -15
leaf_value=0.0025736718010062288 0.004264989282849822 0.00051682969953559591 0.00040379023985260849 0.00048162532736053984 -0.0059943936070492154 0.0032629506489227217 -0.0025103457874806052 -0.0029832889650050049 -0.0077319601088694451 0.0076038940455630897 -0.0064446500461780437 0.0089095437262105785 -0.0014730074906569308 0.00097130974052227626
leaf_weight=2266.7602641284466 92.190332233905792 6648.6435335278511 1389.137034162879 2634.0806156098843 479.86787348985672 77.195780336856842 65.09369495511055 1249.5047491192818 153.05051237344742 52.880525395274162 155.25462989509106 61.355268761515617 3802.0877006351948 1814.0656480044127
leaf_count=9126 371 26644 5572 10564 1940 310 261 5034 615 212 624 247 15237 7263
internal_value=-4.16469e-06 0.000391111 -0.00179944 0.00145089 -0.00297965 -0.00053673 -0.00335003 -0.00240943 -0.00348798 -0.00111758 -0.00321997 0.00315891 -3.2779e-05 -0.00068331
internal_weight=20941.2 17165.6 3775.53 4900.84 1948.01 1827.52 1855.82 1375.95 438.381 285.331 232.45 126.449 12264.8 5616.15
internal_count=84020 68834 15186 19690 7853 7333 7482 5542 1761 1146 934 508 49144 22500
is_linear=0
shrinkage=0.02


Tree=62
num_leaves=15
num_cat=0
split_feature=41 1 38 6 19 48 46 44 31 1 6 42 2 8
split_gain=39.5688 21.8951 19.2437 16.5827 15.8967 16.5782 14.1525 13.4233 12.4746 12.1742 12.1726 12.6957 9.77162 11.8307
threshold=0.58626486661670429 7.9406583087109309e-05 7.2681352738509606 -0.00041311703313375286 -0.46645016975306691 -0.60785761079279388 -0.7518398074789775 -0.78811896432069306 -0.57464802032361606 -0.0010984384245091659 -0.00079229858028031532 0.56830884582336239 0.0012175955564165922 0.00063884718798186153
decision_type=2 2 2 2 2 2 2 2 2 2 2 2 2 2
left_child=1 4 3 8 5 -1 -5 -4 -3 -2 -6 12 13 -12
right_child=9 2 7 6 10 -7 -8 -9 -10 -11 11 -13 -14 -15
leaf_value=0.0051973655874119288 0.00052179117288550915 -0.00057969297163587064 -0.0045690685202397531 0.0016440535481950203 0.0018443504822756749 0.001399809125847738 -0.0014571156270909943 -0.0010476979891935281 0.0026945908722503199 -0.0024210503065951136 0.00013347124225600724 -0.0058585279539519865 -0.0015075350903786947 0.0030722665199751369
leaf_weight=643.51629704236984 684.3800683170557 673.88525159657001 525.10324303805828 800.88549487292767 2057.7496509850025 1601.1205740123987 2181.2030374258757 2393.6401858925819 1488.5543392002583 3106.8327317386866 2942.9254274219275 138.20075792074203 1049.0246866941452 668.44495688378811
leaf_count=2598 2744 2702 2104 3210 8247 6451 8744 9600 5967 12487 11792 554 4203 2679
internal_value=-4.20394e-05 0.000366529 -0.000392251 0.000343787 0.00103864 0.00249766 -0.000622891 -0.00168795 0.00167524 -0.00188983 0.000559507 7.19062e-06 0.000187227 0.000680922
internal_weight=20955.5 17164.3 8063.27 5144.53 9100.98 2244.64 2982.09 2918.74 2162.44 3791.21 6856.35 4798.6 4660.4 3611.37
internal_count=84082 68851 32327 20623 36524 9049 11954 11704 8669 15231 27475 19228 18674 14471
is_linear=0
shrinkage=0.02


Tree=63
num_leaves=15
num_cat=0
split_feature=24 1 21 43 49 42 10 44 28 30 26 44 47 28
split_gain=35.7287 16.945 19.789 16.004 11.3491 15.124 9.53819 13.6637 9.5289 16.7261 14.2267 11.3535 10.9198 12.2435
threshold=0.31945528574576626 9.628337998904976e-05 0.37260974519230178 -0.066145057555807615 1.0000000180025095e-35 0.44505631814440555 -0.0013727270298544603 0.58305311661055759 4.5902624764227289 0.43661161957133998 0.33728235687062708 0.56161478132178433 0.84874750804349197 2.3761899267253144
decision_type=2 2 2 2 2 2 2 2 2 2 2 2 2 2
left_child=3 4 -3 -1 5 6 7 -2 9 11 -11 -4 13 -12
right_child=1 2 8 -5 -6 -7 -8 -9 -10 10 12 -13 -14 -15
leaf_value=0.001892408371332353 0.0067017518647668143 -0.0020464509112411485 0.0027616780187116382 -1.1146565232603094e-06 -0.00092964763074625549 2.4204427716307824e-05 0.00077376988290052146 -0.0013302141519778441 0.0085832232980176792 0.0060147913080777849 -0.0073235741956625081 -0.0030299265567897142 -0.012217005627994534 0.00059912763116316749
leaf_weight=4061.3991761654615 365.87296140193939 4856.3554581403732 785.61647501587868 3183.0258586406708 3181.5314147174358 3326.2172962278128 434.13568805158138 107.887799218297 52.892597749829292 56.226055696606636 133.25316801667213 159.05019642412663 55.820122808218002 177.50914706289768
leaf_count=16334 1467 19506 3145 12759 12753 13331 1739 433 212 225 534 637 224 712
internal_value=-7.43993e-05 -0.000675297 -0.0014396 0.00106101 -2.78409e-05 0.000650078 0.00293037 0.00487787 0.000635158 0.000297586 -0.00298718 0.00177575 -0.00443024 -0.00286026
internal_weight=20936.8 13692.4 6276.72 7244.43 7415.65 4234.11 907.896 473.761 1420.37 1367.48 422.808 944.667 366.582 310.762
internal_count=84011 54918 25195 29093 29723 16970 3639 1900 5689 5477 1695 3782 1470 1246
is_linear=0
shrinkage=0.02


Tree=64
num_leaves=15
num_cat=0
split_feature=45 24 1 3 45 45 13 8 44 47 34 43 12 39
split_gain=34.6885 22.1476 19.1753 13.8272 12.6425 10.8288 10.1387 10.1209 18.6664 16.1857 10.2502 9.56636 9.32989 14.1377
threshold=-0.35377162988191363 0.23417971390108203 7.9406583087109309e-05 -0.0028717060623703822 -0.26212112503572432 1.6409252967710795 0.0012390034975427041 0.0034949821017233947 1.7311371685151742 -0.77259657388510627 44.493175849030202 0.48678829082329239 0.00057682292748394409 -0.72489044509654177
decision_type=2 2 2 2 2 2 2 2 2 2 2 2 2 2
left_child=2 4 11 5 -2 -3 -4 12 9 -9 -11 -1 -5 -14
right_child=1 3 6 7 -6 -7 -8 8 -10 10 -12 -13 13 -15
leaf_value=0.001844241188314389 -0.0044377552374855475 0.0030169231549207294 -0.0024263707272476837 -7.9854019880915272e-05 0.0012465576084468855 -0.0059298490441993101 0.0003885125968899733 -0.006542103545300138 0.0014970700938367549 -0.0089065124327389507 -0.0018547546994510946 -0.0057113088176902818 -0.0038957362612707085 -0.00091861316434247245
leaf_weight=5021.6340767294168 161.42539316415787 479.93041743338108 693.77343267202377 3296.1888068318367 2658.2494676113129 56.234882414340973 1909.2512143999338 425.57188405096531 427.11193127930164 82.197479709982872 1693.1332848370075 63.210402056574821 795.22452326118946 3174.873854085803
leaf_count=20188 647 1922 2782 13208 10644 226 7658 1712 1719 329 6809 253 3187 12736
internal_value=-3.76324e-05 -0.00065764 0.00103069 -0.0010827 0.000913853 0.00203244 -0.00036494 -0.00125245 -0.00231529 -0.00305684 -0.00220535 0.0017448 -0.000866717 -0.00151909
internal_weight=20938 13250.1 7687.87 10430.5 2819.67 536.165 2603.02 9894.3 2628.01 2200.9 1775.33 5084.84 7266.29 3970.1
internal_count=84020 53139 30881 41848 11291 2148 10440 39700 10569 8850 7138 20441 29131 15923
is_linear=0
shrinkage=0.02


Tree=65
num_leaves=15
num_cat=0
split_feature=33 22 41 47 10 41 40 5 44 38 47 10 28 22
split_gain=33.7764 19.6342 17.678 16.997 14.4744 12.8308 11.3427 12.7469 10.2042 9.90169 17.0349 9.77891 17.3722 11.3285
threshold=61.669816460374882 0.22500563479643798 0.37149981383794467 0.93540483100319638 0.030824702487503929 0.58015873950457697 2.5021627708018155 -0.0011954003657758604 2.5503945320663468 8.2008046184936774 0.52778511650980109 0.000155482644091201 0.51154319389238923 0.44778656421638968
decision_type=2 2 2 2 2 2 2 2 2 2 2 2 2 2
left_child=1 2 -1 4 -2 6 9 -8 -4 -3 -11 -7 13 -13
right_child=3 5 8 -5 -6 11 7 -9 -10 10 -12 12 -14 -15
leaf_value=0.0029816457096407435 -0.0012765097246140366 0.00059742264914727859 0.0005009705861847791 -0.0048744771409427205 0.00526784277783363 -0.0040238602422342394 -0.00812220788077553 -0.00019990903365749667 0.0053551734008537577 9.251689533621159e-05 -0.0045997548548288841 0.00064876490304545289 -0.0041143448035434443 0.011495653667591883
leaf_weight=1596.9835240542889 4341.0053861886263 5069.3376710116863 6311.1645812541246 521.88980151712894 134.66814927756786 596.97046642005444 137.94866536557674 188.78667171299458 173.19627520442009 1086.8691753447056 427.57842895388603 97.371500074863434 169.17617382109165 59.422493949532509
leaf_count=6430 17457 20314 25310 2100 540 2391 553 757 697 4354 1713 390 678 238
internal_value=-4.17898e-05 0.000408683 0.00110001 -0.0014753 -0.00107394 -0.000304765 -8.24415e-06 -0.00361673 0.000634652 0.000173444 -0.00124304 -0.00251295 0.000273054 0.00498779
internal_weight=20912.4 15914.8 8081.34 4997.56 4475.67 7833.46 6910.52 326.735 6484.36 6583.79 1514.45 922.941 325.97 156.794
internal_count=83922 63825 32437 20097 17997 31388 27691 1310 26007 26381 6067 3697 1306 628
is_linear=0
shrinkage=0.02


Tree=66
num_leaves=15
num_cat=0
split_feature=1 43 21 45 43 34 47 46 47 25 5 47 28 11
split_gain=27.7979 20.5395 27.7263 19.6752 12.7256 12.2459 12.3066 12.131 10.6934 10.6574 10.3478 11.2818 13.0883 10.3789
threshold=7.9406583087109309e-05 -0.041020797160619474 0.35587197534476206 -0.30213792871393791 0.48678829082329239 59.855995767055717 0.41248606129204557 -0.58216583101416131 -0.93540483100319616 4.5000000000000009 -0.0010333691880140621 -0.19509032201612828 0.3510911380113993 -0.0029812803510853472
decision_type=2 2 2 2 2 2 2 2 2 2 2 2 2 2
left_child=3 7 8 4 -1 -4 -7 -2 -3 -10 11 12 13 -5
right_child=1 2 5 10 -6 6 -8 -9 9 -11 -12 -13 -14 -15
leaf_value=0.0017896036624389623 0.0021001980494621329 -0.0052049120644821513 0.0014581441445964127 -0.0042608583339001412 -0.0069650490343528756 0.00014196251240556962 -0.0058846613356866983 -0.00028445175702753746 -0.0016875503688653752 -0.0062298518752478731 0.00039326358057155413 -4.557166033272701e-05 -0.0013573229978910886 -0.014309852487565174
leaf_weight=5183.4762147217989 1244.1719488054514 457.70530259609222 1497.5067170113325 111.34867748618126 62.463721036911011 395.97123545408249 200.88796275854111 2689.6548642963171 3410.1758504062891 215.97830288112164 4498.8863686025143 623.23371465504169 268.63861498236656 66.927051201462746
leaf_count=20838 4989 1840 5996 446 250 1587 806 10785 13698 873 18034 2497 1077 268
internal_value=9.58591e-05 -0.000657806 -0.00137664 0.000800518 0.00167883 0.000493584 -0.00191849 0.000471463 -0.00233519 -0.0019663 -2.75997e-05 -0.0017905 -0.00419643 -0.00832085
internal_weight=20927 10112.1 6178.23 10815 5245.94 2094.37 596.859 3933.83 4083.86 3626.15 5569.03 1070.15 446.914 178.276
internal_count=83984 40574 24800 43410 21088 8389 2393 15774 16411 14571 22322 4288 1791 714
is_linear=0
shrinkage=0.02


Tree=67
num_leaves=15
num_cat=0
split_feature=24 26 48 5 46 17 43 6 36 24 41 4 4 21
split_gain=31.9122 15.7602 13.3187 13.0615 12.9707 11.5894 11.2358 10.321 15.1526 13.8631 15.0019 11.0291 12.272 12.1696
threshold=0.26272446787440751 0.71255306498068094 -1.0000000180025095e-35 -0.0044686466019731984 -0.4124860612920454 1.2294337070845163 -0.06944814531869066 -0.001876914174407399 0.0069227032707480556 0.8852272780508762 0.56242365815365403 -0.0011953178105517613 -0.0033993527640602743 0.12599392628072109
decision_type=2 2 2 2 2 2 2 2 2 2 2 2 2 2
left_child=6 3 -3 -2 -5 -4 -1 8 -6 -10 -11 12 -9 -14
right_child=1 2 5 4 7 -7 -8 11 9 10 -12 -13 13 -15
leaf_value=0.00201154472699716 -0.0035023473161882018 -0.0032975277697387989 -0.0016597076015271665 0.00093073893481981007 -0.0063989460510010159 0.0018899598500029453 0.00029482787343101019 -0.0033198588481219028 0.0036779798745089297 0.0022832042468130601 -0.0092328783259832386 -0.0012168828998326722 -0.00092507770955930363 0.0032379614080699933
leaf_weight=3507.2658225297928 432.47182528674603 1259.6826243698597 1226.2087566554546 4018.3041481226683 83.141755029559135 519.99749360978603 2698.7046988010406 237.12649084627628 649.41189919412136 104.40676519274712 72.867908284068108 4931.6026437282562 456.04596571624279 718.73992514610291
leaf_count=14114 1732 5086 4943 16097 333 2091 10820 950 2602 418 292 19759 1828 2879
internal_value=6.37028e-05 -0.000443729 -0.00173422 -0.000111702 1.98857e-05 -0.000600285 0.00126586 -0.000485015 0.00150165 0.00232992 -0.00257385 -0.000770913 0.00078559 0.00162482
internal_weight=20916 14710 3005.89 11704.1 11271.6 1746.21 6205.97 7253.34 909.828 826.687 177.275 6343.52 1411.91 1174.79
internal_count=83944 59010 12120 46890 45158 7034 24934 29061 3645 3312 710 25416 5657 4707
is_linear=0
shrinkage=0.02


Tree=68
num_leaves=15
num_cat=0
split_feature=24 45 40 44 15 33 43 31 47 29 11 30 21 12
split_gain=34.6492 20.5542 13.6494 10.6829 11.2469 10.9968 10.5879 15.5838 15.8497 13.8299 12.3161 11.7787 11.753 11.6813
threshold=0.81404765992807249 -0.96731796296138906 1.6088741063200434 3.4461404137329663 0.00050674448888560989 74.619850597828716 -0.031579924184281023 0.39167043773658156 -0.4124860612920454 7.5442982791192632 0.015203483590394961 0.97931011839718407 0.37260974519230178 0.010996788178957996
decision_type=2 2 2 2 2 2 2 2 2 2 2 2 2 2
left_child=1 2 -1 4 -2 -6 11 -8 12 -10 -11 13 -9 -3
right_child=3 6 -4 -5 5 -7 7 8 9 10 -12 -13 -14 -15
leaf_value=0.0025059161974586874 0.0072992119481836383 0.00096598665015061624 -0.00026378483826584647 0.0052567233651483625 -0.0013038106226214011 -0.0045432368719639958 0.0002723043640100212 -0.0018367638286811666 -0.0039950339512965288 -0.00411911401384084 0.0052967850182600905 0.0033452515939288415 0.0029230089778447409 -0.0012483273116454269
leaf_weight=2813.0648980885744 52.474017813801765 3877.6898097544909 951.0128932595253 90.341743439435959 4453.6056440770626 459.17422446608543 4167.3151527494192 440.2723875194788 1152.2854557782412 89.691534370183945 130.16069073975086 613.36898961663246 383.72644807398319 1258.242329955101
leaf_count=11342 211 15539 3825 364 17876 1859 16695 1768 4621 360 522 2457 1537 5040
internal_value=5.76774e-05 0.000516877 0.00180672 -0.0013835 -0.00150948 -0.0016109 0.000115475 -0.000446418 -0.00180776 -0.00312062 0.00144927 0.000737237 0.000384067 0.00042282
internal_weight=20932.4 15876.8 3764.08 5055.6 4965.25 4912.78 12112.8 6363.45 2196.14 1372.14 219.852 5749.3 823.999 5135.93
internal_count=84016 63706 15167 20310 19946 19735 48539 25503 8808 5503 882 23036 3305 20579
is_linear=0
shrinkage=0.02


Tree=69
num_leaves=15
num_cat=0
split_feature=24 1 32 33 42 48 23 13 44 37 28 6 8 44
split_gain=38.6572 19.0714 15.2558 18.8994 13.1926 11.9907 14.4314 10.8964 12.9021 12.8345 11.4815 12.2682 11.3523 11.1434
threshold=0.31052932659014426 7.9406583087109309e-05 0.59303336773663629 74.619850597828716 0.44945495158499243 -0.60785761079279388 0.96225771455053044 0.0011296454345888496 -0.83161678922896953 1.5728882479949682 2.3761899267253144 0.00020800290242212134 -0.00085270731903375955 -0.57317754847282376
decision_type=2 2 2 2 2 2 2 2 2 2 2 2 2 2
left_child=1 5 3 4 -2 -1 -7 8 -3 -9 11 13 -10 -11
right_child=2 7 -4 -5 -6 6 -8 9 12 10 -12 -13 -14 -15
leaf_value=0.0040932305222406576 0.00073532867362057777 -0.0062197844370025894 0.008464865426175236 -0.0032790905288365029 -0.0008326027403831761 0.00014984815601343671 0.0032613498162390527 -0.002709799201523584 -0.0046615728709574747 0.0050903711594835269 0.006391847348824085 -0.00073985105128160117 0.0011269270513349992 0.00099292329621705581
leaf_weight=978.79223734140396 2727.3857692629099 197.78080479800701 67.896321028470993 1053.042219594121 10017.27490863204 1404.8918265998363 1031.5416294932365 365.74788822233677 181.60230460762978 374.27031522989273 159.40380004048347 1001.1685289591551 490.50470654666424 896.36188340187073
leaf_count=3946 10933 792 273 4251 40171 5643 4164 1464 730 1500 638 4014 1964 3598
internal_value=-4.84128e-05 0.00115328 -0.000662389 -0.000710353 -0.000496905 0.00222754 0.00147118 0.000151061 -0.00179762 0.000759252 0.00128562 0.000914087 -0.00045999 0.00221507
internal_weight=20947.7 7082.07 13865.6 13797.7 12744.7 3415.23 2436.43 3666.84 869.888 2796.95 2431.2 2271.8 672.107 1270.63
internal_count=84081 28453 55628 55355 51104 13753 9807 14700 3486 11214 9750 9112 2694 5098
is_linear=0
shrinkage=0.02


Tree=70
num_leaves=15
num_cat=0
split_feature=45 41 22 41 37 47 22 38 8 43 12 48 27 12
split_gain=30.471 14.1384 13.9838 13.4283 12.7994 11.493 11.4368 13.8905 11.3907 13.106 16.4379 11.8595 11.0167 10.1694
threshold=-1.0522042740433115 0.58015873950457697 0.24947810959914687 0.35440152900896577 9.2876735011861022 0.065403129230142729 0.13440922905847316 1.3141219776716018 -0.0024297201569794319 0.13361698306365946 -0.0070608104196898521 -0.8783796973249266 -1.4878143167105888 0.0062777959674662652
decision_type=2 2 2 2 2 2 2 2 2 2 2 2 2 2
left_child=3 2 -2 -1 6 -6 -5 -8 12 10 -10 -12 13 -9
right_child=1 -3 -4 4 5 -7 7 8 9 -11 11 -13 -14 -15
leaf_value=0.0040535400283749183 0.00052303317079088578 -0.001481724473960315 -0.0007714660368796951 0.0023400334803638317 0.0016177680486284458 0.0073045894300278538 -0.0035459951508325679 0.0017918548278537346 0.0090087993624431671 -0.010002195654138145 0.0058889734476373773 -0.0036323193500206533 0.004417182741798485 -0.0057160720231279665
leaf_weight=704.42542144656181 6893.9987849593163 3825.5081716030836 6461.9619049727917 766.36122010648251 440.50338603556156 207.80540505051613 458.83665946125984 226.22512497007847 57.34293869137764 62.432064101099968 58.001531958580017 312.27954594790936 383.44475625455379 99.959684312343597
leaf_count=2852 27640 15380 25892 3090 1774 837 1844 910 230 250 233 1253 1543 403
internal_value=-5.29175e-05 -0.000410578 -0.000103334 0.0015722 0.000997775 0.00348254 0.000327656 -0.000606452 0.000527869 -0.00180642 -0.000508088 -0.0020823 0.00214124 -0.000560519
internal_weight=20959.1 17181.5 13356 3777.62 3073.19 648.309 2424.88 1658.52 1199.69 490.056 427.624 370.281 709.63 326.185
internal_count=84131 68912 53532 15219 12367 2611 9756 6666 4822 1966 1716 1486 2856 1313
is_linear=0
shrinkage=0.02


Tree=71
num_leaves=15
num_cat=0
split_feature=24 1 25 38 16 7 32 39 19 36 14 1 5 28
split_gain=28.1997 20.0534 12.8031 11.9841 13.5913 12.2216 11.5491 11.4442 11.3199 11.2815 11.4499 10.3446 11.7843 9.81301
threshold=0.81404765992807249 7.9406583087109309e-05 2.5000000000000004 6.2708032788128891 0.0023318535524254852 0.0037072832871672639 0.36748039938190585 0.0098300680837273991 -0.83528246161827513 0.021762233480636339 0.0032086224212419614 0.0012395565299887291 0.00011159684183263686 3.6008804003082004
decision_type=2 2 2 2 2 2 2 2 2 2 2 2 2 2
left_child=1 -1 -2 6 8 7 9 -6 11 10 -3 12 -5 -10
right_child=2 3 -4 4 5 -7 -8 -9 13 -11 -12 -13 -14 -15
leaf_value=0.001173223784264594 -0.00074330416730495664 0.00081397035654099141 -0.0032550295553225549 -0.0002161020714216187 -0.00024204949111501743 -0.0056250087868735463 -0.0046024348209942733 0.0038065999024870564 -0.0032194173023018489 -0.0015459463194164478 0.005130664476426192 -0.0030888546924227314 0.012489370022399591 0.0012287969781578905
leaf_weight=7973.3711754232645 4070.392525061965 3183.2429587095976 1010.5905980169773 57.464784875512123 1059.5384899526834 123.0298145711422 168.47039797902107 373.96752573549747 1599.8198942393064 753.33949083089828 261.73265074193478 77.122646346688271 54.016828611493111 223.70279765129089
leaf_count=32026 16337 12762 4079 231 4246 493 676 1500 6415 3020 1049 309 217 899
internal_value=5.08409e-05 0.000465157 -0.00124559 -0.000246584 -0.00110556 0.000297616 0.000455858 0.000823706 -0.00218907 0.000664071 0.00114889 0.00242722 0.006212 -0.00267186
internal_weight=20989.8 15908.8 5080.98 7935.45 3568.66 1556.54 4366.79 1433.51 2012.13 4198.32 3444.98 188.604 111.482 1823.52
internal_count=84259 63843 20416 31817 14310 6239 17507 5746 8071 16831 13811 757 448 7314
is_linear=0
shrinkage=0.02


Tree=72
num_leaves=15
num_cat=0
split_feature=41 2 24 45 40 46 3 37 24 39 9 16 32 3
split_gain=27.773 17.7874 15.9118 14.8922 13.6089 21.3707 12.3616 12.1058 11.6514 14.5067 11.5555 11.1421 11.2548 10.8458
threshold=0.6084228171238496 0.00014322592741842295 0.22551441051782989 -0.42225897402181817 1.5688730337392338 -0.4124860612920454 -0.0029627274464642198 1.4691714289191649 0.95048788354180214 0.094960523232212282 0.00067934864533899717 0.0027017304545261626 -0.070591045891773438 0.0042511775736995454
decision_type=2 2 2 2 2 2 2 2 2 2 2 2 2 2
left_child=2 8 7 4 5 11 -5 -1 -2 -10 13 12 -4 -9
right_child=1 -3 3 6 -6 -7 -8 10 9 -11 -12 -13 -14 -15
leaf_value=-0.0023825623114640047 -0.0013537557227270047 -0.0035982466180708634 0.0036536486345140461 0.0026149466977860832 -0.0012726075077786061 0.00035778203815949597 -0.00076030027788440895 0.0009811022398806379 0.005097144278520596 -0.0042953751316576541 0.0029376679239906146 0.0002845284537304589 0.0093689321270275881 -0.0068192084027985447
leaf_weight=349.81044569611549 1159.7869260311127 1280.73934276402 602.17096801102161 453.4227073341608 919.0903060734272 2205.6454979628325 8205.6367728412151 3451.3510698080063 262.03140918910503 83.049905866384506 1458.7911477088928 266.93244111537933 179.75859335064888 67.860625982284546
leaf_count=1400 4658 5156 2416 1816 3686 8849 32906 13904 1054 335 5843 1071 721 273
internal_value=-1.30551e-05 -0.00187069 0.000272321 -0.000109219 0.000871507 0.00147804 -0.000582152 0.00119055 -0.000393377 0.00280761 0.00144377 0.00382095 0.00501872 0.000821228
internal_weight=20946.1 2785.61 18160.5 12832.7 4173.6 3254.51 8659.06 5327.81 1504.87 345.081 4978 1048.86 781.93 3519.21
internal_count=84088 11203 72885 51465 16743 13057 34722 21420 6047 1389 20020 4208 3137 14177
is_linear=0
shrinkage=0.02


Tree=73
num_leaves=15
num_cat=0
split_feature=24 41 25 16 24 24 44 5 46 0 7 24 17 10
split_gain=29.6114 19.1323 12.3926 10.5903 10.1687 16.3895 11.8542 10.4796 10.3341 12.9297 11.3315 11.6872 10.4583 11.3295
threshold=0.81404765992807249 0.6084228171238496 2.5000000000000004 0.0025438932003899349 4.0803841670434502e-05 0.12444904487469213 -0.74103321768840735 -0.0044686466019731984 -0.5277851165098012 -0.0060050585590534378 0.0021436978148005677 0.21362202206371986 0.45494792316292915 0.01877615943419943
decision_type=2 2 2 2 2 2 2 2 2 2 2 2 2 2
left_child=1 4 -2 -3 -1 -6 -7 -8 10 -10 12 -12 -9 -14
right_child=2 3 -4 -5 5 6 7 8 9 -11 11 -13 13 -15
leaf_value=-0.0019569863057090765 -0.00079134898350234238 -0.0026733582442592932 -0.0032654175708368271 0.0012747951787106058 0.0021638862480738738 -0.00094505566221802205 -0.0025927014715476345 0.008554773205445336 0.0088207705801540866 0.00026852379060167435 -0.0075472209852003027 0.00045556929231755169 0.001820443861108379 0.0088056014667362657
leaf_weight=553.17087179422379 4043.7180166840553 1103.8426122367382 1009.4466434717178 356.61970648169518 2795.1575007885695 1991.2481253743172 353.9597035497427 100.20824004709721 66.640534922480583 5505.2677876651287 81.91323359310627 452.86754938960075 2397.1301383674145 92.101266428828239
leaf_count=2223 16231 4432 4076 1431 11243 7977 1419 402 269 22089 329 1815 9616 369
internal_value=4.40962e-05 0.000469155 -0.00128832 -0.00170823 0.000690663 0.000797182 0.000450373 0.000757755 0.00089554 0.000378626 0.00181536 -0.000828786 0.00236198 0.00209603
internal_weight=20903.3 15850.1 5053.16 1460.46 14389.7 13836.5 11041.3 9050.09 8696.13 5571.91 3124.22 534.781 2589.44 2489.23
internal_count=83921 63614 20307 5863 57751 55528 44285 36308 34889 22358 12531 2144 10387 9985
is_linear=0
shrinkage=0.02


Tree=74
num_leaves=15
num_cat=0
split_feature=41 25 17 46 24 42 0 9 44 5 25 24 30 37
split_gain=24.6332 16.8464 13.5635 12.9705 12.5426 15.1533 13.2715 12.1268 18.3032 14.1138 11.8288 11.1735 10.4313 10.3855
threshold=0.4593107501734105 2.5000000000000004 0.80307376979133382 -0.35206144883412549 0.209817319351387 0.53715512189883963 -0.00075562360682505578 -0.0070867333781839794 0.69562068068648286 -0.0025631955389226195 -3.4999999999999996 0.59124784801034125 -0.80377020782607256 3.8407995024057358
decision_type=2 2 2 2 2 2 2 2 2 2 2 2 2 2
left_child=3 7 11 -1 -5 6 10 8 12 -10 -6 -3 -2 -8
right_child=1 2 -4 4 5 -7 13 -9 9 -11 -12 -13 -14 -15
leaf_value=0.0019289615346135835 0.0013803684621398052 -0.00028803942215010477 -0.00060033937892829084 0.0014734051693240586 0.0035479812524466456 -0.0058179976511654593 -0.0012728614961068075 -0.00040748160898201972 -0.006234405263305755 0.0015192801675548216 -0.002933562863818278 -0.0051681452286787243 0.0072030429397658682 0.001780358821918961
leaf_weight=3018.1083576232195 228.98289740085602 254.79608348011971 1034.5230490714312 2125.1214834153652 125.68041533231735 196.52937951683998 660.37087059020996 9691.259987398982 137.17171111702919 272.49554553627968 837.74164324998856 713.90299002826214 268.54694055020809 1347.2624770402908
leaf_count=12124 919 1021 4164 8554 507 788 2647 38870 550 1094 3364 2881 1078 5399
internal_value=3.88549e-05 -0.000518515 -0.00219811 0.000883798 0.000286546 -0.00051078 -0.000150534 -0.000200167 0.0020046 -0.00112081 -0.00207408 -0.00389261 0.00456362 0.000775396
internal_weight=20912.5 12601.7 2003.22 8310.81 5292.71 3167.58 2971.06 10598.5 907.197 409.667 963.422 968.699 497.53 2007.63
internal_count=83960 50577 8066 33383 21259 12705 11917 42511 3641 1644 3871 3902 1997 8046
is_linear=0
shrinkage=0.02


Tree=75
num_leaves=15
num_cat=0
split_feature=1 20 48 7 22 38 13 33 42 6 19 32 47 38
split_gain=36.6049 18.1661 17.6972 16.531 15.6743 17.1553 15.6258 15.1666 13.1562 12.2286 11.4689 10.3957 10.182 13.3374
threshold=7.9406583087109309e-05 -0.47504063055678897 -0.60785761079279388 0.00044629677295352106 0.24947810959914687 6.6842085522739625 0.0013895081277998263 75.719673371082948 0.44945495158499243 0.00025472453018523025 -0.89255382894209034 -0.30230626934156785 0.91037613702198772 7.5258326868273597
decision_type=2 2 2 2 2 2 2 2 2 2 2 2 2 2
left_child=1 2 -1 6 5 7 -4 9 -3 -2 -7 -5 -12 -14
right_child=4 8 3 11 -6 10 -8 -9 -10 -11 12 -13 13 -15
leaf_value=0.0047432521550555612 0.0020738062173429697 0.001807474654643362 -0.0039955807064225492 0.0098668829034975272 -0.001766782764813307 0.0030440822206842118 0.0011839145305033419 -0.0066337743918629512 -9.1466573708075805e-05 -0.00044164051141341095 -0.0013337457067711831 0.0025413190002133907 -0.013811819679408728 -0.0030525585845265586
leaf_weight=792.7518865019083 1846.1887149512768 1892.7072147130966 333.45839919149876 83.421026647090912 4339.4327178299427 205.87577971816063 742.99427959322929 101.99557147920132 6316.3975185155869 1324.7743547260761 2005.3593861609697 698.28068932890892 54.978628888726234 219.44716316461563
leaf_count=3202 7412 7592 1344 338 17410 827 2997 412 25326 5316 8056 2811 221 882
internal_value=6.77656e-06 0.000812583 0.0022504 0.001177 -0.000859806 -0.00017541 -0.00043162 0.000775464 0.000347191 0.00102385 -0.0014265 0.00338082 -0.001836 -0.00541665
internal_weight=20958.1 10860 2650.91 1858.15 10098.1 5758.62 1076.45 3272.96 8209.1 3170.96 2485.66 781.702 2279.79 274.426
internal_count=84146 43610 10692 7490 40536 23126 4341 13140 32918 12728 9986 3149 9159 1103
is_linear=0
shrinkage=0.02


Tree=76
num_leaves=15
num_cat=0
split_feature=41 22 10 8 35 7 6 43 45 48 28 12 31 47
split_gain=24.1383 18.1636 13.7497 12.3505 11.8594 11.6468 13.1895 13.7972 11.14 12.0395 10.1275 10.0511 16.6543 16.1574
threshold=0.58626486661670429 0.24947810959914687 0.027176869184430023 -0.0024297201569794319 -0.15117333119520462 0.0037072832871672639 -0.0012919874194456985 0.030728822759253527 1.1311184862470987 -0.60785761079279388 3.8887833603174178 0.0073997924085066153 0.95560848790026443 -0.4124860612920454
decision_type=2 2 2 2 2 2 2 2 2 2 2 2 2 2
left_child=1 5 8 4 -2 6 -1 11 -3 -10 -11 12 -8 -13
right_child=3 2 -4 -5 -6 -7 7 -9 9 10 -12 13 -14 -15
leaf_value=0.0026040844988818551 4.2084681752010509e-05 -0.00016918672304375195 0.0069044163339677276 -0.0017865837925315736 0.0093303026272863986 -0.0022958505323971232 0.0015273270344678324 -0.00095770039310087815 -0.0057085755457409381 -0.0019697119477103584 0.0038779071920874032 0.0025690126822762146 0.0096594534153949425 -0.0015730692163157356
leaf_weight=1777.5711470991373 197.67627486586571 6844.1288061141968 97.05580098927021 3523.2683416306973 71.200512900948524 426.59930470585823 3447.6144101470709 1590.5387592017651 297.10251116752625 785.73650233447552 134.58858096599579 574.72166641056538 99.012070655822754 1070.6864452809095
leaf_count=7144 792 27429 389 14173 285 1712 13861 6382 1198 3158 541 2309 397 4298
internal_value=-2.77327e-05 0.000291729 -0.000391363 -0.00147059 0.00262711 0.000911746 0.00107284 0.000669916 -0.000483424 -0.00224209 -0.00109822 0.00116897 0.00176763 -0.000122889
internal_weight=20937.5 17145.4 8158.61 3792.15 268.877 8986.74 8560.14 6782.57 8061.56 1217.43 920.325 5192.03 3546.63 1645.41
internal_count=84068 68818 32715 15250 1077 36103 34391 27247 32326 4897 3699 20865 14258 6607
is_linear=0
shrinkage=0.02


Tree=77
num_leaves=15
num_cat=0
split_feature=26 40 46 6 3 45 21 25 34 34 14 46 22 45
split_gain=25.0501 14.6015 13.462 11.915 14.4089 15.7773 14.9609 13.7189 12.7859 12.4885 11.2133 11.2613 10.6198 10.5676
threshold=-0.26828053707726451 2.0100142171753359 0.22695468355932452 -0.00012244041859268048 0.00089704855611859866 1.4402354354001152 0.4118853083409813 3.5000000000000004 43.204255137397872 55.61360820754178 0.0026074647309849304 -0.32143946530316142 0.10739638589905114 0.10980786483956786
decision_type=2 2 2 2 2 2 2 2 2 2 2 2 2 2
left_child=1 2 -1 7 6 -6 8 -2 -5 -7 -10 -12 -3 -4
right_child=3 12 13 4 5 9 -8 -9 10 -11 11 -13 -14 -15
leaf_value=0.0021361903827670941 0.00041495652518354581 0.0025211007479229979 3.7017720982570041e-05 0.00233616384095675 0.0012537974971856436 -0.010801217325511711 0.00027746044997790502 -0.0029906749135518501 -0.0030284977194709631 -0.0014198714680735836 0.0018660142572135756 -0.0032170279755349769 -0.0026906200506922524 0.0076208616300998365
leaf_weight=3357.0290516018867 5656.5205782055855 199.59933140873909 2665.0447416454554 227.37199859321117 1739.4423628598452 57.003527864813805 1242.4945454150438 511.28986692428589 3086.6023804992437 705.93450149893761 416.58199018239975 292.31161846220493 666.05399100482464 70.581136241555214
leaf_count=13506 22681 804 10722 910 6970 229 4975 2060 12396 2843 1671 1173 2674 283
internal_value=-3.6529e-05 0.000943091 0.00128849 -0.000525836 -0.00104669 0.000202613 -0.00164006 0.000130448 -0.00223191 -0.00218657 -0.00250828 -0.000237825 -0.00148134 0.000246233
internal_weight=20893.9 6958.31 6092.65 13935.6 7767.74 2502.38 5265.36 6167.81 4022.87 762.938 3795.5 708.894 865.653 2735.63
internal_count=83897 27989 24511 55908 31167 10042 21125 24741 16150 3072 15240 2844 3478 11005
is_linear=0
shrinkage=0.02


Tree=78
num_leaves=15
num_cat=0
split_feature=43 22 6 21 10 16 47 17 19 39 48 16 43 8
split_gain=26.8424 19.1734 15.8039 15.3754 18.3793 16.5874 15.0445 11.308 11.218 9.80121 12.4541 11.875 10.6579 9.56017
threshold=-0.019949525851183762 0.22500563479643798 -0.00047954440275623216 0.38286925509725939 -0.0006395447550334209 0.0023235828849046693 -0.3520614488341256 1.1817929048457945 -0.19321582972172932 -0.84317251343627198 -0.60785761079279388 0.0014813406333403101 -0.10933745465409116 -0.0067528109063706016
decision_type=2 2 2 2 2 2 2 2 2 2 2 2 2 2
left_child=1 2 -1 -2 6 -6 7 -5 9 12 -11 -12 -4 -3
right_child=3 13 8 4 5 -7 -8 -9 -10 10 11 -13 -14 -15
leaf_value=0.0031328027228353741 -0.0011599732952768697 0.0028413298507907986 0.0043796106948301152 0.001427600496095011 -0.0023082446828850468 0.0015614562533129092 0.0041863267873150636 -0.0056105493205833856 -0.0012090253998448246 0.0041981834457440756 -0.0038473105089276548 0.0015543227265281847 -0.0058578390790689095 -0.00032533817707263297
leaf_weight=1812.5479557663202 7651.0909468233585 408.36992159485817 53.735759019851685 351.95012004673481 1090.8578275293112 739.3518408536911 742.91843542456627 117.72651006281376 826.15231822431087 645.28309038281441 182.18414454162121 1251.9240719079971 131.37784433364868 4918.2159336656332
leaf_count=7296 30738 1643 216 1411 4371 2961 2978 472 3312 2602 733 5038 527 19722
internal_value=1.85285e-05 0.000750755 0.00165254 -0.000681944 0.000519986 -0.000745002 0.00242449 -0.000377059 0.000780769 0.00150776 0.00190152 0.000857135 -0.00284903 -8.01243e-05
internal_weight=20923.7 10229.8 4903.21 10693.9 3042.8 1830.21 1212.6 469.677 3090.66 2264.5 2079.39 1434.11 185.114 5326.59
internal_count=84020 41089 19724 42931 12193 7332 4861 1883 12428 9116 8373 5771 743 21365
is_linear=0
shrinkage=0.02


Tree=79
num_leaves=15
num_cat=0
split_feature=41 34 40 3 47 21 34 8 11 26 6 49 42 2
split_gain=28.4624 17.4107 20.9135 20.1956 19.7123 13.43 14.8048 11.913 11.5096 11.5807 11.4517 11.659 12.8565 11.0804
threshold=0.58626486661670429 45.086338646477763 1.1678256359401757 0.0030054650866642228 0.84874750804349197 0.3355418628989027 45.565092878155717 -0.0024297201569794319 0.003931200694776568 -0.58320687010021899 0.0010774799862984703 1.0000000180025095e-35 0.38026323246560706 -0.00032038155977217323
decision_type=2 2 2 2 2 2 2 2 2 2 2 2 2 2
left_child=1 2 10 -4 5 6 -3 -2 -6 -10 11 12 -1 -5
right_child=7 4 3 13 8 -7 -8 -9 9 -11 -12 -13 -14 -15
leaf_value=0.0096324703401533766 0.0024347625625137856 -0.0061891830146625351 0.00031150554852324121 -0.0024411594870883749 -0.00041304500169240524 0.0014123157974606324 -3.5277564932220607e-05 -0.0018274999961980637 0.0047705902647323072 -0.0039565314514072372 0.0045675398335592119 9.8055914272952778e-05 0.0022827961504512787 -0.013168660033170368
leaf_weight=96.976837486028671 279.0720702111721 155.47734466195107 2022.3715199232101 95.068888053297997 1113.4559682756662 3118.7385639995337 6115.9456805437803 3527.8729611039162 60.998802319169044 912.6713995039463 687.4399616420269 1114.5616728514433 1601.4073657244444 63.25941775739193
leaf_count=392 1118 624 8132 382 4463 12491 24538 14196 246 3660 2765 4487 6446 254
internal_value=5.1036e-05 0.000398227 0.00130323 -0.000234081 -5.0109e-05 0.000340872 -0.00019265 -0.00151227 -0.00180578 -0.00338821 0.00225993 0.00168888 0.0027295 -0.00699921
internal_weight=20965.3 17158.4 5681.09 2180.7 11477.3 9390.16 6271.42 3806.95 2087.13 973.67 3500.39 2812.95 1698.38 158.328
internal_count=84194 68880 22858 8768 46022 37653 25162 15314 8369 3906 14090 11325 6838 636
is_linear=0
shrinkage=0.02


Tree=80
num_leaves=15
num_cat=0
split_feature=43 21 1 19 47 30 40 9 7 30 22 46 26 3
split_gain=27.1073 17.8687 24.6118 16.5782 13.4214 12.5547 15.104 13.411 13.2379 11.374 11.2722 12.5156 14.2075 17.2456
threshold=-0.021163856566809709 0.38286925509725939 7.9406583087109309e-05 -0.45852132793742756 0.98611507088852057 0.33688166018030125 2.0100142171753359 0.0020684697418649196 0.0026054881526301147 0.16729598282258554 0.13029847791071017 -0.4124860612920454 -1.1771195637186993 -0.00012244041859268048
decision_type=2 2 2 2 2 2 2 2 2 2 2 2 2 2
left_child=10 2 4 -3 -2 7 8 -5 -7 -9 -1 -12 13 -13
right_child=1 3 -4 5 -6 6 -8 9 -10 -11 11 12 -14 -15
leaf_value=0.0016727308444430863 0.00016860507649466577 0.008236880765908115 -0.002372203302520005 0.00032092981243023226 -0.0050329786514562644 -0.0033479372723441182 0.0048531060022265005 0.0022164405329287095 0.0038461862922554843 0.00935919298560897 0.0013619154003748338 0.0067769544943767843 -0.00074594652564714413 -0.0025464422964496854
leaf_weight=3291.0547371059656 3658.5318045020103 103.66733036935329 3849.8810819685459 1490.5655113905668 204.78498369455338 782.74513255059719 125.99569727480412 316.65487739443779 113.32735098898411 121.81191608309746 2534.5383802503347 218.93174532055855 3961.7323349118233 119.58650936186314
leaf_count=13244 14679 416 15490 5974 822 3137 505 1268 454 488 10173 885 15891 484
internal_value=-3.06693e-05 -0.00072908 -0.00124157 0.000564867 -0.000113267 0.000281885 -0.00150572 0.00123046 -0.00242179 0.00428394 0.000712024 0.000248544 -0.000408489 0.0034942
internal_weight=20893.8 10768 7713.2 3054.77 3863.32 2951.1 1022.07 1929.03 896.072 438.467 10125.8 6834.79 4300.25 338.518
internal_count=83910 43233 30991 12242 15501 11826 4096 7730 3591 1756 40677 27433 17260 1369
is_linear=0
shrinkage=0.02


Tree=81
num_leaves=15
num_cat=0
split_feature=1 21 17 31 20 48 7 32 20 47 12 21 25 14
split_gain=28.4365 24.5918 14.1185 12.8965 12.3472 15.2103 12.5986 16.7898 11.9016 10.8839 9.09641 8.83596 9.76628 8.81316
threshold=7.9406583087109309e-05 0.39347436829607407 0.80307376979133382 0.23410180073477641 -0.47504063055678897 -0.60785761079279388 0.00025472453018523025 -0.32054367653035615 -0.68121293049741138 0.65934581510006873 -0.017975638727240457 9.3597904314100984e-05 -2.4999999999999996 0.00076698897600364143
decision_type=2 2 2 2 2 2 2 2 2 2 2 2 2 2
left_child=4 2 3 -2 5 -1 -7 -8 -4 10 -5 12 -6 -3
right_child=1 13 8 9 11 6 7 -9 -10 -11 -12 -13 -14 -15
leaf_value=0.0042149970898495131 -0.001277611094663353 -0.0034321412934693323 0.0015182238426339428 -0.0094225565211830016 -0.0087201671831794066 -0.00062046286031681205 0.010985751221765878 0.0017203818332579108 -0.0011224309415309092 -0.0067892428918316563 -0.0022043729873444831 0.00051073240855784604 -0.0010207137685730567 0.0012090955425364876
leaf_weight=782.1768844127655 2066.3162701278925 170.69343590736389 867.49366930127144 70.902276813983917 69.117312058806419 1006.2838358432055 82.53701288998127 769.34099222719669 3138.4250961244106 352.53680190443993 994.53942508995533 7508.5528166741133 613.55466443300247 2423.4173639714718
leaf_count=3163 8298 684 3485 285 277 4060 335 3099 12612 1418 4002 30114 2461 9709
internal_value=-1.52339e-05 -0.000779313 -0.00136033 -0.00229052 0.000696165 0.00188418 0.000894371 0.00267695 -0.00054941 -0.00375688 -0.00272649 0.000312306 -0.00185798 0.000897685
internal_weight=20915.9 10084.3 7490.21 3484.29 10831.6 2640.34 1858.16 851.878 4005.92 1417.98 1065.44 8191.22 682.672 2594.11
internal_count=84002 40493 30100 14003 43509 10657 7494 3434 16097 5705 4287 32852 2738 10393
is_linear=0
shrinkage=0.02


Tree=82
num_leaves=15
num_cat=0
split_feature=1 21 17 45 5 41 21 17 49 6 42 9 33 25
split_gain=25.6145 16.1288 15.94 15.5927 15.2495 13.521 11.4406 10.5037 12.9391 11.2341 10.4099 9.95066 9.68055 9.88482
threshold=9.628337998904976e-05 0.37260974519230178 0.87928150348796952 -0.65829071926478067 -0.00096904694061585603 0.44025078965244951 4.0643798033303391e-05 1.2050849469285347 1.0000000180025095e-35 0.0011451872314371251 0.43197229321492403 -0.00057481111296856836 77.532012898981336 4.5000000000000009
decision_type=2 2 2 2 2 2 2 2 2 2 2 2 2 2
left_child=3 2 12 7 6 -4 -5 8 10 11 -1 -10 13 -2
right_child=1 -3 5 4 -6 -7 -8 -9 9 -11 -12 -13 -14 -15
leaf_value=0.0057280579123708394 -0.0016989771840801042 0.00054608998701693502 0.0016168931220257143 -0.0079084416746017256 0.00057022813164804846 -0.0011049879062561404 -0.0012156121703835729 -0.00010409109398909919 -0.0006081226209984057 0.0052851684023133621 0.0023352661050559621 0.0070623401405761742 -0.0065212927934447272 -0.0076673348368463505
leaf_weight=514.9050477296114 3569.7276965379715 2785.8170414566994 1069.6427884995937 105.72180214524269 5388.8341636359692 2271.7319089919329 1373.6327241510153 1026.0845820903778 1007.0402111262083 176.3592676371336 1238.0525093972683 67.497058942914009 185.78894789516926 110.08822531998158
leaf_count=2080 14338 11162 4295 424 21609 9133 5505 4131 4059 711 4988 271 755 446
internal_value=-1.44186e-05 -0.000745578 -0.0012449 0.000656036 7.62668e-05 -0.000232544 -0.00171894 0.00164281 0.00223872 0.000680843 0.00334531 -9.58241e-05 -0.00211853 -0.00188769
internal_weight=20890.9 9992.8 7206.98 10898.1 6868.19 3341.37 1479.35 4029.94 3003.85 1250.9 1752.96 1074.54 3865.6 3679.82
internal_count=83907 40129 28967 43778 27538 13428 5929 16240 12109 5041 7068 4330 15539 14784
is_linear=0
shrinkage=0.02


Tree=83
num_leaves=15
num_cat=0
split_feature=41 24 47 24 6 8 41 23 29 40 41 12 11 43
split_gain=20.0512 13.6969 15.4798 12.8379 12.4836 13.61 11.2745 11.4487 11.5887 10.639 10.4835 10.3429 10.125 9.43773
threshold=0.6084228171238496 0.22551441051782989 -0.93540483100319616 4.0803841670434502e-05 -0.0012431595687455777 0.0044975361298318786 0.3126547546548919 0.65457019321140519 7.2980449366052333 1.2162055969797996 0.25284779666013968 -0.033957086813804264 -0.0019338025260047899 0.05932145425919759
decision_type=2 2 2 2 2 2 2 2 2 2 2 2 2 2
left_child=1 3 11 -1 5 13 10 9 -9 -8 -5 -3 -7 -4
right_child=-2 2 4 6 -6 12 7 8 -10 -11 -12 -13 -14 -15
leaf_value=-0.0018043420379357726 -0.0016119230123797697 -0.0085832053742623867 0.0012512417283054974 0.00026823076251342843 -0.00026188123190740891 -0.0057451700096724321 -0.00013311257781261921 0.0013145473413740947 0.0066136321226899809 -0.0068071807929192254 0.0058507999666578183 -0.0016395891333613819 0.00048609175554495447 0.0044274624720724003
leaf_weight=555.57281987369061 2795.0307137072086 87.007342040538788 1722.3018623590469 204.20137546956539 8723.7386243194342 164.36520653963089 878.83420740067959 3000.9249664396048 170.18772229552269 102.22185517847538 392.35032978653908 1374.8169552534819 269.70012578368187 475.74813263118267
leaf_count=2234 11251 349 6906 825 35000 659 3525 12081 683 410 1584 5517 1084 1907
internal_value=-3.67612e-05 0.000206561 -0.000147214 0.00106078 0.00010249 0.00130835 0.00139753 0.00102534 0.0016089 -0.000859513 0.00395798 -0.00208072 -0.00191202 0.00194719
internal_weight=20917 18122 12817.7 5304.29 11355.9 2632.12 4748.72 4152.17 3171.11 981.056 596.552 1461.82 434.065 2198.05
internal_count=84015 72764 51422 21342 45556 10556 19108 16699 12764 3935 2409 5866 1743 8813
is_linear=0
shrinkage=0.02


Tree=84
num_leaves=15
num_cat=0
split_feature=24 45 40 45 34 33 49 24 34 38 5 39 39 43
split_gain=31.2432 18.6047 12.8182 12.6102 15.2041 11.3134 10.9923 11.2813 9.76761 9.57461 15.6399 24.1903 15.0876 13.8997
threshold=0.81814428590093791 -0.98376233298486571 1.4162994649768257 1.6409252967710795 60.005805703759329 74.619850597828716 1.0000000180025095e-35 4.0803841670434502e-05 72.392202030490509 4.9839397424211711 -0.0010333691880140621 -0.29840153871253389 -0.96259661540349739 0.23341147098323403
decision_type=2 2 2 2 2 2 2 2 2 2 2 2 2 2
left_child=1 2 6 -2 -5 -6 7 -1 -7 10 11 -3 -11 -12
right_child=3 9 -4 4 5 8 -8 -9 -10 12 13 -13 -14 -15
leaf_value=-0.0033672750346489945 -0.00090236640952906153 0.0016916983766170593 -5.1261108333490612e-05 -0.0092633642014512026 0.0012607953333560232 -0.0065606685366655232 0.00096174784131252799 0.0040638079866502884 -0.0007112292879126789 -0.004652947247853363 0.0018069601398767213 -0.0037359539675292791 -0.00018475018831771742 -0.0028897019399530279
leaf_weight=83.235432893037796 4124.307758718729 633.95061281323433 1153.4551302939653 149.55394832789898 234.82606737315655 266.49542382359505 1084.8500211983919 1367.2572619020939 199.39762695133686 310.78105606138706 3301.166168525815 671.78359766304493 7086.3277025073767 268.40964910387993
leaf_count=337 16555 2540 4645 606 951 1084 4381 5524 808 1245 13233 2692 28416 1077
internal_value=2.11694e-05 0.000452539 0.00169697 -0.00136197 -0.00357299 -0.00230147 0.00249086 0.00362728 -0.0040913 7.79546e-05 0.000765631 -0.00110436 -0.000375493 0.00145025
internal_weight=20935.8 15961.2 3688.8 4974.58 850.273 700.719 2535.34 1450.49 465.893 12272.4 4875.31 1305.73 7397.11 3569.58
internal_count=84094 64090 14887 20004 3449 2843 10242 5861 1892 49203 19542 5232 29661 14310
is_linear=0
shrinkage=0.02


Tree=85
num_leaves=15
num_cat=0
split_feature=1 38 43 20 6 25 48 11 1 43 26 28 6 36
split_gain=26.0187 17.5392 16.5167 16.0775 14.2909 13.5481 12.8472 12.3108 11.8446 14.1945 11.7956 11.5574 10.0636 9.89246
threshold=7.9406583087109309e-05 7.1176271176023169 0.23341147098323403 -0.45372736598222102 -0.00041311703313375286 3.5000000000000004 -0.60785761079279388 0.0086742974600225262 -0.00098979999672822402 -0.1050165146457241 0.70076866118195058 -2.7644668889888053 -0.00036771392372660425 0.011899662361375112
decision_type=2 2 2 2 2 2 2 2 2 2 2 2 2 2
left_child=3 2 4 6 5 11 -1 10 -8 -10 -3 -2 -6 -11
right_child=1 7 -4 -5 12 -7 8 -9 9 13 -12 -13 -14 -15
leaf_value=0.0040211723182452261 -0.0020889877936176027 -0.0019580735860234687 -0.0030871743739310565 0.00016416942868020652 -0.00823117332172652 -0.0036971390502604186 0.0024704910346571708 -0.000516017067045407 0.0015398109175807945 -0.0059109654071688679 -0.0053052794045715581 0.0024172080861963388 -0.0004689331639892782 0.00061597962929522976
leaf_weight=820.17978799343109 255.05464448034763 1707.6695287227631 668.94941948354244 8039.9008813947439 63.288833007216454 185.39690168201923 1064.6921449452639 1634.0016539096832 515.83599860966206 244.24698048830032 559.57435841858387 1880.3187400847673 3151.962035253644 146.67128011584282
leaf_count=3318 1025 6847 2694 32247 254 746 4301 6569 2082 981 2265 7542 12648 589
internal_value=-6.22589e-05 -0.00079195 -0.000130929 0.000618621 0.000228754 0.0014232 0.00192481 -0.0018418 0.0010447 -0.000633806 -0.00279405 0.00187535 -0.000634268 -0.00348522
internal_weight=20937.7 10106.2 6204.97 10831.5 5536.02 2320.77 2791.63 3901.25 1971.45 906.754 2267.24 2135.37 3215.25 390.918
internal_count=84108 40590 24909 43518 22215 9313 11271 15681 7953 3652 9112 8567 12902 1570
is_linear=0
shrinkage=0.02


Tree=86
num_leaves=15
num_cat=0
split_feature=1 21 43 17 12 3 45 26 32 20 4 4 37 26
split_gain=30.9498 19.2294 16.3961 12.7278 12.2533 11.9127 11.1684 10.9589 10.0518 9.95449 9.62708 10.5398 9.73958 9.25618
threshold=7.9406583087109309e-05 0.37939706862494754 -0.046599579770707868 0.65990095930003478 0.00071769602116594918 -4.5010182383327581e-05 -0.31442826446037592 -0.0066557751574018069 0.2472240481976406 -0.41272819253578319 -0.0060050585590534378 -0.0047360768568580174 7.734535845969206 0.27910206397231996
decision_type=2 2 2 2 2 2 2 2 2 2 2 2 2 2
left_child=6 2 3 5 -4 9 7 10 -7 -2 -1 -12 -13 -11
right_child=1 -3 4 -5 -6 8 -8 -9 -10 13 11 12 -14 -15
leaf_value=-0.0041821470063877278 -0.0070844899545166396 0.00062799487142124093 -0.00096454085460413687 0.00061488103865425738 -0.0030868954261237835 0.0012658886914303936 0.00011158594417234144 0.0061243888364607415 -0.0075801232965195817 0.0032288835794653426 0.0081931974559471057 0.00059957467921058401 0.0025129469792238863 -0.0063020085672499939
leaf_weight=123.96716424822807 255.06611832976341 2725.3160855472088 2016.6462481170893 2163.8120270371437 2374.8220611959696 374.03142349421978 5609.8538515120745 184.38659462332726 54.439980685710907 94.40368165075779 83.787800669670105 3229.3490382432938 1585.5460184216499 64.163178145885468
leaf_count=498 1024 10920 8105 8687 9567 1500 22496 738 219 378 337 13000 6391 258
internal_value=-1.26726e-05 -0.000807303 -0.00133616 -0.000197458 -0.00211447 -0.0022761 0.000730991 0.00139757 6.74767e-05 -0.00467555 0.00121812 0.00135891 0.0012316 -0.00070249
internal_weight=20939.6 10122.7 7397.38 3005.92 4391.47 842.104 10816.9 5207.04 428.471 413.633 5022.65 4898.68 4814.9 158.567
internal_count=84118 40658 29738 12066 17672 3379 43460 20964 1719 1660 20226 19728 19391 636
is_linear=0
shrinkage=0.02


Tree=87
num_leaves=15
num_cat=0
split_feature=41 22 38 28 20 1 21 6 5 23 49 8 6 6
split_gain=25.0629 13.1896 13.9587 12.1271 10.8737 10.0556 10.9586 12.5986 10.2975 10.4957 9.70807 9.08566 9.6453 9.30615
threshold=0.58626486661670429 0.51120326337270827 9.605264728082096 3.8887833603174178 -0.35525265907218778 7.9406583087109309e-05 0.39347436829607407 -0.00021237677529653632 0.0044569246510473871 0.41173134691120761 1.0000000180025095e-35 0.0027842376180945206 -0.0017978663148643383 0.00067506995758166699
decision_type=2 2 2 2 2 2 2 2 2 2 2 2 2 2
left_child=1 5 4 -4 -3 10 7 8 9 -7 -1 13 -13 -2
right_child=11 2 3 -5 -6 6 -8 -9 -10 -11 -12 12 -14 -15
leaf_value=0.0016619159741229498 -1.6003958781507644e-05 -0.0044181336860445652 -0.0049881468495631695 0.0036488784274686199 0.00018826485500522496 -0.0062254705762276987 0.0011951990316656797 -0.0014816676337386276 -0.0069559697609067571 0.0011275874182852242 0.00020809995457973519 -0.0066022889782765938 -0.0020547828433903344 -0.0026335697652353708
leaf_weight=4294.8428499549627 1766.3923709243536 222.58914279937744 471.10788808763027 71.619028553366661 2060.3059197068214 75.864604383707047 2059.3733874559402 2607.2194270044565 65.035450592637062 1990.2115067392588 3210.8415946960449 226.47631268203259 1013.2501307874918 779.66223496198654
leaf_count=17268 7094 892 1891 288 8259 304 8250 10469 261 7992 12910 913 4099 3132
internal_value=-3.6143e-05 0.00028944 -0.000958099 -0.00382549 -0.000269547 0.000536139 -2.11553e-05 -0.00055051 0.000589478 0.000843211 0.00104054 -0.0015077 -0.00290872 -0.000821155
internal_weight=20914.8 17129 2825.62 542.727 2282.9 14303.4 6797.7 4738.33 2131.11 2066.08 7505.68 3785.78 1239.73 2546.05
internal_count=84022 68784 11330 2179 9151 57454 27276 19026 8557 8296 30178 15238 5012 10226
is_linear=0
shrinkage=0.02


Tree=88
num_leaves=15
num_cat=0
split_feature=41 32 1 38 47 8 11 6 8 47 20 32 45 2
split_gain=22.5776 14.4095 15.4434 16.0403 12.8915 12.612 11.7719 11.4457 12.0059 11.0171 9.7145 12.5406 11.2339 10.0634
threshold=0.6084228171238496 0.59303336773663629 7.9406583087109309e-05 6.5877196410651964 0.84874750804349197 -0.0024297201569794319 -0.0015023005567330627 -0.00041311703313375286 0.0080278166091741505 0.47114434510950071 -0.47504063055678897 -0.41601561950866389 -1.1479284422879295 0.00099370272752669487
decision_type=2 2 2 2 2 2 2 2 2 2 2 2 2 2
left_child=1 2 10 7 -5 9 -6 8 -4 -2 -1 -12 13 -13
right_child=5 -3 3 4 6 -7 -8 -9 -10 -11 11 12 -14 -15
leaf_value=0.0018736249770997899 -7.8946781497968131e-05 0.0092263377009808838 0.0018823478732399978 -0.00084853015205314949 0.0031484480726786685 -0.0019753627288474776 -0.005334127547969204 -0.00042973613921496123 -0.0046068079631293446 0.010341691908752183 -0.0043186092952380677 0.0016655922028035838 0.00023270274175625377 0.0072232005401073988
leaf_weight=2593.6008774340153 117.58689820766449 67.256293654441833 1987.4954283088446 3038.5704641640186 72.506189122796059 2597.4941623359919 470.64835786819458 2847.6689334958792 116.27485156059265 56.909661948680878 209.83328460156918 923.11471001803875 5630.3367957770824 147.93914167582989
leaf_count=10479 471 270 7975 12201 291 10464 1891 11425 467 228 843 3714 22562 595
internal_value=5.50513e-05 0.000312524 0.000276741 -0.00034079 -0.00135938 -0.00162417 -0.00418339 0.000396653 0.00151362 0.00351301 0.00083103 0.0004387 0.000590769 0.00246323
internal_weight=20877.2 18105.2 18038 8533.16 3581.73 2771.99 543.155 4951.44 2103.77 174.497 9504.82 6911.22 6701.39 1071.05
internal_count=83876 72713 72443 34250 14383 11163 2182 19867 8442 699 38193 27714 26871 4309
is_linear=0
shrinkage=0.02


Tree=89
num_leaves=15
num_cat=0
split_feature=1 21 25 20 48 46 1 2 20 2 40 9 33 33
split_gain=18.8315 19.2931 15.8177 14.0314 14.3306 13.7271 13.5223 19.9601 12.2593 10.8139 10.766 10.0857 12.9244 9.4521
threshold=7.9406583087109309e-05 0.39347436829607407 4.5000000000000009 -0.45372736598222102 -0.8783796973249266 -0.83146961230254501 -0.00098979999672822402 0.00076374363626662489 -0.6222103129011809 -0.001653936567384611 0.82935896673897658 0.0050868857106539621 83.5795807469094 49.633736210407918
decision_type=2 2 2 2 2 2 2 2 2 2 2 2 2 2
left_child=3 2 5 4 13 -2 8 -8 -6 -3 -4 -11 -13 -1
right_child=1 9 10 -5 6 -7 7 -9 -10 11 -12 12 -14 -15
leaf_value=0.0066960937128056498 0.00080515431228175372 0.0035594138848337596 -0.0098904647447141374 9.8733986475562483e-05 0.00094825466090909638 -0.0014232482498339517 0.0014748320593434988 -0.0039988091233793769 0.0050912021636037516 0.00092690470773615266 -0.0022996486866228793 -0.0037271274095189667 0.0055823633408627442 -0.0012158947004825859
leaf_weight=322.93418675661087 1360.2240704149008 462.30018182098866 129.32510021328926 8067.9563867002726 692.12485337257385 5840.6644552797079 795.40092593431473 394.53308774530888 485.05055557191372 1673.6850983500481 177.74598914384842 402.19321072101593 65.334203451871872 72.327229514718056
leaf_count=1311 5464 1853 525 32362 2804 23477 3212 1586 1956 6705 721 1612 262 290
internal_value=-5.90739e-05 -0.000679598 -0.00119386 0.00052031 0.00174919 -0.00100204 0.00115458 -0.00034914 0.00266965 0.000802858 -0.00560382 0.000200796 -0.00238088 0.00525121
internal_weight=20941.8 10111.5 7507.96 10830.3 2762.37 7200.89 2367.11 1189.93 1177.18 2603.51 307.071 2141.21 467.527 395.261
internal_count=84140 40619 30187 43521 11159 28941 9558 4798 4760 10432 1246 8579 1874 1601
is_linear=0
shrinkage=0.02


Tree=90
num_leaves=15
num_cat=0
split_feature=45 22 13 45 2 29 16 21 13 26 1 6 20 8
split_gain=21.1618 12.7762 10.6375 10.364 10.4633 12.1623 11.2469 10.1259 11.8562 13.2732 10.67 10.4956 9.99156 9.66214
threshold=1.1818687052842203 0.22500563479643798 0.0024596035901413424 -1.1884686998219134 0.00052588951047040789 3.2983763103483086 0.0032970184272122388 0.45046829619614065 0.001717455134152989 0.95329268926847865 0.00059010646471804168 0.0026054881526301147 0.6541007217192556 -0.0084209918250297711
decision_type=2 2 2 2 2 2 2 2 2 2 2 2 2 2
left_child=1 3 7 4 5 6 -1 10 9 -9 11 -2 -3 -5
right_child=2 12 -4 13 -6 -7 -8 8 -10 -11 -12 -13 -14 -15
leaf_value=0.0013995926206056019 -0.00063533388668543089 -0.0001252899548096614 0.00021791758002470286 0.0077716132061638604 0.0051456116060679107 0.0067617374646362829 -0.0047463585400101607 0.0056600120565592814 -0.0040720547353041685 -0.0027787361099430065 -0.0040819823404015364 -0.0082061110794693342 -0.0042016690083611155 0.00043264038434646983
leaf_weight=1014.502327889204 959.07193356752396 8224.791546985507 1178.796620041132 67.53019592165947 382.39703626930714 144.08707378804684 129.93365673720837 208.44137156009674 144.74075403809547 110.80286112427711 1054.4986808747053 74.419733554124832 242.77599738538265 6941.7999232858419
leaf_count=4107 3874 32981 4742 272 1550 586 526 835 580 445 4268 300 974 27849
internal_value=1.10283e-05 0.000308106 -0.00135302 0.000847076 0.00226021 0.00138732 0.0006842 -0.00207767 0.000589662 0.00273342 -0.00267038 -0.00121738 -0.000244576 0.000508836
internal_weight=20878.6 17147.8 3730.77 8680.25 1670.92 1288.52 1144.44 2551.98 463.985 319.244 2087.99 1033.49 8467.57 7009.33
internal_count=83889 68845 15044 34890 6769 5219 4633 10302 1860 1280 8442 4174 33955 28121
is_linear=0
shrinkage=0.02


Tree=91
num_leaves=15
num_cat=0
split_feature=41 22 28 28 38 47 15 27 38 7 3 32 19 12
split_gain=21.6946 17.3646 13.3526 17.4395 12.9027 12.2536 11.9152 11.252 11.2112 14.5265 9.86965 12.8893 9.65458 22.3402
threshold=0.58626486661670429 0.24947810959914687 0.89737087361070811 3.8887833603174178 8.144944488123306 0.52778511650980109 0.0035328459168155611 1.5531788721398982 2.591549192277895 0.0020040991948214251 -0.00013680935237808412 0.28265747066865771 0.19014836021404949 0.0016053726821234824
decision_type=2 2 2 2 2 2 2 2 2 2 2 2 2 2
left_child=1 -1 10 4 -4 6 7 -6 -2 -10 11 12 -3 -14
right_child=8 2 3 -5 5 -7 -8 -9 9 -11 -12 -13 13 -15
leaf_value=0.00082232743209358886 0.0011739658033912078 0.0019086748465729512 -0.0005861367385798028 0.0032577837505149364 -0.0019352961782811806 -0.0066374291820259484 0.0042690955698903577 -0.0079872662551019238 -0.0024109437989133136 0.0016813828356438286 -0.00074246914198281997 -0.0069450403730986141 0.0014392959296776417 -0.0063615889735951668
leaf_weight=8986.3949167728424 548.81445384025574 1973.5662155002356 1141.8738698959351 261.55415008962154 682.53354042768478 357.03166392445564 95.31289629638195 146.49886967241764 2823.1913067996502 391.89120584726334 2701.6310739964247 75.275558888912201 505.83738045394421 201.19238537549973
leaf_count=36132 2199 7920 4583 1051 2737 1433 382 591 11377 1579 10833 302 2026 806
internal_value=-8.58277e-05 0.000216388 -0.000452461 -0.00160577 -0.00213635 -0.00351014 -0.002273 -0.00304622 -0.00145961 -0.00191029 0.000115857 0.00095711 0.00119153 -0.000809608
internal_weight=20892.6 17128.7 8142.31 2684.8 2423.25 1281.38 924.345 829.032 3763.9 3215.08 5457.5 2755.87 2680.6 707.03
internal_count=83951 68796 32664 10777 9726 5143 3710 3328 15155 12956 21887 11054 10752 2832
is_linear=0
shrinkage=0.02


Tree=92
num_leaves=15
num_cat=0
split_feature=19 26 33 33 17 37 2 3 22 22 21 1 38 10
split_gain=20.815 12.5413 12.8797 21.155 16.7102 12.6558 11.3776 10.6943 10.6928 13.4438 10.6252 10.1445 9.47121 9.38005
threshold=-0.47458887051187615 1.0432433573282041 81.10702041801234 74.619850597828716 0.83802341106835787 7.2808616289715191 -0.0011699834335436689 -0.00016667708470694261 0.12409665353384104 4.6967115744621481e-05 0.1845825067841414 0.0015371338220987508 20.491136117656797 0.0083365772990839169
decision_type=2 2 2 2 2 2 2 2 2 2 2 2 2 2
left_child=8 10 3 5 -4 6 -3 -5 9 -1 -2 -11 -12 -9
right_child=1 2 4 7 -6 -7 -8 13 -10 11 12 -13 -14 -15
leaf_value=-0.0012043176643892117 -0.00080763965800358399 0.0071966286100084639 -0.005350207109277411 -0.010419369634153733 0.0030444757542932126 -0.0082531309660982474 -0.00076626105935758684 -0.00057117877116525306 0.00028524269718372514 0.0037759886605410803 0.00034093602132886236 7.1343545743110242e-06 -0.0070015525715002615 -0.0069867175765696036
leaf_weight=368.63319118320942 5921.5027056932449 80.730459809303284 125.61228488385677 156.93540839850903 341.93801017105579 70.017250716686249 436.73230616748333 165.74367539584637 2354.9616327136755 1363.2035137861967 8916.6927003413439 361.08750249445438 65.836857929825783 200.22426053881645
leaf_count=1485 23767 326 510 636 1381 284 1768 674 9485 5511 35755 1449 264 809
internal_value=-2.40891e-06 -0.000330112 -0.00202272 -0.00319108 0.00075641 -0.000574938 0.000533029 -0.00609701 0.00121093 0.00224935 -0.000150293 0.00298905 0.000283255 -0.00412804
internal_weight=20929.9 16482 1577.93 1110.38 467.55 587.48 517.463 522.903 4447.89 2092.92 14904 1724.29 8982.53 365.968
internal_count=84104 66174 6388 4497 1891 2378 2094 2119 17930 8445 59786 6960 36019 1483
is_linear=0
shrinkage=0.02


Tree=93
num_leaves=15
num_cat=0
split_feature=34 8 25 21 47 37 4 8 47 28 21 17 23 23
split_gain=22.8958 15.344 13.644 13.5972 11.7797 14.5016 13.3092 11.6337 10.4904 24.2529 11.2791 10.3516 10.2315 12.5895
threshold=42.914557397048078 0.0047374941664063896 -2.4999999999999996 0.052530757594914872 0.35206144883412571 11.15440334960968 -0.0060050585590534378 -0.0044512286073079841 0.41248606129204557 0.87585086836305071 0.25437298944057823 0.99443232923540126 0.99391017104001156 1.1625633350671964
decision_type=2 2 2 2 2 2 2 2 2 2 2 2 2 2
left_child=1 4 3 -2 6 -6 -1 -4 10 12 -9 -11 -10 -14
right_child=2 -3 7 -5 5 -7 -8 8 9 11 -12 -13 13 -15
leaf_value=-0.0060395049614317175 -0.0023020222903406082 -0.0068475298516048021 0.0026800174067313572 0.0029749690842715833 0.002084497379647257 0.0079710389083602045 0.00093421187966559016 -0.00076656763821082231 -0.00067448939861660664 -0.0037033629437756956 0.000666824565474026 -0.00096157466227568078 0.0054681177732335429 -0.00019856879273103545
leaf_weight=108.54673962295055 247.14966315031052 87.137880548834801 447.38510835170746 873.12391059100628 1445.5758892446756 185.65796621143818 3079.8551733493805 5166.6469733864069 2343.7684659510851 1585.7596236169338 3811.3807272911072 849.34832499921322 264.444799721241 374.38956870138645
leaf_count=436 995 349 1797 3510 5825 748 12406 20774 9396 6376 15277 3416 1061 1504
internal_value=4.95607e-05 0.00124368 -0.000317759 0.00180573 0.00139691 0.00277678 0.000687712 -0.000478582 -0.00057764 -0.00127222 -0.000158027 -0.00275098 -6.23237e-05 0.0021714
internal_weight=20870.2 4906.77 15963.4 1120.27 4819.64 1631.23 3188.4 14843.1 14395.7 5417.71 8978.03 2435.11 2982.6 638.834
internal_count=83870 19764 64106 4505 19415 6573 12842 59601 57804 21753 36051 9792 11961 2565
is_linear=0
shrinkage=0.02


Tree=94
num_leaves=15
num_cat=0
split_feature=33 11 32 1 48 16 12 39 26 47 11 44 47 24
split_gain=19.1475 13.2691 12.8848 14.5099 10.7946 10.9393 10.5711 19.9305 18.0436 12.7251 14.3769 11.8115 10.1939 12.2163
threshold=34.490039821524363 -0.0034018077003309306 -0.21266075282380756 0.00091703719560940627 -0.60785761079279388 0.0022545998657573108 -0.0023093040800152812 -0.31525024749881814 0.76322942704560681 0.99465189230620699 0.020766347658104995 -0.72968015294338928 0.032701564615071219 0.72168501476355396
decision_type=2 2 2 2 2 2 2 2 2 2 2 2 2 2
left_child=1 2 4 -4 -1 -6 7 8 -2 10 12 -11 13 -8
right_child=6 -3 3 -5 5 -7 9 -9 -10 11 -12 -13 -14 -15
leaf_value=0.0028603669734580794 0.0016627720763636436 0.0034788904668236827 0.0031516648174509283 -0.0041482272282873777 -0.0038244608849376457 0.00034132887779968272 0.00060032169384080319 -0.00091395238691509989 -0.0037710964904651575 -0.010582263486610668 0.0017784226953044264 -0.0021378385063520696 -0.0014438382903915045 -0.0014072068351869188
leaf_weight=260.50185742974281 3638.6171373724937 902.19213466346264 902.45576225221157 119.40034376084805 483.07996036112309 520.0702128559351 3276.0289670825005 2787.206582441926 257.34209205210209 86.648805886507034 991.54670068621635 252.67679558694363 4475.0959909856319 1918.2545854896307
leaf_count=1053 14587 3657 3648 481 1947 2097 13137 11187 1042 348 3981 1016 17970 7726
internal_value=6.49128e-06 0.00143201 0.000618189 0.00228265 -0.000731476 -0.00167378 -0.000250813 0.000376373 0.00129947 -0.000631855 -0.000509379 -0.00441653 -0.000744779 -0.000141701
internal_weight=20871.1 3187.7 2285.51 1021.86 1263.65 1003.15 17683.4 6683.17 3895.96 11000.3 10660.9 339.326 9669.38 5194.28
internal_count=83877 12883 9226 4129 5097 4044 70994 26816 15629 44178 42814 1364 38833 20863
is_linear=0
shrinkage=0.02


Tree=95
num_leaves=15
num_cat=0
split_feature=43 20 9 25 34 29 43 13 47 37 45 44 3 8
split_gain=18.2161 14.659 13.0615 9.8005 10.7608 9.34474 13.6433 9.21344 8.93697 9.98076 8.84019 8.78571 8.25501 8.84158
threshold=-0.1050165146457241 -0.47504063055678897 -0.006182388878059151 3.5000000000000004 72.392202030490509 -4.3091343891114491 -0.052233885416285715 0.0022254291311256768 -0.13052619222005149 9.1237485626058135 2.2135300497941821 3.7562435544118928 -0.0012431595687455777 -0.0028088807278355832
decision_type=2 2 2 2 2 2 2 2 2 2 2 2 2 2
left_child=1 -1 5 10 -5 6 -2 -6 -8 -10 11 -4 13 -7
right_child=2 -3 3 4 7 12 8 -9 9 -11 -12 -13 -14 -15
leaf_value=0.0019971774924651604 -0.0083661054335121207 -2.068737982008022e-05 -0.00024582696402015828 -0.0034010320725141527 -0.0032325973538394645 0.0068209147976208539 -0.0023414602120300464 0.0063298790020498786 0.0002733880923591872 0.010472750812120447 -0.0029571620396322781 0.0068994324037890556 0.000940924753781925 0.00026972540756152051
leaf_weight=3037.1778293550014 72.487448841333389 2734.2713919878006 12457.448817372322 770.00136522948742 65.982754036784172 284.45104542374611 156.69230256974697 89.771012932062149 97.192439407110214 58.720006883144379 480.51398502290249 64.220154628157616 421.59996858239174 115.79327462613583
leaf_count=12262 292 10972 49995 3112 268 1143 629 362 390 236 1945 258 1694 464
internal_value=8.64917e-05 0.00104201 -0.000278103 -0.000451243 -0.00243391 0.00171354 -0.000850061 0.00230433 0.000997044 0.00432075 -0.000309196 -0.000206442 0.00291264 0.00495233
internal_weight=20906.3 5771.45 15134.9 13927.9 925.755 1206.94 385.092 155.754 312.605 155.912 13002.2 12521.7 821.844 400.244
internal_count=84022 23234 60788 55940 3742 4848 1547 630 1255 626 52198 50253 3301 1607
is_linear=0
shrinkage=0.02


Tree=96
num_leaves=15
num_cat=0
split_feature=41 22 7 6 37 30 46 38 16 4 23 19 7 5
split_gain=14.1795 13.6416 14.7269 12.437 13.3459 11.5402 11.5058 12.2119 11.4455 11.1163 10.9226 10.8474 10.5108 9.79103
threshold=0.58626486661670429 0.26473191850401706 0.0037072832871672639 -0.001320048564496333 1.6404817157617828 -1.0830332691768108 -0.81241147629688981 11.753372841779052 0.0050400321742946038 -0.00086851806048109722 0.58726308298436647 0.27201932037174775 0.0015104547628118452 -0.0027064944777846997
decision_type=2 2 2 2 2 2 2 2 2 2 2 2 2 2
left_child=1 2 3 12 9 -6 11 -8 -2 -5 13 -3 -1 -7
right_child=8 6 -4 4 5 10 7 -9 -10 -11 -12 -13 -14 -15
leaf_value=0.0016648289905016899 -0.0012871432202965979 0.0019097824311247308 -0.0027692696529957764 -0.0057770915195253158 -0.0034350740073958623 0.0071948977733022673 -0.00046965135756689354 -0.0032109960560167202 0.0069460604970285637 -0.00052085115515907387 0.0014503216716779837 -0.0023183119681834822 0.0056403707084748712 -0.0011261260895089431
leaf_weight=1487.4628996104002 3706.9858915060759 1279.7111981213093 453.70190861821175 204.52510307729244 235.90907160937786 54.630157306790352 5378.9902804195881 734.80330385267735 63.890306919813156 699.31039513647556 4824.4579821377993 294.77730315923691 321.37088181078434 1108.5064636617899
leaf_count=5985 14932 5132 1822 821 952 219 21582 2950 257 2808 19415 1183 1293 4445
internal_value=-2.94955e-05 0.000215665 0.000726971 0.00090593 0.000529213 0.000859245 -0.000408871 -0.000801482 -0.00113863 -0.0017355 0.00103116 0.00111336 0.00238475 -0.000706181
internal_weight=20849 17078.2 9389.87 8936.17 7127.34 6223.5 7688.28 6113.79 3770.88 903.835 5987.59 1574.49 1808.83 1163.14
internal_count=83796 68607 37760 35938 28660 25031 30847 24532 15189 3629 24079 6315 7278 4664
is_linear=0
shrinkage=0.02


Tree=97
num_leaves=15
num_cat=0
split_feature=41 16 12 40 21 23 29 33 35 46 8 0 43 29
split_gain=19.9616 14.1493 11.9407 21.4925 17.3994 16.0252 14.0219 13.1198 12.8685 12.2289 12.2182 10.7535 10.5047 10.9392
threshold=0.58626486661670429 0.0052143441270940992 0.00057682292748394409 0.84494337037919709 0.17346956058263333 0.99872789825849051 -4.454651501478712 30.276924042921063 0.54178232322405639 0.88144907265856365 0.0036553742646292008 -0.0008113589787447803 0.21289119692826272 -8.1406814756999193
decision_type=2 2 2 2 2 2 2 2 2 2 2 2 2 2
left_child=2 11 3 4 8 6 -4 -8 9 -1 -6 -2 13 -5
right_child=1 -3 5 12 10 -7 7 -9 -10 -11 -12 -13 -14 -15
leaf_value=0.0019761093245854754 -0.0059439790439844735 0.0084525089916196103 -0.010836768594886366 0.0050613561409245571 0.0033539103511419682 0.0010049589593957547 0.0043972421951337885 -0.00089622010985516639 -0.0032151378156528646 -0.002143101451522376 -0.0019162664487270961 -0.0011529955250885284 -0.0052199647089864708 -0.00020733173416693777
leaf_weight=1402.0416005849838 193.29355578124523 54.213728055357933 50.290355235338211 159.61017356812954 2276.945619314909 2963.8734189271927 189.16001115739346 5359.0991662591696 316.77042616903782 358.16582450270653 187.50060921907425 3553.4257593154907 154.57774962484837 3712.7363273501396
leaf_count=5634 775 218 202 644 9139 11925 766 21496 1277 1439 752 14318 620 14926
internal_value=5.40357e-05 -0.0012562 0.000345028 0.000872651 0.00181509 -0.000183161 -0.000812487 -0.00071195 0.000464765 0.00113424 0.00294988 -0.00140776 -0.000191136 1.60796e-05
internal_weight=20931.7 3800.93 17130.8 8568.35 4541.42 8562.42 5598.55 5548.26 2076.98 1760.21 2464.45 3746.72 4026.92 3872.35
internal_count=84131 15311 68820 34431 18241 34389 22464 22262 8350 7073 9891 15093 16190 15570
is_linear=0
shrinkage=0.02


Tree=98
num_leaves=15
num_cat=0
split_feature=24 45 46 16 42 23 44 1 12 12 23 29 35 12
split_gain=22.1582 14.7415 14.2488 12.6713 10.8257 9.97494 11.1488 11.6147 10.3625 9.84045 11.1486 10.3695 10.6023 9.92822
threshold=0.81814428590093791 -0.96731796296138906 -0.5277851165098012 0.0023405233273579161 0.38026323246560706 0.5561149104526123 -1.1482492867483634 -1.5935758129095606e-05 -0.016121612461913692 -0.0088816921627630722 0.74759555008322931 -1.2184321705304153 0.55641328015584801 0.04028564175021198
decision_type=2 2 2 2 2 2 2 2 2 2 2 2 2 2
left_child=1 4 9 -4 -1 6 -5 8 -8 -3 11 -11 13 -13
right_child=-2 2 3 5 -6 -7 7 -9 -10 10 -12 12 -14 -15
leaf_value=0.005985943053016838 -0.0011699862932643202 0.0027393165438484007 -0.0010786905993651669 -0.010281048975008707 0.0011927599731830895 0.0010768580731779095 0.0078350634585063247 -0.0034063231643904376 -0.00050318989642914817 -0.0055400641070385559 0.0014160780680119724 -4.3465958307711095e-06 -0.004433763911182536 0.0074476565321589675
leaf_weight=194.4193447381258 4983.1113324612379 982.80607850849628 5037.1550479531288 50.416005074977875 3589.2800062000751 2593.5561466515064 82.808740571141243 324.432841360569 183.99323098361492 173.63936519622803 1779.8196738362312 698.25375381112099 192.1715719550848 74.672213062644005
leaf_count=789 20056 3942 20207 202 14499 10402 332 1300 737 696 7141 2797 771 299
internal_value=-6.44817e-06 0.000357149 1.80754e-05 -0.000451793 0.00144662 0.000524434 -0.00169953 -0.000887682 0.00218132 0.00101368 0.000428886 -0.00111352 -0.000292649 0.000758831
internal_weight=20940.5 15957.4 12173.7 8272.36 3783.7 3235.21 641.651 591.235 266.802 3901.36 2918.56 1138.74 965.098 772.926
internal_count=84170 64114 48826 33180 15288 12973 2571 2369 1069 15646 11704 4563 3867 3096
is_linear=0
shrinkage=0.02


Tree=99
num_leaves=15
num_cat=0
split_feature=25 38 40 47 38 21 3 47 44 43 13 6 5 43
split_gain=14.9334 12.479 21.2318 13.5524 12.479 11.9957 11.4269 13.5653 10.777 10.7442 10.4913 11.5615 10.4141 9.41859
threshold=-2.4999999999999996 2.3988468909294425 1.0123658544216576 0.55557023301960218 4.8999546669639491 0.17575383735913835 0.0030945036878984567 -0.25881904510252068 3.7562435544118928 0.28631668508841418 0.0028360115458214217 0.0025374619103079635 -0.0013201299810388959 -0.17118580555304205
decision_type=2 2 2 2 2 2 2 2 2 2 2 2 2 2
left_child=12 2 -2 5 9 8 -4 -8 -3 -5 11 13 -1 -6
right_child=1 3 6 4 10 -7 7 -9 -10 -11 -12 -13 -14 -15
leaf_value=-0.001145394760041787 0.0027500690346993128 -0.00088055076558354222 -7.277756804216723e-05 0.00046163354209829781 0.0013500699548370943 0.00058579723316112733 -0.013354778427527152 -0.0001362895247953101 0.0072213101836144777 -0.0061145139363603619 0.00066464912852020751 -0.0074247776646428811 0.0022127015986220374 -0.0026023048677509815
leaf_weight=461.18193928897381 1431.1491319835186 4711.2164878249168 1697.0022405683994 1633.219029545784 267.24606315791607 5777.8688517659903 53.575307533144951 66.318572819232941 61.646797597408295 100.79607760906219 481.13295814394951 176.38760770857334 1798.4616154432297 2230.303525686264
leaf_count=1862 5749 18959 6816 6556 1074 23180 215 266 249 406 1933 709 7262 8966
internal_value=-7.51511e-06 -0.000193337 0.00093256 -0.000430415 -0.00130028 -2.6905e-05 -0.000502689 -0.00634123 -0.000768459 6.28892e-05 -0.00204839 -0.00253688 0.00152632 -0.00217754
internal_weight=20947.5 18687.9 3248.05 15439.8 4889.09 10550.7 1816.9 119.894 4772.86 1734.02 3155.07 2673.94 2259.64 2497.55
internal_count=84202 75078 13046 62032 19644 42388 7297 481 19208 6962 12682 10749 9124 10040
is_linear=0
shrinkage=0.02


Tree=100
num_leaves=15
num_cat=0
split_feature=41 12 39 5 35 6 45 17 47 11 41 23 11 32
split_gain=14.6589 14.7644 15.4382 15.6466 13.246 13.6457 12.4915 13.6993 13.7701 13.2896 13.0906 11.4703 11.2969 11.2533
threshold=0.6084228171238496 -0.00029051720889318959 -0.41574653550870205 -0.00094907265889301385 0.12002140774325144 -0.0023039962775953785 -1.1884686998219134 1.3987941508781578 -0.4124860612920454 -0.0058073055966204592 0.43058175982900782 0.41173134691120761 0.020766347658104995 0.35874097350537093
decision_type=2 2 2 2 2 2 2 2 2 2 2 2 2 2
left_child=1 2 4 -4 5 -1 -3 8 11 10 -10 -8 -11 -13
right_child=-2 6 3 -5 -6 -7 7 -9 9 12 -12 13 -14 -15
leaf_value=0.0076032643745947617 -0.0012893791327284454 0.0016610074333218785 -0.0013985583154638057 0.00095571991219580918 0.00052016817317091597 0.0023507966463275198 0.0081296775474152833 0.0015204031176671957 -0.0031743362416569603 -0.0022542083742488916 0.0039309777457398245 0.00035841867961581723 0.00099771259568627374 -0.0059219196777936609
leaf_weight=219.47384709119797 2792.9594511985779 1164.0069239884615 1721.7821142077446 3257.9360870867968 1642.1382467001677 1781.2310814112425 67.590029999613762 1108.7987867295742 148.18073537945747 3681.1652323156595 318.82605890929699 2463.2587640583515 480.46805657446384 114.65639360249043
leaf_count=882 11257 4710 6923 13109 6587 7153 271 4449 595 14774 1278 9888 1928 462
internal_value=5.82543e-05 0.000265706 0.00086537 0.000141121 0.00185386 0.0029445 -0.000276065 -0.000545866 -0.000861655 -0.00151896 0.00166673 0.00028908 -0.00187802 6.81689e-05
internal_weight=20962.5 18169.5 8622.56 4979.72 3642.84 2000.7 9546.95 8382.94 7274.15 4628.64 467.007 2645.51 4161.63 2577.92
internal_count=84266 73009 34654 20032 14622 8035 38355 33645 29196 18575 1873 10621 16702 10350
is_linear=0
shrinkage=0.02


Tree=101
num_leaves=15
num_cat=0
split_feature=43 21 1 19 36 42 42 11 37 36 12 18 43 31
split_gain=18.7421 14.7772 15.8872 12.6086 9.36574 8.45736 8.37403 9.60672 9.38122 8.41918 7.93099 7.84155 7.44618 9.21711
threshold=-0.1050165146457241 0.38286925509725939 7.9406583087109309e-05 -0.45852132793742756 0.0049885607280400947 0.45821740342712175 0.51997496815685385 0.021600925267956303 4.401400766495196 0.030163073411738135 -0.05630865359869832 0.0040370159652919693 0.16915363442343775 0.67198121471385164
decision_type=2 2 2 2 2 2 2 2 2 2 2 2 2 2
left_child=-1 2 6 -3 -5 -6 8 9 -2 11 -10 12 -8 -14
right_child=1 3 -4 4 5 -7 7 -9 10 -11 -12 -13 13 -15
leaf_value=0.0010240786715613086 -0.00060743220036756985 0.0058684139365783976 -0.0014752761035784657 -0.0021695373801310846 0.0028029295431455082 0.00033306559556658402 -0.0031213768613429687 0.0047812669457383697 -0.0051535483834402231 -0.0088466121701646569 0.0015406639800398087 0.0023288429584169619 0.0022835355092497649 -0.005277983214841026
leaf_weight=5749.8486635833979 1718.4494926482439 174.80317986011505 5407.2896551936865 475.03040736913681 680.95329767465591 2904.6801368743181 743.26391133666039 93.302489042282104 68.269374832510948 58.056377708911896 2278.2238034904003 192.7890450656414 259.18962806463242 80.331333681941032
leaf_count=23155 6897 703 21768 1904 2734 11644 2985 375 274 233 9143 774 1044 325
internal_value=5.25432e-05 -0.000316772 -0.000706274 0.000685186 0.000455116 0.000805371 5.15374e-05 -0.00126396 0.000514308 -0.00170317 0.00133536 -0.00134478 -0.00200656 0.000443831
internal_weight=20884.5 15134.6 10899.2 4235.47 4060.66 3585.63 5491.88 1426.93 4064.94 1333.63 2346.49 1275.57 1082.78 339.521
internal_count=83958 60803 43818 16985 16282 14378 22050 5736 16314 5361 9417 5128 4354 1369
is_linear=0
shrinkage=0.02


Tree=102
num_leaves=15
num_cat=0
split_feature=41 1 3 16 7 49 42 40 7 12 10 24 32 40
split_gain=19.7563 12.977 10.777 10.9369 8.51036 8.48094 10.8432 10.9005 9.69081 9.41096 14.8987 9.21795 12.7421 8.91383
threshold=0.58626486661670429 7.9406583087109309e-05 -0.0038360093249675395 0.0023405233273579161 0.0019193976426414633 1.0000000180025095e-35 0.42769260047906305 1.3312694576989021 -0.0012919874194456985 0.0024663783535450036 -0.0035521100282938992 0.31052932659014426 0.27253028134187501 0.49787723009169332
decision_type=2 2 2 2 2 2 2 2 2 2 2 2 2 2
left_child=1 5 3 -3 -2 6 -1 9 -7 -8 -11 12 -10 -12
right_child=4 2 -4 -5 -6 8 7 -9 11 10 13 -13 -14 -15
leaf_value=0.0034395932974067944 -0.001633408561488991 -0.0025770879435446587 -0.00043313418449606773 0.0048133557938779747 0.0012320656661474773 -0.0017589377832463238 0.0023766070377801386 -0.0011190856480359488 0.001498329973063079 0.0039510126888008075 -0.0031595780153947095 -0.00018928609331448929 0.0098502252182116855 0.00043790690587196333
leaf_weight=839.65003640949726 3314.156938508153 104.93870139122009 7668.4659301638603 300.61051335930824 470.05656051635742 844.90572671592236 1940.5762680470943 815.1488311290741 1054.206238463521 346.96628929674625 397.53085064888 1915.2926060557365 73.840908646583557 869.91180254518986
leaf_count=3387 13354 421 30789 1206 1894 3397 7802 3277 4261 1398 1595 7680 296 3491
internal_value=3.08316e-05 0.000319176 -0.000264382 0.00289293 -0.00127632 0.000836914 0.00136405 0.000961794 0.00012977 0.00143984 0.000309944 0.000656146 0.00208609 -0.000698419
internal_weight=20956.3 17172 8074.02 405.549 3784.21 9098.03 5209.78 4370.13 3888.25 3554.99 1614.41 3043.34 1128.05 1267.44
internal_count=84248 69000 32416 1627 15248 36584 20950 17563 15634 14286 6484 12237 4557 5086
is_linear=0
shrinkage=0.02


Tree=103
num_leaves=15
num_cat=0
split_feature=24 31 31 46 7 7 43 37 32 23 42 46 19 4
split_gain=17.0744 13.0858 16.5265 16.214 15.4584 13.7525 13.1772 14.5838 12.5115 11.8975 11.4255 11.338 10.6654 11.0927
threshold=0.82953635176585716 0.37089616929141067 0.78722559374570855 -0.32143946530316142 -0.0012676323541882487 -0.00063042928117898217 0.21971356489434474 3.8749704931147941 0.16023317094529857 2.1086995329561065 0.46959714562975957 -0.63405362205439475 -0.98579864471417167 0.0022970553326919982
decision_type=2 2 2 2 2 2 2 2 2 2 2 2 2 2
left_child=1 4 3 -3 11 9 7 -7 -2 10 -6 -1 -4 -14
right_child=8 2 12 -5 5 6 -8 -9 -10 -11 -12 -13 13 -15
leaf_value=0.0011451581933710248 -0.00046702257509104097 0.00034657071753165251 0.0068568052769134146 -0.0027115463905444774 0.0012972856656172373 -0.00091959409410350139 -0.0024093483448827638 0.001433704807965447 -0.0028155403726194887 -0.0054987561012960545 0.0049354181460935353 -0.0015830988652050328 -0.00030303593656227581 0.0033787001095283019
leaf_weight=922.57303017377853 3496.538166180253 1128.0919194668531 105.06160965561867 1790.8577021807432 652.93242168426514 1315.3147179931402 494.97323966026306 5225.0901714861393 1221.6535010039806 60.811090707778931 739.34278634190559 1773.0574923306704 1579.4978597164154 407.68933001160622
leaf_count=3708 14046 4530 423 7192 2628 5279 1989 21019 4950 246 2968 7126 6340 1635
internal_value=-1.93451e-05 0.00028915 -0.000559785 -0.0015311 0.000669608 0.00108848 0.000721501 0.000960101 -0.00107745 0.00285668 0.00324 -0.000648968 0.00079574 0.000458889
internal_weight=20913.5 16195.3 5011.2 2918.95 11184.1 8488.46 7035.38 6540.4 4718.19 1453.09 1392.28 2695.63 2092.25 1987.19
internal_count=84079 65083 20120 11722 44963 34129 28287 26298 18996 5842 5596 10834 8398 7975
is_linear=0
shrinkage=0.02


Tree=104
num_leaves=15
num_cat=0
split_feature=37 0 42 24 45 41 32 0 41 13 38 42 41 19
split_gain=16.053 13.7389 13.3233 13.2914 13.6322 13.1585 12.2718 12.1722 15.329 11.112 10.6648 11.0587 13.6393 10.644
threshold=1.8134992340451526 -0.0033987800885412222 0.49898025663201723 0.82173873045454193 0.34639269788446853 0.70367699030638875 0.36748039938190585 7.9406583087109309e-05 0.58475780841764213 0.0039565811845341083 8.6977138545154471 0.49578059134310465 0.3789673113822889 -0.2510716232677892
decision_type=2 2 2 2 2 2 2 2 2 2 2 2 2 2
left_child=1 -1 -3 6 5 -5 7 8 10 -4 11 -2 13 -13
right_child=3 2 9 4 -6 -7 -8 -9 -10 -11 -12 12 -14 -15
leaf_value=0.0065884467599309658 5.1483399001625009e-05 -4.5768148372556936e-05 -0.0032155316840530375 -0.00017017971020000293 -0.0022258559629490578 0.0078524981229275669 -0.0035598715088416867 0.0013746169518606666 -0.0032762167945335108 0.0012665643438169744 -0.0011633484180919335 0.0066897830463618566 0.0010628762320129843 -0.002326526649917665
leaf_weight=78.908886715769768 4684.317654505372 1306.7956145405769 1730.2907655239105 2000.8155663460493 1776.5114370286465 80.254057049751282 303.08260034024715 4161.8204690814018 511.41147112846375 250.87375351786613 1670.8720546811819 311.91949275135994 1962.2321915924549 60.130881518125534
leaf_count=316 18875 5252 6975 8014 7175 322 1218 16692 2050 1008 6718 1257 7877 241
internal_value=-0.000148828 -0.00141257 -0.0016143 9.43162e-05 -0.000941671 0.000157285 0.000386992 0.00047781 7.16326e-05 -0.00264621 0.000270438 0.000612356 0.00173537 0.00522104
internal_weight=20890.2 3366.87 3287.96 17523.4 3857.58 2081.07 13665.8 13362.7 9200.88 1981.16 8689.47 7018.6 2334.28 372.05
internal_count=83990 13551 13235 70439 15511 8336 54928 53710 37018 7983 34968 28250 9375 1498
is_linear=0
shrinkage=0.02


Tree=105
num_leaves=15
num_cat=0
split_feature=1 21 41 49 2 3 9 28 1 6 17 45 20 3
split_gain=14.6918 16.3884 14.4506 11.4286 13.3645 12.5132 12.7632 13.6344 13.6122 11.7468 10.7549 11.1418 10.1448 10.0397
threshold=7.9406583087109309e-05 0.39347436829607407 0.44940753501721048 1.0000000180025095e-35 0.0017678111387799229 -0.00041314039797241283 0.0039798960609159911 3.2134168752681482 -0.00038305210141741146 -0.00030501423890547748 0.98318888000593485 1.1650153797662661 -0.90952543032188438 0.002004382430770872
decision_type=2 2 2 2 2 2 2 2 2 2 2 2 2 2
left_child=3 2 10 -1 5 -5 8 -8 -7 -6 -2 12 -12 -11
right_child=1 -3 -4 4 9 6 7 -9 -10 13 11 -13 -14 -15
leaf_value=0.001056177252735745 -0.00079596857434525829 0.0008036507179373767 -0.0017055927338405297 0.0017071763620900736 0.00015919876937519096 -0.0021399971008491982 0.0052386309217885996 -0.0048262658301668404 0.001499648237043197 -0.006238018556180479 -0.0030165137715224312 -0.0030034013772219448 0.0036486870352777142 0.0012952955786930079
leaf_weight=6168.7861291766167 1791.5573917031288 2586.1476359218359 4769.519181266427 1432.6151956617832 341.26838745176792 1579.7427706122398 246.3193756043911 64.277268633246422 550.95038169622421 354.90267509222031 101.22777110338211 155.14810653030872 693.87702445685863 86.172284498810768
leaf_count=24808 7193 10366 19215 5763 1371 6353 990 259 2215 1426 408 623 2787 346
internal_value=-1.98224e-05 -0.00056842 -0.00104104 0.00049193 -0.000255938 0.000226576 -0.000643994 0.00311226 -0.00119756 -0.00263146 0.000115972 0.00183046 0.00278657 -0.00476822
internal_weight=20922.5 10097.5 7511.33 10825 4656.25 3873.9 2441.29 310.597 2130.69 782.343 2741.81 950.253 795.105 441.075
internal_count=84123 40592 30226 43531 18723 15580 9817 1249 8568 3143 11011 3818 3195 1772
is_linear=0
shrinkage=0.02


Tree=106
num_leaves=15
num_cat=0
split_feature=1 38 11 43 22 42 39 30 6 6 7 47 1 33
split_gain=18.6337 11.3262 12.8296 11.242 11.3818 11.1009 10.9802 11.7315 10.9196 9.99429 10.9707 9.59449 9.50847 9.35671
threshold=7.9406583087109309e-05 7.1176271176023169 0.016381498290642286 0.23341147098323403 0.30215428339077638 0.43197229321492403 -0.089892728301506894 -0.64430897588696479 -0.00041311703313375286 -0.00013680935237808412 0.00052583442117967163 0.93540483100319638 0.00087745390518708375 32.863786204932751
decision_type=2 2 2 2 2 2 2 2 2 2 2 2 2 2
left_child=5 3 -3 8 -5 6 7 -1 -2 -8 13 -4 -6 -11
right_child=1 2 11 4 12 -7 9 -9 -10 10 -12 -13 -14 -15
leaf_value=0.0088192378876070267 0.0013244309509337689 -0.0020068209972223302 0.0014962644100419958 -0.0010093023655161639 6.7023012420021146e-05 0.00037005460580567578 0.0021394874080579353 0.0025531885891899777 -0.00047644235749046685 -0.0011839312312629541 0.0051350836210299275 -0.0050629378001613443 -0.010499714416178051 -0.0096561029221043839
leaf_weight=134.64901462197304 2315.0625182986259 3030.9271428585052 772.06690822541714 514.58968184888363 49.687329262495041 9170.0640059560537 377.83990676701069 900.33351023495197 3206.1247297823429 121.02646471560001 50.158524185419083 95.853412002325058 102.89325793087482 88.828175470232964
leaf_count=544 9297 12200 3105 2077 200 36858 1527 3624 12873 491 203 386 415 357
internal_value=6.85081e-05 -0.000550052 -0.00139362 -1.78836e-05 -0.0024601 0.000643946 0.00213977 0.00340687 0.000279188 7.32727e-05 -0.00291298 0.000747013 -0.00716575 -0.00491133
internal_weight=20930.1 10087.2 3898.85 6188.36 667.17 10842.9 1672.84 1034.98 5521.19 637.853 260.013 867.92 152.581 209.855
internal_count=84157 40553 15691 24862 2692 43604 6746 4168 22170 2578 1051 3491 615 848
is_linear=0
shrinkage=0.02


Tree=107
num_leaves=15
num_cat=0
split_feature=45 11 35 38 47 30 28 17 43 35 29 44 11 43
split_gain=16.9332 11.3984 11.9826 9.79712 15.7754 13.3327 12.721 14.2703 11.7771 11.3454 11.3416 11.196 9.66429 9.62815
threshold=1.6160510464086917 -0.0029812803510853472 0.48502479846404067 4.3326796320744583 0.99465189230620699 -0.2538719529037291 -0.17100343634828694 1.2294337070845163 0.21971356489434474 -1.1020460238830794 -3.333341352341471 -0.77582050306785322 0.020766347658104995 -0.041020797160619474
decision_type=2 2 2 2 2 2 2 2 2 2 2 2 2 2
left_child=3 -2 -3 6 9 -6 7 8 -1 -5 -8 -7 -11 -4
right_child=1 2 13 4 5 11 10 -9 -10 12 -12 -13 -14 -15
leaf_value=0.0012961168433577714 -0.0068515921632746691 0.0078786249396729166 0.0011789910108140581 0.0049762048629023907 0.004631823481612893 -0.012329123237055192 0.01074285333281421 -0.00099651374547977153 -0.0026422174557051538 -0.00026338040572846592 0.0022146705451157249 -0.0035088547683071489 0.0021626460867090551 -0.0022442404770153732
leaf_weight=4465.3829196691513 151.30761133134365 51.225888192653656 417.40567155182362 174.25507368147373 52.969526022672653 76.1192936450243 61.752874121069908 1955.190543487668 321.25146895647049 9666.8238511383533 1079.7264258414507 222.31607805192471 699.67150419950485 1495.1724201440811
leaf_count=17960 611 206 1679 711 213 306 248 7861 1289 38823 4333 894 2807 6060
internal_value=4.50251e-05 -0.0016493 -0.00123209 0.000236285 -0.000152393 -0.00429075 0.000773066 0.000441505 0.00102932 -1.24604e-05 0.00272088 -0.00592465 -9.86756e-05 -0.00149602
internal_weight=20890.6 2115.11 1963.8 18775.5 10892.2 351.405 7883.3 6741.82 4786.63 10540.8 1141.48 298.435 10366.5 1912.58
internal_count=84001 8556 7945 75445 43754 1413 31691 27110 19249 42341 4581 1200 41630 7739
is_linear=0
shrinkage=0.02


Tree=108
num_leaves=15
num_cat=0
split_feature=43 38 10 30 42 47 36 43 32 46 25 22 37 38
split_gain=16.7252 14.4525 14.6306 13.3528 12.5779 14.979 10.884 9.45528 8.6977 8.64474 12.2735 14.5961 11.3257 13.1845
threshold=-0.1050165146457241 2.591549192277895 0.0011861203214963841 -0.03854808816151957 0.48173474574414882 0.99465189230620699 0.0049885607280400947 0.027480491944122876 0.12479294683377691 -0.35206144883412549 -1.4999999999999998 0.34798381692731167 10.612641813359044 1.6183868391852545
decision_type=2 2 2 2 2 2 2 2 2 2 2 2 2 2
left_child=9 2 -2 7 6 -6 8 -4 -3 12 11 -11 13 -1
right_child=1 4 3 -5 5 -7 -8 -9 -10 10 -12 -13 -14 -15
leaf_value=-0.0014595143909851677 0.00045658446137811996 -0.001117128084739061 0.0075114420658519811 0.014243764737539563 -0.0010290007282545246 -0.0059281535722606228 0.00060624654410642079 -0.0017235090149885814 -0.0071333000856936488 0.0028149304471891574 -0.00085295247820856273 -0.001419248561475462 0.0070797412140135556 0.0022594373254880055
leaf_weight=490.56602065265179 2441.3873003125191 707.79761216044426 82.792224779725075 51.381646513938904 7762.9129905551672 253.23490454256535 3638.7853633910418 86.562542304396629 106.79930081963539 1072.8499385565519 1935.1840948760509 462.99721485376358 146.37952865660191 1662.5203605741262
leaf_count=1982 9797 2841 332 206 31222 1020 14610 347 430 4352 7770 1860 592 6688
internal_value=-7.92076e-05 -0.000428568 0.000907984 0.00577986 -0.000714159 -0.00118737 0.000137998 0.00287711 -0.0019446 0.000836479 0.00020569 0.00153803 0.00178614 0.00141068
internal_weight=20902.2 15131.7 2662.12 220.736 12469.5 8016.15 4453.38 169.355 814.597 5770.5 3471.03 1535.85 2299.47 2153.09
internal_count=84049 60805 10682 885 50123 32242 17881 679 3271 23244 13982 6212 9262 8670
is_linear=0
shrinkage=0.02


Tree=109
num_leaves=15
num_cat=0
split_feature=1 38 33 36 22 42 14 19 43 19 44 39 3 13
split_gain=14.5299 12.4964 15.5141 11.4821 10.9307 10.5337 9.99018 11.9291 9.8223 9.56113 8.95632 8.74122 9.90726 10.7654
threshold=7.9406583087109309e-05 6.6359447795329078 75.167685922531632 0.022346915678830601 0.26222443755224456 0.38873237472929106 0.0032086224212419614 0.62461137016080259 0.48678829082329239 -0.91433556767519109 -0.78811896432069306 0.46644387550711019 -0.00086851806048109722 0.00055973396931632954
decision_type=2 2 2 2 2 2 2 2 2 2 2 2 2 2
left_child=8 2 3 4 -2 -6 7 11 -1 -3 -11 12 -7 -14
right_child=1 9 -4 -5 5 6 -8 -9 -10 10 -12 -13 13 -15
leaf_value=0.00061721909395003852 0.001488125001613662 0.0027159443795732145 -0.005581831136799875 -0.0017563267552132753 0.0078247691148339779 0.0015578818484370553 0.0041796176976435862 0.0080149855486435044 -0.0032955822192144357 -0.0035608600182001526 -0.0011239807279738911 -0.0051720150392115562 0.0062951187655494742 -0.0024711582201487627
leaf_weight=10580.636197179556 2717.8077478855848 215.36964656412601 182.64171408116817 932.08893868327141 54.377096131443977 453.21930795907974 147.66565176844597 50.064784094691277 258.09363463521004 733.72505730390549 3347.7223097085953 215.00636042654514 54.721094757318497 974.2410796880722
leaf_count=42552 10924 866 742 3741 218 1817 592 202 1040 2949 13479 863 220 3910
internal_value=1.43863e-05 -0.00053211 7.51302e-05 0.000264472 0.000669503 -0.00047275 -0.000730824 -0.00115656 0.00052257 -0.00134836 -0.00156588 -0.00144986 -0.000894347 -0.00197677
internal_weight=20917.4 10078.7 5781.83 5599.19 4667.1 1949.3 1894.92 1747.25 10838.7 4296.82 4081.45 1697.19 1482.18 1028.96
internal_count=84115 40523 23229 22487 18746 7822 7604 7012 43592 17294 16428 6810 5947 4130
is_linear=0
shrinkage=0.02


Tree=110
num_leaves=15
num_cat=0
split_feature=43 37 22 35 39 26 30 6 34 48 25 4 26 26
split_gain=10.9775 11.7284 13.0558 11.5306 15.888 11.5753 12.0748 10.9285 10.8786 9.8552 13.0529 9.88101 9.68767 9.97113
threshold=-0.11358875457020409 4.614528874912784 0.069909261634473988 0.54178232322405639 -0.44357823260095669 0.60542066589712584 -1.5068719658287024 -0.0016220444259698759 51.462688390929792 -0.8783796973249266 -1.4999999999999998 -0.00075556272221988967 0.33728235687062708 0.26496591308130929
decision_type=2 2 2 2 2 2 2 2 2 2 2 2 2 2
left_child=9 -2 -3 5 -5 6 -4 -8 -7 10 -1 -12 13 -9
right_child=1 2 3 4 -6 8 7 12 -10 -11 11 -13 -14 -15
leaf_value=0.0063803736999893147 -0.00084304891394112449 0.0016629301383255003 -0.0057048449688818382 -0.0048092894059913512 0.00061787657715472219 -0.0098271481843378305 0.0024582246577509819 -6.2854799502968107e-05 -9.6259134836692824e-05 0.00044423961846967876 0.0063925134287853768 -0.0012627268426025746 0.003113395770044239 -0.0051021975388062047
leaf_weight=269.736746519804 7701.6348780542612 1969.2495827674866 123.40338672697544 469.71713545918465 393.67832532525063 83.349762737751007 919.32755313813686 3171.0451593995094 95.975757911801338 4800.502234056592 83.780435100197792 276.12846246361732 361.41556467115879 160.24861393868923
leaf_count=1097 30969 7918 495 1892 1589 336 3689 12718 387 19336 337 1110 1449 642
internal_value=-1.87087e-05 -0.000290602 0.00025877 -0.000220804 -0.00234538 0.000154433 0.000345478 0.000513368 -0.00476302 0.000754397 0.00309695 0.000582451 2.65126e-05 -0.000312551
internal_weight=20879.2 15449 7747.41 5778.16 863.395 4914.77 4735.44 4612.04 179.326 5430.15 629.646 359.909 3692.71 3331.29
internal_count=83964 62084 31115 23197 3481 19716 18993 18498 723 21880 2544 1447 14809 13360
is_linear=0
shrinkage=0.02


Tree=111
num_leaves=15
num_cat=0
split_feature=43 45 39 38 10 4 42 23 44 29 42 5 28 1
split_gain=13.859 11.2805 10.8129 8.84721 11.9175 8.84155 8.74629 8.61579 13.1653 11.0718 11.0716 10.7433 12.7913 10.8605
threshold=0.17402329699258287 -1.0347576844440651 -0.96259661540349739 6.2269294266934567 -0.0028963186311544032 0.0010339557659148253 0.38026323246560706 1.0578434625154476 -0.78811896432069306 9.6379412546968961 0.5815469628393436 -0.0013750829458857238 -1.9193374303822324 0.002472402745914972
decision_type=2 2 2 2 2 2 2 2 2 2 2 2 2 2
left_child=1 6 3 4 -3 -5 -1 -4 -9 10 11 12 -10 -14
right_child=-2 2 7 5 -6 -7 -8 8 9 -11 -12 -13 13 -15
leaf_value=0.0053323204859542731 -0.0011829592465565939 0.0069942462360351298 -0.00011433843373450567 -0.0064257609656394763 -0.0018591261939770473 0.0014101693844408953 0.0010534443756936597 0.0077478898515458096 -0.0086425149239870869 0.0088275051905665324 -0.0071342286376569874 0.0013648569707033682 -0.0019615709482382134 0.0054055402020850574
leaf_weight=197.98257325589657 2951.9165039807558 68.356147885322571 10280.05479927361 256.95207224786282 351.07032245397568 71.79373100399971 3393.4937414228916 108.57615794241428 84.311026602983475 62.611124739050865 66.579547747969627 2567.5965656489134 364.47572556138039 97.196470931172371
leaf_count=805 11905 274 41247 1031 1408 288 13720 437 338 252 268 10317 1463 390
internal_value=8.591e-05 0.000294605 4.40293e-05 -0.0022888 -0.000350847 -0.00471901 0.00129641 0.000172861 0.00105269 0.00081693 0.000645608 0.00082314 -0.00171366 -0.000369265
internal_weight=20923 17971.1 14379.6 748.172 419.426 328.746 3591.48 13631.4 3351.35 3242.77 3180.16 3113.58 545.983 461.672
internal_count=84143 72238 57713 3001 1682 1319 14525 54712 13465 13028 12776 12508 2191 1853
is_linear=0
shrinkage=0.02


Tree=112
num_leaves=15
num_cat=0
split_feature=37 11 42 21 32 14 21 34 42 28 42 41 16 36
split_gain=12.6088 15.1997 13.3733 14.249 11.8663 11.1026 12.3536 15.4729 10.9374 10.2458 11.7352 9.71866 9.64697 9.28197
threshold=1.8456469431368236 0.020766347658104995 0.4980887601532305 0.71139712914853226 0.29871393175677557 0.0042957650589637601 0.17131732558288382 45.086338646477763 0.38026323246560706 -2.8804298876267103 0.48406848710950962 0.7452293893158729 0.0014106237638983408 0.012552362705607341
decision_type=2 2 2 2 2 2 2 2 2 2 2 2 2 2
left_child=1 2 4 -4 -1 6 7 8 -2 10 12 -8 -10 -11
right_child=5 -3 3 -5 -6 -7 11 -9 9 13 -12 -13 -14 -15
leaf_value=-0.00075645614685478427 0.0065849663729717414 0.0013256842483661607 -0.0026164443808574301 -0.012367857764400927 0.0067767382414081079 -0.001800540744471988 0.00089906133691243745 -0.00096306959478543715 -0.0099889075801837344 0.00031554494673741526 0.0024925336614350538 -0.005437010296485769 -0.0020574433756906539 0.0031336121997845635
leaf_weight=997.12216180562973 124.87067830562592 779.5789515376091 1525.3572424948215 57.897358909249306 86.258668169379234 1040.1054085791111 8800.6146270483732 4752.0020995438099 71.187793388962746 1331.6047179102898 182.96512900292873 92.997970446944237 337.55192096531391 716.55327680706978
leaf_count=4008 507 3133 6155 232 348 4178 35347 19113 288 5374 737 374 1364 2884
internal_value=-2.00899e-05 -0.00112468 -0.00184218 -0.00301085 -0.000128287 0.000198311 0.00032551 -0.000271295 0.000917314 0.000637282 -0.00167135 0.000829789 -0.00354284 0.00130668
internal_weight=20896.7 3446.21 2666.64 1583.25 1083.38 17450.5 16410.3 7516.74 2764.73 2639.86 591.705 8893.61 408.74 2048.16
internal_count=84042 13876 10743 6387 4356 70166 65988 30267 11154 10647 2389 35721 1652 8258
is_linear=0
shrinkage=0.02


Tree=113
num_leaves=15
num_cat=0
split_feature=1 22 42 48 18 33 25 33 8 42 26 9 34 40
split_gain=16.2544 10.5758 15.2675 17.1716 10.3504 10.0331 11.7494 9.6866 16.7014 15.2529 11.0588 9.11971 9.1121 9.0068
threshold=7.9406583087109309e-05 0.51120326337270827 0.43197229321492403 -0.8783796973249266 0.0014029561987163107 75.719673371082948 5.5000000000000009 81.10702041801234 0.0080278166091741505 0.55364263986109863 0.89748460138164643 0.0013723518710587583 69.705104745484434 2.7515733028144758
decision_type=2 2 2 2 2 2 2 2 2 2 2 2 2 2
left_child=1 2 3 4 -1 6 12 10 -9 13 -7 -3 -2 -10
right_child=5 11 -4 -5 -6 7 -8 8 9 -11 -12 -13 -14 -15
leaf_value=0.0021085556016733589 -0.00042862419050479787 -0.0017861851621089745 0.00042015057293932955 0.0015461832563816614 0.0099532314271543031 0.0037786954637002408 -0.0083016450409492612 -0.0047760737290551006 0.0019132336543953444 -0.0043687432391971677 -0.0058458803188157302 0.0015294710781035396 0.0052256313316606882 0.011498920419560145
leaf_weight=112.17807722091675 9035.9196066856384 1283.4472016096115 7697.4927385449409 1122.5444155186415 176.34024278819561 50.801961928606033 70.095547124743462 190.61303336918354 84.219575300812721 70.387657299637794 392.98176409304142 442.63366179168224 110.48247167468071 72.54003743827343
leaf_count=454 36304 5143 30962 4533 714 205 284 775 341 285 1597 1775 444 292
internal_value=-3.81139e-05 0.00049954 0.000771553 0.00268024 0.00699104 -0.000616093 -0.000422394 -0.00267382 -0.000476126 0.00315737 -0.00471429 -0.000933961 -0.000357507 0.0065673
internal_weight=20912.7 10834.6 9108.56 1411.06 288.518 10078 9216.5 861.544 417.76 227.147 443.784 1726.08 9146.4 156.76
internal_count=84108 43581 36663 5701 1168 40527 37032 3495 1693 918 1802 6918 36748 633
is_linear=0
shrinkage=0.02


Tree=114
num_leaves=15
num_cat=0
split_feature=41 22 2 24 40 37 23 37 11 7 10 7 32 49
split_gain=10.771 13.249 15.9852 14.7297 11.309 21.1378 13.0775 10.4062 11.7579 12.4883 12.2977 10.145 9.87503 9.65782
threshold=0.58626486661670429 0.32181504010235895 -0.0020061895784220635 4.0803841670434502e-05 0.86690188428351345 4.8018384365176638 1.34610260702384 9.7292581792862673 0.010458806466001301 -0.0023606220241862148 0.0089496461788968352 -0.001375061523905041 0.27766175442273672 -0.56174490092936669
decision_type=2 2 2 2 2 2 2 2 2 2 2 2 2 2
left_child=1 3 -3 -1 5 12 -6 8 9 -8 -10 -4 -5 -9
right_child=-2 2 11 4 6 -7 7 13 10 -11 -12 -13 -14 -15
leaf_value=-0.0026193352469828447 -0.0010495292265080172 0.0018522809061387677 -0.0027092106877600192 -0.00023310606252181489 -0.00069394944325650704 0.002445332575191742 -0.0062941501161633551 0.01305782655998333 0.011189925962582123 0.00084553161904346173 0.0016289173390565599 -0.00056663261312788328 0.0071455749794522953 0.0024505863823675376
leaf_weight=549.09425109624863 3783.6581568270922 912.33967673778534 1104.2065604776144 2477.5136628746986 3246.4469511806965 3073.6123039424419 105.62209719419479 52.777987971901894 78.428660497069359 853.53636610507965 157.58693088591099 4374.8103759139776 69.734732747077942 92.078026548027992
leaf_count=2211 15257 3659 4430 9952 13049 12373 426 214 316 3448 634 17563 281 374
internal_value=-8.44311e-05 0.000128762 -0.000592157 0.0005572 0.000729277 0.00133021 -7.82711e-06 0.00165082 0.00102323 3.07497e-05 0.0049723 -0.00100051 -1.75008e-05 0.00662204
internal_weight=20931.4 17147.8 6391.36 10756.4 10207.3 5620.86 4586.48 1340.03 1195.17 959.158 236.016 5479.02 2547.25 144.856
internal_count=84187 68930 25652 43278 41067 22606 18461 5412 4824 3874 950 21993 10233 588
is_linear=0
shrinkage=0.02


Tree=115
num_leaves=15
num_cat=0
split_feature=1 21 25 13 20 48 1 22 0 6 39 12 46 37
split_gain=14.7317 16.5851 12.1972 11.3763 10.6546 11.4803 10.7614 14.6175 9.881 9.95709 10.4097 19.7357 12.8357 9.74286
threshold=7.9406583087109309e-05 0.38286925509725939 4.5000000000000009 0.0022560204040392821 -0.36263360792849036 -0.60785761079279388 -0.0012675812437641704 0.50213257847595161 0.0078503642283297165 -0.00021237677529653632 -0.80810681873229984 0.0046574956868429039 0.0327015646150716 2.150318591602864
decision_type=2 2 2 2 2 2 2 2 2 2 2 2 2 2
left_child=4 2 8 -4 5 -1 7 -7 9 10 11 12 -2 -8
right_child=1 -3 3 -5 -6 6 13 -9 -10 -11 -12 -13 -14 -15
leaf_value=0.0032526295878089464 0.00572170818228786 0.00076379025091456178 -0.0076098731684431575 0.00045314096046920334 6.8374650275666572e-05 0.0027155340091429476 0.0043285732179677147 -0.0077969010509596698 0.0061913193739156699 -0.0016484104507786634 0.00028027137746499477 -0.0091315604660145693 -0.0039976563096894334 -0.0011685905647256742
leaf_weight=970.97171576321125 96.436122506856918 2698.0290019214153 204.77261447906494 104.23865073919296 7498.1217786222696 996.60003560781479 140.26467432081699 51.095183476805687 72.924298092722893 3884.4945382922888 2767.5741300135851 136.92740660905838 112.15307413041592 1148.3422129452229
leaf_count=3937 387 10817 837 422 30091 4036 562 205 295 15636 11134 550 450 4636
internal_value=-2.71548e-05 -0.000577058 -0.00106747 -0.00492607 0.000485737 0.00143043 0.000667797 0.00216825 -0.000895473 -0.000973695 -0.000130495 -0.00337778 0.000524606 -0.000555807
internal_weight=20882.9 10077.5 7379.52 309.011 10805.4 3307.27 2336.3 1047.7 7070.51 6997.59 3113.09 345.517 208.589 1288.61
internal_count=83995 40528 29711 1259 43467 13376 9439 4241 28452 28157 12521 1387 837 5198
is_linear=0
shrinkage=0.02


Tree=116
num_leaves=15
num_cat=0
split_feature=8 32 6 6 22 1 1 23 1 6 44 43 11 17
split_gain=12.0419 11.5096 12.926 9.93164 11.5813 10.0194 13.1751 9.97626 9.64563 10.8181 10.2898 10.0498 9.74729 9.71621
threshold=0.0034186595570465735 0.5193494525630683 0.00062459739227385561 -0.0013454398387314148 0.49805263819145701 0.00035016203708142848 0.00043040937711938713 0.6132306025814529 -0.00059483507914552135 0.0017349184842821838 -0.8123194844604994 -0.049385365403994803 0.0016813390794140765 1.3987941508781578
decision_type=2 2 2 2 2 2 2 2 2 2 2 2 2 2
left_child=3 -2 -3 -1 5 7 -7 -5 -9 10 11 -10 -13 -12
right_child=1 2 -4 4 -6 6 -8 8 9 -11 13 12 -14 -15
leaf_value=0.0011153785397350732 -0.0014216752449608793 0.01159827826508299 -0.00090048912716702819 -0.00076793104483408709 -0.0013594111393103248 -0.0048373218790450393 -0.00031205837226890894 0.00031673176202125252 0.010134475152991977 -0.0015294038987242267 0.0014837441904939968 -0.00085157086549363841 0.0080663064676526307 0.0075441151161363329
leaf_weight=3387.3078238666058 3133.9450233131647 53.784905672073364 74.231565564870834 1646.3912383168936 2383.3896386474371 269.81519973278046 4066.6214273124933 3484.0522574782372 123.15113472938538 306.64941681921482 1681.3141984045506 117.53530815243721 78.086471170186996 108.4435723721981
leaf_count=13619 12639 217 299 6606 9563 1084 16334 14037 496 1233 6774 472 314 437
internal_value=-6.36894e-05 -0.00117911 0.00458933 0.000142699 -8.85723e-05 0.000166806 -0.000598869 0.000606942 0.000990975 0.00196095 0.00247098 0.00575897 0.0028205 0.00187094
internal_weight=20914.7 3261.96 128.016 17652.8 14265.4 11882.1 4336.44 7545.62 5899.23 2415.18 2108.53 318.773 195.622 1789.76
internal_count=84124 13155 516 70969 57350 47787 17418 30369 23763 9726 8493 1282 786 7211
is_linear=0
shrinkage=0.02


Tree=117
num_leaves=15
num_cat=0
split_feature=24 44 32 22 25 38 17 31 44 32 1 23 28 12
split_gain=12.3507 8.829 8.82377 9.76341 12.2151 9.564 12.891 9.18622 10.4186 8.32089 12.5236 7.68225 14.061 17.925
threshold=0.81404765992807249 3.4461404137329663 0.17375739114019179 0.55053211388110623 2.5000000000000004 2.0209002669444831 0.87501113200329905 -0.26605674535257512 -0.10017143955185902 -0.28603700853914521 -0.00024274731518867298 0.63099987260839951 3.5151302469639583 0.00057682292748394409
decision_type=2 2 2 2 2 2 2 2 2 2 2 2 2 2
left_child=11 2 3 9 5 -5 7 -7 -9 10 -2 12 13 -1
right_child=1 -3 -4 4 -6 6 -8 8 -10 -11 -12 -13 -14 -15
leaf_value=0.00064699384448764648 -0.00032223609580022517 0.0051283641959167514 -0.0025163673970204099 -0.0063021063940220112 -0.0081459314717138489 0.0029878346998431864 0.004179669142178705 -0.0021679493196708256 -0.011760354101179447 0.00033578531565996682 -0.010081758652419177 0.00052821672047320407 0.0057253480446541197 -0.0021540045864489304
leaf_weight=1839.6744643449783 159.03601376712322 91.801953658461571 1135.7540034353733 124.126818805933 122.00013257563114 96.854518130421638 174.90537182986736 249.5131791383028 51.348276048898697 2739.5418309569359 73.837068244814873 12027.979162871838 134.63221479952335 1807.5635633766651
leaf_count=7380 637 371 4610 497 492 388 701 1001 206 11020 296 48392 540 7250
internal_value=6.62321e-06 -0.000857274 -0.000973888 -0.000509088 -0.0024358 -0.00138504 -0.000273844 -0.00225996 -0.00397058 2.48209e-05 -0.00356356 0.000281045 -0.000504727 -0.000742224
internal_weight=20828.6 5018.72 4926.92 3791.16 818.748 696.748 572.621 397.716 300.861 2972.41 232.873 15809.8 3781.87 3647.24
internal_count=83781 20219 19848 15238 3285 2793 2296 1595 1207 11953 933 63562 15170 14630
is_linear=0
shrinkage=0.02


Tree=118
num_leaves=15
num_cat=0
split_feature=1 21 17 43 45 21 28 37 17 42 28 9 16 9
split_gain=11.1889 14.1605 15.8117 10.0703 9.92964 11.1834 9.58873 9.24422 9.18015 17.4536 8.75217 9.38686 9.54049 9.49864
threshold=0.0001274745138195235 0.39347436829607407 0.80307376979133382 0.48678829082329239 1.5622997365366709 0.29647101673617438 3.3544183130328733 0.99575348305899347 1.6985848717164995 0.50637862300172654 4.7968712438659304 0.0050868857106539621 0.0023866667249495201 0.0023788082268253164
decision_type=2 2 2 2 2 2 2 2 2 2 2 2 2 2
left_child=3 2 4 -1 6 -6 7 -2 -4 -10 11 13 -13 -3
right_child=1 10 8 -5 5 -7 -8 -9 9 -11 -12 12 -14 -15
leaf_value=0.00044871299037333871 -0.008161045920982473 0.00034843407607986057 0.00021302782323436636 -0.0034578766550404285 -0.0033708657777007075 -0.012090001426176196 0.0047270287453075564 -0.0015991789127474784 -0.0057448376788377178 0.0016607567724473244 0.0082006148347846149 -0.0049061507926023706 0.00060791930161939434 0.0035495400931154037
leaf_weight=10761.19682481885 84.045070469379425 1504.7215565592051 3425.9670166522264 265.6174508780241 370.51752750575542 66.916072398424149 88.068605780601501 2748.4726561158895 297.71676084399223 216.56093113124371 55.907144442200661 226.18288035690784 272.4723774343729 487.60388143360615
leaf_count=43289 340 6032 13792 1071 1514 271 355 11046 1196 872 224 908 1092 1955
internal_value=-8.43938e-05 -0.000574312 -0.00102222 0.000353085 -0.00202953 -0.00482623 -0.00160312 -0.00180792 -0.000162273 -0.0026404 0.000708689 0.000524451 -0.00191706 0.0011388
internal_weight=20872 9845.15 7298.26 11026.8 3358.02 437.434 2920.59 2832.52 3940.24 514.278 2546.89 2490.98 498.655 1992.33
internal_count=83957 39597 29386 44360 13526 1785 11741 11386 15860 2068 10211 9987 2000 7987
is_linear=0
shrinkage=0.02


Tree=119
num_leaves=15
num_cat=0
split_feature=1 3 40 43 21 19 16 13 42 11 34 44 24 47
split_gain=14.2787 12.6127 11.5979 10.6024 10.0433 11.5212 12.0782 11.1386 9.0054 8.64946 12.896 11.7718 10.7817 9.58105
threshold=7.9406583087109309e-05 -0.0036696213887612837 2.0435755219937137 0.48678829082329239 0.35907330514827723 -0.47458887051187615 0.00080645596228244912 0.0013632157473722291 0.47942670479147742 0.028507497557400927 60.005805703759329 0.52049810884047021 0.56353661282784795 0.25881904510252102
decision_type=2 2 2 2 2 2 2 2 2 2 2 2 2 2
left_child=3 2 -2 -1 5 6 -3 -7 -5 10 11 12 -6 -12
right_child=1 4 -4 8 9 7 -8 -9 -10 -11 13 -13 -14 -15
leaf_value=0.00075630475497835573 0.0044095770118439846 0.0080534951342143748 -0.0021652025283335806 -0.010488021815436781 0.0010391691924266286 -0.0027381073910999264 3.0420604972707751e-06 -0.00074749349440818714 -0.0013682921921469562 0.0059260631375150207 -0.00038203412488259966 -0.0026733737060220236 0.0057012322966107165 -0.0053046623403139124
leaf_weight=10587.906494274735 383.6472259759903 72.638465628027916 144.74735513329506 50.230675533413887 1493.4179078936577 1806.6143681406975 1871.4470034986734 2978.8690451979637 210.19193577766418 105.84764936566353 447.09928393363953 288.33103984594345 224.55293369293213 240.45056357979774
leaf_count=42593 1540 292 581 202 5985 7293 7518 12003 848 424 1794 1156 900 967
internal_value=0.000154524 -0.000388218 0.00260508 0.000657656 -0.000555475 -0.000974056 0.000323726 -0.00150106 -0.00329175 0.000450601 0.000224878 0.00103498 0.00166332 -0.00212945
internal_weight=20906 10057.7 528.395 10848.3 9529.27 6729.57 1944.09 4785.48 260.423 2799.7 2693.85 2006.3 1717.97 687.55
internal_count=84096 40453 2121 43643 38332 27106 7810 19296 1050 11226 10802 8041 6885 2761
is_linear=0
shrinkage=0.02


Tree=120
num_leaves=15
num_cat=0
split_feature=46 46 6 11 7 26 32 2 29 11 22 33 39 13
split_gain=10.9277 11.9754 18.3684 9.52815 11.4717 9.13134 11.4986 13.0459 10.2939 10.1474 10.1254 11.2691 10.2296 11.6958
threshold=-0.35206144883412549 -0.25881904510252046 0.0014523093108522037 0.035243034336560057 -0.00041314039797241283 -1.0572824182856031 -0.41601561950866389 -0.0010122840298889865 12.021969944416545 -0.00084803252016193563 0.10081593985733966 35.019806061953339 -0.32094721441370039 0.0024793244702326746
decision_type=2 2 2 2 2 2 2 2 2 2 2 2 2 2
left_child=3 2 -2 -1 -5 9 7 -7 10 -3 11 -8 13 -13
right_child=1 5 -4 4 -6 6 8 -9 -10 -11 -12 12 -14 -15
leaf_value=0.00046499306708435876 -0.0045717899294540568 0.00079401296425086175 0.003967142641900177 0.011959590670153826 0.0015630252396580803 0.00085654602065878677 0.0045280123414341835 -0.01264078130224194 0.0069503298077804015 0.0066739006684026951 -0.00076826452096476314 0.00058544904319261012 -0.00115839322038798 0.0055853065381771226
leaf_weight=7889.2144321799278 534.49614521861076 697.0943179577589 119.83419242501259 58.038408860564232 135.72496464848518 50.544064223766327 255.67582154273987 59.355807021260262 72.662633672356606 136.64178578555584 7604.0659258067608 1774.6879359334707 1313.0667776763439 204.44520303606987
leaf_count=31730 2151 2832 482 233 545 203 1038 239 293 559 30554 7129 5291 821
internal_value=-1.45944e-06 -0.000364461 -0.00298974 0.000574263 0.00489965 -0.00022212 -0.000370977 -0.00666608 -0.000306401 0.00179171 -0.000356777 0.000524993 0.000207719 0.00111471
internal_weight=20905.5 12822.6 654.33 8082.98 193.763 12168.2 11334.5 109.9 11224.6 833.736 11151.9 3547.88 3292.2 1979.13
internal_count=84100 51592 2633 32508 778 48959 45568 442 45126 3391 44833 14279 13241 7950
is_linear=0
shrinkage=0.02


Tree=121
num_leaves=15
num_cat=0
split_feature=1 38 47 32 21 2 11 7 4 0 33 47 13 13
split_gain=11.8013 11.2979 14.6347 9.88896 9.492 9.21029 9.576 9.33903 11.3347 11.1965 9.34846 11.0878 8.27332 8.22978
threshold=7.9406583087109309e-05 6.5877196410651964 0.35206144883412571 0.5193494525630683 0.41566285571089007 0.0018448941589052721 0.020766347658104995 0.00020800290242212134 -0.0011953178105517613 -0.00069995875637084333 26.456925417856336 -0.47114434510950048 0.00050298024059974714 0.0033241120592983875
decision_type=2 2 2 2 2 2 2 2 2 2 2 2 2 2
left_child=5 -2 3 4 -3 7 -7 8 13 -9 -11 -12 -10 -1
right_child=1 2 -4 -5 -6 6 -8 9 12 10 11 -13 -14 -15
leaf_value=0.002749540862930726 -1.7434851665117071e-06 -0.0013767947311486349 -0.0029675177628178152 0.0063914038332552412 0.0013305529051459192 -0.0014870151801632753 0.0034872132632253919 0.0029033006087175353 0.0031735302293178376 -0.0054862768730546607 0.0026395195781717109 -5.0433647531230448e-05 -0.00066114246144375699 -0.0020481384403824251
leaf_weight=833.95496162772179 5717.4258540123701 2120.6889532655478 1477.9441361576319 75.537004828453064 680.51407891511917 1528.4251663684845 167.43443049490452 1244.9197723716497 234.28106752038002 91.632554963231087 913.22584220767021 1842.9820189028978 3797.8650761544704 168.58579853177071
leaf_count=3358 22977 8551 5955 304 2727 6143 672 5039 943 369 3665 7395 15283 678
internal_value=-9.39586e-05 -0.000586519 -0.00135341 -0.000520443 -0.000717883 0.000364475 -0.000987096 0.000615997 3.89594e-05 0.00132492 0.000631063 0.000844005 -0.000434681 0.00193661
internal_weight=20895.4 10072.1 4354.68 2876.74 2801.2 10823.3 1695.86 9127.45 5034.69 4092.76 2847.84 2756.21 4032.15 1002.54
internal_count=84059 40514 17537 11582 11278 43545 6815 36730 20262 16468 11429 11060 16226 4036
is_linear=0
shrinkage=0.02


Tree=122
num_leaves=15
num_cat=0
split_feature=3 4 36 24 5 20 7 10 10 1 3 5 20 6
split_gain=11.6933 10.8073 10.2052 10.2819 10.4596 15.0134 10.4284 11.1015 12.6123 14.4847 11.5258 11.0623 10.3126 11.7903
threshold=-0.0027064011641262432 -0.0060050585590534378 0.0017825711089709667 0.81814428590093791 0.0013688311562588327 0.75100426156175237 -0.0016220444259698759 -0.0013172726749459661 -0.0020617828480905846 0.0019194666209595942 0.00052588951047040789 -0.0030591773341551412 0.64738827820106959 0.0030945036878984567
decision_type=2 2 2 2 2 2 2 2 2 2 2 2 2 2
left_child=1 -1 -2 6 5 12 -4 8 -8 -10 11 -9 13 -5
right_child=2 -3 3 4 -6 -7 7 10 9 -11 -12 -13 -14 -15
leaf_value=-0.0052035481863320545 0.0066185025713839394 0.0019627687605182375 -0.0010967448692551043 -0.002145751627100415 0.0010153718984960401 0.00012925676871210632 0.0007134487562796332 -0.006880064395997333 0.0027751768782613827 0.013346565602744416 0.00079372142159987182 -0.00060466990219990491 -0.0050963990077273012 0.0051496564747729517
leaf_weight=83.948304310441017 84.805001512169838 1655.0073537528515 2355.7149530351162 1640.4096790254116 855.69863350689411 1470.4840132445097 3823.9580238610506 110.43808524310589 582.64017172157764 52.612536072731018 3283.9585858285427 4321.0833505541086 469.51128832995892 88.97719019651413
leaf_count=337 341 6653 9467 6602 3450 5937 15415 443 2344 211 13187 17358 1894 358
internal_value=3.50616e-05 0.00160289 -0.000107762 -0.000139425 -0.000971361 -0.00143542 0.000119903 0.000355669 0.00114948 0.00374811 -0.000103563 -0.000768637 -0.00247969 -0.00175664
internal_weight=20879.2 1738.96 19140.3 19055.5 4525.08 3669.38 14530.4 12174.7 4459.21 635.253 7715.48 4431.52 2198.9 1729.39
internal_count=83997 6990 77007 76666 18241 14791 58425 48958 17970 2555 30988 17801 8854 6960
is_linear=0
shrinkage=0.02


Tree=123
num_leaves=15
num_cat=0
split_feature=42 39 1 17 9 29 20 47 29 13 44 17 7 10
split_gain=11.4125 13.431 11.0789 9.20699 10.6397 10.1738 10.3112 14.3463 10.2533 12.1172 10.2315 11.9082 10.8874 9.98011
threshold=0.56640352870384036 0.93706875696625325 7.9406583087109309e-05 0.80307376979133382 0.007277390673166924 0.15027494704772679 -0.39854548446556975 -0.84874750804349175 1.9017495263580158 0.0014668273219153804 -0.66118982692025441 0.44009799016414869 0.0013688311562588327 -0.0082164838118316402
decision_type=2 2 2 2 2 2 2 2 2 2 2 2 2 2
left_child=2 -2 -1 4 5 6 13 -8 9 -7 11 -10 -13 -4
right_child=1 -3 3 -5 -6 8 7 -9 10 -11 -12 12 -14 -15
leaf_value=0.00055618341304674614 -0.00099674196491920876 -0.0069008868119487237 0.0056949938741219439 0.00019941568105855643 -0.0049077593804200369 -0.0056449331027302119 -0.0028074899668678074 0.0025685495475232865 0.0016905126670230348 0.00044677164234012526 0.00033598306951261223 -0.0056488019936348412 0.0025012503571594088 -0.0025497453842944075
leaf_weight=10329.185471713543 967.4077549725771 178.90741488337517 60.62441723048687 4955.5183473676443 264.46814365684986 439.65034364163876 247.7657219171524 928.43959955871105 170.84199281036854 183.9526319205761 1071.1192987114191 415.29724092781544 74.708838388323784 574.06933824717999
leaf_count=41558 3900 724 244 19926 1070 1768 996 3732 687 739 4313 1669 300 2304
internal_value=-8.64175e-06 -0.00194418 0.00010436 -0.000392875 -0.00105476 -0.000804605 0.000322265 0.00142901 -0.00166976 -0.00385872 -0.000872776 -0.00281977 -0.00439349 -0.00172387
internal_weight=20862 1146.32 19715.6 9386.46 4430.94 4166.47 1810.9 1176.21 2355.57 623.603 1731.97 660.848 490.006 634.694
internal_count=83930 4624 79306 37748 17822 16752 7276 4728 9476 2507 6969 2656 1969 2548
is_linear=0
shrinkage=0.02


Tree=124
num_leaves=15
num_cat=0
split_feature=24 32 35 37 23 28 12 17 9 31 32 32 24 38
split_gain=10.6422 13.6977 9.94142 11.2302 9.89666 17.8592 18.3245 27.2376 11.4618 9.90334 8.82723 12.2096 10.4109 10.2593
threshold=0.81814428590093791 0.16555869313177471 -0.3399337745510897 4.2970162529912512 0.6132306025814529 3.5151302469639583 -0.00042970253463278971 1.5065467507324868 -0.0065054745506363488 0.21350916560671426 0.37749670909352923 0.59303336773663629 4.0803841670434502e-05 9.532768380202457
decision_type=2 2 2 2 2 2 2 2 2 2 2 2 2 2
left_child=4 2 3 -2 5 6 7 -1 -8 -10 12 -12 13 -6
right_child=1 -3 -4 -5 10 -7 8 -9 9 -11 11 -13 -14 -15
leaf_value=0.0011568586486132115 -0.0060684214321832866 -0.0026738735547543204 0.00037232298911913612 -0.00084249982461076652 -0.0010577263204360344 0.0065716232686532684 0.0051859735029344926 -0.01052381113985424 -0.0011281365804149629 -0.0042004603813544303 -0.0035491179554866074 0.0063430395769125403 0.00069098021212595428 -0.0093039211744952062
leaf_weight=1514.428793951869 205.76200807094574 1229.3744663000107 2747.8009046465158 759.15598134696484 344.96844805777073 124.1542908847332 71.595554932951927 79.294874683022499 802.23209936916828 886.59776969254017 384.23874090611935 52.601359382271767 11581.937872841954 68.599372774362564
leaf_count=6076 824 4993 11059 3040 1391 498 288 318 3218 3556 1546 211 46601 276
internal_value=-3.8463e-05 -0.000848665 -0.000241509 -0.00198243 0.000213386 -0.00072895 -0.00100856 0.000544598 -0.0024122 -0.00274868 0.000477218 -0.00229967 0.00057926 -0.00252034
internal_weight=20852.7 4942.09 3712.72 964.918 15910.6 3478.3 3354.15 1593.72 1760.43 1688.83 12432.3 436.84 11995.5 413.568
internal_count=83895 19916 14923 3864 63979 13954 13456 6394 7062 6774 50025 1757 48268 1667
is_linear=0
shrinkage=0.02


Tree=125
num_leaves=15
num_cat=0
split_feature=1 2 22 20 19 22 4 40 14 47 41 17 22 6
split_gain=13.46 11.1842 12.1446 8.86172 12.3245 10.0638 11.1972 9.44783 9.23611 10.4093 9.57906 9.12826 8.60629 8.23891
threshold=7.9406583087109309e-05 -0.0012676323541882487 0.38963044158235238 -0.37006090144880449 -0.78300127770489125 0.015987287881638432 0.00044634990180293264 2.5021627708018155 0.0012490682239191901 -0.68322629814330815 0.44372676089131663 1.1245973899296431 0.79867142801889923 0.0050695550725182196
decision_type=2 2 2 2 2 2 2 2 2 2 2 2 2 2
left_child=12 3 13 4 -2 -5 7 11 -6 -10 -11 -7 -1 -3
right_child=1 2 -4 5 8 6 -8 -9 9 10 -12 -13 -14 -15
leaf_value=0.00062553865335463377 0.0027579293916505051 -0.00027120112368116985 -0.0022162306838485698 -0.0024641962820231103 0.0050702019288517376 -0.00025667166805490115 0.0041738600247709151 -0.0063833816229472698 0.0020109901944307686 -0.0020258792002802455 -0.0084925705180472384 0.0044463483025401051 -0.0034965936302759964 -0.0056276231004295527
leaf_weight=10619.951273322105 228.22133906185627 5643.5961872786283 1919.4300576150417 213.69690500199795 49.783653974533081 512.1215538829565 615.29083490371704 65.861250370740891 99.67668217420578 193.74451050162315 176.22310076653957 238.25495961308479 201.62635773420334 112.27341105043888
leaf_count=42734 921 22714 7727 859 200 2055 2471 264 400 778 707 956 808 451
internal_value=5.7593e-05 -0.000468615 -0.000840704 0.00072415 -0.00107647 0.0015432 0.00214791 0.000604613 -0.00277143 -0.00364732 -0.00517827 0.00125615 0.000547156 -0.000380477
internal_weight=20889.8 10068.2 7675.3 2392.87 747.649 1645.23 1431.53 816.238 519.428 469.644 369.968 750.377 10821.6 5755.87
internal_count=84045 40503 30892 9611 3006 6605 5746 3275 2085 1885 1485 3011 43542 23165
is_linear=0
shrinkage=0.02


Tree=126
num_leaves=15
num_cat=0
split_feature=41 42 6 12 32 11 26 38 34 28 5 18 14 38
split_gain=10.7987 7.74064 9.21884 11.2913 11.5463 12.1665 10.5407 10.1098 9.98139 15.1983 12.2222 9.50688 10.3016 9.59274
threshold=0.63232601067029026 0.44945495158499243 -0.0023039962775953785 -0.003473001098558122 -0.34186710326305109 0.0052302718963335776 0.13532827178607656 1.7788322553885692 43.204255137397872 -0.4062312993786254 0.00047828229210947134 0.0017986583262395812 0.0014299715956791546 12.151671921070237
decision_type=2 2 2 2 2 2 2 2 2 2 2 2 2 2
left_child=1 2 7 4 -4 6 -6 -1 -5 10 -10 -11 13 -13
right_child=-2 -3 3 8 5 -7 -8 -9 9 11 -12 12 -14 -15
leaf_value=-0.00057715221719178381 -0.00139744762302248 -5.6772405507841679e-05 -0.0029901014075542813 0.0018814653832344059 0.0022443688106373806 -0.002418734871264437 0.0069726471011470163 0.0055925026002749869 -0.0030716214738366991 0.0018343722577036739 -0.013916665010004565 -0.0065131710706713896 -9.0642573946962457e-05 0.0016471697985269741
leaf_weight=158.3145357221365 1953.4159372597933 14599.591445475817 171.67060878872871 584.72082313895226 1034.2335496097803 177.23900525271893 228.65976503491402 312.66941744089127 156.47019700706005 491.55630269646645 53.823020622134209 233.01461991667747 612.95274250209332 73.721827477216721
leaf_count=639 7888 58691 694 2369 4173 712 917 1259 628 1975 216 936 2462 296
internal_value=1.62242e-05 0.000162754 0.0009092 0.000581167 0.00185094 0.00243636 0.00312459 0.00353438 -0.000348562 -0.00115601 -0.00610607 -0.00039944 -0.00159683 -0.00455693
internal_weight=20842.1 18888.6 4289.05 3818.06 1611.8 1440.13 1262.89 470.984 2206.26 1621.54 210.293 1411.25 919.689 306.736
internal_count=83855 75967 17276 15378 6496 5802 5090 1898 8882 6513 844 5669 3694 1232
is_linear=0
shrinkage=0.02


Tree=127
num_leaves=15
num_cat=0
split_feature=41 16 14 43 19 46 42 34 6 45 10 3 10 41
split_gain=11.3938 9.73227 12.7911 10.5151 9.29927 10.3329 12.1537 11.8476 9.20785 10.3999 11.8974 10.3747 13.7024 11.1959
threshold=0.6084228171238496 0.0042484999617584092 0.0040245014474072673 0.071110053803192005 0.066453412413909868 0.47114434510950071 0.54447368490490911 50.626526794543032 -0.00051327693193256791 2.1148666732085108 0.027176869184430023 0.0016672634592327362 -0.001679389042661883 0.22915955268725971
decision_type=2 2 2 2 2 2 2 2 2 2 2 2 2 2
left_child=8 2 3 -2 5 7 -7 -5 -1 10 11 13 -13 -10
right_child=1 -3 -4 4 -6 6 -8 -9 9 -11 -12 12 -14 -15
leaf_value=0.00076927511842138612 -0.0080826220272545244 0.0051634297249791381 -0.0081836544970986785 -0.0054189025560501041 -0.00034436632758782929 -0.0026733324288178897 -0.013392666527629724 0.0031785116282679877 -0.0055008727251262676 -0.0029079791119103562 0.0078083879674525286 -0.0014649683201715864 0.0025631720492306593 -0.00025356065963636642
leaf_weight=6675.3694683760405 79.253768593072891 88.325362801551819 102.27251462638378 117.01492191851139 2090.6139087826014 104.17765615880489 70.199860617518425 130.35521763563156 160.64202488958836 522.50883831083775 71.859358891844749 474.04845488071442 1147.3386640995741 9055.0434387475252
leaf_count=26848 319 356 412 469 8452 418 282 524 649 2114 288 1905 4606 36406
internal_value=-3.82865e-06 -0.00119424 -0.00141187 -0.00112939 -0.000894434 -0.00358515 -0.00724168 -0.000915159 0.000179364 -0.000165299 -3.26598e-05 -8.82299e-05 0.00138457 -0.000347962
internal_weight=20889 2782.21 2693.89 2591.62 2512.36 421.748 174.378 247.37 18106.8 11431.4 10908.9 10837.1 1621.39 9215.69
internal_count=84048 11232 10876 10464 10145 1693 700 993 72816 45968 43854 43566 6511 37055
is_linear=0
shrinkage=0.02


Tree=128
num_leaves=15
num_cat=0
split_feature=19 33 3 32 15 34 42 33 27 48 16 14 16 14
split_gain=12.3798 8.90221 15.4518 9.57706 9.49402 8.41087 8.00529 9.37272 8.93109 7.97635 8.55075 10.0102 9.89674 9.15717
threshold=-0.83528246161827513 74.619850597828716 -4.5010182383327581e-05 0.59303336773663629 0.0018519552622700754 71.591727003847978 0.53548301102749918 81.10702041801234 2.3598684311929206 -0.8783796973249266 0.00077509429046500897 0.0032766729396331118 0.0033252242143895967 0.002799465228120131
decision_type=2 2 2 2 2 2 2 2 2 2 2 2 2 2
left_child=9 5 4 6 -3 -2 7 8 -4 -1 -11 13 -13 -12
right_child=1 2 3 -5 -6 -7 -8 -9 -10 10 11 12 -14 -15
leaf_value=0.0051461353948010135 6.155757350958438e-05 -0.0090286265137810191 0.0012712597591468028 0.0069293639265223337 -0.0022649707196881349 0.0067937851624086188 -0.0031628468323090572 0.0046344024681004006 -0.0057081646617679303 0.0086633047389152069 0.00071730180827754206 0.0072038387111233865 -0.00034536535816118998 -0.0047369059270411691
leaf_weight=230.21673299372196 17805.286478281021 146.14373910427094 203.03526829183102 63.379108786582947 194.4744860380888 69.542203739285469 343.63469000160694 162.95478172600269 108.62158428132534 54.017416164278984 1102.6098825484514 171.52536652982235 113.80416058003902 133.53056171536446
leaf_count=938 71542 596 824 255 788 279 1398 661 440 219 4467 694 461 541
internal_value=0.000126385 -2.3465e-05 -0.00167123 -0.000264585 -0.00525558 8.96419e-05 -0.00086051 0.000822053 -0.001213 0.00170688 0.00118963 0.000896784 0.00423873 0.000111417
internal_weight=20902.8 19097.1 1222.24 881.625 340.618 17874.8 818.246 474.612 311.657 1805.7 1575.49 1521.47 285.33 1236.14
internal_count=84103 76783 4962 3578 1384 71821 3323 1925 1264 7320 6382 6163 1155 5008
is_linear=0
shrinkage=0.02


Tree=129
num_leaves=15
num_cat=0
split_feature=22 21 37 39 26 15 5 27 48 3 34 42 13 4
split_gain=8.51081 13.814 10.4834 10.0238 10.3295 9.21878 12.9881 8.36233 12.5747 11.4372 9.26155 8.99043 8.77969 9.08047
threshold=0.24196723234164549 0.4118853083409813 1.6404817157617828 -0.99231765079157241 -0.11702862549566019 0.0033768629102685142 -0.0023606220241862148 0.037031528593632269 -0.8783796973249266 0.0019194666209595942 55.725693644951811 0.48083107570830685 0.0025160744495202982 0.0013160671574826181
decision_type=2 2 2 2 2 2 2 2 2 2 2 2 2 2
left_child=2 3 -1 4 -2 6 -5 9 10 -8 -9 -12 13 -10
right_child=1 -3 -4 5 -6 -7 7 8 12 -11 11 -13 -14 -15
leaf_value=-0.0010857988375187024 -0.010508023272580038 0.0013527865812926684 0.00061787124596643557 -0.0036935026753365063 -0.0018378838507446421 0.0011418233279170266 0.00042639406494826511 -0.0015519108071033977 -0.00061758919947523081 -0.0040958466779235257 -0.012870720735872913 -0.0043203071635636763 0.0017507188358064176 -0.0036780145232647881
leaf_weight=1693.46588742733 77.358217298984528 1444.6283898800611 9676.736216366291 603.04696981608868 173.76986813545227 1008.237681210041 2957.1810049712658 243.41797009110451 1629.5415933579206 236.97931441664696 71.374615788459778 163.90080666542053 436.44057235121727 505.08718425035477
leaf_count=6829 310 5793 38977 2421 698 4048 11874 977 6562 951 288 665 1753 2034
internal_value=-5.87657e-06 -0.000445884 0.000363763 -0.000767061 -0.00466165 -0.000639666 -0.000902637 -0.000630352 -0.00137849 8.50055e-05 -0.00433792 -0.00712807 -0.000820143 -0.00134864
internal_weight=20921.2 9550.96 11370.2 8106.34 251.128 7855.21 6846.97 6243.92 3049.76 3194.16 478.693 235.275 2571.07 2134.63
internal_count=84180 38374 45806 32581 1008 31573 27525 25104 12279 12825 1930 953 10349 8596
is_linear=0
shrinkage=0.02


Tree=130
num_leaves=15
num_cat=0
split_feature=8 42 32 47 23 12 11 30 38 20 47 11 26 11
split_gain=10.0817 10.6274 13.4897 8.25972 11.5632 9.99481 8.69007 8.95588 8.54509 11.8531 7.58571 22.145 16.7232 7.62787
threshold=0.0034949821017233947 0.56640352870384036 0.59303336773663629 -0.95642797789208689 1.5612861270177338 -0.052358504141086164 0.0022577628138265157 0.20698779388362556 4.8999546669639491 -0.50835005055479121 0.99465189230620699 0.014079124767145563 -0.12380033923429817 0.028507497557400927
decision_type=2 2 2 2 2 2 2 2 2 2 2 2 2 2
left_child=10 2 3 4 -2 -5 8 -8 9 -7 13 12 -12 -1
right_child=1 -3 -4 5 -6 6 7 -9 -10 -11 11 -13 -14 -15
leaf_value=0.00019349943658780397 -0.007129728369856975 -0.0046243043564406236 0.0089839327048732848 0.0062387734786636256 0.0035274109568571767 0.007334818514691162 0.0037080326129014206 -0.00049284737750093777 -0.0052492664867061249 -0.0018685903420674551 0.0028181275810134966 -0.013775951831531599 -0.0042668847440521501 0.0034407074463381148
leaf_weight=16835.60998223722 163.53777430951595 296.173235937953 51.751583889126778 78.955380409955978 50.29548217356205 56.381989762187004 233.91048169136047 1345.6160064339638 270.38931615650654 639.29524748027325 259.211101770401 53.22387121617794 264.10212641954422 289.45230114459991
leaf_count=67709 660 1202 208 317 204 226 942 5437 1091 2571 1044 214 1062 1161
internal_value=-1.33384e-05 -0.00104807 -0.000674234 -0.000865818 -0.00459975 -0.00055343 -0.000775917 0.000138994 -0.00226482 -0.00107567 0.000173158 -0.00207336 -0.00076403 0.000249373
internal_weight=20887.9 3186.31 2890.13 2838.38 213.833 2624.55 2545.59 1579.53 966.067 695.677 17701.6 576.537 523.313 17125.1
internal_count=84048 12858 11656 11448 864 10584 10267 6379 3888 2797 71190 2320 2106 68870
is_linear=0
shrinkage=0.02


Tree=131
num_leaves=15
num_cat=0
split_feature=46 0 3 42 46 6 37 16 22 22 40 32 42 23
split_gain=12.3343 12.3302 10.4224 10.1619 10.4348 15.4769 8.93512 9.66001 9.44766 14.1988 10.3474 9.18925 8.77625 8.60846
threshold=-0.35206144883412549 -0.0050333422878808308 0.0078503642283297165 0.60552884131788054 -0.25881904510252046 0.0018824561156050789 1.8134992340451526 0.0036128999273912421 0.078080290172316408 2.4955083097445168e-05 0.43811184457405655 0.34259098279181527 0.59907674228231944 1.326324454217706
decision_type=2 2 2 2 2 2 2 2 2 2 2 2 2 2
left_child=12 -2 3 4 5 13 7 11 9 10 -8 -6 -1 -3
right_child=1 2 -4 -5 6 -7 8 -9 -10 -11 -12 -13 -14 -15
leaf_value=0.0006009779406504198 0.0046875758981556881 -0.0027974242439044034 -0.0082738238438265568 -0.0052859781027580132 -0.0017478141791131049 0.0050994114661162314 0.0028769821912458648 -0.0074228106275405882 -0.00031083500661828575 0.0019009184003616908 -0.0026288853006138399 0.0030422191177516852 0.0060642306693436459 -0.0093482803077294015
leaf_weight=7930.1357691586018 189.04503734409809 443.96311950683594 61.776046484708786 159.72198505699635 1251.0427947640419 81.588546246290207 174.9132553935051 100.40616074204445 7469.1751867085695 2064.1234394013882 566.20670706033707 178.99030141532421 114.46586924791336 95.498391181230545
leaf_count=31900 768 1785 248 646 5045 328 703 404 30028 8318 2279 724 462 386
internal_value=6.86484e-05 -0.000316126 -0.000392741 -0.000350787 -0.000285249 -0.0028015 -0.00015174 -0.00157479 6.08955e-05 0.00104945 -0.00131886 -0.00113976 0.000682433 -0.00403229
internal_weight=20881.1 12836.5 12647.4 12585.6 12425.9 621.05 11804.9 1530.44 10274.4 2805.24 741.12 1430.03 8044.6 539.462
internal_count=84024 51662 50894 50646 50000 2499 47501 6173 41328 11300 2982 5769 32362 2171
is_linear=0
shrinkage=0.02


Tree=132
num_leaves=15
num_cat=0
split_feature=22 37 41 39 6 39 46 48 1 41 16 46 38 44
split_gain=11.0744 11.5435 11.6523 10.6498 9.6028 9.1471 9.07006 8.87827 12.2161 12.0143 9.94555 11.3852 11.1165 8.88131
threshold=0.24947810959914687 1.6404817157617828 0.6084228171238496 -0.96259661540349739 0.0059810171487610425 4.3969808501679299 0.99892946161930185 -0.8783796973249266 -0.00022750645776362422 0.35679669355301341 0.0015312487509605832 0.0327015646150716 5.4324430893941704 -0.86644148298193091
decision_type=2 2 2 2 2 2 2 2 2 2 2 2 2 2
left_child=1 5 4 -2 6 -1 7 8 9 -3 11 12 -9 -11
right_child=3 2 -4 -5 -6 -7 -8 10 -10 13 -12 -13 -14 -15
leaf_value=-0.0014530354733605442 -0.0039118913609370101 0.010410613028450323 -0.00096388714154422856 -0.00041608664378038396 -0.0046881899025891819 0.0052722452806911388 -0.0051040665017297749 -0.00035307087495902275 0.00096318747246694632 0.008500572637058763 0.0012103359611347802 -0.00210510072678064 0.0052665165117291761 0.0015344144846081774
leaf_weight=1655.2996638715267 357.85434901714325 119.6992265433073 1528.4986802041531 8938.9310479313135 114.94392816722393 80.193521469831467 90.911904886364937 458.28489995002747 739.83927674591541 92.310268566012383 5324.0460760742426 875.08647856116295 197.89265321195126 308.5749729424715
leaf_count=6674 1436 490 6161 35918 462 325 366 1847 2977 371 21437 3525 796 1245
internal_value=-3.86836e-05 0.000373829 0.000638879 -0.000552679 0.000933675 -0.00112802 0.00101522 0.00108687 0.00262676 0.00495932 0.000802038 -0.00061689 0.00136872 0.00322344
internal_weight=20882.4 11585.6 9850.09 9296.79 8321.59 1735.49 8206.65 8115.73 1260.42 520.584 6855.31 1531.26 656.178 400.885
internal_count=84030 46676 39677 37354 33516 6999 33054 32688 5083 2106 27605 6168 2643 1616
is_linear=0
shrinkage=0.02


Tree=133
num_leaves=15
num_cat=0
split_feature=41 37 1 31 40 44 3 40 35 7 15 17 13 21
split_gain=11.0633 8.98014 11.0406 10.7408 13.2414 9.8426 12.4796 10.8195 10.6535 9.82591 15.3232 11.764 15.3316 22.9686
threshold=0.58475780841764213 3.7399305018591589 -0.0021446546620553478 0.20663138753261076 0.62955822123841021 -0.30104265096701099 0.0015684871305098995 0.9465467709215003 1.1380385749742683 -0.0012431595687455777 0.001229806845353896 0.62482313944864087 0.000710913923651692 0.00026348150102604339
decision_type=2 2 2 2 2 2 2 2 2 2 2 2 2 2
left_child=1 2 3 -1 -5 6 9 -8 -7 10 -3 12 -11 -14
right_child=-2 5 -4 4 -6 8 7 -9 -10 11 -12 -13 13 -15
leaf_value=-0.0026558154794266015 -0.00093944644818174695 -0.0094898655551956118 -0.00063203121197506263 -0.0045556292234499654 0.0045636120842234449 -0.00015250059497217886 0.0043489856455845794 -0.0027568904622351799 0.0084654682814611897 0.0028520590580247245 -0.00028078000013405618 0.0024506240486620069 -0.0061540953221498884 0.00027481959379461042
leaf_weight=148.29459436237812 3825.8536436706781 74.082559794187546 5701.160354167223 69.492562621831894 468.19919915497303 4875.1478583216667 697.17594923079014 94.186316981911659 53.060235634446144 653.05441284179688 843.5057859569788 1746.6237959712744 259.93398956954479 1378.7147905081511
leaf_count=595 15438 298 22905 279 1880 19646 2800 378 215 2626 3389 7021 1046 5541
internal_value=3.18639e-05 0.000249867 -0.000343149 0.00204492 0.00335391 0.000604662 0.00116663 0.00349126 -5.1228e-05 0.000792293 -0.00107169 0.00121663 0.000272849 -0.000760599
internal_weight=20888.5 17062.6 6387.15 685.986 537.692 10675.5 5747.28 791.362 4928.21 4955.92 917.588 4038.33 2291.7 1638.65
internal_count=84057 68619 25659 2754 2159 42960 23099 3178 19861 19921 3687 16234 9213 6587
is_linear=0
shrinkage=0.02


Tree=134
num_leaves=15
num_cat=0
split_feature=3 4 7 1 20 18 22 38 42 42 22 42 21 42
split_gain=10.3721 10.3688 10.2029 11.3164 10.906 10.5228 12.2713 11.9946 10.9457 10.3893 10.0001 9.89953 9.78397 12.7632
threshold=-0.0030589847307419984 -0.0060050585590534378 -0.001589550407622818 0.0059810171487610425 0.23975721616958989 0.0028584190769599884 0.020382025775207795 5.0226270491662612 0.49853475814201931 0.46607621170210417 6.0582199385782485e-05 0.52117394677619189 0.15259817137247708 0.56082592208297932
decision_type=2 2 2 2 2 2 2 2 2 2 2 2 2 2
left_child=1 -1 5 12 11 6 10 9 -9 -8 -2 -5 -4 -14
right_child=2 -3 3 4 -6 -7 7 8 -10 -11 -12 -13 13 -15
leaf_value=-0.0051490083204415952 -0.0020746964603979082 0.0021293267244973544 -0.00049146864455973621 0.0028151992025217754 -0.0016788476517503727 -0.00035596555487898079 0.002052248284703928 -0.0041661901549133228 -0.011777790187313467 -0.0043254623902975473 0.0075854730057794617 0.014062503129886956 0.00072537829897762146 -0.0020450791260725556
leaf_weight=78.466820687055588 98.324230715632439 1333.673566699028 6813.5155519992113 69.590803310275078 64.945334210991859 2309.1017646193504 179.82890424132347 264.83192609250546 107.00584894418716 224.81961622834206 68.869900941848755 57.069089129567146 8474.7880970090628 716.95643498003483
leaf_count=315 396 5363 27477 279 262 9282 724 1065 431 903 277 229 34061 2887
internal_value=5.6249e-05 0.00170816 -6.4096e-05 0.000141275 0.00491038 -0.00108536 -0.00285886 -0.0039132 -0.00648383 -0.0015007 0.0020092 0.00822448 8.26663e-05 0.000508288
internal_weight=20861.8 1412.14 19449.6 16196.9 191.605 3252.78 943.68 776.486 371.838 404.649 167.194 126.66 16005.3 9191.74
internal_count=83951 5678 78273 65195 770 13078 3796 3123 1496 1627 673 508 64425 36948
is_linear=0
shrinkage=0.02


Tree=135
num_leaves=15
num_cat=0
split_feature=42 4 24 16 16 24 5 1 29 32 2 22 25 47
split_gain=9.68987 13.8811 8.75922 9.47703 11.8102 8.85017 16.7885 13.7499 10.0121 10.0045 9.87657 8.95375 10.2194 10.4809
threshold=0.38026323246560706 -0.00030501423890547748 0.82953635176585716 0.0023583335182873707 0.0052143441270940992 0.91125294929940037 0.0019193976426414633 0.00087745390518708375 3.2423284744447525 0.13458592641312137 -0.0012919874194456985 0.038513190535687011 2.5000000000000004 0.58216583101416164
decision_type=2 2 2 2 2 2 2 2 2 2 2 2 2 2
left_child=1 -1 -2 5 -5 6 7 -4 -7 11 -9 -10 13 -13
right_child=2 -3 3 4 -6 8 -8 10 9 -11 -12 12 -14 -15
leaf_value=0.0061400834326300214 0.00012134108270268806 -0.00048454623013967905 -0.0011824876150260915 -0.0024978572306657942 0.0040497100137758838 -0.00033596521912672233 0.0056754551054258263 0.00069711578629777146 -0.00079308964248869698 -0.00097521555500719784 -0.0092689910370524035 0.01061701692417282 -0.0011956859878294731 0.0014985788717327361
leaf_weight=238.32484468817711 15800.258500412107 262.15960511565208 705.27739129960537 1591.2725330591202 113.92840252816677 1343.8329608887434 106.38485278189182 51.218708530068398 94.084717884659767 190.11953666806221 163.2268024533987 171.90940080583096 58.751976892352104 73.092207089066505
leaf_count=963 63542 1059 2839 6411 458 5413 429 206 380 776 664 691 239 294
internal_value=-3.59599e-05 0.00269956 -0.000103507 -0.000864688 -0.00204984 -0.000179154 -0.00167571 -0.00255211 0.000618044 0.00278297 -0.00692701 0.00456875 0.00621547 0.00798106
internal_weight=20963.8 500.484 20463.4 4663.1 1705.2 2957.9 1026.11 919.723 1931.79 587.958 214.446 397.838 303.754 245.002
internal_count=84364 2022 82342 18800 6869 11931 4138 3709 7793 2380 870 1604 1224 985
is_linear=0
shrinkage=0.02


Tree=136
num_leaves=15
num_cat=0
split_feature=41 16 20 24 40 7 6 47 46 27 38 19 7 6
split_gain=8.57653 9.18888 8.8206 8.40994 9.43753 9.09095 12.0414 10.7331 10.6686 9.24889 10.4076 12.0763 9.21307 8.64202
threshold=0.58626486661670429 0.0050400321742946038 -0.9999390578338988 0.12036204186958752 2.9700006670667185 -0.001876914174407399 -0.0012676323541882487 -0.93540483100319616 -0.5277851165098012 -2.3300374778867563 3.705512059659227 -0.81553397847787523 0.0020494602715852828 0.0010993635616221578
decision_type=2 2 2 2 2 2 2 2 2 2 2 2 2 2
left_child=2 -2 -1 4 -4 7 -7 13 9 -8 11 -11 -13 -5
right_child=1 -3 3 5 -6 6 8 -9 -10 10 -12 12 -14 -15
leaf_value=-0.0063913588357312383 -0.0010964338454654884 0.0062548821191005591 0.00087247831566722629 -0.0088436700168314768 0.0075772363767919121 0.0013459928283988394 -0.006137866767619694 -0.0008613177413963123 -0.00065307628178217934 0.010104874212773444 0.00013216427189871949 0.0029916577081671798 -0.0023756240341597525 0.00060071078822480049
leaf_weight=78.517342805862427 3690.9470650553703 64.376951858401299 3058.8969910591841 121.2797125428915 81.473365381360054 2539.1424546390772 69.5277199447155 1886.7968954890966 6486.0805765241385 76.442982792854309 1832.6025923639536 690.90390904247761 152.7867102175951 55.040791898965836
leaf_count=317 14897 259 12346 487 329 10202 281 7577 26072 310 7363 2773 613 221
internal_value=-9.73323e-05 -0.000962262 9.2513e-05 0.000124235 0.00105819 -8.6914e-05 0.000126614 -0.00131044 -0.000206554 0.000818975 0.0010055 0.00273478 0.00201141 -0.00596021
internal_weight=20884.8 3755.32 17129.5 17051 3140.37 13910.6 11847.5 2063.12 9308.34 2822.26 2752.74 920.134 843.691 176.321
internal_count=84047 15156 68891 68574 12675 55899 47614 8285 37412 11340 11059 3696 3386 708
is_linear=0
shrinkage=0.02


Tree=137
num_leaves=15
num_cat=0
split_feature=46 7 31 39 29 11 43 11 9 13 9 38 35 17
split_gain=12.6072 12.9486 12.9235 10.523 11.3225 10.4501 10.4272 10.8646 10.748 11.0508 10.7351 9.75787 8.66494 11.8234
threshold=-0.5277851165098012 -0.001320048564496333 0.32993611156946484 -0.70352406541153878 0.30909240308117614 0.0080031568838308271 -0.094564835451384124 -0.0012547896112762517 -0.0010806046382362572 0.0019103248696870209 0.014595591925987982 6.6359447795329078 0.32354720603456327 1.3639423603292407
decision_type=2 2 2 2 2 2 2 2 2 2 2 2 2 2
left_child=6 5 -3 4 -4 11 7 8 9 -1 12 -2 13 -8
right_child=1 2 3 -5 -6 -7 10 -9 -10 -11 -12 -13 -14 -15
leaf_value=0.0055525188917517135 -0.0012983868325256993 0.00053777112681094113 0.00023599310587022883 -0.00040423222408320601 -0.0050961576459267466 0.00096842442493952688 0.0014720977761109497 0.0033792420194509094 -0.0028298360449403241 0.00014875276743416121 0.0047082519345033784 -0.0043473735293357895 -0.0010388613668563639 -0.0016365812779642703
leaf_weight=211.33799922466278 1555.9959134757519 7482.3016173094511 251.81085602939129 3330.5847408771515 426.57163994014263 544.60775013267994 2148.0246360003948 1071.3780243247747 277.91719336807728 505.08361403644085 204.48693864047527 573.89610856771469 1716.6816146820784 628.85281972587109
leaf_count=857 6258 30120 1012 13418 1714 2191 8621 4310 1117 2042 824 2309 6916 2522
internal_value=9.41899e-05 -0.000245001 4.69154e-05 -0.000868742 -0.00312966 -0.001497 0.000804234 0.00198667 0.000476803 0.00177025 0.000282761 -0.00212819 7.63628e-05 0.000766429
internal_weight=20929.5 14165.8 11491.3 4008.97 678.382 2674.5 6763.76 2065.72 994.339 716.422 4698.05 2129.89 4493.56 2776.88
internal_count=84231 57022 46264 16144 2726 10758 27209 8326 4016 2899 18883 8567 18059 11143
is_linear=0
shrinkage=0.02


Tree=138
num_leaves=15
num_cat=0
split_feature=46 1 44 45 45 12 1 6 42 42 6 21 1 11
split_gain=12.1235 10.4622 9.8176 13.3247 14.1365 11.7019 16.1756 13.8303 12.7676 12.374 11.5408 10.8237 9.98682 11.105
threshold=-0.35206144883412549 9.628337998904976e-05 -0.34006636671340723 -0.7322063332683838 -0.6865489732965967 -0.0023093040800152812 -0.00049643395015383756 6.3846496006428934e-05 0.54649687380467848 0.57538288864219911 0.00080106724628673854 9.3597904314100984e-05 -1.0000000180025095e-35 0.0061032457456771409
decision_type=2 2 2 2 2 2 2 2 2 2 2 2 2 2
left_child=-1 2 3 10 -5 9 7 -7 -9 12 11 -2 13 -6
right_child=1 -3 -4 4 5 6 -8 8 -10 -11 -12 -13 -14 -15
leaf_value=0.00063357936493186175 -0.003997496468331997 -0.00096141576297368431 -0.00070832086613885922 -0.0091365140390349386 0.0037714782377031089 0.00019671333517384763 0.0017110520157299783 -0.0057076105326680504 0.0027492309407101618 -0.0073801846390797576 0.0072827626097769337 0.0027035922227798999 -0.0048627213083253448 -0.0013172440803952453
leaf_weight=8063.1923381835222 107.56828674674034 6035.5278431028128 2860.8755252212286 59.023871704936028 872.04908637702465 482.5477469265461 668.07193867862225 465.075578764081 81.103567779064178 50.475842103362083 185.0369725972414 684.1647911220789 68.489158004522324 210.54727517068386
leaf_count=32442 436 24297 11533 237 3499 1935 2682 1865 326 203 748 2765 275 845
internal_value=2.60797e-05 -0.000355793 0.000182448 0.000830283 0.000159799 0.000364523 -0.000704385 -0.0022737 -0.00443828 0.00187066 0.00284916 0.00177378 0.00230648 0.0027803
internal_weight=20893.7 12830.6 6795.03 3934.15 2957.38 2898.36 1696.8 1028.73 546.179 1201.56 976.77 791.733 1151.09 1082.6
internal_count=84088 51646 27349 15816 11867 11630 6808 4126 2191 4822 3949 3201 4619 4344
is_linear=0
shrinkage=0.02


Tree=139
num_leaves=15
num_cat=0
split_feature=41 43 1 17 11 34 44 41 6 0 23 37 41 22
split_gain=10.9727 9.13347 8.73938 8.62057 10.1876 13.4373 15.847 10.1853 9.95934 9.28829 14.2726 13.2529 9.0321 8.25945
threshold=0.61038292169484076 0.067074681782940168 7.9406583087109309e-05 0.62482313944864087 0.027063345454868108 62.350954512199017 0.22645832120507436 0.55297863073963871 0.0026779573969050014 0.0018035285737145583 1.2690652025899021 5.1360473412250709 0.52050643740776947 0.31339402624157303
decision_type=2 2 2 2 2 2 2 2 2 2 2 2 2 2
left_child=2 -2 13 8 5 9 7 12 -4 -5 11 -11 -7 -1
right_child=1 -3 3 4 -6 6 -8 -9 -10 10 -12 -13 -14 -15
leaf_value=0.0010651188975378571 -0.0085087813452474695 -0.0010022791706817398 -0.0010570285210969449 0.00062227067885398915 0.0037272133855767247 -0.005492997668475311 -0.00024122608405253775 -0.011867543090458198 -0.008173638486584308 -0.0085277394279030787 0.0023991907742819496 -0.00053576360173215919 0.003444429825908053 -0.00013713209781296846
leaf_weight=5805.5131619721651 61.598872363567352 2637.8973492532969 2332.1724031418562 4512.0133107453585 291.35798850655556 213.24678736925125 571.11095608770847 77.061896979808807 76.575983464717865 166.57703784108162 171.16722792387009 162.1472139954567 53.379484266042709 3766.2042873650789
leaf_count=23413 248 10656 9376 18117 1170 860 2306 313 308 670 689 651 216 15113
internal_value=-3.03597e-07 -0.00118898 0.000176298 -0.00028528 0.000108427 -7.24654e-05 -0.00229462 -0.00565439 -0.00129973 0.000335017 -0.00223822 -0.00465269 -0.00367323 0.000592242
internal_weight=20898 2699.5 18198.5 8626.81 6218.06 5926.7 914.799 343.688 2408.75 5011.9 499.891 328.724 266.626 9571.72
internal_count=84106 10904 73202 34676 24992 23822 3695 1389 9684 20127 2010 1321 1076 38526
is_linear=0
shrinkage=0.02


Tree=140
num_leaves=15
num_cat=0
split_feature=39 12 46 10 19 23 32 9 40 26 48 8 35 43
split_gain=10.7912 15.8388 9.7105 14.1145 10.022 11.4626 9.69263 10.6665 9.4214 8.45462 12.876 8.70597 10.0216 9.04912
threshold=-0.82860524303938388 0.00071769602116594918 0.065403129230143103 -0.004999891891141992 -0.4060854384176944 0.38360364644894879 -0.10517200694887024 -0.0017879304283443763 0.5448424457486426 0.99626973301244359 -1.0000000180025095e-35 0.0063205224463241619 0.83756011883788839 0.048713105086308113
decision_type=2 2 2 2 2 2 2 2 2 2 2 2 2 2
left_child=1 8 3 -3 -5 -6 7 -4 -1 11 -11 12 -2 -13
right_child=9 2 6 4 5 -7 -8 -9 -10 10 -12 13 -14 -15
leaf_value=-0.0010147000074575252 0.00025636604883522726 0.0040309548049612129 -0.0024428588116303745 0.00071325756476761583 0.00045986405099588778 -0.0094862305893768095 -0.0032449334241749167 0.006831846845287478 0.0031450053756986408 -0.003196263895198555 0.00025697537675304591 0.00023199711566674385 0.0030910374737146678 -0.0051513435670284225
leaf_weight=624.15937443077564 16146.463755548 53.799084588885307 94.373240724205971 62.896120339632034 54.573891222476959 286.59519709646702 366.97472648322582 95.199600204825401 328.23142820596695 735.9545734077692 1033.8755982518196 261.2962151914835 509.85224184393883 233.5533748716116
leaf_count=2507 64932 216 379 253 219 1151 1474 382 1318 2998 4192 1048 2060 940
internal_value=-1.65238e-05 -0.00142455 -0.00315725 -0.00530026 -0.00657674 -0.00791158 -0.00136273 0.00227058 0.000427836 0.000130176 -0.00118396 0.000266087 0.000344037 -0.00233488
internal_weight=20887.8 1966.8 1014.41 457.864 404.065 341.169 556.548 189.573 952.391 18921 1769.83 17151.2 16656.3 494.85
internal_count=84069 7899 4074 1839 1623 1370 2235 761 3825 76170 7190 68980 66992 1988
is_linear=0
shrinkage=0.02


Tree=141
num_leaves=15
num_cat=0
split_feature=43 48 38 40 41 8 13 8 42 20 2 6 46 3
split_gain=13.2201 8.37473 12.4251 12.494 9.03626 10.7234 8.7507 8.35239 11.1607 10.6318 9.08702 9.4126 11.8619 12.0721
threshold=-0.1050165146457241 -0.8783796973249266 10.403290955829654 0.56653400404165077 0.43304997797973294 0.0037341214663607915 0.00073483615220284472 0.0034949821017233947 0.56640352870384036 -0.41272819253578319 0.0047231453154959668 -1.5935758129095606e-05 0.72947329433276253 1.0000000180025095e-35
decision_type=2 2 2 2 2 2 2 2 2 2 2 2 2 2
left_child=1 2 6 -4 5 -3 -1 9 10 -2 11 -9 13 -13
right_child=7 4 3 -5 -6 -7 -8 8 -10 -11 -12 12 -14 -15
leaf_value=-2.6462043509833006e-05 -0.0010605081831049558 0.00054882851719874771 0.0031273326128058434 -0.00865444322597533 0.0026068082648099313 -0.0038825173383053206 0.0057768570774987624 -0.0024045161349807017 -0.0049056698508128764 0.00036807440811342367 0.00263216401389772 -0.0050946497223706743 0.0045026884710424901 0.00047760340236434703
leaf_weight=137.93486560881138 2651.9555670917034 4028.874574393034 74.268698871135712 61.600849464535713 811.44942535459995 225.96694572269917 416.04738377034664 1150.9167526811361 279.8366082161665 9654.8921420574188 281.24312619864941 197.99432443082333 201.9886200428009 661.95478378236294
leaf_count=558 10662 16249 300 249 3266 907 1685 4646 1138 38783 1131 802 818 2673
internal_value=0.000147609 0.000962579 0.00302231 -0.0023319 0.000679413 0.000309207 0.00434459 -0.000163671 -0.00115402 5.99289e-05 -0.00072411 -0.00115565 0.000202786 -0.000827384
internal_weight=20836.9 5756.14 689.852 135.87 5066.29 4254.84 553.982 15080.8 2773.93 12306.8 2494.1 2212.85 1061.94 859.949
internal_count=83867 23214 2792 549 20422 17156 2243 60653 11208 49445 10070 8939 4293 3475
is_linear=0
shrinkage=0.02


Tree=142
num_leaves=15
num_cat=0
split_feature=1 7 41 38 17 3 8 15 42 49 1 42 10 38
split_gain=10.7996 8.18531 10.9561 11.1312 10.0295 8.01857 12.4348 9.52706 7.99976 11.0956 9.03575 9.45645 8.89241 11.7509
threshold=0.00036562959475296689 -0.0017978663148643383 0.61687149158394095 3.198634149247821 1.4366861097375783 -0.0042294333946944406 0.00081634668083001543 0.0034135113660822536 0.43197229321492403 1.0000000180025095e-35 0.00023943350680367194 0.45143890395927705 -0.003466629957720319 1.4036211691326776
decision_type=2 2 2 2 2 2 2 2 2 2 2 2 2 2
left_child=1 2 4 -4 -1 6 7 -2 9 12 -10 -12 13 -3
right_child=5 8 3 -5 -6 -7 -8 -9 10 -11 11 -13 -14 -15
leaf_value=0.00051653440696641621 -0.0023477734996595911 2.2615297554329886e-05 0.0013172577009373813 -0.0095536560583371118 -0.0033385350622797561 -0.00059658237103881308 0.0094128141641185974 0.004977547551507768 0.00027607943689668651 -8.1877393695886929e-05 -0.0044775580381484319 0.0039723228928836788 0.0019695638655493363 0.0085444479832859164
leaf_weight=1271.6322473436594 179.33406791090965 91.112813070416451 56.605015143752098 101.50461898744106 337.37959018349648 8216.2117143273354 74.695565328001976 110.58208677172661 8422.0287998616695 641.12616609036922 55.725885421037674 452.17375108599663 662.30614817142487 218.70025849342346
leaf_count=5116 720 370 227 409 1356 33072 300 444 33883 2588 224 1821 2669 888
internal_value=7.72261e-05 0.000456802 -0.000801289 -0.00574067 -0.00029964 -0.000467274 0.00241524 0.000483326 0.000667948 0.00196198 0.000433206 0.0030106 0.00330346 0.00607843
internal_weight=20891.1 12310.3 1767.12 158.11 1609.01 8580.82 364.612 289.916 10543.2 1613.25 8929.93 507.9 972.119 309.813
internal_count=84087 49551 7108 636 6472 34536 1464 1164 42443 6515 35928 2045 3927 1258
is_linear=0
shrinkage=0.02


Tree=143
num_leaves=15
num_cat=0
split_feature=24 16 37 42 46 23 42 17 29 10 7 41 7 38
split_gain=10.1592 9.41871 13.3702 11.5737 10.4877 15.0308 11.916 11.5791 14.6057 11.9639 11.2221 9.56932 12.7206 13.0752
threshold=0.81814428590093791 0.0023583335182873707 1.7797465120666494 0.49765639843125115 -0.58216583101416131 0.65110048124563058 0.43291079091796353 0.87928150348796952 1.9996047882604386 -0.0080113641514290446 -0.00082922773257530856 0.53168859481330799 0.0019589843725016189 1.1323483466159128
decision_type=2 2 2 2 2 2 2 2 2 2 2 2 2 2
left_child=1 2 3 -1 5 6 -4 8 10 -9 -7 -6 13 -13
right_child=-2 -3 4 -5 11 7 -8 9 -10 -11 -12 12 -14 -15
leaf_value=0.00014555359956478932 -0.00089221510938359086 0.00076648737341079203 0.0047065997749703783 -0.003526997989827735 8.0805039713190632e-05 0.012028538023386168 -0.0027442191509333448 -0.0028602778478708625 -0.00051275699227987953 0.0019848654292224338 0.0043952664054594786 0.0067100893852398346 0.0050357308112215062 -0.0026302326401858025
leaf_weight=578.29282882809639 4988.7008381634951 6004.3154504001141 98.175209775567055 838.08816184103489 4554.9904922395945 98.560606509447098 513.97493731975555 257.51632238924503 181.84494861960411 910.77986767888069 352.09723052382469 57.988620579242706 98.673023611307144 1372.0627234131098
leaf_count=2322 20116 24144 395 3376 18340 397 2062 1039 732 3667 1419 233 396 5511
internal_value=-0.000105169 0.000141704 -0.000236922 -0.0020323 6.33842e-05 0.00117772 -0.00152082 0.00209671 0.00426573 0.000909259 0.00617836 -0.000379193 -0.0017456 -0.00222942
internal_weight=20906.1 15917.4 9913.04 1416.38 8496.66 2412.95 612.15 1800.8 632.503 1168.3 450.658 6083.71 1528.72 1430.05
internal_count=84149 64033 39889 5698 34191 9711 2457 7254 2548 4706 1816 24480 6140 5744
is_linear=0
shrinkage=0.02


Tree=144
num_leaves=15
num_cat=0
split_feature=3 41 1 21 22 18 37 30 3 34 16 46 1 11
split_gain=11.1697 10.6616 7.35823 10.1817 11.2094 8.72794 9.40071 10.0346 11.5111 10.0168 7.70228 9.48413 9.87009 7.51661
threshold=-0.0032783680854821251 0.39741492772804382 0.00036562959475296689 0.38286925509725939 0.18565790733314017 0.0016159247905938553 8.6800843692602268 0.35880544507366346 -0.0007186866681462902 44.728401533559357 0.0023140527962045802 -0.77259657388510627 0.002004382430770872 0.0070780535327546077
decision_type=2 2 2 2 2 2 2 2 2 2 2 2 2 2
left_child=-1 -2 -3 -4 10 -6 7 9 -9 -7 13 -12 -13 -5
right_child=1 2 3 4 5 6 -8 8 -10 -11 11 12 -14 -15
leaf_value=0.0018685713705553335 0.00081878777230427226 4.7435465694484591e-05 -0.0013450316254723805 -0.0010698960364897874 0.008776655677551079 -0.0012230263192628129 -0.0038844468189690507 -0.0072517772522471382 0.0018420615634216415 0.0063539335475100303 -0.004402688627878632 -0.00026850539678113306 0.0064313941269924348 -0.0060047951106146514
leaf_weight=1240.2711232602596 4123.099699601531 8974.3255825191736 4612.1928256750107 499.28891794383526 67.283101588487625 90.278116717934608 107.28717614710331 69.058337926864624 219.50970102846622 282.33777096867561 94.501857310533524 206.17771789431572 147.88816076517105 160.38924133777618
leaf_count=4988 16633 36080 18607 2003 270 362 430 277 881 1131 379 827 593 644
internal_value=3.16935e-05 -8.46712e-05 -0.000324711 -0.000833765 0.000379566 0.00212183 0.0014862 0.00238028 -0.000420665 0.00452629 -0.000937941 0.00107703 0.00258053 -0.00230588
internal_weight=20893.9 19653.6 15530.5 6556.19 1944 835.754 768.471 661.184 288.568 372.616 1108.25 448.568 354.066 659.678
internal_count=84105 79117 62484 26404 7797 3351 3081 2651 1158 1493 4446 1799 1420 2647
is_linear=0
shrinkage=0.02


Tree=145
num_leaves=15
num_cat=0
split_feature=46 42 11 12 46 36 7 47 11 11 39 21 18 16
split_gain=13.1971 11.9375 15.1745 11.014 10.3816 11.6957 10.0704 13.5795 9.02613 10.5976 14.1912 8.74728 11.5691 14.058
threshold=-0.35206144883412549 0.58875210424513491 0.0011296669749633211 -0.0043866503722119537 -0.22695468355932449 0.020956617803201696 -0.0012919874194456985 -0.93540483100319616 0.00059667856083739086 -0.0043955955523454606 -0.37014039450002706 0.1845825067841414 0.0060516738400286244 0.0023866667249495201
decision_type=2 2 2 2 2 2 2 2 2 2 2 2 2 2
left_child=-1 4 3 -3 5 -2 7 -6 9 10 -9 -8 13 -13
right_child=1 2 -4 -5 6 -7 11 8 -10 -11 -12 12 -14 -15
leaf_value=0.00066599541425571161 -0.0033638993676009879 -0.0057460499149070759 -0.0073904514124321285 0.005750059186106514 -0.0049266121421557094 0.0032996214062735595 -0.00045471995222391356 0.0026417324537450042 0.00095098994993133483 -0.0046021454132332759 -0.002814023212703486 0.00020292162601813528 -0.0043585743210571614 0.0025451896973202304
leaf_weight=8039.0668013095856 721.68551629781723 50.115695476531982 205.00805352628231 79.729965925216675 344.98521211743355 119.11495387554169 4530.6729142665863 330.52532202005386 818.20620413124561 360.99734100699425 437.04003182053566 3221.9208064824343 165.33425304293633 1498.8381851315498
leaf_count=32352 2906 202 831 322 1388 479 18273 1328 3292 1452 1759 12953 664 6023
internal_value=3.03414e-05 -0.000366379 -0.00406513 0.00126444 -0.000266105 -0.00240596 -0.000111479 -0.00129892 -0.000645084 -0.00180133 -0.000462799 0.000178044 0.000764645 0.000948496
internal_weight=20923.2 12884.2 334.854 129.846 12549.3 840.8 11708.5 2291.75 1946.77 1128.56 767.565 9416.77 4886.09 4720.76
internal_count=84224 51872 1355 524 50517 3385 47132 9219 7831 4539 3087 37913 19640 18976
is_linear=0
shrinkage=0.02


Tree=146
num_leaves=15
num_cat=0
split_feature=41 16 36 8 43 24 13 0 44 9 44 17 28 21
split_gain=8.33355 8.14129 8.66976 7.96491 7.30403 9.78169 10.1819 14.9487 9.84385 9.02801 10.5526 9.01115 9.63486 8.56824
threshold=0.61687149158394095 0.0043008528586622663 0.017540312067485745 -0.00033186723435353214 0.13711150013173584 0.93299706894268786 0.0018324314798625148 0.0037072832871672639 0.58305311661055759 0.0049835648361538816 -0.18275622635922636 0.69834753147265805 1.3525593263810396 0.096144561998681738
decision_type=2 2 2 2 2 2 2 2 2 2 2 2 2 2
left_child=-1 2 4 -4 -2 6 9 8 -8 10 13 -12 -13 -6
right_child=1 -3 3 -5 5 -7 7 -9 -10 -11 11 12 -14 -15
leaf_value=0.00012727165057220473 -0.0032684677866456793 0.0054534181201573838 0.0011508834248071895 -0.0055698446165130464 -0.01050091833199545 0.0024188360714023269 0.006064269477252515 -0.0056199890211053047 -0.0035674355319799591 -0.007626691860288486 0.0070724780189043782 -0.0044259504566258757 0.0042549531457363125 -0.0022401509370390503
leaf_weight=18384.544589757919 375.45132061839104 68.474063530564308 89.834632828831673 299.36115226149559 52.735598623752594 420.55156375467777 206.28441594541073 77.393068715929985 49.559200912714005 104.45915155112743 79.910143077373505 113.60377064347267 85.008775502443314 431.04346965253353
leaf_count=73967 1513 276 360 1211 213 1708 831 315 200 427 323 457 346 1736
internal_value=-1.89423e-05 -0.00111251 -0.00131201 -0.00402364 -0.000774547 -0.000188476 -0.00110848 0.00184368 0.0041659 -0.00224754 -0.00146553 0.00161741 -0.000697164 -0.00323885
internal_weight=20838.2 2453.67 2385.2 389.196 1996 1620.55 1200 333.237 255.844 866.761 762.302 278.523 198.613 483.779
internal_count=83883 9916 9640 1571 8069 6556 4848 1346 1031 3502 3075 1126 803 1949
is_linear=0
shrinkage=0.02


Tree=147
num_leaves=15
num_cat=0
split_feature=3 40 41 48 38 6 3 21 20 17 3 9 41 9
split_gain=8.46553 10.6142 9.26816 12.2543 10.3424 10.8748 10.6036 8.22084 15.3755 11.5153 10.7548 11.2626 11.0134 11.9454
threshold=-0.0028717060623703822 3.7283163098904368 0.46046694838891389 -0.8783796973249266 10.318537450591686 0.0018447924366460974 0.00085782691908632659 0.14408056575674319 -0.78002477838630369 0.41976485244594031 0.00052588951047040789 -0.010447088584256857 0.37720504405699101 -0.0045641161952105821
decision_type=2 2 2 2 2 2 2 2 2 2 2 2 2 2
left_child=1 -1 3 4 5 -2 -6 -5 -9 -10 12 -12 13 -11
right_child=2 -3 -4 7 6 -7 -8 8 9 10 11 -13 -14 -15
leaf_value=0.0018491606139879858 0.0038615691176164288 -0.004937021036959568 -0.00044836525596530418 -0.00067071961153435111 -0.0025175852474257467 -0.004328734723308734 0.0063087996560811776 0.0079838253375994622 0.0044777222798219251 0.0028114928904015911 -0.0074011030193382489 0.001894003973099836 0.00028988033912210129 -0.0042797806833549962
leaf_weight=1488.6247648745775 889.25805144011974 93.509944155812263 11459.912138089538 3033.3366572409868 272.15074163675308 65.841975778341293 62.815038919448853 108.70012526214123 264.1763070076704 112.8931340277195 49.473267212510109 1291.1727311611176 1199.6200461983681 508.93486900627613
leaf_count=5987 3591 376 46119 12228 1097 265 253 439 1062 459 200 5187 4823 2047
internal_value=2.96529e-05 0.00143378 -8.56842e-05 0.000443164 0.00222125 0.00327735 -0.00079396 9.25111e-05 0.000747457 0.00050658 0.000168267 0.00152477 -0.000831602 -0.0029802
internal_weight=20900.4 1582.13 19318.3 7858.37 1290.07 955.1 334.966 6568.31 3534.97 3426.27 3162.09 1340.65 1821.45 621.828
internal_count=84133 6363 77770 31651 5206 3856 1350 26445 14217 13778 12716 5387 7329 2506
is_linear=0
shrinkage=0.02


Tree=148
num_leaves=15
num_cat=0
split_feature=1 2 44 3 21 2 17 2 41 19 9 48 21 0
split_gain=9.71896 10.6789 9.75343 11.3308 9.38796 9.80447 9.40272 10.6937 9.95663 9.36447 11.1433 11.5695 9.80993 9.27485
threshold=7.9406583087109309e-05 0.0012623915685137002 1.7977352875005737 -0.00022750645776362422 0.37939706862494754 -0.0015558676715357641 0.59240393325787599 -0.00038305210141741146 0.57721744406773901 -0.42036224088536284 0.0032561555925699555 -0.8783796973249266 0.34410364120570919 -0.00028950931297538435
decision_type=2 2 2 2 2 2 2 2 2 2 2 2 2 2
left_child=1 2 9 -4 6 -6 7 13 -8 10 11 -1 -13 -2
right_child=4 -3 3 -5 5 -7 8 -9 -10 -11 -12 12 -14 -15
leaf_value=0.0056731243784372788 -0.002821118964137558 -0.00077230407423040776 0.0008554073822606837 -0.004563566703735685 0.0029769728181155311 -7.6929769951250484e-05 -9.5205164752195208e-06 -0.0033232865089583403 -0.0020089637518721057 0.00054918401966806338 0.0095905987081504902 0.00050576067839129947 0.0066649878566614673 0.0020651811365669194
leaf_weight=260.8911911547184 269.29636332392693 2526.3228382915258 323.94778442382812 287.52901230752468 513.18138025701046 2229.6405457109213 4307.0164850354195 1114.8887565881014 1290.9979318529367 6077.4366545081139 74.457464799284935 1134.915104970336 108.94065769016743 353.4295212328434
leaf_count=1069 1081 10160 1308 1161 2059 8942 17319 4504 5239 24403 299 4612 443 1424
internal_value=-5.22575e-05 0.000364672 0.000712331 -0.00170905 -0.000498765 0.000498832 -0.000871857 -0.00215499 -0.000472008 0.000906698 0.00227648 0.00188401 0.00106973 -5.35278e-05
internal_weight=20872.9 10794.4 8268.12 611.477 10078.5 2742.82 7335.63 1737.61 5598.01 7656.64 1579.2 1504.75 1243.86 622.726
internal_count=84023 43455 33295 2469 40568 11001 29567 7009 22558 30826 6423 6124 5055 2505
is_linear=0
shrinkage=0.02


Tree=149
num_leaves=15
num_cat=0
split_feature=36 41 20 14 37 12 12 35 29 21 36 21 44 44
split_gain=8.76901 9.53721 12.6318 9.85725 11.1095 10.8541 9.23619 9.89316 8.83954 8.49854 8.74615 12.5634 12.9723 11.8485
threshold=0.0017825711089709667 0.66895930146071614 0.94034558291230697 0.0018315489789632738 4.3689066732218977 0.0033891614727830977 0.01265925127139364 0.62287053764215539 -3.9652797757584541 0.3355418628989027 0.0054303607054181227 0.65202034962019362 -0.71915503578444739 -0.57317754847282376
decision_type=2 2 2 2 2 2 2 2 2 2 2 2 2 2
left_child=-1 9 3 5 6 8 -5 -8 -3 -2 11 12 -11 -13
right_child=1 2 -4 4 -6 -7 7 -9 -10 10 -12 13 -14 -15
leaf_value=0.0065675701911044205 -0.00017612814421681851 -0.00033005756052937972 0.0045936081087087728 -0.0075496444956050877 0.0045814484169678709 -0.0011137203326296815 -0.0048190717580761681 0.0072064459167679763 -0.0081405636010531933 -0.0037326756720201656 0.0010220883166887058 -0.00052615501475029424 0.0021256243980347983 -0.01007549272823924
leaf_weight=76.792785406112671 13558.499616190791 74.485992580652237 104.42410655319691 84.558838948607445 132.86749696731567 279.44146610796452 49.859727099537849 49.803707271814346 263.2933391481638 220.3555950075388 5327.7207750827074 102.47893656790257 454.48069056868553 101.68340729176998
leaf_count=309 54620 300 424 342 535 1133 201 203 1064 884 21399 411 1826 408
internal_value=3.18147e-05 6.11731e-06 -0.00185715 -0.00259874 0.0002672 -0.00406139 -0.00288323 0.00124749 -0.00644815 0.000104484 0.000717125 -0.00112662 0.000199319 -0.00540938
internal_weight=20880.7 20804 1038.73 934.311 317.09 617.221 184.222 99.6634 337.779 19765.2 6206.72 878.999 674.836 204.162
internal_count=84059 83750 4202 3778 1281 2497 746 404 1364 79548 24928 3529 2710 819
is_linear=0
shrinkage=0.02


Tree=150
num_leaves=15
num_cat=0
split_feature=11 26 8 23 45 40 6 21 12 42 38 22 40 2
split_gain=12.6031 9.92358 10.4397 10.684 12.733 12.2647 12.9415 12.4862 11.9183 10.747 10.2208 11.3016 10.043 10.0379
threshold=0.020766347658104995 1.0432433573282041 0.0067627817282144799 0.60213761359307238 1.7557430357369312 1.4001209185800585 -0.00035179355420037768 0.75260845099241702 -0.0005841044384287936 0.43838295092102292 4.6166466893112252 0.092339709640685011 0.49787723009169332 -0.0025629911389671101
decision_type=2 2 2 2 2 2 2 2 2 2 2 2 2 2
left_child=1 2 3 5 -5 6 7 12 9 -8 -11 -12 -1 -10
right_child=-2 -3 -4 4 -6 -7 8 -9 13 10 11 -13 -14 -15
leaf_value=-0.00082325555068584453 0.002075685731082496 -0.0017713394425857383 -0.0032425018293540538 0.00026581895623889305 0.0043619343492968237 -0.0056795441491241869 0.0046613503784762485 -0.0075515387999567276 0.0053858004688047143 -0.0025466586990227349 0.0073053329815518766 -0.00054583227111355858 0.0026389189483630067 -0.0032875934105569479
leaf_weight=545.90118658542633 1135.1995102763176 1301.40310741961 376.34722694754601 13912.331013098359 305.36825779080391 192.85282456874847 163.82736125588417 61.957310318946838 51.600900307297707 539.33579112589359 100.6504812836647 237.77911148965359 855.24095302820206 1136.0432460606098
leaf_count=2192 4564 5303 1513 55988 1234 774 658 249 207 2164 404 955 3434 4562
internal_value=3.10788e-05 -8.67549e-05 3.23293e-05 0.000101287 0.000355298 -0.000827516 -0.000566754 0.000892952 -0.00152465 3.82396e-05 -0.000846139 0.0018615 0.00129188 -0.00288975
internal_weight=20915.8 19780.6 18479.2 18102.9 14217.7 3885.19 3692.34 1463.1 2229.24 1041.59 877.765 338.43 1401.14 1187.64
internal_count=84201 79637 74334 72821 57222 15599 14825 5875 8950 4181 3523 1359 5626 4769
is_linear=0
shrinkage=0.02


Tree=151
num_leaves=15
num_cat=0
split_feature=32 4 17 24 24 41 10 43 38 39 19 13 27 19
split_gain=9.74985 10.3671 9.03379 9.1839 9.68202 17.4092 10.4478 11.4493 9.68038 10.9323 9.99726 9.69821 8.99879 11.8942
threshold=0.59303336773663629 0.0097869525938695627 1.8726097656074827 4.0803841670434502e-05 0.062781442881954044 0.42529126309296605 0.002975421844755733 -0.19990334239412957 4.9839397424211711 -0.96259661540349739 -1.1109560533183647 0.0025534469753259854 -1.1617665997093798 -1.0766687103175505
decision_type=2 2 2 2 2 2 2 2 2 2 2 2 2 2
left_child=1 2 3 -1 5 6 12 -8 -6 -10 11 -11 -5 -14
right_child=-2 -3 -4 4 8 -7 7 -9 9 10 -12 -13 13 -15
leaf_value=-0.0025972373821364332 0.0065662405275585022 0.0072856398508624491 -0.0021872890261787539 0.0055097870972550169 0.00040221652546159871 -0.0006987956157319911 0.0015568654179369159 0.012442597611620374 -0.0037493009510138463 0.0010485167201225673 -0.00049173400494592482 0.011198251599017361 -0.0078705743001252857 0.0019067908798040751
leaf_weight=552.04479491710663 82.479525670409203 70.240625351667404 831.78309899568558 231.04963229596615 7764.6366073340178 744.54512715339661 66.874597266316414 92.094861730933189 402.45918004214764 118.32559683918953 9308.6613290309906 51.071766465902328 52.256122618913651 376.78707121312618
leaf_count=2224 332 282 3346 948 31233 2997 269 370 1617 481 37482 207 212 1520
internal_value=-9.66516e-05 -0.00012483 -0.000151869 -6.56615e-05 7.75096e-06 0.00151355 0.00351666 0.00805035 -0.000126075 -0.000541228 -0.000403101 0.00434189 0.0023725 0.000638991
internal_weight=20745.3 20662.8 20592.6 19760.8 19208.8 1563.61 819.062 158.969 17645.2 9880.52 9478.06 169.397 660.093 429.043
internal_count=83520 83188 82906 79560 77336 6316 3319 639 71020 39787 38170 688 2680 1732
is_linear=0
shrinkage=0.02


Tree=152
num_leaves=15
num_cat=0
split_feature=6 8 18 7 4 15 42 8 26 3 45 48 12 3
split_gain=7.74472 10.3215 13.2013 10.8021 10.285 9.57383 9.27841 9.92045 7.49766 7.28413 7.15555 10.9806 9.23876 8.05516
threshold=-0.00049639482506082624 0.0063205224463241619 0.0029148748529698814 -0.0014045852977599329 0.0014247462926608608 0.0019477798415133269 0.46812807449174443 0.0015422832470262857 1.1498912903585536 -0.00016667708470694261 2.1148666732085108 -0.60785761079279388 -0.0075144799911319397 0.0010147720795081862
decision_type=2 2 2 2 2 2 2 2 2 2 2 2 2 2
left_child=1 2 3 6 5 -3 -1 9 -6 -8 13 -12 -13 -2
right_child=10 4 -4 -5 8 -7 7 -9 -10 -11 11 12 -14 -15
leaf_value=-0.00033165460072017333 -0.00041577284675852139 0.0035470673041749353 0.0015842413070623273 0.00026001655730060048 -0.0022323684034260471 -0.0052191913630322551 0.0028188175423330564 -0.012329461637701091 0.0059565483147860998 -0.0072011857385683347 -0.0062349182152858906 -0.0068660319895834819 0.0003834732314514471 0.0007761953761248842
leaf_weight=199.71333032846451 9414.2246685475111 55.16324120759964 3715.0249146521091 3110.2826547473669 84.016952380537987 321.97294893860817 50.312352731823921 67.741181090474129 86.014307901263237 57.505106970667839 189.42196100950241 77.576569348573685 470.68204033374786 2982.0474587678909
leaf_count=804 37889 224 14945 12526 338 1298 202 273 348 231 776 315 1909 11989
internal_value=5.26786e-05 0.000553968 0.000755594 -0.000128611 -0.00208219 -0.00390733 -0.00331065 -0.0065965 0.00196201 -0.00260771 -0.000243131 -0.00215001 -0.000695086 -0.000128836
internal_weight=20881.7 7747.75 7200.58 3485.55 547.167 377.136 375.272 175.559 170.031 107.817 13134 737.681 548.259 12396.3
internal_count=84067 31189 28981 14036 2208 1522 1510 706 686 433 52878 3000 2224 49878
is_linear=0
shrinkage=0.02


Tree=153
num_leaves=15
num_cat=0
split_feature=44 44 6 42 3 45 36 11 47 37 10 44 18 36
split_gain=10.6138 14.0627 9.47049 7.54132 7.85068 17.4747 8.92212 7.58016 14.9739 12.8891 11.5245 11.4913 8.9607 11.9451
threshold=4.1280110524937159 4.646989985648692 0.0054770274085067889 0.38026323246560706 -0.00021237677529653632 -1.089837689940927 0.0091379155131903356 0.020766347658104995 0.98611507088852057 1.9806119786253693 0.015536830117386977 -0.93038999724130933 0.0028451080481721514 0.02962639373315783
decision_type=2 2 2 2 2 2 2 2 2 2 2 2 2 2
left_child=2 -2 3 4 5 6 -1 9 -9 11 12 -5 -11 -14
right_child=1 -3 -4 7 -6 -7 -8 8 -10 10 -12 -13 13 -15
leaf_value=0.010622772802870131 0.01033328693228496 0.00048459129460535913 -0.0031069513155087924 -0.0065074523928628034 0.0049655709972166624 -0.004871382389065238 -0.00017358363611366898 0.0021548222397866868 -0.0082444792258518518 -0.00036977235202278818 -0.0052464160314188704 -0.0011284887206349813 0.00089549806926314394 -0.0015428928519483551
leaf_weight=58.914782807230949 85.326293364167213 163.47718225419521 409.90592834353447 164.40206794440746 236.38225205242634 135.99464648962021 58.468259945511818 960.13692432641983 53.882948473095894 8552.2126823961735 159.89506037533283 2647.108494207263 6322.4313417524099 915.89151984453201
leaf_count=241 345 661 1647 662 955 546 238 3860 217 34431 644 10678 25435 3683
internal_value=-6.59053e-05 0.0039992 -0.000115778 -5.45258e-05 0.00238438 -7.31629e-05 0.00545774 -0.000115514 0.00156448 -0.000206705 1.354e-05 -0.00145402 6.84462e-05 0.000586107
internal_weight=20924.4 248.803 20675.6 20265.7 489.76 253.378 117.383 19776 1014.02 18761.9 15950.4 2811.51 15790.5 7238.32
internal_count=84243 1006 83237 81590 1980 1025 479 79610 4077 75533 64193 11340 63549 29118
is_linear=0
shrinkage=0.02


Tree=154
num_leaves=15
num_cat=0
split_feature=33 33 7 1 2 7 42 45 6 7 34 39 28 49
split_gain=12.734 12.8114 13.2985 13.0221 11.4885 13.452 7.86567 10.3844 10.9252 9.84348 9.30379 14.1345 13.2298 11.8404
threshold=74.619850597828716 81.10702041801234 -0.0010543143779658279 0.0013419104071418591 0.002829004974511844 -0.00068208218325760655 0.45012105252128992 0.65667956069324773 -0.001876914174407399 -0.001589550407622818 42.914557397048078 -0.38595493637346945 -0.8225038306793756 -0.22252093395631442
decision_type=2 2 2 2 2 2 2 2 2 2 2 2 2 2
left_child=6 3 -3 4 5 -2 7 8 -1 -8 11 -10 -13 -12
right_child=1 2 -4 -5 -6 -7 9 -9 10 -11 13 12 -14 -15
leaf_value=0.0028068933651662865 0.0081553335170178372 0.008227470382671043 -0.00095757403608726923 -0.0067942711053962422 -0.00839534041457074 -0.0017513813739497412 -0.0013031328908884626 0.0034423102006359658 0.0044758928352469259 3.2773010417494564e-05 0.00059034840972409166 -0.00063455318940849339 0.0093286701248264103 -0.0024958669061672135
leaf_weight=631.34753584861755 63.139610633254051 69.049596726894379 419.98948320746422 315.27093294262886 71.423584803938866 275.65550081431866 2673.5089561343193 503.58969114720821 378.57750345766544 12512.276403784752 1010.7136061787605 917.94039225578308 51.578767344355583 970.86587868630886
leaf_count=2547 257 280 1707 1283 289 1124 10745 2025 1534 50324 4062 3718 210 3899
internal_value=-0.000108841 -0.00209192 0.000409445 -0.00376931 -0.00139068 0.000186641 1.42279e-05 0.000751716 0.000405735 -0.000202769 -5.308e-05 0.00122608 -5.93627e-05 -0.000924205
internal_weight=20864.9 1214.53 489.039 725.49 410.219 338.795 19650.4 4464.61 3961.02 15185.8 3329.68 1348.1 969.519 1981.58
internal_count=84004 4940 1987 2953 1670 1381 79064 17995 15970 61069 13423 5462 3928 7961
is_linear=0
shrinkage=0.02


Tree=155
num_leaves=15
num_cat=0
split_feature=41 20 14 15 7 34 33 47 7 3 43 44 34 46
split_gain=7.29636 11.157 9.46359 8.18504 7.84616 9.75555 12.7201 10.2929 8.46462 13.3756 12.2987 11.745 9.51162 10.7325
threshold=0.66895930146071614 0.94034558291230697 0.0018315489789632738 0.0017746172173015325 -0.0016220444259698759 72.392202030490509 66.451531905565531 -0.95642797789208689 -0.00066350861053618285 0.0023544248905635781 0.14495455588408099 3.7562435544118928 28.478900420066633 -0.83146961230254501
decision_type=2 2 2 2 2 2 2 2 2 2 2 2 2 2
left_child=4 2 3 -2 5 6 7 -1 9 10 12 -10 -6 -14
right_child=1 -3 -4 -5 8 -7 -8 -9 11 -11 -12 -13 13 -15
leaf_value=-0.0044970772564085571 -0.0023260095080458003 0.0042502214339435809 0.00051163114901298698 -0.0075625447080679481 -0.0058886774393294974 0.0076452799032098095 -0.0050469273453769715 -0.00018425260449981407 6.2157490349284839e-06 0.0052540667281562852 0.0042852572380302012 0.0046985715799486476 0.0035847226746466795 -1.6096494586653489e-05
leaf_weight=234.88654635846615 466.42965565621853 112.59732738137245 318.77698071300983 159.38691286742687 89.954620569944382 49.601294472813606 264.65705180168152 2871.3250079751015 12948.873922467232 294.81256230175495 352.71607895195484 211.94450855255127 389.5550397336483 2058.4297351837158
leaf_count=944 1888 457 1288 645 364 200 1071 11541 52127 1186 1423 857 1567 8283
internal_value=3.85745e-05 -0.00157624 -0.00228948 -0.00370905 0.000125317 -0.000745082 -0.000879684 -0.000517084 0.00030762 0.00123184 0.000813254 8.35381e-05 0.000323248 0.000563051
internal_weight=20823.9 1057.19 944.594 625.817 19766.8 3420.47 3370.87 3106.21 16346.3 3185.47 2890.66 13160.8 2537.94 2447.98
internal_count=83841 4278 3821 2533 79563 13756 13556 12485 65807 12823 11637 52984 10214 9850
is_linear=0
shrinkage=0.02


Tree=156
num_leaves=15
num_cat=0
split_feature=1 1 25 44 43 3 30 6 7 43 1 5 32 47
split_gain=10.3235 10.3051 9.26199 9.44116 8.92543 12.386 12.3834 11.5467 9.04094 8.62711 9.68065 10.9418 8.29108 8.16023
threshold=0.00036562959475296689 0.00043040937711938713 5.5000000000000009 4.1280110524937159 -0.031579924184281023 -0.0036696213887612837 1.0662266616633456 -0.001876914174407399 0.00080106724628673854 0.48678829082329239 -1.5935758129095606e-05 0.0012175898729924802 -0.079864167005191222 0.29012925520284133
decision_type=2 2 2 2 2 2 2 2 2 2 2 2 2 2
left_child=9 -2 3 4 6 -6 7 12 -8 -1 11 -11 -3 -9
right_child=1 2 -4 -5 5 -7 8 13 -10 10 -12 -13 -14 -15
leaf_value=0.00042313255658379728 -0.0039968894831611005 0.00023859900478008733 -0.0052913137299006319 0.0056531175676984794 0.0031188319893627465 -0.0012336735396481107 0.0082835764730228596 0.00041319494570315384 0.00084177299555563442 -0.0070397037063666757 0.0037405814942789439 0.0029718259941899266 0.00544379081932594 -0.0018783309479463528
leaf_weight=11978.106430098414 331.58465838432312 246.06340771913528 148.599963799119 99.052899643778801 273.37701651453972 4384.5928008854389 125.48711244761944 1536.7440060079098 133.24359475076199 186.26809659600258 63.941042244434357 53.483646929264069 239.51591223478317 1037.2276492267847
leaf_count=48220 1335 990 605 400 1097 17679 504 6173 535 752 260 216 962 4166
internal_value=-3.32792e-05 -0.000566471 -0.000425813 -0.000333061 -0.000410895 -0.000975154 0.000381448 2.29689e-05 0.00453974 0.000338221 -0.00296343 -0.00479125 0.00283542 -0.000512068
internal_weight=20837.3 8555.49 8223.9 8075.3 7976.25 4657.97 3318.28 3059.55 258.731 12281.8 303.693 239.752 485.579 2573.97
internal_count=83894 34446 33111 32506 32106 18776 13330 12291 1039 49448 1228 968 1952 10339
is_linear=0
shrinkage=0.02


Tree=157
num_leaves=15
num_cat=0
split_feature=0 10 40 47 7 3 7 31 42 3 34 8 43 47
split_gain=7.64735 8.57202 11.0929 10.4816 8.85872 8.41117 8.38816 8.21155 8.00878 12.969 14.662 10.1583 8.55091 9.14054
threshold=-0.0036691478989532632 -0.020016393283064333 1.4968215483793157 0.63405362205439464 0.00011159684183263686 -0.0032783680854821251 0.0054770274085067889 0.93777093086534247 0.38026323246560706 9.628337998904976e-05 42.20556659037063 -0.00033186723435353214 -0.54820028979767954 -0.63405362205439475
decision_type=2 2 2 2 2 2 2 2 2 2 2 2 2 2
left_child=6 2 4 -4 -2 -3 7 -1 9 10 -7 -11 13 -10
right_child=1 5 3 -5 -6 8 -8 -9 12 11 -12 -13 -14 -15
leaf_value=0.0016736217482416905 0.0050837874703696133 0.0018336022804918181 -0.0075554911131330916 0.0020157953844169335 -0.004658059920105752 0.0055039694004691397 -0.0053296029929591412 0.0088413568036896841 0.0012827795778507648 0.0012574724856626068 -0.0036531168011622308 0.011012443345651225 -8.7779595511798363e-05 -0.0052539200067775798
leaf_weight=865.91840681433678 92.749332904815674 955.78839763998985 197.47911776602268 56.785235211253166 55.67564469575882 108.90143847465515 58.205261722207069 64.551101982593536 125.34731328487396 77.463201716542244 176.22938331961632 94.265382140874863 17739.058718577027 253.75545129179955
leaf_count=3514 373 3841 793 228 224 444 235 260 506 315 709 379 71393 1025
internal_value=3.43214e-05 -5.10272e-05 -0.00292129 -0.00542027 0.00139681 8.88478e-06 0.0017467 0.00221548 -8.54753e-05 0.00251528 -0.000121125 0.00677225 -0.000151731 -0.00310405
internal_weight=20922.2 19933.5 402.689 254.264 148.425 19530.8 988.675 930.47 18575 456.859 285.131 171.729 18118.2 379.103
internal_count=84239 80230 1618 1021 597 78612 4009 3774 74771 1847 1153 694 72924 1531
is_linear=0
shrinkage=0.02


Tree=158
num_leaves=15
num_cat=0
split_feature=23 35 40 12 15 19 36 27 32 33 24 21 15 42
split_gain=9.86942 8.68774 14.2151 10.022 8.69824 8.33256 8.97985 8.5236 7.96569 12.3529 7.89541 7.83107 7.57554 7.50399
threshold=0.60976625215100266 0.53489407742861472 0.59941501520800522 -0.011733666101582919 0.0028471074373458013 -0.42036224088536284 0.0080784195303639401 1.2027091070945912 0.59303336773663629 74.619850597828716 4.0803841670434502e-05 0.21567492911763939 0.0018683119392439919 0.50685963258362354
decision_type=2 2 2 2 2 2 2 2 2 2 2 2 2 2
left_child=1 3 4 -1 11 6 -5 -7 9 10 -2 -3 -13 -4
right_child=8 2 13 5 -6 7 -8 -9 -10 -11 -12 12 -14 -15
leaf_value=0.0014046735950710607 -0.002350037933803398 -0.0071678351786536552 0.0027569365056597933 -0.0011739776597159423 -0.011210190643816375 -0.0015539904866260174 0.0085194915170587297 0.0041550155485371278 0.0063838360781549308 -0.0019151766031421415 0.00037826620170142806 -0.0044600330729549957 0.0053059424754011821 -0.0026423860048545569
leaf_weight=860.37650579214096 431.75198277831078 127.62301662564278 174.72814303636551 77.306612551212311 86.386347308754921 2527.0386650115252 68.630973070859909 104.40557654201984 77.559277936816216 1071.7848934978247 14923.28106816113 65.929858088493347 52.552069455385208 236.16249811649323
leaf_count=3453 1741 517 703 311 348 10139 276 419 312 4364 60080 265 211 953
internal_value=-3.71676e-05 -0.000880442 -0.00284321 -0.000475996 -0.00588477 -0.00106007 0.00351584 -0.00132003 0.000186881 0.000155689 0.000300812 -0.00382948 -8.89324e-05 -0.000340824
internal_weight=20885.5 4381.14 743.382 3637.76 332.491 2777.38 145.938 2631.44 16504.4 16426.8 15355 246.105 118.482 410.891
internal_count=84092 17595 2997 14598 1341 11145 587 10558 66497 66185 61821 993 476 1656
is_linear=0
shrinkage=0.02


Tree=159
num_leaves=15
num_cat=0
split_feature=6 25 23 2 42 28 17 20 40 21 26 28 15 32
split_gain=10.3818 15.5468 14.4689 8.44936 9.22566 10.6863 10.3298 10.5069 9.9624 8.49918 9.96719 12.5403 10.3767 9.51643
threshold=-0.00035179355420037768 3.5000000000000004 0.80354571710719347 0.0018035285737145583 0.55102228170460676 2.3761899267253144 0.56379121261749476 -0.092014959898494342 1.8228960094155344 0.57987574463702596 0.034289228872170542 0.81569890353079522 0.0021949816824140909 -0.19339983938400995
decision_type=2 2 2 2 2 2 2 2 2 2 2 2 2 2
left_child=1 -1 -3 -2 5 6 7 -5 9 10 13 -12 -13 -8
right_child=3 2 -4 4 -6 -7 8 -9 -10 -11 11 12 -14 -15
leaf_value=0.00075451778131620836 -0.00013981592829020981 -0.0072527211722740502 1.9035416705166724e-05 -0.01395253808807567 -0.0050445569306255674 0.0018831427215253208 0.0048030419288646658 -0.0019597911163749633 -0.0059067613815500155 -0.0067000422973936113 0.0049810049940167836 -0.0060677281623530291 0.0023392320744638909 -0.0042699330895231346
leaf_weight=8069.1326098591089 10611.520568236709 185.49467402696609 257.20199692249298 50.336385786533356 264.0606774687767 376.46174471080303 52.108745470643044 66.026898548007011 154.75625781714916 74.362979143857956 252.30286240577698 101.10647109150887 127.23722216486931 250.09715561568737
leaf_count=32478 42732 750 1045 202 1067 1517 210 266 622 298 1013 407 512 1005
internal_value=1.61593e-05 0.000553664 -0.00307488 -0.000353463 -0.00163115 -0.00101744 -0.00198924 -0.0075087 -0.00132078 -0.000463402 0.000167776 0.00195026 -0.00143347 -0.00265279
internal_weight=20892.2 8511.83 442.697 12380.4 1768.86 1504.8 1128.33 116.363 1011.97 857.215 782.852 480.647 228.344 302.206
internal_count=84124 34273 1795 49851 7119 6052 4535 468 4067 3445 3147 1932 919 1215
is_linear=0
shrinkage=0.02


end of trees

feature_importances:
close_pos=104
ema8_dist=103
ret_lag2=97
upper_wick_frac=92
taker_ratio=84
taker_ratio_8=82
lower_wick_frac=74
ret_lag7=70
taker_delta_z=70
tod_cos=70
vol_rel_4=63
vwap_dist=63
rsi7=57
ret_lag4=56
ret_96=56
dist_high_96=52
tod_sin=52
dow_sin=51
dist_low_96=48
ret_32=47
vol_ratio_8_96=44
trades_z=44
ret_lag8=43
ret_4=42
macd_hist=40
body_frac=38
body=37
up_streak=37
vol_8=34
vol_96=34
ret_lag6=33
ema50_dist=32
range_atr=31
vol_z=31
ema200_dist=28
rsi14=28
bb_width=28
ret_lag3=27
ret_16=27
ret_8=26
ret_lag5=21
macd=21
ret_1=19
bb_pos=19
ema8_20=17
vol_16=16
vol_48=16
atr14_pct=13
ema20_dist=12
dow_cos=11

parameters:
[boosting: gbdt]
[objective: binary]
[metric: binary_logloss]
[tree_learner: serial]
[device_type: cpu]
[data_sample_strategy: bagging]
[data: ]
[valid: ]
[num_iterations: 160]
[learning_rate: 0.02]
[num_leaves: 15]
[num_threads: 0]
[seed: 42]
[deterministic: 0]
[force_col_wise: 0]
[force_row_wise: 0]
[histogram_pool_size: -1]
[max_depth: -1]
[min_data_in_leaf: 200]
[min_sum_hessian_in_leaf: 0.001]
[bagging_fraction: 0.8]
[pos_bagging_fraction: 1]
[neg_bagging_fraction: 1]
[bagging_freq: 1]
[bagging_seed: 400]
[bagging_by_query: 0]
[feature_fraction: 0.7]
[feature_fraction_bynode: 1]
[feature_fraction_seed: 30056]
[extra_trees: 0]
[extra_seed: 12879]
[early_stopping_round: 0]
[early_stopping_min_delta: 0]
[first_metric_only: 0]
[max_delta_step: 0]
[lambda_l1: 0]
[lambda_l2: 5]
[linear_lambda: 0]
[min_gain_to_split: 0]
[drop_rate: 0.1]
[max_drop: 50]
[skip_drop: 0.5]
[xgboost_dart_mode: 0]
[uniform_drop: 0]
[drop_seed: 17869]
[top_rate: 0.2]
[other_rate: 0.1]
[min_data_per_group: 100]
[max_cat_threshold: 32]
[cat_l2: 10]
[cat_smooth: 10]
[max_cat_to_onehot: 4]
[top_k: 20]
[monotone_constraints: ]
[monotone_constraints_method: basic]
[monotone_penalty: 0]
[feature_contri: ]
[forcedsplits_filename: ]
[refit_decay_rate: 0.9]
[cegb_tradeoff: 1]
[cegb_penalty_split: 0]
[cegb_penalty_feature_lazy: ]
[cegb_penalty_feature_coupled: ]
[path_smooth: 0]
[interaction_constraints: ]
[verbosity: -1]
[saved_feature_importance_type: 0]
[use_quantized_grad: 0]
[num_grad_quant_bins: 4]
[quant_train_renew_leaf: 0]
[stochastic_rounding: 1]
[linear_tree: 0]
[max_bin: 255]
[max_bin_by_feature: ]
[min_data_in_bin: 3]
[bin_construct_sample_cnt: 200000]
[data_random_seed: 175]
[is_enable_sparse: 1]
[enable_bundle: 1]
[use_missing: 1]
[zero_as_missing: 0]
[feature_pre_filter: 1]
[pre_partition: 0]
[two_round: 0]
[header: 0]
[label_column: ]
[weight_column: ]
[group_column: ]
[ignore_column: ]
[categorical_feature: ]
[forcedbins_filename: ]
[precise_float_parser: 0]
[parser_config_file: ]
[objective_seed: 16083]
[num_class: 1]
[is_unbalance: 0]
[scale_pos_weight: 1]
[sigmoid: 1]
[boost_from_average: 1]
[reg_sqrt: 0]
[alpha: 0.9]
[fair_c: 1]
[poisson_max_delta_step: 0.7]
[tweedie_variance_power: 1.5]
[lambdarank_truncation_level: 30]
[lambdarank_norm: 1]
[label_gain: ]
[lambdarank_position_bias_regularization: 0]
[eval_at: ]
[multi_error_top_k: 1]
[auc_mu_weights: ]
[num_machines: 1]
[local_listen_port: 12400]
[time_out: 120]
[machine_list_filename: ]
[machines: ]
[gpu_platform_id: -1]
[gpu_device_id: -1]
[gpu_device_id_list: ]
[gpu_use_dp: 0]
[num_gpu: 1]

end of parameters

pandas_categorical:[]
