tree
version=v4
num_class=1
num_tree_per_iteration=1
label_index=0
max_feature_idx=51
objective=regression
feature_names=Column_0 Column_1 Column_2 Column_3 Column_4 Column_5 Column_6 Column_7 Column_8 Column_9 Column_10 Column_11 Column_12 Column_13 Column_14 Column_15 Column_16 Column_17 Column_18 Column_19 Column_20 Column_21 Column_22 Column_23 Column_24 Column_25 Column_26 Column_27 Column_28 Column_29 Column_30 Column_31 Column_32 Column_33 Column_34 Column_35 Column_36 Column_37 Column_38 Column_39 Column_40 Column_41 Column_42 Column_43 Column_44 Column_45 Column_46 Column_47 Column_48 Column_49 Column_50 Column_51
feature_infos=[-0.22936582565307617:0.27162370085716248] [-0.22936582565307617:0.27162370085716248] [-0.22936582565307617:0.27162370085716248] [-0.22936582565307617:0.27162370085716248] [-0.22936582565307617:0.27162370085716248] [-0.22936582565307617:0.27162370085716248] [-0.22936582565307617:0.27162370085716248] [-0.22936582565307617:0.27162370085716248] [-0.43180000782012939:0.25583392381668091] [-0.48278102278709412:0.30144593119621277] [-0.49826455116271973:0.38780665397644043] [-0.64115297794342041:0.43818977475166321] [-0.67286235094070435:0.73624825477600098] [0.00049096602015197277:0.12153025716543198] [0.00080451305257156491:0.085739091038703918] [0.0025092260912060738:0.056927066296339035] [0.0026195177342742682:0.04438018798828125] [0.068177789449691772:3.2192549705505371] [0.0038709219079464674:0.11456647515296936] [-4.6645078659057617:6.083066463470459] [-1:1] [0:0.98730009794235229] [0:0.99706029891967773] [0.067424364387989044:8.8468542098999023] [0:1] [-13:14] [-4.2999911308288574:5.120643138885498] [-5.4453277587890625:6.2810559272766113] [-7.0787816047668457:8.2396888732910156] [-15.031606674194336:13.964994430541992] [-2.3600246906280518:2.5321474075317383] [-2.3254868984222412:2.2651047706604004] [-0.78597468137741089:0.88904392719268799] [1.2357139587402344:98.014015197753906] [5.3690590858459473:94.989814758300781] [-2.0074803829193115:2.0942544937133789] [0.0033164652995765209:0.73399901390075684] [0:35.836799621582031] [0.015573445707559586:20.830289840698242] [-2.1493511199951172:9.4326210021972656] [0.090121857821941376:6.2338695526123047] [0.19166627526283264:0.83051079511642456] [0.26687100529670715:0.69099271297454834] [-1.6349755525588989:2.0128772258758545] [-2.5241954326629639:8.8717117309570312] [-4.5927729606628418:6.192986011505127] [-0.86602538824081421:0.86602538824081421] [-1:1] [-0.97492790222167969:0.97492790222167969] [-0.90096884965896606:1] [-1:1] [-1:1]
tree_sizes=849 843 850 839 845 837 853 841 847 837 847 851 845 849 849 843 844 851 845 849 848 845 847 841 855 846 842 841 848 843 846 851 848 849 850 839 844 848 850 850 850 845 842 852 853 844 845 843 859 850 855 849 848 849 855 842 853 845 847 850 850 852 848 853 857 851 842 852 858 848 850 843 847 853 849 853 848 848 848 850 848 847 840 846 856 855 848 845 841 847 840 857 847 852 850 846 845 849 848 847 852 847 855 852 853 858 851 854 848 850 861 847 850 852 841 848 848 844 850 855 858 845 848 851 854 848 845 861 855 846 852 853 845 847 850 844 847 857 844 847 853 843 856 844 856 842 845 846 849 845 852 858 853 856 854 856 858 848 860 852 859 850 850 855 850 852 849 850 849 850 847 848 848 849 851 857 851 854 855 851 847 854 847 848 846 856 848 849 850 852 845 852 847 851 849 852 852 843 845 845

Tree=0
num_leaves=7
num_cat=0
split_feature=14 8 36 5 8 3
split_gain=0.0119509 0.00534945 0.00321077 0.00250873 0.00244851 0.00136307
threshold=0.012000499758869411 0.021079523488879207 0.16921161860227588 0.002706512226723135 0.019095981493592266 -0.0072221069131046525
decision_type=2 2 2 2 2 2
left_child=1 -1 4 -4 5 -2
right_child=2 -3 3 -5 -6 -7
leaf_value=-0.00035660568452751238 -0.00031523918269373247 -0.00030632241293551162 -0.00031529697378587622 -0.00026888223878776952 -0.00030131626577620095 -0.00034077983202112798
leaf_weight=49730 7578 5874 6502 5321 8310 16533
leaf_count=49730 7578 5874 6502 5321 8310 16533
internal_value=-0.000335848 -0.000351272 -0.000316467 -0.000294213 -0.000324634 -0.000332726
internal_weight=99848 55604 44244 11823 32421 24111
internal_count=99848 55604 44244 11823 32421 24111
is_linear=0
shrinkage=1


Tree=1
num_leaves=7
num_cat=0
split_feature=13 51 24 2 13 10
split_gain=0.0142081 0.00571102 0.0219075 0.0145375 0.0118601 0.0065713
threshold=0.011986815836280586 -1.0000000180025095e-35 0.27199317514896398 -0.0055247584823518983 0.025284366682171825 0.062434384599328048
decision_type=2 2 2 2 2 2
left_child=-1 2 -2 -4 5 -3
right_child=1 4 3 -5 -6 -7
leaf_value=-1.554039093614657e-05 -0.0001214659120798805 6.0092299859549151e-06 0.00011588204856312474 -1.088817990928927e-05 0.00010630023977636883 7.3786898483865326e-05
leaf_weight=60413 3000 17007 3339 6775 4887 4482
leaf_count=60413 3000 17007 3339 6775 4887 4482
internal_value=-2.99854e-07 2.30057e-05 -3.95462e-06 3.13275e-05 3.63924e-05 2.02842e-05
internal_weight=99903 39490 13114 10114 26376 21489
internal_count=99903 39490 13114 10114 26376 21489
is_linear=0
shrinkage=0.05


Tree=2
num_leaves=7
num_cat=0
split_feature=14 51 5 24 5 51
split_gain=0.00870212 0.00834993 0.0326466 0.0195307 0.0188653 0.0144814
threshold=0.011406774632632734 -1.0000000180025095e-35 -0.00074922494241036464 0.61497983336448681 -0.00074922494241036464 1.0000000180025095e-35
decision_type=2 2 2 2 2 2
left_child=-1 2 3 -2 5 -3
right_child=1 4 -4 -5 -6 -7
leaf_value=-1.4400006504305491e-05 -0.00016135557761472712 2.1548348650026443e-05 5.1097660597195397e-05 5.0589855219246217e-06 -5.1711584319504576e-06 0.00012188043524060609
leaf_weight=52192 4216 7167 8617 3000 17372 7222
leaf_count=52192 4216 7167 8617 3000 17372 7222
internal_value=-3.06479e-07 1.51475e-05 -1.4484e-05 -9.26112e-05 2.99185e-05 7.21538e-05
internal_weight=99786 47594 15833 7216 31761 14389
internal_count=99786 47594 15833 7216 31761 14389
is_linear=0
shrinkage=0.05


Tree=3
num_leaves=7
num_cat=0
split_feature=13 51 3 13 2 8
split_gain=0.0135085 0.00572675 0.0152753 0.0146751 0.0127855 0.00684226
threshold=0.013624963350594045 -1.0000000180025095e-35 0.0092318230308592337 0.025284366682171825 0.002168853767216206 0.02887743711471558
decision_type=2 2 2 2 2 2
left_child=-1 2 4 5 -2 -3
right_child=1 3 -4 -5 -6 -7
leaf_value=-1.1901054984495271e-05 9.5983579798234183e-05 2.1987693974173169e-06 -9.5361173037685333e-05 0.00011751681378340486 -3.2829625681789914e-05 7.8595883469021683e-05
leaf_weight=67439 4045 12872 3090 4933 3601 3746
leaf_count=67439 4045 12872 3090 4933 3601 3746
internal_value=8.31023e-07 2.74022e-05 -2.433e-06 4.22364e-05 3.54979e-05 1.96042e-05
internal_weight=99726 32287 10736 21551 7646 16618
internal_count=99726 32287 10736 21551 7646 16618
is_linear=0
shrinkage=0.05


Tree=4
num_leaves=7
num_cat=0
split_feature=8 14 3 39 29 16
split_gain=0.0116148 0.00602522 0.00299354 0.00259093 0.000991422 0.00106356
threshold=0.017947394400835041 0.011262282263487579 -0.018283008597791191 0.10185369849205018 -5.4912602901458731 0.01637979689985514
decision_type=2 2 2 2 2 2
left_child=1 -1 -3 -2 -4 -6
right_child=3 2 4 -5 5 -7
leaf_value=-2.0684073989126184e-05 1.540429634475751e-05 4.0649261083541176e-05 -2.2496287320876681e-05 5.1665516472578078e-05 -3.6828471596682241e-06 1.7599934760975162e-05
leaf_weight=45244 9659 5512 3957 10133 15638 9335
leaf_count=45244 9659 5512 3957 10133 15638 9335
internal_value=-1.79314e-07 -8.69766e-06 7.05519e-06 3.40525e-05 5.95454e-07 4.29201e-06
internal_weight=99478 79686 34442 19792 28930 24973
internal_count=99478 79686 34442 19792 28930 24973
is_linear=0
shrinkage=0.05


Tree=5
num_leaves=7
num_cat=0
split_feature=36 26 1 20 17 1
split_gain=0.00949049 0.00431829 0.00323567 0.00148935 0.0015501 0.00138568
threshold=0.091950889676809325 1.0496642589569094 0.010516487993299963 0.67426356673240673 1.5090448260307314 0.0092318230308592337
decision_type=2 2 2 2 2 2
left_child=1 5 3 4 -2 -1
right_child=2 -3 -4 -5 -6 -7
leaf_value=-1.6960551440423066e-05 3.1091708577852032e-06 3.7516721344408628e-05 4.7704731491490667e-05 4.5600916595154727e-05 3.705810480267136e-05 8.9897961345062644e-06
leaf_weight=53400 20785 4237 8638 3014 3964 5661
leaf_count=53400 20785 4237 8638 3014 3964 5661
internal_value=7.35287e-07 -1.09611e-05 2.10614e-05 1.2701e-05 8.61046e-06 -1.44677e-05
internal_weight=99699 63298 36401 27763 24749 59061
internal_count=99699 63298 36401 27763 24749 59061
is_linear=0
shrinkage=0.05


Tree=6
num_leaves=7
num_cat=0
split_feature=10 14 4 39 35 12
split_gain=0.00743594 0.00350347 0.00202605 0.00144327 0.000971687 0.000962321
threshold=0.039706554263830192 0.012207272928208114 -0.0050048739649355403 -0.26509656012058253 0.90393659472465526 0.040652219206094749
decision_type=2 2 2 2 2 2
left_child=1 5 -2 -4 -5 -1
right_child=2 -3 3 4 -6 -7
leaf_value=-2.0776719201994731e-05 5.6539565497426103e-05 6.0985383155660665e-06 -8.9796876768171341e-07 1.6547100890672406e-05 4.7435848330926952e-05 -5.9569342398926193e-06
leaf_weight=32649 4203 28986 6413 6405 4276 16551
leaf_count=32649 4203 28986 6413 6405 4276 16551
internal_value=-5.47694e-07 -7.68434e-06 2.56091e-05 1.78614e-05 2.90764e-05 -1.58024e-05
internal_weight=99483 78186 21297 17094 10681 49200
internal_count=99483 78186 21297 17094 10681 49200
is_linear=0
shrinkage=0.05


Tree=7
num_leaves=7
num_cat=0
split_feature=51 26 24 2 3 40
split_gain=0.00766109 0.0168806 0.012149 0.014542 0.0105972 0.00875399
threshold=-1.0000000180025095e-35 1.1314120888710024 0.44031700491905218 -0.0063550036866217843 0.019379066303372387 1.1720643043518069
decision_type=2 2 2 2 2 2
left_child=2 4 5 -4 -2 -1
right_child=1 -3 3 -5 -6 -7
leaf_value=-3.1545459451139891e-05 -3.4007321364081894e-06 9.6090914282383387e-05 8.3650913568320413e-05 -1.8315145429560589e-05 8.4367705908708834e-05 -0.00012178579550410692
leaf_weight=9544 57447 5103 4443 15720 3608 3722
leaf_count=9544 57447 5103 4443 15720 3608 3722
internal_value=-6.7011e-07 9.18683e-06 -2.01622e-05 4.30484e-06 1.85067e-06 -5.72261e-05
internal_weight=99587 66158 33429 20163 61055 13266
internal_count=99587 66158 33429 20163 61055 13266
is_linear=0
shrinkage=0.05


Tree=8
num_leaves=7
num_cat=0
split_feature=13 51 24 13 8 6
split_gain=0.00718708 0.00575094 0.0233218 0.0212566 0.0114657 0.00828164
threshold=0.011894338298588993 -1.0000000180025095e-35 0.64137226343154918 0.019612434320151809 0.036703707650303848 -0.018299013376235958
decision_type=2 2 2 2 2 2
left_child=-1 2 3 -2 5 -3
right_child=1 4 -4 -5 -6 -7
leaf_value=-1.3842235618716949e-05 -1.9689499014819283e-06 8.2889437737315808e-05 6.7638114091386138e-05 -0.00016844733670006478 9.8140261454295624e-05 -1.4554150652070906e-06
leaf_weight=60158 4913 3402 5308 3096 4615 18536
leaf_count=60158 4913 3402 5308 3096 4615 18536
internal_value=-2.93578e-06 1.35172e-05 -1.32642e-05 -6.69695e-05 2.69484e-05 1.1783e-05
internal_weight=100028 39870 13317 8009 26553 21938
internal_count=100028 39870 13317 8009 26553 21938
is_linear=0
shrinkage=0.05


Tree=9
num_leaves=7
num_cat=0
split_feature=13 1 33 13 4 45
split_gain=0.00875087 0.00334439 0.00274793 0.00183125 0.00139591 0.00118959
threshold=0.011894338298588993 0.01076603587716818 64.904716491699233 0.023216060362756256 -0.012832033447921274 -0.71223694086074818
decision_type=2 2 2 2 2 2
left_child=2 4 -1 -3 5 -2
right_child=1 3 -4 -5 -6 -7
leaf_value=-1.611355339835708e-05 1.0498024956107757e-05 2.9561174781999838e-05 9.7452078843987709e-06 7.544853748048758e-05 5.8832075390852371e-06 5.4654351149444688e-05
leaf_weight=46547 3086 6736 13143 3253 23703 3024
leaf_count=46547 3086 6736 13143 3253 23703 3024
internal_value=1.68981e-06 1.98354e-05 -1.04164e-05 4.48061e-05 1.14079e-05 3.26184e-05
internal_weight=99492 39802 59690 9989 29813 6110
internal_count=99492 39802 59690 9989 29813 6110
is_linear=0
shrinkage=0.05


Tree=10
num_leaves=7
num_cat=0
split_feature=13 8 4 19 10 34
split_gain=0.00695842 0.00372482 0.00120721 0.00108121 0.00141032 0.000980077
threshold=0.0083856987766921538 0.035752341151237495 0.00094211925170384358 -0.86891353130340565 -0.074876029044389711 53.184638977050788
decision_type=2 2 2 2 2 2
left_child=-1 3 -3 -2 -5 -6
right_child=1 2 -4 4 5 -7
leaf_value=-1.6961755932392124e-05 -1.7172686229406227e-05 5.9526569440928986e-05 2.1351633494826603e-05 3.0265150913722365e-05 -2.9991317204066225e-06 1.2359780472885798e-05
leaf_weight=39086 4896 4243 4169 5856 22290 19375
leaf_count=39086 4896 4243 4169 5856 22290 19375
internal_value=-5.13051e-07 1.00614e-05 4.0845e-05 5.08697e-06 7.39598e-06 4.1493e-06
internal_weight=99915 60829 8412 52417 47521 41665
internal_count=99915 60829 8412 52417 47521 41665
is_linear=0
shrinkage=0.05


Tree=11
num_leaves=7
num_cat=0
split_feature=14 51 28 5 8 14
split_gain=0.00730315 0.00578751 0.0141977 0.0136865 0.00868532 0.00651455
threshold=0.025970417074859146 -1.0000000180025095e-35 1.8615627884864809 -0.002059188904240727 -0.015412458218634127 0.014095791149884464
decision_type=2 2 2 2 2 2
left_child=1 3 -3 5 -5 -1
right_child=-2 2 -4 4 -6 -7
leaf_value=-3.8926768894995043e-05 5.1006263728240194e-05 -8.124596780549947e-06 4.6866321929838542e-05 7.6095511427869925e-05 -1.0951584156378287e-05 -0.00012200592436950719
leaf_weight=7640 6676 46117 15690 3428 16229 3418
leaf_count=7640 6676 46117 15690 3428 16229 3418
internal_value=7.00989e-07 -2.95442e-06 5.86171e-06 -2.06756e-05 4.38318e-06 -6.50399e-05
internal_weight=99198 92522 61807 30715 19657 11058
internal_count=99198 92522 61807 30715 19657 11058
is_linear=0
shrinkage=0.05


Tree=12
num_leaves=7
num_cat=0
split_feature=36 8 51 51 24 24
split_gain=0.00568943 0.00421931 0.00989406 0.00335834 0.0197909 0.0151408
threshold=0.13520558923482898 0.017037245444953445 -1.0000000180025095e-35 -1.0000000180025095e-35 0.31140105426311498 0.58064815402030956
decision_type=2 2 2 2 2 2
left_child=1 -1 -3 5 -5 -2
right_child=3 2 -4 4 -6 -7
leaf_value=-1.1799232130500477e-05 -7.7078568216494848e-05 -4.0444572922854958e-05 4.7246278685104753e-05 0.00014597285791502314 2.5034459404412722e-06 7.5440847566758215e-05
leaf_weight=66190 3419 4781 9595 3165 9533 3015
leaf_count=66190 3419 4781 9595 3165 9533 3015
internal_value=-6.43067e-07 -6.46619e-06 1.8044e-05 2.38314e-05 3.86957e-05 -5.57671e-06
internal_weight=99698 80566 14376 19132 12698 6434
internal_count=99698 80566 14376 19132 12698 6434
is_linear=0
shrinkage=0.05


Tree=13
num_leaves=7
num_cat=0
split_feature=13 51 5 24 2 16
split_gain=0.00541085 0.00360953 0.0251187 0.0175144 0.0184598 0.0126024
threshold=0.0078542632982134836 -1.0000000180025095e-35 0.012118373997509481 0.41627375781536108 -0.0063550036866217843 0.014277926180511715
decision_type=2 2 2 2 2 2
left_child=-1 2 3 5 -5 -2
right_child=1 -3 -4 4 -6 -7
leaf_value=-1.6572793759615341e-05 -3.3700798762959475e-05 1.6125565680437207e-05 0.00010574656445534514 0.00010735880732439731 -3.6476363871959102e-05 -0.00017244939101471472
leaf_weight=35522 3542 42706 3848 3068 7789 3042
leaf_count=35522 3542 42706 3848 3068 7789 3042
internal_value=-9.37287e-07 7.74775e-06 -9.05666e-06 -3.46155e-05 4.47479e-06 -9.86233e-05
internal_weight=99517 63995 21289 17441 10857 6584
internal_count=99517 63995 21289 17441 10857 6584
is_linear=0
shrinkage=0.05


Tree=14
num_leaves=7
num_cat=0
split_feature=13 28 3 13 35 4
split_gain=0.00610552 0.00388864 0.00310843 0.00124656 0.00118585 0.00103927
threshold=0.016882016323506836 1.8615627884864809 -0.024633850902318951 0.0066091998014599094 1.0765845179557803 -0.012430622708052395
decision_type=2 2 2 2 2 2
left_child=1 3 -2 -1 -3 -4
right_child=2 4 5 -5 -6 -7
leaf_value=-2.4628270023288596e-05 6.6926173108549728e-05 5.3353085421659205e-06 3.3867276006368991e-05 -9.4968392128551787e-06 3.9168991856097473e-05 6.3919573414678249e-06
leaf_weight=21382 3173 16859 4606 37620 3015 13327
leaf_count=21382 3173 16859 4606 37620 3015 13327
internal_value=-2.16348e-06 -8.55626e-06 2.1691e-05 -1.49966e-05 1.05535e-05 1.35234e-05
internal_weight=99982 78876 21106 59002 19874 17933
internal_count=99982 78876 21106 59002 19874 17933
is_linear=0
shrinkage=0.05


Tree=15
num_leaves=7
num_cat=0
split_feature=18 26 14 26 41 39
split_gain=0.00591304 0.00327137 0.00140397 0.0010645 0.000853633 0.00116098
threshold=0.024838435463607315 1.3254385590553286 0.033009570091962821 0.45394220948219305 0.4651086181402207 0.10185369849205018
decision_type=2 2 2 2 2 2
left_child=1 3 4 -1 -2 -6
right_child=2 -3 -4 -5 5 -7
leaf_value=-1.1383055786627892e-05 6.6017201833360263e-06 3.5057570214257776e-05 -8.1145210029334656e-06 3.5661547933542009e-06 2.1326723408825307e-05 4.800159668008869e-05
leaf_weight=55512 3981 4614 3153 15131 10034 7010
leaf_count=55512 3981 4614 3153 15131 10034 7010
internal_value=1.40475e-06 -5.50837e-06 2.28897e-05 -8.18083e-06 2.75474e-05 3.24061e-05
internal_weight=99435 75257 24178 70643 21025 17044
internal_count=99435 75257 24178 70643 21025 17044
is_linear=0
shrinkage=0.05


Tree=16
num_leaves=7
num_cat=0
split_feature=18 40 27 14 27 25
split_gain=0.00616722 0.00277307 0.00216369 0.00140395 0.00103418 0.000824957
threshold=0.017923180945217613 1.033718526363373 1.0210244655609133 0.024681303650140766 -0.69575676321983326 1.5000000000000002
decision_type=2 2 2 2 2 2
left_child=2 4 -1 5 -2 -3
right_child=1 3 -4 -5 -6 -7
leaf_value=-1.8403430584121557e-05 -1.7086939277145559e-05 1.168101068039525e-05 5.6430822616812764e-06 4.682997830309856e-05 6.6122693096091875e-06 3.6891382571133799e-05
leaf_weight=37954 5899 13172 12383 5563 20303 4295
leaf_count=37954 5899 13172 12383 5563 20303 4295
internal_value=-1.87898e-07 1.23884e-05 -1.24882e-05 2.50258e-05 1.25435e-06 1.79677e-05
internal_weight=99569 49232 50337 23030 26202 17467
internal_count=99569 49232 50337 23030 26202 17467
is_linear=0
shrinkage=0.05


Tree=17
num_leaves=7
num_cat=0
split_feature=51 35 6 3 3 24
split_gain=0.00435051 0.0144058 0.0114768 0.0171735 0.00783054 0.00692517
threshold=-1.0000000180025095e-35 1.0091636776924136 -0.015312576666474341 -0.011369463521987198 0.01864668354392052 0.43169270455837255
decision_type=2 2 2 2 2 2
left_child=2 4 -1 -4 -2 -5
right_child=1 -3 3 5 -6 -7
leaf_value=-0.00010781592051921929 -5.6221137912031215e-06 9.1969257478706338e-05 9.4100491544098512e-05 -5.270133765267061e-05 6.4874444517982959e-05 -6.6461721783234375e-07
leaf_weight=3082 57972 4433 3625 10501 4176 16230
leaf_count=3082 57972 4433 3625 10501 4176 16230
internal_value=-1.98344e-06 5.40666e-06 -1.66845e-05 -7.27003e-06 -8.36794e-07 -2.11669e-05
internal_weight=100019 66581 33438 30356 62148 26731
internal_count=100019 66581 33438 30356 62148 26731
is_linear=0
shrinkage=0.05


Tree=18
num_leaves=7
num_cat=0
split_feature=51 5 5 5 3 26
split_gain=0.00411617 0.0244528 0.0155368 0.0145037 0.0125402 0.0125352
threshold=-1.0000000180025095e-35 0.013177269604057075 -0.014270060230046509 -0.0076046839822083703 0.0077629662118852147 1.1314120888710024
decision_type=2 2 2 2 2 2
left_child=1 2 -1 4 -2 -5
right_child=3 -3 -4 5 -6 -7
leaf_value=-0.00013133412694551602 2.5832132484228221e-05 0.0001046334328684481 -1.7029652536456929e-05 -1.1796376086217158e-05 0.00014106864903903397 7.2738709001173263e-05
leaf_weight=3306 9190 3756 26256 49525 3142 4761
leaf_count=3306 9190 3756 26256 49525 3142 4761
internal_value=-3.6389e-07 -1.46998e-05 -3.00128e-05 6.81167e-06 5.56437e-05 -4.32235e-06
internal_weight=99936 33318 29562 66618 12332 54286
internal_count=99936 33318 29562 66618 12332 54286
is_linear=0
shrinkage=0.05


Tree=19
num_leaves=7
num_cat=0
split_feature=8 51 20 35 11 13
split_gain=0.00501549 0.00757524 0.00495224 0.00424516 0.00242524 0.00147279
threshold=0.021079523488879207 1.0000000180025095e-35 0.25931765139102941 0.88147449493408214 0.14141443371772769 0.0074336763937026271
decision_type=2 2 2 2 2 2
left_child=4 2 -2 -4 5 -1
right_child=1 -3 3 -5 -6 -7
leaf_value=-1.6236401906741471e-05 -3.7300291669207712e-05 6.9983971832083609e-05 7.1415885360277286e-05 -9.1626190669566819e-06 3.7307935018544368e-05 -2.3261269524311504e-06
leaf_weight=31345 4992 5764 3025 3468 3046 48361
leaf_count=31345 4992 5764 3025 3468 3046 48361
internal_value=-1.00607e-06 2.34805e-05 -6.0539e-08 2.86367e-05 -6.12119e-06 -7.8032e-06
internal_weight=100001 17249 11485 6493 82752 79706
internal_count=100001 17249 11485 6493 82752 79706
is_linear=0
shrinkage=0.05


Tree=20
num_leaves=7
num_cat=0
split_feature=1 14 50 36 14 43
split_gain=0.00548204 0.00237151 0.00173052 0.0013877 0.00117283 0.000899436
threshold=0.011014537420123817 0.019899536855518821 1.0000000180025095e-35 0.092658262699842467 0.0072226016782224187 0.014554172288626434
decision_type=2 2 2 2 2 2
left_child=1 4 -3 -2 -1 -5
right_child=3 2 -4 5 -6 -7
leaf_value=-1.4408420088017839e-05 1.298224983301134e-05 3.5238368738052181e-05 -8.6640852499806879e-06 3.1185945363200883e-05 -8.5178929537594463e-07 6.5652749955857575e-05
leaf_weight=22922 5876 6752 3325 5011 52246 3195
leaf_count=22922 5876 6752 3325 5011 52246 3195
internal_value=2.84495e-06 -1.93546e-06 2.07811e-05 3.16875e-05 -4.99263e-06 4.49219e-05
internal_weight=99327 85245 10077 14082 75168 8206
internal_count=99327 85245 10077 14082 75168 8206
is_linear=0
shrinkage=0.05


Tree=21
num_leaves=7
num_cat=0
split_feature=36 40 8 44 11 46
split_gain=0.00444988 0.002252 0.00184819 0.000954322 0.000662575 0.000560723
threshold=0.13069683313369754 1.9047607183456423 0.019536742009222511 0.45566189289093023 0.093088589608669295 -1.0000000180025095e-35
decision_type=2 2 2 2 2 2
left_child=2 5 4 -4 -1 -2
right_child=1 -3 3 -5 -6 -7
leaf_value=-9.5775038922096605e-06 2.7276236141593469e-07 5.8520707609844866e-05 1.3251678595096182e-06 2.9830487241377156e-05 1.1060000282946863e-05 1.9817112016035963e-05
leaf_weight=63252 5353 3316 7281 4876 4103 11631
leaf_count=63252 5353 3316 7281 4876 4103 11631
internal_value=2.62912e-07 2.11272e-05 -5.07382e-06 1.28336e-05 -8.31308e-06 1.3676e-05
internal_weight=99812 20300 79512 12157 67355 16984
internal_count=99812 20300 79512 12157 67355 16984
is_linear=0
shrinkage=0.05


Tree=22
num_leaves=7
num_cat=0
split_feature=1 3 4 28 9 27
split_gain=0.003092 0.00184568 0.00163363 0.00120964 0.00127107 0.00112165
threshold=0.0068168344441801318 -0.011641027405858038 -0.015794705599546429 1.3614118695259096 -0.035925759002566331 0.32698431611061102
decision_type=2 2 2 2 2 2
left_child=2 -2 -1 4 -4 -3
right_child=1 5 3 -5 -6 -7
leaf_value=1.8399720525676339e-05 4.7551356928765216e-05 -8.5682305439242306e-06 6.3461349281333871e-06 1.8713786955721927e-06 -1.5719003558204512e-05 1.7654225050798121e-05
leaf_weight=6179 3614 6209 7647 20795 43572 11697
leaf_count=6179 3614 6209 7647 20795 43572 11697
internal_value=-1.55612e-06 1.52056e-05 -6.17598e-06 -8.29595e-06 -1.24217e-05 8.56291e-06
internal_weight=99713 21520 78193 72014 51219 17906
internal_count=99713 21520 78193 72014 51219 17906
is_linear=0
shrinkage=0.05


Tree=23
num_leaves=7
num_cat=0
split_feature=8 51 44 4 20 3
split_gain=0.00347178 0.00678114 0.00744379 0.00394818 0.00301228 0.00271228
threshold=0.018709772266447548 1.0000000180025095e-35 0.33596915006637579 0.0056859205942600974 0.19047368317842486 -0.018940139561891552
decision_type=2 2 2 2 2 2
left_child=5 3 -3 4 -2 -1
right_child=1 2 -4 -5 -6 -7
leaf_value=2.5400500028578121e-05 -2.0855089905876685e-05 8.0180743529986574e-06 0.00011568933667622643 -4.4530545963877395e-05 3.8775442711546852e-05 -8.6026699497990841e-06
leaf_weight=6319 3456 3368 3031 3959 5320 74238
leaf_count=6319 3456 3368 3031 3959 5320 74238
internal_value=-1.37227e-06 1.77454e-05 5.952e-05 -3.39592e-06 1.53077e-05 -5.92131e-06
internal_weight=99691 19134 6399 12735 8776 80557
internal_count=99691 19134 6399 12735 8776 80557
is_linear=0
shrinkage=0.05


Tree=24
num_leaves=7
num_cat=0
split_feature=1 51 5 5 2 4
split_gain=0.00425698 0.00255846 0.017168 0.0105402 0.0094058 0.00851044
threshold=0.0062322625890374192 -1.0000000180025095e-35 -0.0081718228757381422 -0.018940139561891552 -0.007942144758999346 0.0052685777191072711
decision_type=2 2 2 2 2 2
left_child=1 2 -1 -3 -4 -6
right_child=-2 3 4 -5 5 -7
leaf_value=-0.00010953031278539306 1.8909212522013501e-05 9.0063939949969782e-05 7.9633681537429819e-05 -4.8535327563882799e-06 4.3574429836036386e-06 -7.7461282235507896e-05
leaf_weight=4256 23051 3063 3105 48329 14297 4035
leaf_count=4256 23051 3063 3105 48329 14297 4035
internal_value=8.06035e-08 -5.55839e-06 -1.84247e-05 8.85657e-07 -1.24207e-07 -1.38131e-05
internal_weight=100136 77085 25693 51392 21437 18332
internal_count=100136 77085 25693 51392 21437 18332
is_linear=0
shrinkage=0.05


Tree=25
num_leaves=7
num_cat=0
split_feature=1 0 39 13 21 37
split_gain=0.00305158 0.00140438 0.00130602 0.000977446 0.000945327 0.000942557
threshold=0.0073569342494010934 0.0089858490973711031 -0.13115554302930829 0.0080340243875980395 0.13212837278842929 1.66751104593277
decision_type=2 2 2 2 2 2
left_child=1 3 -2 -1 -4 -6
right_child=2 -3 4 -5 5 -7
leaf_value=-1.3208266448993479e-05 3.2756778767139247e-06 1.1159196104412656e-05 5.2460443335652609e-05 -1.0558881054302714e-06 3.9656277367218712e-05 5.7225602627136372e-06
leaf_weight=31607 8793 12880 3075 34686 3489 4900
leaf_count=31607 8793 12880 3075 34686 3489 4900
internal_value=5.13198e-07 -3.91961e-06 1.78055e-05 -6.85545e-06 2.88874e-05 1.9987e-05
internal_weight=99430 79173 20257 66293 11464 8389
internal_count=99430 79173 20257 66293 11464 8389
is_linear=0
shrinkage=0.05


Tree=26
num_leaves=7
num_cat=0
split_feature=13 3 11 12 37 29
split_gain=0.00405881 0.0019525 0.00113889 0.000941537 0.000740854 0.000952381
threshold=0.012818447314202787 -0.014272990170866249 0.087982423603534712 -0.18290015310049054 4.3551611900329599 -1.2208963036537168
decision_type=2 2 2 2 2 2
left_child=2 -2 -1 -3 -5 -6
right_child=1 3 -4 4 5 -7
leaf_value=-8.87600883621967e-06 3.7522419406371602e-05 2.9559745908852912e-05 1.3827857974217383e-05 1.1639664882893838e-05 4.6273476477476128e-06 -2.8850377245836955e-05
leaf_weight=57981 7187 4391 6060 14408 6513 3095
leaf_count=57981 7187 4391 6060 14408 6513 3095
internal_value=8.04035e-07 1.43291e-05 -6.7185e-06 8.40552e-06 4.48438e-06 -6.25027e-06
internal_weight=99635 35594 64041 28407 24016 9608
internal_count=99635 35594 64041 28407 24016 9608
is_linear=0
shrinkage=0.05


Tree=27
num_leaves=7
num_cat=0
split_feature=36 37 4 47 1 1
split_gain=0.00268482 0.00194713 0.00148437 0.00146677 0.000678134 0.000563074
threshold=0.19184125214815143 1.04602986574173 -0.013375753071159123 1.0000000180025095e-35 0.00099889299599453829 0.0071757377590984115
decision_type=2 2 2 2 2 2
left_child=1 5 4 -2 -3 -1
right_child=3 2 -4 -5 -6 -7
leaf_value=1.0011166185065554e-05 4.7731025043274787e-05 2.5279795257152985e-06 -6.4527394797701061e-06 6.4964946556440213e-06 3.1665946032350455e-05 3.4318076068790345e-05
leaf_weight=6789 4368 4272 72706 4249 3715 3676
leaf_count=6789 4368 4272 72706 4249 3715 3676
internal_value=9.59803e-07 -1.56775e-06 -4.20256e-06 2.75533e-05 1.61936e-05 1.86719e-05
internal_weight=99775 91158 80693 8617 7987 10465
internal_count=99775 91158 80693 8617 7987 10465
is_linear=0
shrinkage=0.05


Tree=28
num_leaves=7
num_cat=0
split_feature=13 13 10 3 25 6
split_gain=0.00364136 0.00127964 0.00103497 0.000661582 0.000622499 0.000662149
threshold=0.0098641947843134421 0.029663570225238804 0.097260627895593657 -0.010061945300549267 1.5000000000000002 -0.012430622708052395
decision_type=2 2 2 2 2 2
left_child=-1 2 3 -2 5 -5
right_child=1 -3 -4 4 -6 -7
leaf_value=-9.2065146548481907e-06 1.6834792581398619e-05 3.4635381866017746e-05 3.0777287512099063e-05 -1.9692341289539599e-05 1.4274793655340548e-05 1.6032761276455635e-06
leaf_weight=48674 9133 4698 4234 4364 7487 21060
leaf_count=48674 9133 4698 4234 4364 7487 21060
internal_value=5.69977e-07 9.90485e-06 7.35961e-06 4.9676e-06 1.65384e-06 -2.08357e-06
internal_weight=99650 50976 46278 42044 32911 25424
internal_count=99650 50976 46278 42044 32911 25424
is_linear=0
shrinkage=0.05


Tree=29
num_leaves=7
num_cat=0
split_feature=3 8 51 8 0 36
split_gain=0.00246551 0.00277413 0.0075113 0.00549334 0.00327575 0.00485685
threshold=-0.023498101159930226 0.012094015721231701 1.0000000180025095e-35 0.033815268427133567 -0.00068777150590904046 0.13673275709152224
decision_type=2 2 2 2 2 2
left_child=-1 -2 4 -4 -3 -6
right_child=1 2 3 -5 5 -7
leaf_value=3.5765496635099182e-05 -6.1140326515528205e-06 -4.163393985188228e-05 2.1175455336215306e-05 0.00010409773287318091 -1.0309068077566824e-05 6.1918689121724188e-05
leaf_weight=4790 68304 4664 5663 3065 9562 3022
leaf_count=4790 68304 4664 5663 3065 9562 3022
internal_value=9.61333e-07 -8.24952e-07 1.30677e-05 5.07222e-05 -6.0781e-06 7.21256e-06
internal_weight=99070 94280 25976 8728 17248 12584
internal_count=99070 94280 25976 8728 17248 12584
is_linear=0
shrinkage=0.05


Tree=30
num_leaves=7
num_cat=0
split_feature=51 5 36 10 5 8
split_gain=0.00281365 0.0187951 0.0197235 0.0112184 0.0108045 0.00833369
threshold=-1.0000000180025095e-35 0.01076603587716818 0.15757936984300616 -0.039665939286351197 -0.018940139561891552 0.032037492841482169
decision_type=2 2 2 2 2 2
left_child=1 2 3 -1 -2 -6
right_child=4 -3 -4 -5 5 -7
leaf_value=7.4747978072249799e-05 7.9615301121840464e-05 7.884899967314407e-05 -0.00014346713696939615 -2.5453563976675089e-05 -5.9160077461804448e-06 5.5761659159158493e-05
leaf_weight=3153 4543 4789 3211 21839 55815 6022
leaf_count=3153 4543 4789 3211 21839 55815 6022
internal_value=-3.04472e-07 -1.22278e-05 -2.78052e-05 -1.26881e-05 5.62638e-06 1.30674e-07
internal_weight=99372 32992 28203 24992 66380 61837
internal_count=99372 32992 28203 24992 66380 61837
is_linear=0
shrinkage=0.05


Tree=31
num_leaves=7
num_cat=0
split_feature=4 33 51 5 39 5
split_gain=0.00237746 0.00169057 0.00310637 0.0152332 0.00923387 0.00660018
threshold=-0.013855777215212582 51.234760284423835 -1.0000000180025095e-35 0.0077629662118852147 0.20863452553749087 0.0089844795875251311
decision_type=2 2 2 2 2 2
left_child=-1 -2 3 4 -3 -4
right_child=1 2 5 -5 -6 -7
leaf_value=2.2265686932403146e-05 -1.0345267333998937e-05 -1.4490926204728598e-05 2.4366111416276843e-05 7.1438705565975318e-05 -0.00011120218557840523 -3.1173858305978504e-05
leaf_weight=10301 42016 8651 24887 3849 3414 6764
leaf_count=10301 42016 8651 24887 3849 3414 6764
internal_value=-4.2292e-07 -3.04287e-06 3.41171e-06 -1.45797e-05 -4.2203e-05 1.24665e-05
internal_weight=99882 89581 47565 15914 12065 31651
internal_count=99882 89581 47565 15914 12065 31651
is_linear=0
shrinkage=0.05


Tree=32
num_leaves=7
num_cat=0
split_feature=1 28 39 1 2 14
split_gain=0.00222633 0.00117398 0.00113826 0.000892718 0.000913978 0.000885041
threshold=0.0066279901657253512 3.6156663894653325 2.2216552495956425 -0.016224390827119347 -0.018283008597791191 0.018903275951743129
decision_type=2 2 2 2 2 2
left_child=2 -2 3 5 -5 -1
right_child=1 -3 -4 4 -6 -7
leaf_value=-8.5517955423931988e-06 7.1894675359056942e-06 4.0211879869909453e-05 2.3001698926964473e-05 2.0714877165825596e-05 -6.8261294415526603e-06 -4.380092710873697e-05
leaf_weight=4121 18822 3098 3176 3113 64132 3128
leaf_count=4121 18822 3098 3176 3113 64132 3128
internal_value=-2.11755e-06 1.19375e-05 -6.08928e-06 -7.34415e-06 -5.53672e-06 -2.39579e-05
internal_weight=99590 21920 77670 74494 67245 7249
internal_count=99590 21920 77670 74494 67245 7249
is_linear=0
shrinkage=0.05


Tree=33
num_leaves=7
num_cat=0
split_feature=16 51 35 5 34 5
split_gain=0.00260653 0.00233435 0.00824446 0.0067457 0.00807334 0.00483315
threshold=0.020566080696880821 -1.0000000180025095e-35 1.0091636776924136 -0.0076046839822083703 38.349580764770515 0.006088824477046729
decision_type=2 2 2 2 2 2
left_child=1 3 -3 -1 -5 -6
right_child=-2 2 -4 4 5 -7
leaf_value=-6.821585711452963e-05 2.1144551741909559e-05 -2.5685101672815412e-06 7.118958403296454e-05 6.7114519475803297e-05 -3.0095451434709187e-05 2.3986570334848146e-05
leaf_weight=4855 12533 54051 4024 3387 15300 5610
leaf_count=4855 12533 54051 4024 3387 15300 5610
internal_value=-1.30228e-07 -3.19741e-06 2.59901e-06 -1.47294e-05 -3.92363e-06 -1.5563e-05
internal_weight=99760 87227 58075 29152 24297 20910
internal_count=99760 87227 58075 29152 24297 20910
is_linear=0
shrinkage=0.05


Tree=34
num_leaves=7
num_cat=0
split_feature=3 51 5 3 5 3
split_gain=0.00221361 0.00242489 0.0170982 0.0127234 0.00856065 0.0109937
threshold=-0.016224390827119347 -1.0000000180025095e-35 0.013177269604057075 0.0077629662118852147 0.021658377721905712 0.0077629662118852147
decision_type=2 2 2 2 2 2
left_child=-1 2 3 -2 5 -3
right_child=1 4 -4 -5 -6 -7
leaf_value=2.4880144163376077e-05 -9.2401124064209357e-06 -2.8948463040529108e-06 9.3406749850190858e-05 -9.4229191642434651e-05 -7.6073097477268853e-05 5.0990159751262293e-05
leaf_weight=8353 21720 45889 3288 5478 3128 11874
leaf_count=8353 21720 45889 3288 5478 3128 11874
internal_value=3.21341e-07 -1.93602e-06 -1.34354e-05 -2.64994e-05 3.82764e-06 8.2165e-06
internal_weight=99730 91377 30486 27198 60891 57763
internal_count=99730 91377 30486 27198 60891 57763
is_linear=0
shrinkage=0.05


Tree=35
num_leaves=7
num_cat=0
split_feature=4 8 4 17 7 29
split_gain=0.00244344 0.00155545 0.00151256 0.00124227 0.00118099 0.000861713
threshold=-0.010936156846582888 0.031139138154685501 0.015917558223009113 1.36604380607605 0.0030922484584152703 3.0174034833908085
decision_type=2 2 2 2 2 2
left_child=3 2 5 -1 -4 -2
right_child=1 -3 4 -5 -6 -7
leaf_value=1.248331567230971e-05 -1.0382147943411524e-05 1.7990537779257411e-05 3.3451461500917866e-05 4.8767089210552122e-05 -6.7521941570442992e-06 1.4086041813787057e-06
leaf_weight=9975 47394 8688 4417 3064 3066 22996
leaf_count=9975 47394 8688 4417 3064 3066 22996
internal_value=1.02847e-06 -2.01497e-06 -4.25702e-06 2.11633e-05 1.70434e-05 -6.53191e-06
internal_weight=99600 86561 77873 13039 7483 70390
internal_count=99600 86561 77873 13039 7483 70390
is_linear=0
shrinkage=0.05


Tree=36
num_leaves=7
num_cat=0
split_feature=1 40 18 23 4 4
split_gain=0.00260014 0.00115755 0.000918295 0.000868087 0.000736878 0.000706361
threshold=0.0092318230308592337 1.0960245728492739 0.027262597344815735 1.4757111072540285 0.011821850202977659 -0.016224390827119347
decision_type=2 2 2 2 2 2
left_child=3 -2 -3 4 5 -1
right_child=1 2 -4 -5 -6 -7
leaf_value=9.8882073307536897e-06 4.9302875103039068e-06 1.8603469451205772e-05 5.3045321459033151e-05 9.6025457653105357e-06 8.3120764557544906e-06 -8.8363014787429166e-06
leaf_weight=5480 8224 5399 3051 11253 8679 57354
leaf_count=5480 8224 5399 3051 11253 8679 57354
internal_value=3.53739e-07 1.83363e-05 3.12781e-05 -3.27791e-06 -5.31002e-06 -7.1967e-06
internal_weight=99440 16674 8450 82766 71513 62834
internal_count=99440 16674 8450 82766 71513 62834
is_linear=0
shrinkage=0.05


Tree=37
num_leaves=7
num_cat=0
split_feature=51 24 2 36 13 35
split_gain=0.00255455 0.00993125 0.0156079 0.0124216 0.00895211 0.00634181
threshold=-1.0000000180025095e-35 0.44833637773990637 -0.0095475697889924032 0.122488621622324 0.026307175867259506 1.0091636776924136
decision_type=2 2 2 2 2 2
left_child=1 3 -3 -1 5 -2
right_child=4 2 -4 -5 -6 -7
leaf_value=-1.7542412375840139e-05 -2.9928149412966994e-06 0.00011319452358800124 -7.4303142319891654e-06 -0.00013159505044971895 7.4567915167349176e-05 6.0040865850513454e-05
leaf_weight=10496 57796 3140 16799 3048 4427 4236
leaf_count=10496 57796 3140 16799 3048 4427 4236
internal_value=6.12717e-07 -1.06399e-05 1.18013e-05 -4.35989e-05 6.28567e-06 1.35648e-06
internal_weight=99942 33483 19939 13544 66459 62032
internal_count=99942 33483 19939 13544 66459 62032
is_linear=0
shrinkage=0.05


Tree=38
num_leaves=7
num_cat=0
split_feature=3 28 26 13 15 13
split_gain=0.00162077 0.00150865 0.000898228 0.000560702 0.00048617 0.000717302
threshold=-0.02585214655846357 1.9619861245155337 1.5237379074096682 0.0048311548307538041 0.024916145950555805 0.022294641472399238
decision_type=2 2 2 2 2 2
left_child=-1 3 -3 -2 5 -5
right_child=1 2 -4 4 -6 -7
leaf_value=3.0623122770324629e-05 -1.5091387240411112e-05 5.1234973138463113e-06 3.2702959221790098e-05 -3.592061394395676e-06 -1.828390893089288e-05 1.8677976814402085e-05
leaf_weight=3959 12282 19794 3426 51498 4971 3839
leaf_count=3959 12282 19794 3426 51498 4971 3839
internal_value=-5.2416e-07 -1.82651e-06 9.25424e-06 -5.37494e-06 -3.38528e-06 -2.03161e-06
internal_weight=99769 95810 23220 72590 60308 55337
internal_count=99769 95810 23220 72590 60308 55337
is_linear=0
shrinkage=0.05


Tree=39
num_leaves=7
num_cat=0
split_feature=4 51 3 15 8 4
split_gain=0.00183 0.00131586 0.00939924 0.00743672 0.00735466 0.0029637
threshold=-0.0081718228757381422 -1.0000000180025095e-35 0.0077629662118852147 0.016516892239451412 0.032037492841482169 0.0049162970390170821
decision_type=2 2 2 2 2 2
left_child=-1 2 3 5 -3 -2
right_child=1 4 -4 -5 -6 -7
leaf_value=1.6776213966579131e-05 2.3353367432270737e-06 -2.5229823539592708e-06 -7.2989961405807465e-05 6.6500335893032874e-05 5.9554161259946076e-05 -4.2902826225624799e-05
leaf_weight=17404 13887 49937 4820 3841 5225 4845
leaf_count=17404 13887 49937 4820 3841 5225 4845
internal_value=2.06655e-06 -1.04277e-06 -9.99053e-06 3.59329e-06 3.40563e-06 -9.4485e-06
internal_weight=99959 82555 27393 22573 55162 18732
internal_count=99959 82555 27393 22573 55162 18732
is_linear=0
shrinkage=0.05


Tree=40
num_leaves=7
num_cat=0
split_feature=18 11 51 5 5 51
split_gain=0.00314454 0.00167075 0.00579149 0.00466885 0.000836364 0.00392234
threshold=0.047473227605223663 0.09903965145349504 1.0000000180025095e-35 0.0062308921478688726 -0.0074040610343217841 1.0000000180025095e-35
decision_type=2 2 2 2 2 2
left_child=1 4 3 -3 5 -1
right_child=-2 2 -4 -5 -6 -7
leaf_value=-1.0540761184131426e-05 4.2696842036658199e-05 -4.0463992933249079e-05 6.8347837861678734e-05 3.980972797062673e-05 -5.2709193173586434e-06 4.3391626306787213e-05
leaf_weight=9908 4347 4411 3692 3001 69292 5049
leaf_count=9908 4347 4411 3692 3001 69292 5049
internal_value=1.35577e-06 -5.50296e-07 1.76356e-05 -7.91348e-06 -2.95623e-06 7.74898e-06
internal_weight=99700 95353 11104 7412 84249 14957
internal_count=99700 95353 11104 7412 84249 14957
is_linear=0
shrinkage=0.05


Tree=41
num_leaves=7
num_cat=0
split_feature=4 1 40 51 3 18
split_gain=0.00315412 0.00257302 0.00124725 0.00317922 0.00320023 0.00172914
threshold=-0.0095475697889924032 0.0088044330477714556 1.3326473236083987 1.0000000180025095e-35 0.0063760590273886928 0.02038602810353041
decision_type=2 2 2 2 2 2
left_child=1 -1 -2 4 5 -4
right_child=2 -3 3 -5 -6 -7
leaf_value=1.0820717413810446e-05 -5.4091138742768025e-06 5.9979482802196791e-05 -1.0008556141374473e-05 4.3377981817892735e-05 -4.7110352873875534e-05 4.104675418376464e-05
leaf_weight=11602 70423 3417 3516 4871 3133 3063
leaf_count=11602 70423 3417 3516 4871 3133 3063
internal_value=1.08353e-06 2.21668e-05 -2.65234e-06 1.06334e-05 -5.9275e-06 1.38917e-05
internal_weight=100025 15019 85006 14583 9712 6579
internal_count=100025 15019 85006 14583 9712 6579
is_linear=0
shrinkage=0.05


Tree=42
num_leaves=7
num_cat=0
split_feature=0 1 21 4 45 2
split_gain=0.00129324 0.00109909 0.000735847 0.000572234 0.0016692 0.000588487
threshold=0.020092543214559559 0.023467241786420349 0.13029403239488604 -0.0077892860863357774 -1.4168566465377805 0.0089824348688125628
decision_type=2 2 2 2 2 2
left_child=1 3 -2 4 -1 -6
right_child=2 -3 -4 -5 5 -7
leaf_value=-2.4260529414797227e-05 4.9526988898808911e-06 2.3542802434989792e-05 3.933851114708698e-05 -4.5240605511185721e-06 8.1492094231947886e-06 3.3192559936377521e-05
leaf_weight=3482 3167 4133 3040 73576 8924 3158
leaf_count=3482 3167 4133 3040 73576 8924 3158
internal_value=-3.21065e-08 -1.5075e-06 2.19736e-05 -2.68151e-06 6.01541e-06 1.48049e-05
internal_weight=99480 93273 6207 89140 15564 12082
internal_count=99480 93273 6207 89140 15564 12082
is_linear=0
shrinkage=0.05


Tree=43
num_leaves=7
num_cat=0
split_feature=4 51 3 4 26 14
split_gain=0.00136703 0.00183262 0.0107198 0.00728209 0.00613776 0.00509432
threshold=-0.0040711243636906138 -1.0000000180025095e-35 0.0039344069082289943 0.0040360919665545234 1.1314120888710024 0.015737278386950496
decision_type=2 2 2 2 2 2
left_child=-1 2 5 -4 -3 -2
right_child=1 4 3 -5 -6 -7
leaf_value=9.1546125250139295e-06 -7.3933596394510883e-06 -3.8680178418884468e-06 -1.9122471863425772e-05 -0.00012420395038487294 5.8567731359889889e-05 6.2222332233153072e-05
leaf_weight=27984 13963 43544 3500 3104 4277 3185
leaf_count=27984 13963 43544 3500 3104 4277 3185
internal_value=-2.05782e-07 -3.8694e-06 -1.52062e-05 -6.90748e-05 1.77143e-06 5.68008e-06
internal_weight=99557 71573 23752 6604 47821 17148
internal_count=99557 71573 23752 6604 47821 17148
is_linear=0
shrinkage=0.05


Tree=44
num_leaves=7
num_cat=0
split_feature=39 15 13 18 29 35
split_gain=0.00176083 0.000806881 0.000642036 0.000976439 0.000633693 0.000593796
threshold=2.1258410215377812 0.010717729572206737 0.025842339731752876 0.038647819310426719 0.33098453283309942 -0.064142677932977663
decision_type=2 2 2 2 2 2
left_child=1 -1 3 4 5 -3
right_child=-2 2 -4 -5 -6 -7
leaf_value=-5.5083477117289339e-06 3.0196468367340805e-05 4.8516996391382177e-06 -1.1717125569384194e-05 3.1808764861809756e-05 9.4698140774829897e-06 -1.1608512278248516e-05
leaf_weight=39845 5004 12623 5885 3288 23711 9605
leaf_count=39845 5004 12623 5885 3288 23711 9605
internal_value=1.43896e-06 -9.15865e-08 3.82608e-06 5.69425e-06 3.7926e-06 -2.27106e-06
internal_weight=99961 94957 55112 49227 45939 22228
internal_count=99961 94957 55112 49227 45939 22228
is_linear=0
shrinkage=0.05


Tree=45
num_leaves=7
num_cat=0
split_feature=14 40 28 23 21 12
split_gain=0.00256063 0.00162037 0.00111711 0.00064832 0.000753856 0.000568236
threshold=0.015446466393768789 1.6120166778564455 1.8615627884864809 0.61541599035263073 0.37886705994606024 -0.049212595447897904
decision_type=2 2 2 2 2 2
left_child=2 3 -1 -2 5 -5
right_child=1 -3 -4 4 -6 -7
leaf_value=-5.778228597213273e-06 -6.3061047914068644e-06 4.1045578703008742e-05 8.3874475372142014e-06 2.0089588864251371e-05 3.3243605956467715e-05 -1.4642198708317296e-06
leaf_weight=55006 4796 5134 18578 5553 4010 6718
leaf_count=55006 4796 5134 18578 5553 4010 6718
internal_value=2.58358e-06 1.59873e-05 -2.19851e-06 9.80081e-06 1.45503e-05 8.33148e-06
internal_weight=99795 26211 73584 21077 16281 12271
internal_count=99795 26211 73584 21077 16281 12271
is_linear=0
shrinkage=0.05


Tree=46
num_leaves=7
num_cat=0
split_feature=4 33 5 41 22 32
split_gain=0.00166559 0.00158102 0.00087008 0.000827373 0.000709481 0.000909075
threshold=-0.015794705599546429 60.337156295776374 0.010209934320300819 0.49467737972736364 0.11612905561923982 0.0075542649719864139
decision_type=2 2 2 2 2 2
left_child=3 2 4 -1 5 -2
right_child=1 -3 -4 -5 -6 -7
leaf_value=3.7565723620476804e-06 1.9239870804914976e-05 6.532586190006241e-06 -2.4260162114531988e-05 3.4550403130895764e-05 -7.8584142399297556e-06 -1.4381157710011847e-05
leaf_weight=4139 5769 30420 6778 4594 44429 3028
leaf_count=4139 5769 30420 6778 4594 44429 3028
internal_value=-7.28325e-07 -2.74602e-06 -7.45148e-06 2.00602e-05 -5.29024e-06 7.65136e-06
internal_weight=99157 90424 60004 8733 53226 8797
internal_count=99157 90424 60004 8733 53226 8797
is_linear=0
shrinkage=0.05


Tree=47
num_leaves=7
num_cat=0
split_feature=4 13 11 34 4 6
split_gain=0.00278854 0.000970002 0.000681403 0.000681274 0.000795177 0.00071385
threshold=-0.014785476028919218 0.021414345130324367 -0.015737638808786866 62.793313980102546 0.012118373997509481 0.014050606638193132
decision_type=2 2 2 2 2 2
left_child=1 2 -1 4 -2 -5
right_child=3 -3 -4 5 -6 -7
leaf_value=-2.8302506134961031e-06 -6.81282989446874e-06 4.7007472247076844e-05 3.0330710988713961e-05 1.5469437988700164e-06 9.5549344693343038e-06 2.7869361093240104e-05
leaf_weight=3096 62325 3403 3035 16178 8378 3015
leaf_count=3096 62325 3403 3035 16178 8378 3015
internal_value=1.31536e-07 2.57704e-05 1.36978e-05 -2.60043e-06 -4.86794e-06 5.74356e-06
internal_weight=99430 9534 6131 89896 70703 19193
internal_count=99430 9534 6131 89896 70703 19193
is_linear=0
shrinkage=0.05


Tree=48
num_leaves=7
num_cat=0
split_feature=1 29 4 4 11 3
split_gain=0.000931312 0.000727426 0.0006761 0.000584151 0.000510019 0.000441867
threshold=0.025762283243238929 -6.0089900493621817 -0.011641027405858038 -0.00020559508993756023 0.021227529272437099 -0.0052765090949833384
decision_type=2 2 2 2 2 2
left_child=1 3 -3 -1 5 -4
right_child=-2 2 4 -5 -6 -7
leaf_value=-5.0367042002466827e-06 2.2444452622764725e-05 1.1132675345552379e-05 2.7512685641488552e-06 -3.2833292564325843e-05 2.0144997806982563e-06 -8.904459230462556e-06
leaf_weight=4408 3891 10016 10649 3288 33667 34070
leaf_count=4408 3891 10016 10649 3288 33667 34070
internal_value=-1.37944e-06 -2.35523e-06 -1.06724e-06 -1.70477e-05 -2.63223e-06 -6.12889e-06
internal_weight=99989 96098 88402 7696 78386 44719
internal_count=99989 96098 88402 7696 78386 44719
is_linear=0
shrinkage=0.05


Tree=49
num_leaves=7
num_cat=0
split_feature=3 8 16 8 12 3
split_gain=0.00100699 0.000764987 0.000633455 0.000629069 0.00104119 0.000516171
threshold=0.029109299182891849 0.039986016228795059 0.028140113689005378 -0.043713442981243127 -0.1999314799904823 -0.0063550036866217843
decision_type=2 2 2 2 2 2
left_child=1 2 3 -1 -5 -6
right_child=-2 -3 -4 4 5 -7
leaf_value=-1.8257644922234612e-05 -2.6719821804037343e-05 2.0275255001239527e-05 2.115321470135206e-05 2.7007802571456861e-05 8.0666054846395437e-06 -2.1860005101474446e-06
leaf_weight=4435 3121 5309 3632 3619 15112 64451
leaf_count=4435 3121 5309 3632 3619 15112 64451
internal_value=1.00598e-06 1.91551e-06 8.36799e-07 -1.69648e-08 9.65954e-07 -2.34803e-07
internal_weight=99679 96558 91249 87617 83182 79563
internal_count=99679 96558 91249 87617 83182 79563
is_linear=0
shrinkage=0.05


Tree=50
num_leaves=7
num_cat=0
split_feature=3 18 3 3 1 43
split_gain=0.00118903 0.00189266 0.000754848 0.000798286 0.000601359 0.000464818
threshold=0.029109299182891849 0.045500183477997787 0.011014537420123817 -0.0075981703121215096 0.0099758384749293345 -0.017168590798974034
decision_type=2 2 2 2 2 2
left_child=1 2 3 4 -1 -4
right_child=-2 -3 5 -5 -6 -7
leaf_value=3.1435301543905419e-06 -3.0342056515421495e-05 3.3638628168609874e-05 2.5948807507923348e-05 -4.5590192510638768e-06 2.7641086292486108e-05 3.8705659286650817e-06
leaf_weight=13438 3082 4187 3831 66236 3034 6236
leaf_count=13438 3082 4187 3831 66236 3034 6236
internal_value=-2.01896e-08 9.58752e-07 -5.33438e-07 -2.10921e-06 7.72576e-06 1.23592e-05
internal_weight=100044 96962 92775 82708 16472 10067
internal_count=100044 96962 92775 82708 16472 10067
is_linear=0
shrinkage=0.05


Tree=51
num_leaves=7
num_cat=0
split_feature=1 4 36 28 19 9
split_gain=0.00119082 0.000923066 0.000671339 0.000463858 0.000435082 0.000387532
threshold=0.0077629662118852147 -0.0050048739649355403 0.22309587150812152 1.2701448798179629 0.99390029907226574 -0.060340996831655495
decision_type=2 2 2 2 2 2
left_child=2 -2 4 -3 5 -1
right_child=1 3 -4 -5 -6 -7
leaf_value=1.1004419530509799e-05 2.6473875415066259e-05 -6.7260135000080798e-06 -2.7104330917986623e-05 1.1443586421780273e-05 1.3296555878838676e-05 -5.279672596287459e-06
leaf_weight=3810 5512 6971 3113 6983 3586 69593
leaf_count=3810 5512 6971 3113 6983 3586 69593
internal_value=-1.82791e-06 9.24919e-06 -4.5239e-06 2.37499e-06 -3.59388e-06 -4.42753e-06
internal_weight=99568 19466 80102 13954 76989 73403
internal_count=99568 19466 80102 13954 76989 73403
is_linear=0
shrinkage=0.05


Tree=52
num_leaves=7
num_cat=0
split_feature=51 6 10 6 10 24
split_gain=0.00220588 0.0124167 0.009352 0.00600246 0.00639174 0.0111497
threshold=-1.0000000180025095e-35 -0.015312576666474341 -0.039665939286351197 -0.019685165956616398 -0.039665939286351197 0.30114217102527624
decision_type=2 2 2 2 2 2
left_child=1 -1 -3 -2 5 -5
right_child=3 2 -4 4 -6 -7
leaf_value=-0.00010662181723020429 6.1681850593897828e-05 6.6497494542447206e-05 -1.2791978024627288e-05 3.6871659306525993e-05 7.401720463240393e-06 -7.6769068349507094e-05
leaf_weight=3041 4256 4294 25794 3278 52951 6135
leaf_count=3041 4256 4294 25794 3278 52951 6135
internal_value=-6.56379e-07 -1.11908e-05 -1.38466e-06 4.58666e-06 6.43939e-07 -3.72089e-05
internal_weight=99749 33129 30088 66620 62364 9413
internal_count=99749 33129 30088 66620 62364 9413
is_linear=0
shrinkage=0.05


Tree=53
num_leaves=7
num_cat=0
split_feature=18 51 35 29 32 4
split_gain=0.00122757 0.00102873 0.006303 0.00466123 0.00371868 0.00341456
threshold=0.02979078330099583 -1.0000000180025095e-35 1.0091636776924136 2.1597536802291875 -0.18677882850170133 0.0063760590273886928
decision_type=2 2 2 2 2 2
left_child=1 3 -3 4 -1 -5
right_child=-2 2 -4 5 -6 -7
leaf_value=5.7100653540605292e-05 1.4568168472843342e-05 -1.8035120450380099e-06 6.1689440258099086e-05 -1.6730714409801615e-05 -3.1649755671925985e-06 -7.8323025366935293e-05
leaf_weight=3120 14932 52494 4173 8715 13272 3003
leaf_count=3120 14932 52494 4173 8715 13272 3003
internal_value=1.37423e-06 -9.56875e-07 2.92242e-06 -8.76845e-06 8.44455e-06 -3.27808e-05
internal_weight=99709 84777 56667 28110 16392 11718
internal_count=99709 84777 56667 28110 16392 11718
is_linear=0
shrinkage=0.05


Tree=54
num_leaves=7
num_cat=0
split_feature=1 6 16 40 9 2
split_gain=0.000835038 0.000921528 0.000742669 0.000555477 0.000761012 0.000601293
threshold=0.024511312134563926 -0.024654904380440709 0.027542104944586757 1.5014857053756716 0.055601745843887336 0.0050246436148881921
decision_type=2 2 2 2 2 2
left_child=1 -1 3 4 5 -3
right_child=-2 2 -4 -5 -6 -7
leaf_value=-2.6248389325663637e-05 1.9907444114228077e-05 -4.9655186824001595e-06 2.0251348405680777e-05 9.2500952975125447e-06 -2.6468234049517913e-05 5.7859492681920642e-06
leaf_weight=3818 4362 58454 3770 9306 3439 16676
leaf_count=3818 4362 58454 3770 9306 3439 16676
internal_value=-1.36038e-06 -2.34208e-06 -1.33236e-06 -2.26933e-06 -3.63875e-06 -2.57684e-06
internal_weight=99825 95463 91645 87875 78569 75130
internal_count=99825 95463 91645 87875 78569 75130
is_linear=0
shrinkage=0.05


Tree=55
num_leaves=7
num_cat=0
split_feature=12 51 47 24 14 51
split_gain=0.00117316 0.0057913 0.005092 0.00253644 0.00338609 0.00148217
threshold=0.13685068488121035 1.0000000180025095e-35 1.0000000180025095e-35 0.34771004319190985 0.015149476472288372 -1.0000000180025095e-35
decision_type=2 2 2 2 2 2
left_child=-1 3 -3 -2 5 -5
right_child=1 2 -4 4 -6 -7
leaf_value=-1.1723583718442799e-06 -4.3827207113962833e-05 9.3761145557845859e-05 6.2302117772146288e-06 -4.0679682424436792e-05 4.3421090152015549e-05 7.9092179265311977e-06
leaf_weight=79678 3366 3311 3301 3102 3731 3099
leaf_count=79678 3366 3311 3301 3102 3731 3099
internal_value=1.54242e-06 1.23825e-05 5.04366e-05 -6.65679e-06 6.09687e-06 -1.6528e-05
internal_weight=99588 19910 6612 13298 9932 6201
internal_count=99588 19910 6612 13298 9932 6201
is_linear=0
shrinkage=0.05


Tree=56
num_leaves=7
num_cat=0
split_feature=51 8 0 36 0 10
split_gain=0.000925996 0.00759697 0.00748066 0.00779859 0.00732983 0.00698623
threshold=-1.0000000180025095e-35 0.032862165942788131 0.010769824963063003 0.15393027663230899 -0.019685165956616398 -0.039665939286351197
decision_type=2 2 2 2 2 2
left_child=1 2 3 5 -2 -1
right_child=4 -3 -4 -5 -6 -7
leaf_value=7.0168292499060559e-05 6.6465444182605486e-05 -7.8413238949349669e-05 7.2083780944284142e-05 -8.1819636571798946e-05 -9.8563382666902053e-07 -8.6205652504448058e-06
leaf_weight=3209 4256 3286 3256 3079 62297 20536
leaf_count=3209 4256 3286 3256 3079 62297 20536
internal_value=-3.32786e-08 -6.82534e-06 1.11221e-06 -7.62068e-06 3.37446e-06 2.15236e-06
internal_weight=99919 33366 30080 26824 66553 23745
internal_count=99919 33366 30080 26824 66553 23745
is_linear=0
shrinkage=0.05


Tree=57
num_leaves=7
num_cat=0
split_feature=51 5 18 5 36 51
split_gain=0.00182176 0.0144216 0.0145109 0.0104853 0.0142177 0.0101598
threshold=-1.0000000180025095e-35 -0.0076046839822083703 0.028406539000570778 0.01076603587716818 0.19493751227855685 1.0000000180025095e-35
decision_type=2 2 2 2 2 2
left_child=1 -1 -3 4 -2 -5
right_child=3 2 -4 5 -6 -7
leaf_value=-7.8880537338500792e-05 5.4853674060455718e-06 -8.7962003684190207e-06 9.9891049293253232e-05 7.2738540666083898e-06 0.00010655956482018735 -9.5143187143465662e-05
leaf_weight=6194 53062 23353 3485 4808 3674 4815
leaf_count=6194 53062 23353 3485 4808 3674 4815
internal_value=-8.51171e-07 -1.04369e-05 5.4767e-06 3.92464e-06 1.21186e-05 -4.41988e-05
internal_weight=99391 33032 26838 66359 56736 9623
internal_count=99391 33032 26838 66359 56736 9623
is_linear=0
shrinkage=0.05


Tree=58
num_leaves=7
num_cat=0
split_feature=11 14 18 21 23 50
split_gain=0.00182096 0.0022983 0.00108405 0.000687065 0.000630491 0.000449856
threshold=0.1157965697348118 0.030020178295671943 0.022476271726191047 0.40532836318016058 1.1527258157730105 -1.0000000180025095e-35
decision_type=2 2 2 2 2 2
left_child=1 2 5 -4 -2 -1
right_child=4 -3 3 -5 -6 -7
leaf_value=-8.5739955085970343e-06 1.2706238437547782e-05 -4.0627950926159561e-05 5.0846657113665091e-06 2.5674681438867704e-05 4.057405004557693e-05 2.2770562034477334e-07
leaf_weight=21749 5961 3480 16654 5320 3088 43451
leaf_count=21749 5961 3480 16654 5320 3088 43451
internal_value=1.06353e-06 -1.07612e-06 5.25179e-07 1.01166e-05 2.23869e-05 -2.71263e-06
internal_weight=99703 90654 87174 21974 9049 65200
internal_count=99703 90654 87174 21974 9049 65200
is_linear=0
shrinkage=0.05


Tree=59
num_leaves=7
num_cat=0
split_feature=4 39 27 28 3 42
split_gain=0.00158647 0.00106896 0.00141646 0.000788999 0.000586647 0.000554796
threshold=-0.0092773889191448671 0.74706995487213146 -0.083469942212104783 2.7421895265579228 -0.0075981703121215096 0.50432077050209057
decision_type=2 2 2 2 2 2
left_child=1 2 -1 4 5 -2
right_child=3 -3 -4 -5 -6 -7
leaf_value=-5.1859917146342873e-06 -8.078731168889089e-07 4.0679201671899539e-05 2.9511757939470622e-05 8.477026375541952e-06 -6.8352533364413157e-06 2.3182718493365989e-05
leaf_weight=7605 10394 3149 4734 13700 56980 3086
leaf_count=7605 10394 3149 4734 13700 56980 3086
internal_value=2.2695e-07 1.49066e-05 8.19158e-06 -2.48179e-06 -4.61709e-06 4.74971e-06
internal_weight=99648 15488 12339 84160 70460 13480
internal_count=99648 15488 12339 84160 70460 13480
is_linear=0
shrinkage=0.05


Tree=60
num_leaves=7
num_cat=0
split_feature=13 51 25 34 51 44
split_gain=0.00133201 0.00273292 0.0136539 0.000623612 0.00371927 0.00587148
threshold=0.023512749001383785 1.0000000180025095e-35 1.0000000180025095e-35 49.891130447387702 1.0000000180025095e-35 0.23571983724832538
decision_type=2 2 2 2 2 2
left_child=3 2 -2 4 -1 -6
right_child=1 -3 -4 -5 5 -7
leaf_value=4.1732970162266403e-06 -7.6976638228576884e-05 5.5754195587571321e-05 6.9635257127945028e-05 1.8779889873789509e-06 -7.8308818283017957e-06 -8.1808622585067417e-05
leaf_weight=27347 3025 3111 3234 49481 9975 3625
leaf_count=27347 3025 3111 3234 49481 9975 3625
internal_value=-3.5842e-08 1.78575e-05 -1.27135e-06 -1.89877e-06 -6.45939e-06 -2.77767e-05
internal_weight=99798 9370 6259 90428 40947 13600
internal_count=99798 9370 6259 90428 40947 13600
is_linear=0
shrinkage=0.05


Tree=61
num_leaves=7
num_cat=0
split_feature=13 45 37 12 51 5
split_gain=0.00097194 0.00106292 0.00142507 0.00117233 0.000773897 0.0149668
threshold=0.0082679665647447127 -0.79629164934158314 9.5184421539306658 -0.067145485430955873 1.0000000180025095e-35 0.0083703235723078268
decision_type=2 2 2 2 2 2
left_child=-1 2 3 -2 -3 -6
right_child=1 4 -4 -5 5 -7
leaf_value=-6.219830115954276e-06 -3.5460362519177691e-05 3.2001889942813246e-06 2.2148331274661652e-05 -3.6970718100326478e-06 4.9342059148728554e-05 -5.8985265257201653e-05
leaf_weight=38411 4371 30194 3274 8511 10631 4498
leaf_count=38411 4371 30194 3274 8511 10631 4498
internal_value=1.52425e-08 3.9127e-06 -7.08379e-06 -1.45701e-05 7.83603e-06 1.70471e-05
internal_weight=99890 61479 16156 12882 45323 15129
internal_count=99890 61479 16156 12882 45323 15129
is_linear=0
shrinkage=0.05


Tree=62
num_leaves=7
num_cat=0
split_feature=40 16 38 28 5 48
split_gain=0.000491391 0.000692436 0.000851953 0.000584026 0.000708847 0.00050287
threshold=1.9047607183456423 0.015009597409516575 2.5234663486480717 2.4777687788009648 0.014056360349059107 1.0000000180025095e-35
decision_type=2 2 2 2 2 2
left_child=1 -1 -3 4 5 -4
right_child=-2 2 3 -5 -6 -7
leaf_value=-4.0288018027036699e-06 -1.7076329145812047e-05 2.5763010142558757e-05 -5.3789793023997498e-06 1.7304206137595514e-05 -2.2233792527577851e-05 1.230572060755496e-05
leaf_weight=65785 5088 4260 9215 4751 3542 7053
leaf_count=65785 5088 4260 9215 4751 3542 7053
internal_value=-2.01667e-06 -1.19816e-06 5.25869e-06 1.65719e-06 -2.12953e-06 2.30244e-06
internal_weight=99694 94606 28821 24561 19810 16268
internal_count=99694 94606 28821 24561 19810 16268
is_linear=0
shrinkage=0.05


Tree=63
num_leaves=7
num_cat=0
split_feature=14 8 51 5 10 5
split_gain=0.00114829 0.000889269 0.00066033 0.0103068 0.00964927 0.00580019
threshold=0.033009570091962821 -0.040440043434500687 -1.0000000180025095e-35 0.012118373997509481 0.033463058993220336 0.020724753849208358
decision_type=2 2 2 2 2 2
left_child=1 -1 3 4 -3 -4
right_child=-2 2 5 -5 -6 -7
leaf_value=1.9650255754819263e-05 -3.0416703282544988e-05 -1.4300641249961791e-06 5.6539265732555591e-06 7.3547939667788261e-05 -7.3139139187761582e-05 -6.3524396070461554e-05
leaf_weight=5469 3121 20933 57318 3463 5997 3149
leaf_count=5469 3121 20933 57318 3463 5997 3149
internal_value=-8.11731e-07 1.62734e-07 -1.02041e-06 -7.02643e-06 -1.75048e-05 2.00175e-06
internal_weight=99450 96329 90860 30393 26930 60467
internal_count=99450 96329 90860 30393 26930 60467
is_linear=0
shrinkage=0.05


Tree=64
num_leaves=7
num_cat=0
split_feature=18 7 1 50 21 50
split_gain=0.00130167 0.000714055 0.0005979 0.00053767 0.000567494 0.000465662
threshold=0.050026014447212226 0.0017250378150492909 0.01541433483362198 -1.0000000180025095e-35 0.56512370705604564 1.0000000180025095e-35
decision_type=2 2 2 2 2 2
left_child=1 3 -3 -1 5 -5
right_child=-2 2 -4 4 -6 -7
leaf_value=-1.0355850685797759e-05 -3.0750197375624425e-05 3.4270154840572571e-06 2.5246141173336959e-05 3.7855337544703848e-06 1.7890221003641043e-05 -7.9621424704083254e-06
leaf_weight=18663 3472 36538 3388 16829 3923 16819
leaf_count=18663 3472 36538 3388 16829 3923 16819
internal_value=-8.95316e-07 1.9806e-07 5.30778e-06 -3.43132e-06 1.75564e-08 -2.08966e-06
internal_weight=99632 96160 39926 56234 37571 33648
internal_count=99632 96160 39926 56234 37571 33648
is_linear=0
shrinkage=0.05


Tree=65
num_leaves=7
num_cat=0
split_feature=8 2 10 10 4 31
split_gain=0.00116495 0.00087959 0.00157907 0.000777411 0.000648783 0.000505173
threshold=0.0046213967725634584 -0.027122374624013897 -0.091832011938095079 -0.042642081156373017 0.015917558223009113 0.74959358572959911
decision_type=2 2 2 2 2 2
left_child=1 -1 -3 -2 5 -5
right_child=3 2 -4 4 -6 -7
leaf_value=2.1098137627971909e-05 2.9740507445916633e-05 -3.8576332267279186e-05 -3.788032371251627e-06 2.8772298567369653e-06 -1.5305517058691466e-05 1.6849137781588026e-05
leaf_weight=3134 3264 3425 53536 23815 3691 8847
leaf_count=3134 3264 3425 53536 23815 3691 8847
internal_value=-1.00116e-07 -4.48685e-06 -5.91181e-06 6.55139e-06 4.43134e-06 6.6817e-06
internal_weight=99712 60095 56961 39617 36353 32662
internal_count=99712 60095 56961 39617 36353 32662
is_linear=0
shrinkage=0.05


Tree=66
num_leaves=7
num_cat=0
split_feature=34 8 14 7 0 12
split_gain=0.00102378 0.00149681 0.000748082 0.00137164 0.00101578 0.00035993
threshold=26.938738822937015 -0.045150524005293839 0.020369585603475574 -0.013367819134145973 1.0000000180025095e-35 0.25187557935714727
decision_type=2 2 2 2 2 2
left_child=-1 -2 5 -4 -5 -3
right_child=1 2 3 4 -6 -7
leaf_value=2.860876669690477e-05 -3.0667174486594779e-05 -1.0553557709520915e-06 -1.4722338189242192e-05 4.4687924470668353e-05 8.5210954598106683e-06 1.3783280942028561e-05
leaf_weight=3208 3745 77509 3039 3462 4408 4264
leaf_count=3208 3745 77509 3039 3462 4408 4264
internal_value=1.04216e-06 1.10706e-07 1.37021e-06 1.36375e-05 2.46125e-05 -2.73655e-07
internal_weight=99635 96427 92682 10909 7870 81773
internal_count=99635 96427 92682 10909 7870 81773
is_linear=0
shrinkage=0.05


Tree=67
num_leaves=7
num_cat=0
split_feature=51 6 10 24 2 28
split_gain=0.000674905 0.00995123 0.011877 0.00588529 0.00707572 0.00454652
threshold=-1.0000000180025095e-35 -0.015312576666474341 -0.038738830015063279 0.44833637773990637 -0.016896149143576619 1.8615627884864809
decision_type=2 2 2 2 2 2
left_child=1 -1 -3 -2 -5 -4
right_child=3 2 5 4 -6 -7
leaf_value=-9.263459046555821e-05 1.9508262804936115e-05 7.6409842077282029e-05 2.4440584892242623e-06 -8.1135230022234118e-05 -4.4278968132059584e-06 -4.2933910953893993e-05
leaf_weight=3045 26905 4455 17869 3227 36492 7934
leaf_count=3045 26905 4455 17869 3227 36492 7934
internal_value=-1.43339e-06 -7.23974e-06 1.49258e-06 1.47225e-06 -1.07542e-05 -1.1565e-05
internal_weight=99927 33303 30258 66624 39719 25803
internal_count=99927 33303 30258 66624 39719 25803
is_linear=0
shrinkage=0.05


Tree=68
num_leaves=7
num_cat=0
split_feature=1 18 51 3 31 51
split_gain=0.00100439 0.000862195 0.0021673 0.00669777 0.000655482 0.00213756
threshold=-0.024633850902318951 0.032833209261298187 -1.0000000180025095e-35 -0.00026376200548838819 -0.086969915777444826 1.0000000180025095e-35
decision_type=2 2 2 2 2 2
left_child=-1 4 -3 -4 -2 -6
right_child=1 2 3 -5 5 -7
leaf_value=-2.3436734579976393e-05 -6.1583736601250118e-06 4.7539394668673563e-05 -5.1438039392457318e-05 4.8345757735161013e-05 -4.3803490665152079e-06 1.7118748595309687e-05
leaf_weight=4385 33574 3307 3327 3300 34572 17310
leaf_count=4385 33574 3307 3327 3300 34572 17310
internal_value=-1.76752e-07 9.04208e-07 1.48079e-05 -1.75947e-06 -7.19764e-07 2.80222e-06
internal_weight=99775 95390 9934 6627 85456 51882
internal_count=99775 95390 9934 6627 85456 51882
is_linear=0
shrinkage=0.05


Tree=69
num_leaves=7
num_cat=0
split_feature=3 1 39 11 11 47
split_gain=0.000801183 0.00091948 0.000836596 0.000990096 0.000730377 0.000455982
threshold=-0.004747498780488967 0.0075669458601623782 1.8630011081695559 -0.11017541214823721 0.06612646579742433 1.0000000180025095e-35
decision_type=2 2 2 2 2 2
left_child=1 4 3 -2 -1 -3
right_child=2 5 -4 -5 -6 -7
leaf_value=-1.3467299553631318e-06 -2.9339161510141783e-05 3.8630983397638977e-05 1.9461395868349283e-05 -2.0296816553151037e-06 2.4890954298214792e-05 1.1081212113144836e-05
leaf_weight=16512 3444 3038 4197 66474 3109 3034
leaf_count=16512 3444 3038 4197 66474 3109 3034
internal_value=5.499e-07 8.14951e-06 -2.08833e-06 -3.39489e-06 2.8634e-06 2.50681e-05
internal_weight=99808 25693 74115 69918 19621 6072
internal_count=99808 25693 74115 69918 19621 6072
is_linear=0
shrinkage=0.05


Tree=70
num_leaves=7
num_cat=0
split_feature=4 28 16 23 48 13
split_gain=0.0014546 0.000643132 0.000622888 0.000811965 0.00106667 0.000724847
threshold=-0.02585214655846357 3.3337606191635136 0.020566080696880821 0.68772068619728099 1.0000000180025095e-35 0.0087073044851422327
decision_type=2 2 2 2 2 2
left_child=-1 2 5 -4 -5 -2
right_child=1 -3 3 4 -6 -7
leaf_value=3.0371302583626386e-05 -4.7674380977805577e-06 1.2357942451493088e-05 7.7342218164064047e-06 -4.031320080385927e-05 -9.6683004515087736e-07 4.9856066159050167e-06
leaf_weight=4012 38696 9189 3164 3801 3121 37427
leaf_count=4012 38696 9189 3164 3801 3121 37427
internal_value=1.06792e-06 -1.79707e-07 -1.52248e-06 -1.31664e-05 -2.27068e-05 2.79157e-08
internal_weight=99410 95398 86209 10086 6922 76123
internal_count=99410 95398 86209 10086 6922 76123
is_linear=0
shrinkage=0.05


Tree=71
num_leaves=7
num_cat=0
split_feature=34 11 33 8 14 38
split_gain=0.00109424 0.00328686 0.000504765 0.00137245 0.000555462 0.000677991
threshold=26.938738822937015 -0.12047773972153662 36.244527816772468 -0.023311483673751351 0.021417357027530674 5.5578298568725595
decision_type=2 2 2 2 2 2
left_child=-1 -2 -3 -4 -5 -6
right_child=1 2 3 4 5 -7
leaf_value=-2.6894920147380254e-05 4.2314963685607566e-05 -7.8774585127836688e-06 3.3400433044934241e-05 2.0303555366878951e-06 2.5095763376910532e-06 -3.0330378793892428e-05
leaf_weight=3193 4901 15017 3306 67122 3208 3018
leaf_count=3193 4901 15017 3306 67122 3208 3018
internal_value=1.67499e-06 2.63304e-06 4.89613e-07 2.13284e-06 7.01731e-07 -1.35241e-05
internal_weight=99765 96572 91671 76654 73348 6226
internal_count=99765 96572 91671 76654 73348 6226
is_linear=0
shrinkage=0.05


Tree=72
num_leaves=7
num_cat=0
split_feature=51 5 2 5 51 19
split_gain=0.00108417 0.014697 0.00924316 0.00852791 0.0101803 0.0106595
threshold=-1.0000000180025095e-35 -0.014771874528378246 -0.011369463521987198 -0.0076046839822083703 1.0000000180025095e-35 0.032269587740302093
decision_type=2 2 2 2 2 2
left_child=1 -1 -3 4 -2 -6
right_child=3 2 -4 -5 5 -7
leaf_value=-0.00010788279230873367 -3.1805072222613495e-06 7.9164177455232464e-05 -5.8539128987564453e-06 -4.0077650068233646e-06 0.00015091917365583609 1.9680754660612448e-05
leaf_weight=3177 6261 3585 26489 54224 3141 3037
leaf_count=3177 6261 3585 26489 54224 3141 3037
internal_value=8.9047e-07 -6.47827e-06 4.39533e-06 4.56804e-06 4.1818e-05 8.70805e-05
internal_weight=99914 33251 30074 66663 12439 6178
internal_count=99914 33251 30074 66663 12439 6178
is_linear=0
shrinkage=0.05


Tree=73
num_leaves=7
num_cat=0
split_feature=0 10 36 36 2 7
split_gain=0.000776265 0.000858761 0.000767478 0.00120974 0.000561581 0.000327724
threshold=-0.024633850902318951 0.019272194243967537 0.19184125214815143 0.14957346022129062 0.013173565268516542 -0.015309036709368227
decision_type=2 2 2 2 2 2
left_child=-1 2 3 5 -3 -2
right_child=1 4 -4 -5 -6 -7
leaf_value=2.0125245403038793e-05 -1.8538733963760724e-05 2.1418287605217385e-06 -2.7438138516477718e-05 2.6610245161034727e-05 1.9067678527123979e-05 -4.0056785838068035e-06
leaf_weight=4371 4151 27081 3470 3129 5938 51649
leaf_count=4371 4151 27081 3470 3129 5938 51649
internal_value=-3.57557e-07 -1.3059e-06 -4.75523e-06 -3.39743e-06 5.20993e-06 -5.10243e-06
internal_weight=99789 95418 62399 58929 33019 55800
internal_count=99789 95418 62399 58929 33019 55800
is_linear=0
shrinkage=0.05


Tree=74
num_leaves=7
num_cat=0
split_feature=18 26 51 35 24 35
split_gain=0.00154991 0.00074423 0.00176515 0.00497538 0.00395993 0.00329143
threshold=0.045500183477997787 -0.11279132217168807 1.0000000180025095e-35 -0.83497032523155201 0.44031700491905218 -0.90960395336151112
decision_type=2 2 2 2 2 2
left_child=1 2 5 -4 -5 -1
right_child=-2 -3 3 4 -6 -7
leaf_value=3.9617855184399726e-05 -2.7757149127900148e-05 4.0555240549469826e-06 -7.4767798035593389e-05 2.8696438247425736e-05 -3.6227961876550473e-05 -6.3346886490957371e-06
leaf_weight=4810 5057 57870 3091 4920 4403 19616
leaf_count=4810 5057 57870 3091 4920 4403 19616
internal_value=-9.2612e-07 5.20402e-07 -5.0307e-06 -2.03424e-05 -1.99529e-06 2.77679e-06
internal_weight=99767 94710 36840 12414 9323 24426
internal_count=99767 94710 36840 12414 9323 24426
is_linear=0
shrinkage=0.05


Tree=75
num_leaves=7
num_cat=0
split_feature=12 14 2 5 27 9
split_gain=0.000748689 0.000644202 0.000497464 0.000578803 0.000331357 0.000385803
threshold=-0.24396077543497083 0.025970417074859146 0.0023950784234330062 0.017960262484848503 1.6574705243110659 -0.052978739142417901
decision_type=2 2 2 2 2 2
left_child=-1 2 3 4 5 -2
right_child=1 -3 -4 -5 -6 -7
leaf_value=1.8928188620719771e-05 1.2020896922258387e-05 -1.9971336656688318e-05 3.677990590741132e-06 -2.4133195274522576e-05 1.1034995043235248e-05 -5.0586492488162061e-06
leaf_weight=4401 3516 4715 33912 3301 4008 45844
leaf_count=4401 3516 4715 33912 3301 4008 45844
internal_value=-1.1167e-06 -2.05186e-06 -1.1086e-06 -3.97372e-06 -2.70536e-06 -3.83111e-06
internal_weight=99697 95296 90581 56669 53368 49360
internal_count=99697 95296 90581 56669 53368 49360
is_linear=0
shrinkage=0.05


Tree=76
num_leaves=7
num_cat=0
split_feature=14 11 51 5 51 22
split_gain=0.00421884 0.000770393 0.00645914 0.0052933 0.00426269 0.00367937
threshold=0.031776765361428268 0.05877180956304074 1.0000000180025095e-35 0.011266121640801431 -1.0000000180025095e-35 0.31899036467075353
decision_type=2 2 2 2 2 2
left_child=1 -1 3 4 -3 -4
right_child=-2 2 5 -5 -6 -7
leaf_value=-2.6384158448864076e-06 -5.5502365977310941e-05 -5.8600626617073437e-05 7.8494775555328994e-05 4.4896081857548678e-05 3.3021037893703336e-06 6.2264447944454113e-06
leaf_weight=74816 3533 5517 3975 3197 5547 3148
leaf_count=74816 3533 5517 3975 3197 5547 3148
internal_value=-2.22993e-06 -2.45654e-07 8.1125e-06 -1.13179e-05 -2.76901e-05 4.68219e-05
internal_weight=99733 96200 21384 14261 11064 7123
internal_count=99733 96200 21384 14261 11064 7123
is_linear=0
shrinkage=0.05


Tree=77
num_leaves=7
num_cat=0
split_feature=11 3 18 1 2 9
split_gain=0.00143092 0.00140985 0.00128247 0.000895552 0.000503805 0.000466045
threshold=-0.14288655668497083 -0.0095475697889924032 0.028666687197983268 0.0075669458601623782 0.0011309981928206982 0.026486545801162723
decision_type=2 2 2 2 2 2
left_child=-1 2 -2 -3 5 -5
right_child=1 3 -4 4 -6 -7
leaf_value=-2.8317769121010915e-05 5.7012775336790736e-06 -4.0971910391992083e-06 3.9564005021987779e-05 9.7452552798016673e-06 1.9328107823412147e-05 -1.4530852302738082e-05
leaf_weight=4349 9270 66828 3967 5527 6838 3013
leaf_count=4349 9270 66828 3967 5527 6838 3013
internal_value=-4.36129e-07 8.48501e-07 1.59603e-05 -1.59306e-06 9.26713e-06 1.14567e-06
internal_weight=99792 95443 13237 82206 15378 8540
internal_count=99792 95443 13237 82206 15378 8540
is_linear=0
shrinkage=0.05


Tree=78
num_leaves=7
num_cat=0
split_feature=40 36 3 51 37 5
split_gain=0.00113922 0.000926623 0.000697268 0.00229748 0.00442928 0.00364339
threshold=2.1156013011932377 0.21942626684904101 -0.0026293430710211392 1.0000000180025095e-35 4.6526958942413339 0.0055268993601202973
decision_type=2 2 2 2 2 2
left_child=1 2 3 5 -5 -1
right_child=-2 -3 -4 4 -6 -7
leaf_value=3.5685327998002834e-06 2.8213051673939435e-05 -2.3768937598928489e-05 -2.7624638671685203e-06 2.0843855302771757e-05 -4.5024124829807537e-05 5.1613263114084003e-05
leaf_weight=15140 3470 4131 61677 4935 5188 5291
leaf_count=15140 3470 4131 61677 4935 5188 5291
internal_value=2.73884e-07 -7.46316e-07 2.9718e-07 6.46787e-06 -1.29686e-05 1.61063e-05
internal_weight=99832 96362 92231 30554 10123 20431
internal_count=99832 96362 92231 30554 10123 20431
is_linear=0
shrinkage=0.05


Tree=79
num_leaves=7
num_cat=0
split_feature=5 51 51 36 5 10
split_gain=0.000842588 0.0221861 0.00401454 0.0189216 0.00695216 0.00576804
threshold=0.012832654174417259 1.0000000180025095e-35 1.0000000180025095e-35 0.15991707146167758 -0.018940139561891552 -0.039665939286351197
decision_type=2 2 2 2 2 2
left_child=2 -2 4 5 -1 -4
right_child=1 -3 3 -5 -6 -7
leaf_value=-6.3890846470997516e-05 3.6992990380353717e-05 -0.00010864461631855153 -5.7403934381627497e-05 0.00012994958872867448 2.3855955714149275e-07 1.2549051413607207e-05
leaf_weight=4534 7816 3868 3335 3288 54132 22723
leaf_count=4534 7816 3868 3335 3288 54132 22723
internal_value=1.10888e-06 -1.1478e-05 2.78541e-06 1.78677e-05 -4.76787e-06 3.50342e-06
internal_weight=99696 11684 88012 29346 58666 26058
internal_count=99696 11684 88012 29346 58666 26058
is_linear=0
shrinkage=0.05


Tree=80
num_leaves=7
num_cat=0
split_feature=5 51 51 5 15 13
split_gain=0.0010472 0.0181651 0.00460331 0.00919774 0.0112446 0.00908317
threshold=0.012832654174417259 1.0000000180025095e-35 -1.0000000180025095e-35 -0.0076046839822083703 0.014710877556353809 0.025284366682171825
decision_type=2 2 2 2 2 2
left_child=2 -2 3 4 -1 -4
right_child=1 -3 5 -5 -6 -7
leaf_value=-3.3797822943351402e-06 2.88153241250882e-05 -0.00010233145540753101 3.981410508722227e-06 -7.3271739058698067e-07 -0.00013758551295903369 8.6496513660105369e-05
leaf_weight=3192 7875 3911 55209 23159 3009 3500
leaf_count=3192 7875 3911 55209 23159 3009 3500
internal_value=-9.88329e-07 -1.49521e-05 8.87827e-07 -1.52614e-05 -6.9082e-05 8.97005e-06
internal_weight=99855 11786 88069 29360 6201 58709
internal_count=99855 11786 88069 29360 6201 58709
is_linear=0
shrinkage=0.05


Tree=81
num_leaves=7
num_cat=0
split_feature=40 15 44 15 29 1
split_gain=0.00101841 0.00139223 0.000424537 0.000351448 0.000605966 0.000320884
threshold=1.9047607183456423 0.028485996648669246 1.0942277908325198 0.016934217885136608 -3.6373660564422603 -0.0014365469687618313
decision_type=2 2 2 2 2 2
left_child=1 2 3 -1 -5 -6
right_child=-2 -3 -4 4 5 -7
leaf_value=-3.1320417120031543e-06 2.1176104119542644e-05 -3.0120009137039706e-05 9.2270509667357467e-06 -1.0645827964716757e-05 1.7623671595759606e-06 1.987188975773386e-05
leaf_weight=66327 5085 4068 10130 4055 4270 5710
leaf_count=66327 5085 4068 10130 4055 4270 5710
internal_value=-5.10403e-07 -1.68718e-06 -3.93075e-07 -1.61072e-06 5.56439e-06 1.2171e-05
internal_weight=99645 94560 90492 80362 14035 9980
internal_count=99645 94560 90492 80362 14035 9980
is_linear=0
shrinkage=0.05


Tree=82
num_leaves=7
num_cat=0
split_feature=28 51 24 26 24 16
split_gain=0.00118287 0.00614206 0.00385489 0.00323296 0.00306275 0.00262553
threshold=1.4541433453559878 1.0000000180025095e-35 0.43169270455837255 1.1314120888710024 0.35829174518585211 0.012527155224233867
decision_type=2 2 2 2 2 2
left_child=-1 3 -3 4 -2 -4
right_child=1 2 5 -5 -6 -7
leaf_value=-3.6699218243698736e-06 -3.322044285900426e-05 8.644726324704441e-05 4.8050736289076681e-05 -4.4473592875325073e-05 1.6861781944227972e-05 -1.3826348166331099e-05
leaf_weight=69840 4143 3068 3607 4565 11178 3194
leaf_count=69840 4143 3068 3607 4565 11178 3194
internal_value=-1.13345e-07 8.22669e-06 4.03681e-05 -7.78566e-06 3.25488e-06 1.91022e-05
internal_weight=99595 29755 9869 19886 15321 6801
internal_count=99595 29755 9869 19886 15321 6801
is_linear=0
shrinkage=0.05


Tree=83
num_leaves=7
num_cat=0
split_feature=27 11 29 36 20 3
split_gain=0.000838246 0.000516428 0.000505717 0.000501662 0.000515975 0.000313133
threshold=-2.343415260314941 -0.14981183409690854 8.0119295120239276 0.2160884886980057 0.77243372797966015 -0.010593549348413943
decision_type=2 2 2 2 2 2
left_child=-1 -2 3 4 5 -3
right_child=1 2 -4 -5 -6 -7
leaf_value=-2.6397274945688926e-05 1.936957011824402e-05 6.3310020268417783e-06 1.2454919770017026e-05 -2.046455425776425e-05 1.651490537606376e-05 -3.4365543005970376e-06
leaf_weight=3199 3090 9239 6233 3567 3768 70490
leaf_count=3199 3090 9239 6233 3567 3768 70490
internal_value=-1.41778e-06 -5.7548e-07 -1.24608e-06 -2.23354e-06 -1.44292e-06 -2.30143e-06
internal_weight=99586 96387 93297 87064 83497 79729
internal_count=99586 96387 93297 87064 83497 79729
is_linear=0
shrinkage=0.05


Tree=84
num_leaves=7
num_cat=0
split_feature=50 50 39 13 10 43
split_gain=0.000911172 0.00206389 0.00113925 0.00123392 0.000793486 0.000601826
threshold=1.0000000180025095e-35 -1.0000000180025095e-35 0.52972364425659191 0.014892984647303821 -0.046145765110850327 -0.047811811789870255
decision_type=2 2 2 2 2 2
left_child=1 5 -3 -4 -2 -1
right_child=4 2 3 -5 -6 -7
leaf_value=7.897028400142097e-06 -2.5094544282689201e-05 7.5667691613553697e-06 1.1081940285338453e-05 5.2663074817588567e-05 -3.2529332462981631e-06 -8.6272255915985537e-06
leaf_weight=6935 4824 26046 3975 3239 28469 26157
leaf_count=6935 4824 26046 3975 3239 28469 26157
internal_value=2.93514e-07 3.67976e-06 1.2467e-05 2.99854e-05 -6.45057e-06 -5.15759e-06
internal_weight=99645 66352 33260 7214 33293 33092
internal_count=99645 66352 33260 7214 33293 33092
is_linear=0
shrinkage=0.05


Tree=85
num_leaves=7
num_cat=0
split_feature=11 9 14 16 51 3
split_gain=0.00134252 0.0008329 0.000726131 0.000670109 0.000482467 0.00581415
threshold=-0.12047773972153662 -0.037861369550228112 0.028423835523426536 0.022881827317178253 -1.0000000180025095e-35 -0.0098160421475768072
decision_type=2 2 2 2 2 2
left_child=1 -1 3 4 5 -2
right_child=2 -3 -4 -5 -6 -7
leaf_value=3.9022375020043577e-05 5.4852141325488993e-05 2.8979550921731803e-06 -2.5337558916465361e-05 1.6689826258058147e-05 6.6521850218619265e-07 -1.5497469954560053e-05
leaf_weight=3315 3275 3051 3110 5030 56621 25158
leaf_count=3315 3275 3051 3110 5030 56621 25158
internal_value=-2.56639e-07 2.18667e-05 -1.77878e-06 -9.51849e-07 -2.00435e-06 -7.31232e-06
internal_weight=99560 6366 93194 90084 85054 28433
internal_count=99560 6366 93194 90084 85054 28433
is_linear=0
shrinkage=0.05


Tree=86
num_leaves=7
num_cat=0
split_feature=14 28 43 1 10 1
split_gain=0.00197207 0.000591967 0.000427511 0.000616272 0.00088875 0.000380065
threshold=0.033009570091962821 3.7217111587524419 -0.17699255049228665 -0.015312576666474341 -0.041512109339237206 0.0071757377590984115
decision_type=2 2 2 2 2 2
left_child=1 2 -1 4 -4 -5
right_child=-2 -3 3 5 -6 -7
leaf_value=-1.8562712734492403e-05 4.0495858285349514e-05 1.5491863247962484e-05 3.4466987748493191e-05 -2.820811664558662e-06 -8.9812191244552355e-07 5.751638699255272e-06
leaf_weight=3103 3142 6153 3037 63863 4179 16160
leaf_count=3103 3142 6153 3037 63863 4179 16160
internal_value=1.82952e-06 5.50176e-07 -4.75477e-07 1.78132e-07 1.41208e-05 -1.08716e-06
internal_weight=99637 96495 90342 87239 7216 80023
internal_count=99637 96495 90342 87239 7216 80023
is_linear=0
shrinkage=0.05


Tree=87
num_leaves=7
num_cat=0
split_feature=2 44 13 29 29 23
split_gain=0.00080218 0.000658313 0.000490255 0.000580491 0.000444782 0.000430627
threshold=0.012427269946783783 0.69141265749931347 0.024183065630495552 -4.4868886470794669 0.053670426830649383 1.1445924639701845
decision_type=2 2 2 2 2 2
left_child=2 4 3 5 -2 -1
right_child=1 -3 -4 -5 -6 -7
leaf_value=4.0948568395997681e-06 -7.4600585847797816e-06 3.1416569193108132e-05 -1.5370423223709547e-05 -2.2012040219942048e-06 1.4936689123598474e-05 2.5988692056001409e-05
leaf_weight=8600 3907 3214 5887 70357 5004 3002
leaf_count=8600 3907 3214 5887 70357 5004 3002
internal_value=1.70143e-07 1.21983e-05 -1.49605e-06 -4.90704e-07 5.13007e-06 9.84706e-06
internal_weight=99971 12125 87846 81959 8911 11602
internal_count=99971 12125 87846 81959 8911 11602
is_linear=0
shrinkage=0.05


Tree=88
num_leaves=7
num_cat=0
split_feature=1 51 24 24 8 13
split_gain=0.000797474 0.00167391 0.0104662 0.00677907 0.00414503 0.00332858
threshold=0.0075669458601623782 1.0000000180025095e-35 0.45536765456199652 0.26898828148841863 0.029544737190008167 0.012229712679982187
decision_type=2 2 2 2 2 2
left_child=-1 3 -3 -2 5 -5
right_child=1 2 -4 4 -6 -7
leaf_value=-2.8555654291683191e-06 -6.3894989670144496e-05 9.5201688068816495e-05 -2.9418403214340668e-05 5.5870207574050408e-06 -2.4229679743514224e-05 7.7724035311777201e-05
leaf_weight=79591 3271 3098 3587 3125 3586 3243
leaf_count=79591 3271 3098 3587 3125 3586 3243
internal_value=-6.16069e-07 8.32113e-06 2.86118e-05 -2.00455e-06 1.85511e-05 4.26432e-05
internal_weight=99501 19910 6685 13225 9954 6368
internal_count=99501 19910 6685 13225 9954 6368
is_linear=0
shrinkage=0.05


Tree=89
num_leaves=7
num_cat=0
split_feature=31 8 51 4 20 6
split_gain=0.00123416 0.000511143 0.0067916 0.00463101 0.00129213 0.000447062
threshold=-1.0414693355560301 0.023658237420022491 1.0000000180025095e-35 0.0058170559350401172 0.30742733180522924 -0.018299013376235958
decision_type=2 2 2 2 2 2
left_child=-1 5 3 4 -3 -2
right_child=1 2 -4 -5 -6 -7
leaf_value=-2.4359416109144694e-05 -1.6037564830843039e-05 -1.5019056188042774e-05 5.6490986872296823e-05 -6.4384198201292264e-05 2.861329412242775e-05 -2.1201716446190727e-08
leaf_weight=5159 4574 3095 4974 3150 3644 75435
leaf_count=5159 4574 3095 4974 3150 3644 75435
internal_value=-6.63487e-07 6.37215e-07 9.13591e-06 -1.48473e-05 8.61137e-06 -9.46279e-07
internal_weight=100031 94872 14863 9889 6739 80009
internal_count=100031 94872 14863 9889 6739 80009
is_linear=0
shrinkage=0.05


Tree=90
num_leaves=7
num_cat=0
split_feature=36 46 28 27 49 51
split_gain=0.000937181 0.00139347 0.00162481 0.00054018 0.000531479 0.0015738
threshold=0.12643741071224215 0.43301269412040722 0.98307788372039806 -1.9158806204795835 -0.56174489110708226 1.0000000180025095e-35
decision_type=2 2 2 2 2 2
left_child=3 4 -3 -1 -2 -6
right_child=1 2 -4 -5 5 -7
leaf_value=-2.1314300200590108e-05 -1.296373263797022e-05 4.7979230680118957e-05 3.5957713083119969e-07 -5.2386102877435641e-07 -6.4596109506142023e-06 3.5924474103344389e-05
leaf_weight=3210 4467 4228 3083 75128 6497 3245
leaf_count=3210 4467 4228 3083 75128 6497 3245
internal_value=1.15143e-06 1.03804e-05 2.80372e-05 -1.38883e-06 1.2289e-06 7.76961e-06
internal_weight=99858 21520 7311 78338 14209 9742
internal_count=99858 21520 7311 78338 14209 9742
is_linear=0
shrinkage=0.05


Tree=91
num_leaves=7
num_cat=0
split_feature=1 4 51 47 47 51
split_gain=0.00108243 0.00081735 0.00128596 0.00915154 0.00515405 0.00391727
threshold=0.0027057165279984479 -0.00014053950144443658 -1.0000000180025095e-35 1.0000000180025095e-35 1.0000000180025095e-35 1.0000000180025095e-35
decision_type=2 2 2 2 2 2
left_child=-1 -2 3 -3 5 -4
right_child=1 2 4 -5 -6 -7
leaf_value=-4.5525070422652407e-06 1.4098980432793836e-05 -7.9551217406547718e-05 4.5623521617497543e-07 3.9644277977201033e-05 -2.3509292026804927e-05 7.8751707193426031e-05
leaf_weight=63245 17348 3124 3163 3224 6335 3179
leaf_count=63245 17348 3124 3163 3224 6335 3179
internal_value=-6.01083e-07 6.26643e-06 -8.93939e-07 -1.91779e-05 8.30112e-06 4.00118e-05
internal_weight=99618 36373 19025 6348 12677 6342
internal_count=99618 36373 19025 6348 12677 6342
is_linear=0
shrinkage=0.05


Tree=92
num_leaves=7
num_cat=0
split_feature=14 15 3 12 51 22
split_gain=0.00177292 0.000676855 0.000446716 0.000463703 0.000462757 0.00622722
threshold=0.033009570091962821 0.02725398633629084 0.022504286840558056 0.20282209664583209 1.0000000180025095e-35 0.40006719529628759
decision_type=2 2 2 2 2 2
left_child=1 2 3 4 -1 -6
right_child=-2 -3 -4 -5 5 -7
leaf_value=2.7934208612952037e-06 -3.6804687336332614e-05 2.4284803335590198e-05 -1.62991946134974e-05 1.2268797036962677e-05 1.1282749840887837e-05 -4.0146429017734558e-05
leaf_weight=54271 3090 3069 3701 8670 18307 8615
leaf_count=54271 3090 3069 3701 8670 18307 8615
internal_value=1.7052e-07 1.37129e-06 6.07128e-07 1.31209e-06 1.35274e-07 -5.21843e-06
internal_weight=99723 96633 93564 89863 81193 26922
internal_count=99723 96633 93564 89863 81193 26922
is_linear=0
shrinkage=0.05


Tree=93
num_leaves=7
num_cat=0
split_feature=4 32 14 18 44 51
split_gain=0.00104554 0.000609824 0.00127566 0.000738886 0.000637102 0.00316734
threshold=-0.023498101159930226 -0.093830201774835573 0.020637151785194877 0.034930013120174415 0.40522636473178869 1.0000000180025095e-35
decision_type=2 2 2 2 2 2
left_child=-1 2 -2 4 -3 -6
right_child=1 3 -4 -5 5 -7
leaf_value=2.3967778786272415e-05 -2.1790990908613596e-06 -1.8546885277825977e-06 -3.599420503440625e-05 1.945080062886384e-05 -6.1146749719479697e-06 4.1709724456775314e-05
leaf_weight=4821 25746 44629 3079 6044 10312 5154
leaf_count=4821 25746 44629 3079 6044 10312 5154
internal_value=1.37501e-06 2.1604e-07 -5.8472e-06 2.86097e-06 1.17768e-06 9.90572e-06
internal_weight=99785 94964 28825 66139 60095 15466
internal_count=99785 94964 28825 66139 60095 15466
is_linear=0
shrinkage=0.05


Tree=94
num_leaves=7
num_cat=0
split_feature=36 51 24 51 8 45
split_gain=0.000694441 0.00257427 0.0146077 0.000540569 0.00849228 0.00553827
threshold=0.15757936984300616 1.0000000180025095e-35 0.66782599687576305 1.0000000180025095e-35 -0.017863524146378037 -1.8032160401344297
decision_type=2 2 2 2 2 2
left_child=3 2 -2 5 -5 -1
right_child=1 -3 -4 4 -6 -7
leaf_value=6.5010053080542785e-05 -5.3585586087152181e-05 4.0169069913723127e-05 7.4331394084764621e-05 -7.028092340784926e-05 4.1795019875738861e-06 -3.0019625283443933e-06
leaf_weight=3119 5842 4645 3543 4502 24088 53924
leaf_count=3119 5842 4645 3543 4502 24088 53924
internal_value=-3.52058e-07 9.93894e-06 -5.15671e-06 -2.04294e-06 -7.64783e-06 7.70479e-07
internal_weight=99663 14030 9385 85633 28590 57043
internal_count=99663 14030 9385 85633 28590 57043
is_linear=0
shrinkage=0.05


Tree=95
num_leaves=7
num_cat=0
split_feature=34 2 51 5 36 8
split_gain=0.000682787 0.000540494 0.00252596 0.00323422 0.00284881 0.00056947
threshold=26.938738822937015 0.0085401330143213289 1.0000000180025095e-35 0.0055268993601202973 0.085149995982646956 0.021079523488879207
decision_type=2 2 2 2 2 2
left_child=-1 5 3 4 -3 -2
right_child=1 2 -4 -5 -6 -7
leaf_value=-2.1875905835476608e-05 1.1970251923606722e-06 1.0839583485125021e-05 3.6044567877775744e-05 3.4456248349628829e-05 -4.8160507776262362e-05 -1.2018890766765368e-05
leaf_weight=3199 69628 3710 5851 3714 4470 9181
leaf_count=3199 69628 3710 5851 3714 4470 9181
internal_value=6.69807e-07 1.42772e-06 9.29832e-06 -3.95473e-06 -2.1498e-05 -3.49232e-07
internal_weight=99753 96554 17745 11894 8180 78809
internal_count=99753 96554 17745 11894 8180 78809
is_linear=0
shrinkage=0.05


Tree=96
num_leaves=7
num_cat=0
split_feature=13 42 38 13 40 17
split_gain=0.00116335 0.000494702 0.000356544 0.000331292 0.000809211 0.000651387
threshold=0.032174240797758109 0.54767870903015148 11.19914484024048 0.017526876181364063 1.575241267681122 1.3444239497184756
decision_type=2 2 2 2 2 2
left_child=1 2 3 -1 5 -5
right_child=-2 -3 -4 4 -6 -7
leaf_value=4.3962889018882536e-09 2.9423014407251562e-05 1.9132994607274554e-05 8.275976717042561e-06 -9.8852936540908673e-06 -3.0016840698140435e-05 1.6181446755019816e-05
leaf_weight=67740 3515 3327 10562 7741 3266 3412
leaf_count=67740 3515 3327 10562 7741 3266 3412
internal_value=1.37628e-06 3.35104e-07 -3.49347e-07 -1.46254e-06 -8.33036e-06 -1.87415e-06
internal_weight=99563 96048 92721 82159 14419 11153
internal_count=99563 96048 92721 82159 14419 11153
is_linear=0
shrinkage=0.05


Tree=97
num_leaves=7
num_cat=0
split_feature=15 36 13 37 22 5
split_gain=0.00251877 0.00212184 0.00106656 0.000615989 0.000488761 0.000566381
threshold=0.023947999812662605 0.18927464634180072 0.022294641472399238 0.67208844423294078 0.34748008847236639 0.010516487993299963
decision_type=2 2 2 2 2 2
left_child=2 -2 3 -1 -5 -6
right_child=1 -3 -4 4 5 -7
leaf_value=1.5125161480946875e-05 -2.2271375748046567e-06 -5.3034274268987629e-05 2.1969425383783298e-05 -4.6033767530518008e-06 5.7517603739003772e-06 -1.4816707479354331e-05
leaf_weight=6057 4113 4066 5754 47111 28734 3739
leaf_count=6057 4113 4066 5754 47111 28734 3739
internal_value=-1.15798e-06 -2.76535e-05 1.22695e-06 -1.78692e-07 -1.35221e-06 3.36433e-06
internal_weight=99574 8179 91395 85641 79584 32473
internal_count=99574 8179 91395 85641 79584 32473
is_linear=0
shrinkage=0.05


Tree=98
num_leaves=7
num_cat=0
split_feature=14 44 4 9 51 4
split_gain=0.00226767 0.000532091 0.000522881 0.000597236 0.000521247 0.00654018
threshold=0.033009570091962821 0.030866599641740326 -0.006700442172586917 -0.031486123800277703 1.0000000180025095e-35 0.0063760590273886928
decision_type=2 2 2 2 2 2
left_child=1 -1 3 -3 -4 -6
right_child=-2 2 4 -5 5 -7
leaf_value=-1.7882535104273226e-06 4.4152031509060342e-05 1.0125742158544312e-06 -1.8674575308891701e-06 2.9299860207569372e-05 -1.5227425928667548e-05 7.2044358724881441e-05
leaf_weight=59179 3118 3213 19794 4413 6808 3077
leaf_count=59179 3118 3213 19794 4413 6808 3077
internal_value=2.52701e-06 1.15967e-06 5.83227e-06 1.7466e-05 2.81863e-06 1.21644e-05
internal_weight=99602 96484 37305 7626 29679 9885
internal_count=99602 96484 37305 7626 29679 9885
is_linear=0
shrinkage=0.05


Tree=99
num_leaves=7
num_cat=0
split_feature=7 4 37 4 15 18
split_gain=0.000958982 0.000586776 0.000530109 0.000677534 0.000419936 0.000549775
threshold=-0.027142599225044247 -0.012026216834783552 3.2918440103530888 -0.022281423211097714 0.02364118862897158 0.02979078330099583
decision_type=2 2 2 2 2 2
left_child=-1 2 -2 -4 5 -3
right_child=1 4 3 -5 -6 -7
leaf_value=-2.5210582603137074e-05 2.9330007377468382e-05 -6.3714941391946697e-07 -1.0892952956188897e-05 1.8000027722960629e-05 -1.4450499408309532e-05 1.8413987920531332e-05
leaf_weight=3619 3016 76130 3678 4409 5077 3935
leaf_count=3619 3016 76130 3678 4409 5077 3935
internal_value=-1.21751e-07 8.34238e-07 1.16183e-05 4.8732e-06 -5.78059e-07 3.10076e-07
internal_weight=99864 96245 11103 8087 85142 80065
internal_count=99864 96245 11103 8087 85142 80065
is_linear=0
shrinkage=0.05


Tree=100
num_leaves=7
num_cat=0
split_feature=11 8 29 26 32 39
split_gain=0.00120952 0.000902072 0.000547531 0.000575374 0.0006734 0.000679432
threshold=-0.16620659083127973 0.050642346963286407 -3.8941911458969112 -0.93786516785621632 0.026690093800425533 0.81461367011070263
decision_type=2 2 2 2 2 2
left_child=-1 2 -2 -4 5 -5
right_child=1 -3 3 4 -6 -7
leaf_value=-3.0215258991922429e-05 8.2203923875943568e-06 2.35879752276932e-05 -1.8622991279856467e-05 1.4551852128458518e-06 -6.1111719952737324e-06 2.4145987095374382e-05
leaf_weight=3211 15685 4087 4835 35124 33181 3592
leaf_count=3211 15685 4087 4835 35124 33181 3592
internal_value=-2.65924e-07 7.45718e-07 -2.76655e-07 -2.01778e-06 -8.88932e-07 3.58882e-06
internal_weight=99715 96504 92417 76732 71897 38716
internal_count=99715 96504 92417 76732 71897 38716
is_linear=0
shrinkage=0.05


Tree=101
num_leaves=7
num_cat=0
split_feature=7 2 16 4 4 32
split_gain=0.000681533 0.000993336 0.00143671 0.0011678 0.000495014 0.00127198
threshold=-0.025882683694362637 0.010208810679614546 0.019601389765739444 -0.0022948951227590437 0.01076603587716818 -0.012911477591842411
decision_type=2 2 2 2 2 2
left_child=-1 4 3 -3 -2 -6
right_child=1 2 -4 -5 5 -7
leaf_value=-1.9947663255764144e-05 -2.41545217895057e-06 2.5916615581190182e-05 3.9634491617597252e-05 -8.8359088047521557e-06 3.6261697472047027e-05 -1.8394234680093617e-06
leaf_weight=3910 70879 3738 3772 6635 3026 7594
leaf_count=3910 70879 3738 3772 6635 3026 7594
internal_value=3.78993e-07 1.21995e-06 1.34264e-05 3.75171e-06 -9.05531e-07 9.13594e-06
internal_weight=99554 95644 14145 10373 81499 10620
internal_count=99554 95644 14145 10373 81499 10620
is_linear=0
shrinkage=0.05


Tree=102
num_leaves=7
num_cat=0
split_feature=1 10 11 4 11 23
split_gain=0.00087773 0.00084317 0.00109845 0.000657531 0.00054028 0.000441545
threshold=0.024511312134563926 -0.091832011938095079 -0.10368055477738379 -0.0037727121962234374 -0.017615132965147492 1.448752820491791
decision_type=2 2 2 2 2 2
left_child=1 -1 -3 4 -4 -5
right_child=-2 2 3 5 -6 -7
leaf_value=-2.2170735371371943e-05 2.0546702732490501e-05 2.3313854005679906e-05 -6.1100375603352699e-06 -3.3665408767524527e-06 1.0075412896377341e-05 -1.5174372671233582e-05
leaf_weight=5025 4332 4292 7664 53693 15537 9248
leaf_count=5025 4332 4292 7664 53693 15537 9248
internal_value=-1.33571e-06 -2.33899e-06 -1.22539e-06 -2.46086e-06 4.72722e-06 -5.11215e-06
internal_weight=99791 95459 90434 86142 23201 62941
internal_count=99791 95459 90434 86142 23201 62941
is_linear=0
shrinkage=0.05


Tree=103
num_leaves=7
num_cat=0
split_feature=26 7 6 7 6 11
split_gain=0.00119012 0.00101015 0.000543297 0.000542952 0.000398765 0.000416952
threshold=-1.1446433067321775 -0.025882683694362637 -0.013855777215212582 0.0053846447262912997 -0.00050425995141267766 -0.087743252515792833
decision_type=2 2 2 2 2 2
left_child=-1 -2 3 -3 -4 -6
right_child=1 2 4 -5 5 -7
leaf_value=2.2872053630540253e-05 -2.5513569632344682e-05 3.2599032164055921e-06 -4.8005988264413499e-06 2.9351459001762079e-05 -1.5086374201095477e-05 3.5571825164962708e-06
leaf_weight=5873 3743 5512 31851 3087 3156 46577
leaf_count=5873 3743 5512 31851 3087 3156 46577
internal_value=1.13427e-06 -2.364e-07 8.26272e-07 1.27422e-05 -4.36706e-07 2.36012e-06
internal_weight=99799 93926 90183 8599 81584 49733
internal_count=99799 93926 90183 8599 81584 49733
is_linear=0
shrinkage=0.05


Tree=104
num_leaves=7
num_cat=0
split_feature=18 0 43 11 21 51
split_gain=0.00076614 0.0019288 0.000978572 0.000938151 0.000349116 0.00040886
threshold=0.038647819310426719 -0.0072309232782572499 -0.077061992138624177 0.14560057222843173 0.15155445784330371 -1.0000000180025095e-35
decision_type=2 2 2 2 2 2
left_child=2 -2 -1 4 5 -4
right_child=1 -3 3 -5 -6 -7
leaf_value=-1.3123857456436979e-05 4.5370031283792933e-05 -3.4448647412505965e-06 1.6971275386624187e-05 2.6860308166404335e-05 -5.1549850116217551e-07 2.1139672768629964e-06
leaf_weight=10986 3390 4899 6896 3793 55939 13943
leaf_count=10986 3390 4899 6896 3793 55939 13943
internal_value=2.16239e-06 1.66716e-05 8.40441e-07 2.75146e-06 1.54372e-06 7.05937e-06
internal_weight=99846 8289 91557 80571 76778 20839
internal_count=99846 8289 91557 80571 76778 20839
is_linear=0
shrinkage=0.05


Tree=105
num_leaves=7
num_cat=0
split_feature=4 1 1 36 4 8
split_gain=0.000564962 0.000480477 0.000342402 0.000586378 0.000430821 0.000578954
threshold=-0.024633850902318951 -0.027122374624013897 0.0088044330477714556 0.095244068652391448 0.0058170559350401172 -0.01421118527650833
decision_type=2 2 2 2 2 2
left_child=-1 -2 4 -4 -3 -6
right_child=1 2 3 -5 5 -7
leaf_value=1.7053230363055028e-05 -2.0565400007131941e-05 -4.1391934167244071e-06 -3.6854261761469911e-06 1.5111177546294622e-05 2.0813794168646327e-05 -2.8276135097081019e-07
leaf_weight=4349 3072 57893 8119 8402 4214 13698
leaf_count=4349 3072 57893 8119 8402 4214 13698
internal_value=-4.66439e-07 -1.27364e-06 -6.20954e-07 5.89062e-06 -2.04304e-06 4.72456e-06
internal_weight=99747 95398 92326 16521 75805 17912
internal_count=99747 95398 92326 16521 75805 17912
is_linear=0
shrinkage=0.05


Tree=106
num_leaves=7
num_cat=0
split_feature=15 3 51 24 51 11
split_gain=0.000987207 0.000686478 0.0015779 0.00217582 0.00237096 0.00063473
threshold=0.02725398633629084 -0.0083732157945632917 -1.0000000180025095e-35 0.39805626869201666 1.0000000180025095e-35 -0.051808642223477357
decision_type=2 2 2 2 2 2
left_child=1 2 -1 -4 -5 -3
right_child=-2 5 3 4 -6 -7
leaf_value=3.182011892350651e-05 2.1190665516592372e-05 -1.331419863549924e-05 2.8008333807045672e-05 1.0474758104028318e-05 -5.0355871887726e-05 -6.2802244791998648e-07
leaf_weight=5041 5443 11491 3676 3166 3163 67724
leaf_count=5041 5443 11491 3676 3166 3163 67724
internal_value=5.85703e-07 -6.14712e-07 9.15797e-06 -2.36176e-06 -2.00826e-05 -2.47553e-06
internal_weight=99704 94261 15046 10005 6329 79215
internal_count=99704 94261 15046 10005 6329 79215
is_linear=0
shrinkage=0.05


Tree=107
num_leaves=7
num_cat=0
split_feature=28 6 4 5 34 8
split_gain=0.000714086 0.000778111 0.000557436 0.000931902 0.00068617 0.000512236
threshold=-2.8179047107696529 -0.00056371788377873589 -0.0028841823805123563 -0.012017254717648028 38.882774353027351 -0.010091830044984816
decision_type=2 2 2 2 2 2
left_child=1 -1 3 -2 -5 -4
right_child=2 -3 5 4 -6 -7
leaf_value=2.9594977353816518e-05 3.0250658626793451e-05 -3.5039543819797091e-06 4.4885973620548319e-06 -1.8328587791820823e-05 4.762418032686093e-06 -6.2207370505084501e-06
leaf_weight=4018 3097 3134 14396 3709 22283 49244
leaf_count=4018 3097 3134 14396 3709 22283 49244
internal_value=9.38503e-10 1.51674e-05 -1.17637e-06 4.55269e-06 1.43852e-06 -3.79656e-06
internal_weight=99881 7152 92729 29089 25992 63640
internal_count=99881 7152 92729 29089 25992 63640
is_linear=0
shrinkage=0.05


Tree=108
num_leaves=7
num_cat=0
split_feature=37 1 2 2 15 15
split_gain=0.00065 0.00036332 0.00122618 0.00111406 0.000785306 0.000738147
threshold=0.42681139707565313 0.0015695879701524975 -0.014272990170866249 0.016905697993934158 0.022106496617197994 0.020174032077193264
decision_type=2 2 2 2 2 2
left_child=-1 2 -2 4 -3 -4
right_child=1 3 5 -5 -6 -7
leaf_value=2.0547497382177438e-05 2.0287147915248142e-05 2.7272160630051744e-06 -3.666084946083745e-06 3.1708691760733286e-05 -2.1272258937903517e-05 -2.2333423986120756e-05
leaf_weight=3590 4867 33196 45304 3000 3748 5952
leaf_count=3590 4867 33196 45304 3000 3748 5952
internal_value=-1.92399e-07 -9.77729e-07 -3.57049e-06 2.66511e-06 2.66989e-07 -5.85344e-06
internal_weight=99657 96067 56123 39944 36944 51256
internal_count=99657 96067 56123 39944 36944 51256
is_linear=0
shrinkage=0.05


Tree=109
num_leaves=7
num_cat=0
split_feature=13 36 3 10 12 12
split_gain=0.0010426 0.000578847 0.000373259 0.000449571 0.000310085 0.000285154
threshold=0.028899154625833038 0.20131760835647586 -0.015312576666474341 -0.055999502539634698 -0.13216105848550794 -0.034975834190845483
decision_type=2 2 2 2 2 2
left_child=1 2 5 -4 -5 -1
right_child=-2 -3 3 4 -6 -7
leaf_value=2.175967388520956e-05 -2.2479359985206167e-05 1.8176937822727313e-05 -1.4287094291298979e-05 1.0152790369695353e-05 -1.172031300902016e-06 1.0330562888544345e-06
leaf_weight=3169 5140 4383 6067 6558 70829 3436
leaf_count=3169 5140 4383 6067 6558 70829 3436
internal_value=-6.60639e-07 5.3811e-07 -3.29948e-07 -1.23799e-06 -2.06397e-07 1.10662e-05
internal_weight=99582 94442 90059 83454 77387 6605
internal_count=99582 94442 90059 83454 77387 6605
is_linear=0
shrinkage=0.05


Tree=110
num_leaves=7
num_cat=0
split_feature=14 14 45 1 22 50
split_gain=0.000693583 0.000583391 0.000315867 0.000397866 0.000410423 0.000318909
threshold=0.029214113950729374 0.024681303650140766 -0.95871722698211659 0.00044775886635761713 0.43221957981586462 1.0000000180025095e-35
decision_type=2 2 2 2 2 2
left_child=1 2 3 4 -1 -4
right_child=-2 -3 5 -5 -6 -7
leaf_value=-6.2867700703891733e-06 1.7674015065483587e-05 -2.2871141759286521e-05 -2.7038955249271069e-07 1.6175341421124632e-05 1.3772844177615852e-05 -7.2032193542703183e-06
leaf_weight=8331 4698 3157 49618 5344 3615 24871
leaf_count=8331 4698 3157 49618 5344 3615 24871
internal_value=-9.76434e-07 -1.90819e-06 -1.17505e-06 4.90414e-06 -1.8439e-07 -2.58846e-06
internal_weight=99634 94936 91779 17290 11946 74489
internal_count=99634 94936 91779 17290 11946 74489
is_linear=0
shrinkage=0.05


Tree=111
num_leaves=7
num_cat=0
split_feature=8 13 47 10 31 42
split_gain=0.000398678 0.000343955 0.00052348 0.000361878 0.000397017 0.000338635
threshold=-0.059198576956987374 0.024933059699833397 1.0000000180025095e-35 0.057607974857091911 1.317741930484772 0.5036664903163911
decision_type=2 2 2 2 2 2
left_child=-1 3 -3 -2 5 -5
right_child=1 2 -4 4 -6 -7
leaf_value=-1.84591629888397e-05 -1.7506744015412074e-07 -3.556074007276408e-06 2.5302395467537707e-05 -5.7183323292274315e-06 5.4835168947886408e-06 -2.5414066189221948e-05
leaf_weight=3191 78446 3164 3051 4706 3218 4082
leaf_count=3191 78446 3164 3051 4706 3218 4082
internal_value=-1.20933e-06 -6.30662e-07 1.06997e-05 -1.41466e-06 -9.47969e-06 -1.4959e-05
internal_weight=99858 96667 6215 90452 12006 8788
internal_count=99858 96667 6215 90452 12006 8788
is_linear=0
shrinkage=0.05


Tree=112
num_leaves=7
num_cat=0
split_feature=36 36 51 8 35 21
split_gain=0.000684592 0.000716266 0.000329945 0.00760762 0.00479683 0.00377051
threshold=0.23236891627311709 0.18367453664541247 1.0000000180025095e-35 0.0044462638907134542 1.0091636776924136 0.29537041485309606
decision_type=2 2 2 2 2 2
left_child=1 2 4 5 -1 -4
right_child=-2 -3 3 -5 -6 -7
leaf_value=6.0208174769572331e-06 -1.919383994923087e-05 1.8567443775115912e-05 -4.3673975733041443e-05 2.7016481064170229e-05 -4.9444226664469105e-05 2.5853096106031399e-06
leaf_weight=55746 4303 5468 10616 11731 4141 7495
leaf_count=55746 4303 5468 10616 11731 4141 7495
internal_value=1.96704e-07 1.08279e-06 7.54605e-09 -4.2834e-06 2.14753e-06 -2.45758e-05
internal_weight=99500 95197 89729 29842 59887 18111
internal_count=99500 95197 89729 29842 59887 18111
is_linear=0
shrinkage=0.05


Tree=113
num_leaves=7
num_cat=0
split_feature=3 40 11 36 10 13
split_gain=0.00141098 0.000795521 0.000522674 0.000621223 0.000390791 0.000294385
threshold=0.029109299182891849 1.9047607183456423 0.12726679444313052 0.19493751227855685 -0.072610162198543535 0.017830596305429939
decision_type=2 2 2 2 2 2
left_child=1 2 3 4 -1 -6
right_child=-2 -3 -4 -5 5 -7
leaf_value=1.5002628338222927e-05 -3.3043828749789703e-05 2.1493688324089376e-05 1.4344346670474383e-05 -2.0781571636035707e-05 -1.8941168651173148e-06 8.4407262711477925e-06
leaf_weight=4017 3099 4450 5864 3752 70992 7581
leaf_count=4017 3099 4450 5864 3752 70992 7581
internal_value=-1.06683e-07 9.65892e-07 -3.59223e-08 -1.02031e-06 -1.10539e-07 -8.92241e-07
internal_weight=99755 96656 92206 86342 82590 78573
internal_count=99755 96656 92206 86342 82590 78573
is_linear=0
shrinkage=0.05


Tree=114
num_leaves=7
num_cat=0
split_feature=11 43 16 26 4 29
split_gain=0.00207071 0.000549032 0.000751018 0.000363187 0.00037595 0.00048635
threshold=-0.14981183409690854 0.14234283566474917 0.027542104944586757 1.4186917543411257 0.015917558223009113 1.9325026869773867
decision_type=2 2 2 2 2 2
left_child=-1 2 3 4 -2 -6
right_child=1 -3 -4 -5 5 -7
leaf_value=3.7074676544971126e-05 -1.2913649202612968e-07 -1.6854359221778776e-05 2.1976769896249385e-05 -1.6282436748192348e-05 2.6872481782830857e-05 -1.0504285272296624e-06
leaf_weight=3946 78015 4379 4091 3175 3006 3177
leaf_count=3946 78015 4379 4091 3175 3006 3177
internal_value=1.8094e-06 3.38904e-07 1.17082e-06 1.84627e-07 8.14874e-07 1.26316e-05
internal_weight=99789 95843 91464 87373 84198 6183
internal_count=99789 95843 91464 87373 84198 6183
is_linear=0
shrinkage=0.05


Tree=115
num_leaves=7
num_cat=0
split_feature=26 14 51 3 22 43
split_gain=0.00121195 0.000899653 0.000742511 0.00709132 0.00462426 0.00351737
threshold=-1.2628092169761655 0.026407454162836078 -1.0000000180025095e-35 -0.0098160421475768072 0.44944296777248388 0.1324296444654465
decision_type=2 2 2 2 2 2
left_child=-1 2 3 -2 -5 -4
right_child=1 -3 5 4 -6 -7
leaf_value=2.562431826960989e-05 5.8934164912090048e-05 -1.9231412763729273e-05 1.2350075762723173e-06 -2.7117589606084877e-05 2.080097513942753e-05 5.4902792904053407e-05
leaf_weight=4671 3686 5855 56377 19365 6756 3178
leaf_count=4671 3686 5855 56377 19365 6756 3178
internal_value=8.9642e-07 -3.29453e-07 9.19065e-07 -5.51758e-06 -1.47078e-05 4.1425e-06
internal_weight=99888 95217 89362 29807 26121 59555
internal_count=99888 95217 89362 29807 26121 59555
is_linear=0
shrinkage=0.05


Tree=116
num_leaves=7
num_cat=0
split_feature=16 30 4 3 27 51
split_gain=0.0015327 0.00133565 0.00109125 0.000383293 0.000600483 0.00100999
threshold=0.032091422006487853 -1.2014839649200437 -0.019669692963361737 -0.0081681264564394934 0.57357400655746471 1.0000000180025095e-35
decision_type=2 2 2 2 2 2
left_child=1 -1 -3 4 5 -4
right_child=-2 2 3 -5 -6 -7
leaf_value=-3.2089258255025936e-05 3.1748132978360516e-05 2.4329685113430814e-05 1.260156633677526e-05 -1.5529861338189034e-06 2.6259989370085794e-05 -2.0071154476058967e-05
leaf_weight=3077 3922 4758 7039 74295 3214 3500
leaf_count=3077 3922 4758 7039 74295 3214 3500
internal_value=1.31264e-06 5.18046e-08 1.13415e-06 -1.32401e-07 7.51956e-06 1.70742e-06
internal_weight=99805 95883 92806 88048 13753 10539
internal_count=99805 95883 92806 88048 13753 10539
is_linear=0
shrinkage=0.05


Tree=117
num_leaves=7
num_cat=0
split_feature=30 10 23 36 17 8
split_gain=0.000922434 0.00108738 0.000554421 0.000406367 0.000841358 0.000511632
threshold=-0.92644113302230824 -0.070343691855669008 1.0602566003799441 0.12643741071224215 0.94474765658378612 0.0054063962306827315
decision_type=2 2 2 2 2 2
left_child=2 -2 -1 -3 5 -5
right_child=1 3 -4 4 -6 -7
leaf_value=5.6990758950812522e-06 -2.6368986394184149e-05 -1.4002888060715948e-06 3.3207309052731088e-05 6.4320941594373971e-06 -3.4476697125936997e-06 3.4913193666631413e-05
leaf_weight=4501 4021 74412 3069 3064 7457 3260
leaf_count=4501 4021 74412 3069 3064 7457 3260
internal_value=2.76501e-07 -1.1045e-06 1.69961e-05 6.16735e-08 7.93222e-06 2.12727e-05
internal_weight=99784 92214 7570 88193 13781 6324
internal_count=99784 92214 7570 88193 13781 6324
is_linear=0
shrinkage=0.05


Tree=118
num_leaves=7
num_cat=0
split_feature=9 4 51 15 2 4
split_gain=0.000568656 0.000893794 0.0014958 0.0102047 0.00540281 0.00407398
threshold=-0.0140634523704648 0.0073569342494010934 -1.0000000180025095e-35 0.014598149806261064 0.0045580326113849887 -0.005828132387250661
decision_type=2 2 2 2 2 2
left_child=1 2 3 -1 5 -4
right_child=-2 -3 4 -5 -6 -7
leaf_value=1.6770607271816143e-05 1.8207857999428801e-06 1.6980377299360429e-05 -4.9630508045662178e-05 -9.9373421105258396e-05 5.5102829902848769e-05 7.9687166674824344e-06
leaf_weight=4908 72241 3445 5246 3015 3311 7276
leaf_count=4908 72241 3445 5246 3015 3311 7276
internal_value=-4.99756e-07 -6.65474e-06 -1.01107e-05 -2.77726e-05 -1.21285e-06 -1.62635e-05
internal_weight=99442 27201 23756 7923 15833 12522
internal_count=99442 27201 23756 7923 15833 12522
is_linear=0
shrinkage=0.05


Tree=119
num_leaves=7
num_cat=0
split_feature=12 36 0 38 22 2
split_gain=0.000582992 0.000874619 0.000768608 0.000395762 0.0003984 0.000314328
threshold=0.30553717911243444 0.20869529992341998 -0.020377744920551773 7.2499470710754403 0.34242603182792669 -0.0060232512187212697
decision_type=2 2 2 2 2 2
left_child=1 2 -1 5 -5 -4
right_child=-2 -3 3 4 -6 -7
leaf_value=-2.166153933276105e-05 -2.1171862760567935e-05 1.8563594162302422e-05 3.5866927105715744e-06 8.6983615581531039e-06 -3.1146822444676143e-06 -5.2528222303414698e-06
leaf_weight=4580 3534 5539 13055 17634 11933 43311
leaf_count=4580 3534 5539 13055 17634 11933 43311
internal_value=-1.37186e-06 -6.32728e-07 -1.81706e-06 -7.4742e-07 3.9335e-06 -3.20413e-06
internal_weight=99586 96052 90513 85933 29567 56366
internal_count=99586 96052 90513 85933 29567 56366
is_linear=0
shrinkage=0.05


Tree=120
num_leaves=7
num_cat=0
split_feature=9 17 16 15 15 51
split_gain=0.00173772 0.000623488 0.000641647 0.00059614 0.000667356 0.000588721
threshold=-0.068642664700746522 1.8031312823295595 0.026319137774407867 0.016022394411265854 0.012983202468603851 -1.0000000180025095e-35
decision_type=2 2 2 2 2 2
left_child=-1 2 3 4 -2 -5
right_child=1 -3 -4 5 -6 -7
leaf_value=2.9370110180917519e-05 -6.5918927898932796e-07 1.9773437575743887e-05 -1.923230974383374e-05 2.1398043877914527e-05 -1.2597743734805216e-05 7.1513611998736956e-07
leaf_weight=4749 56450 3284 5188 5155 14720 10160
leaf_count=4749 56450 3284 5188 5155 14720 10160
internal_value=1.50212e-08 -1.46777e-06 -2.23906e-06 -1.20916e-06 -3.13554e-06 7.72394e-06
internal_weight=99706 94957 91673 86485 71170 15315
internal_count=99706 94957 91673 86485 71170 15315
is_linear=0
shrinkage=0.05


Tree=121
num_leaves=7
num_cat=0
split_feature=40 9 25 0 3 22
split_gain=0.000450474 0.000406808 0.000346 0.000254978 0.000787505 0.000452436
threshold=2.1835701465606694 0.067027326673269286 -3.4999999999999996 -0.0095468782819807512 -0.0061818221583962432 0.26988239586353308
decision_type=2 2 2 2 2 2
left_child=1 2 -1 4 -4 -6
right_child=-2 -3 3 -5 5 -7
leaf_value=1.6031467162321068e-05 1.9208586439920659e-05 -1.4353354468998992e-05 -1.4480696882595486e-05 -8.5388097153013388e-07 2.2429733607197191e-05 -7.3968605513539579e-07
leaf_weight=3556 3144 4571 3163 75981 5935 3247
leaf_count=3556 3144 4571 3163 75981 5935 3247
internal_value=7.34494e-07 1.22669e-07 8.50246e-07 2.30326e-07 6.87993e-06 1.42768e-05
internal_weight=99597 96453 91882 88326 12345 9182
internal_count=99597 96453 91882 88326 12345 9182
is_linear=0
shrinkage=0.05


Tree=122
num_leaves=7
num_cat=0
split_feature=22 51 46 13 14 6
split_gain=0.000847456 0.00289321 0.00235962 0.00129763 0.00104525 0.00193294
threshold=0.10678679868578912 1.0000000180025095e-35 1.0000000180025095e-35 0.011383949313312771 0.024324869737029079 -0.0011530523770488796
decision_type=2 2 2 2 2 2
left_child=1 2 3 -1 -2 -6
right_child=4 -3 -4 -5 5 -7
leaf_value=-4.8726662336648283e-06 3.3823864909183861e-07 3.8829006355915079e-05 -2.580108127684348e-05 4.1282008821578195e-05 -4.875939780284884e-05 5.0328563479814671e-06
leaf_weight=3005 75403 5996 5954 3018 3102 3534
leaf_count=3005 75403 5996 5954 3018 3102 3534
internal_value=8.14365e-07 1.06318e-05 -3.58714e-06 1.8404e-05 -1.3416e-06 -2.02889e-05
internal_weight=100012 17973 11977 6023 82039 6636
internal_count=100012 17973 11977 6023 82039 6636
is_linear=0
shrinkage=0.05


Tree=123
num_leaves=7
num_cat=0
split_feature=16 42 12 10 32 14
split_gain=0.00116012 0.000930824 0.000529371 0.000357225 0.000267925 0.000503674
threshold=0.023766107857227329 0.49364557862281805 -0.20500989258289334 -0.082689538598060594 0.24577475339174273 0.0094757713377475756
decision_type=2 2 2 2 2 2
left_child=2 -2 -1 -4 -5 -6
right_child=1 -3 3 4 5 -7
leaf_value=-1.9345630563313395e-05 -3.8452272008598653e-05 -3.66480258481196e-06 1.402424835278197e-05 -5.2599067734464382e-07 5.7850018273175091e-06 -1.6420942856929672e-05
leaf_weight=4048 4009 3676 3756 72860 3859 7380
leaf_count=4048 4009 3676 3756 72860 3859 7380
internal_value=-3.3459e-06 -2.19435e-05 -1.77967e-06 -9.5976e-07 -1.63691e-06 -8.8045e-06
internal_weight=99588 7685 91903 87855 84099 11239
internal_count=99588 7685 91903 87855 84099 11239
is_linear=0
shrinkage=0.05


Tree=124
num_leaves=7
num_cat=0
split_feature=9 29 28 15 33 4
split_gain=0.00144591 0.000518645 0.000531716 0.000595694 0.000510439 0.000465067
threshold=-0.075516011565923677 5.1864333152771005 -1.5666102170944212 0.023947999812662605 80.350872039794936 -0.0095475697889924032
decision_type=2 2 2 2 2 2
left_child=-1 2 -2 5 -3 -4
right_child=1 4 3 -5 -6 -7
leaf_value=2.9064112559304493e-05 4.1710496493313859e-06 9.1378052326107136e-06 8.7032111223005225e-06 -2.2499858389053095e-05 -1.2450483068690393e-05 -5.9285223678175515e-06
leaf_weight=3941 17300 16466 6081 4844 3237 47831
leaf_count=3941 17300 16466 6081 4844 3237 47831
internal_value=-4.23666e-07 -1.65178e-06 -3.5247e-06 -5.79224e-06 5.56853e-06 -4.2716e-06
internal_weight=99700 95759 76056 58756 19703 53912
internal_count=99700 95759 76056 58756 19703 53912
is_linear=0
shrinkage=0.05


Tree=125
num_leaves=7
num_cat=0
split_feature=4 33 17 41 30 50
split_gain=0.00149731 0.000993401 0.000569463 0.000492081 0.000471908 0.000320841
threshold=-0.016896149143576619 37.136053085327156 1.5527463555336001 0.49659751355648046 1.3298134207725527 1.0000000180025095e-35
decision_type=2 2 2 2 2 2
left_child=1 -1 4 -4 5 -2
right_child=2 -3 3 -5 -6 -7
leaf_value=7.5498817255318859e-07 8.5517063471840853e-07 3.6292791726882938e-05 -1.6584274824653936e-06 -2.8876297053138675e-05 1.8642271645826132e-05 -5.7752188849133909e-06
leaf_weight=3487 54773 4466 3203 3413 3011 27301
leaf_count=3487 54773 4466 3203 3413 3011 27301
internal_value=7.18543e-08 2.08133e-05 -1.73736e-06 -1.58106e-05 -6.34416e-07 -1.35253e-06
internal_weight=99654 7953 91701 6616 85085 82074
internal_count=99654 7953 91701 6616 85085 82074
is_linear=0
shrinkage=0.05


Tree=126
num_leaves=7
num_cat=0
split_feature=13 43 5 36 6 37
split_gain=0.00166102 0.00127978 0.00117369 0.000475308 0.000452039 0.000385896
threshold=0.023216060362756256 0.019780746661126617 -0.001983653753995895 0.18927464634180072 -0.019685165956616398 1.1996163129806521
decision_type=2 2 2 2 2 2
left_child=3 2 -2 4 -1 -6
right_child=1 -3 -4 -5 5 -7
leaf_value=-1.823445726220847e-05 -1.5267441440728831e-05 4.4873113884190912e-05 2.7436481616802079e-05 -1.8623341673844759e-05 8.4944727485467458e-06 -1.1818967382843628e-06
leaf_weight=3404 3045 3409 3307 3732 12010 70695
leaf_count=3404 3045 3409 3307 3732 12010 70695
internal_value=8.57809e-07 2.03922e-05 7.00586e-06 -1.27471e-06 -5.12445e-07 2.2754e-07
internal_weight=99602 9761 6352 89841 86109 82705
internal_count=99602 9761 6352 89841 86109 82705
is_linear=0
shrinkage=0.05


Tree=127
num_leaves=7
num_cat=0
split_feature=12 18 50 51 51 5
split_gain=0.00204611 0.00105864 0.000474375 0.00450176 0.00241587 0.00684573
threshold=-0.22341370582580564 0.041841831058263786 1.0000000180025095e-35 -1.0000000180025095e-35 1.0000000180025095e-35 -0.0015961123863235114
decision_type=2 2 2 2 2 2
left_child=-1 2 4 -4 -2 -6
right_child=1 -3 3 -5 5 -7
leaf_value=-3.0221805283204805e-05 9.5515043467967533e-06 2.6181798753863384e-05 -3.2577333009627533e-05 8.4679441088188913e-06 2.5913278388982034e-05 -3.440665839662032e-05
leaf_weight=5502 39981 3951 9977 19972 7496 12451
leaf_count=5502 39981 3951 9977 19972 7496 12451
internal_value=-7.28171e-07 1.01649e-06 -1.03723e-07 -5.2371e-06 2.46391e-06 -1.17306e-05
internal_weight=99330 93828 89877 29949 59928 19947
internal_count=99330 93828 89877 29949 59928 19947
is_linear=0
shrinkage=0.05


Tree=128
num_leaves=7
num_cat=0
split_feature=9 21 51 5 0 11
split_gain=0.00182753 0.000604949 0.0015025 0.0110127 0.00682766 0.00434254
threshold=0.083768229931592955 0.17381218820810321 -1.0000000180025095e-35 -0.008376182056963442 -0.0060237227007746688 -0.08496351912617682
decision_type=2 2 2 2 2 2
left_child=1 -1 3 -3 -4 -6
right_child=-2 2 4 -5 5 -7
leaf_value=4.6105564077770116e-06 -3.9297059396267947e-05 -9.3112649442328216e-05 5.077745170707671e-05 2.0987734936282401e-06 -6.2557201121323674e-05 -1.1184962908926656e-06
leaf_weight=33747 3132 3633 6031 17305 3103 32769
leaf_count=33747 3132 3633 6031 17305 3103 32769
internal_value=-2.01366e-06 -7.84989e-07 -3.68388e-06 -1.4604e-05 1.78359e-06 -6.51274e-06
internal_weight=99720 96588 62841 20938 41903 35872
internal_count=99720 96588 62841 20938 41903 35872
is_linear=0
shrinkage=0.05


Tree=129
num_leaves=7
num_cat=0
split_feature=15 28 0 18 18 33
split_gain=0.00122755 0.000915105 0.000310775 0.000535536 0.000367517 0.000804442
threshold=0.029392294585704807 -3.2554975748062129 0.014067697804421188 0.023969350382685665 0.026231314986944202 39.629760742187507
decision_type=2 2 2 2 2 2
left_child=1 -1 4 -4 -3 -6
right_child=-2 2 3 -5 5 -7
leaf_value=-2.2187583011343426e-05 2.6968949717835241e-05 2.3520060607775327e-07 3.0287477045354537e-06 -2.1722402324225014e-05 2.8242812769079116e-05 4.9907534584098613e-07
leaf_weight=4561 4212 70263 4760 3974 3880 7801
leaf_count=4561 4212 70263 4760 3974 3880 7801
internal_value=7.15995e-07 -4.58599e-07 6.45969e-07 -8.29265e-06 1.60317e-06 9.79563e-06
internal_weight=99451 95239 90678 8734 81944 11681
internal_count=99451 95239 90678 8734 81944 11681
is_linear=0
shrinkage=0.05


Tree=130
num_leaves=7
num_cat=0
split_feature=14 11 0 15 33 5
split_gain=0.00141166 0.000407163 0.000927002 0.000668238 0.000608081 0.000561746
threshold=0.030020178295671943 -0.076019421219825731 0.002240533940494061 0.015942635014653209 57.124284744262702 0.012436917982995512
decision_type=2 2 2 2 2 2
left_child=1 2 3 -1 5 -3
right_child=-2 4 -4 -5 -6 -7
leaf_value=5.9104389608460056e-06 -2.8936949018263384e-05 -3.2655693203747395e-06 -1.1626344128276465e-05 3.7014896621018874e-05 3.8191467042139914e-06 -2.4357785315598833e-05
leaf_weight=3903 4343 45443 3483 3080 36106 3345
leaf_count=3903 4343 45443 3483 3080 36106 3345
internal_value=-1.22448e-06 5.21388e-08 9.33289e-06 1.97953e-05 -1.09684e-06 -4.73515e-06
internal_weight=99703 95360 10466 6983 84894 48788
internal_count=99703 95360 10466 6983 84894 48788
is_linear=0
shrinkage=0.05


Tree=131
num_leaves=7
num_cat=0
split_feature=12 14 12 44 21 51
split_gain=0.00149565 0.000801042 0.000667767 0.000793464 0.000490174 0.000673219
threshold=-0.2780620008707046 0.028423835523426536 0.24740114808082583 2.2471675872802739 0.16919722408056262 1.0000000180025095e-35
decision_type=2 2 2 2 2 2
left_child=-1 2 3 4 5 -2
right_child=1 -3 -4 -5 -6 -7
leaf_value=3.4612760923243285e-05 -1.1892706560141406e-06 -2.2515600115761752e-05 1.6923916591439474e-05 2.2352753640124569e-05 1.4224217599254807e-06 -1.7804344418016189e-05
leaf_weight=3163 18246 3766 5997 3663 55650 9112
leaf_count=3163 18246 3766 5997 3663 55650 9112
internal_value=1.05344e-06 -6.46557e-08 8.59394e-07 -2.6127e-07 -1.27204e-06 -6.74556e-06
internal_weight=99597 96434 92668 86671 83008 27358
internal_count=99597 96434 92668 86671 83008 27358
is_linear=0
shrinkage=0.05


Tree=132
num_leaves=7
num_cat=0
split_feature=11 4 2 51 5 33
split_gain=0.00066258 0.000532647 0.000921138 0.00274699 0.0038803 0.00258332
threshold=0.17552089691162112 -0.0070147770456969729 -0.0081681264564394934 1.0000000180025095e-35 -0.0035444993991404767 45.833026885986335
decision_type=2 2 2 2 2 2
left_child=1 2 -1 4 -4 -6
right_child=-2 -3 3 -5 5 -7
leaf_value=-1.1485366723971976e-05 -2.1544619942267076e-05 -1.9233692487723031e-07 -4.6268759323793036e-05 4.49458274359239e-05 -1.3556714257118063e-05 4.8048138111031798e-05
leaf_weight=4194 3130 77599 3103 5000 3030 3781
leaf_count=4194 3130 77599 3103 5000 3030 3781
internal_value=9.13214e-07 1.65084e-06 9.11707e-06 1.49297e-05 -3.58055e-07 2.0743e-05
internal_weight=99837 96707 19108 14914 9914 6811
internal_count=99837 96707 19108 14914 9914 6811
is_linear=0
shrinkage=0.05


Tree=133
num_leaves=7
num_cat=0
split_feature=8 9 44 7 43 15
split_gain=0.00138375 0.000809988 0.000629836 0.000429647 0.000466679 0.00059615
threshold=-0.059198576956987374 -0.04542314633727073 0.10166607424616815 -0.020371848717331883 -0.096012905240058885 0.011339919641613962
decision_type=2 2 2 2 2 2
left_child=-1 2 -2 -3 5 -5
right_child=1 3 -4 4 -6 -7
leaf_value=-3.2481178286693944e-05 1.5182357699164564e-06 -1.6323287610041644e-05 3.1865281407917321e-05 3.5492938016823862e-06 1.5503579851334121e-06 -2.6059516154074301e-05
leaf_weight=3139 3246 3934 3575 3201 79231 3550
leaf_count=3139 3246 3934 3575 3201 79231 3550
internal_value=-7.4658e-08 9.93131e-07 1.75398e-05 -2.71142e-07 4.72364e-07 -1.20976e-05
internal_weight=99876 96737 6821 89916 85982 6751
internal_count=99876 96737 6821 89916 85982 6751
is_linear=0
shrinkage=0.05


Tree=134
num_leaves=7
num_cat=0
split_feature=7 29 9 36 1 18
split_gain=0.00140032 0.00112355 0.000843362 0.00101216 0.000388166 0.000920083
threshold=-0.028570979833602902 -6.9993867874145499 0.083768229931592955 0.20416719466447833 0.0037351341452449565 0.02898642793297768
decision_type=2 2 2 2 2 2
left_child=-1 -2 3 4 -3 -6
right_child=1 2 -4 -5 5 -7
leaf_value=-3.3546300251902355e-05 -2.4352105492769441e-05 -1.3585230680535391e-06 -2.4629761273402783e-05 2.6029850210810071e-05 2.4935568580655685e-06 3.1771830925922223e-05
leaf_weight=3176 4486 59670 3020 4135 22257 3003
leaf_count=3176 4486 59670 3020 4135 22257 3003
internal_value=-1.14099e-06 -5.84492e-08 1.13761e-06 2.02465e-06 8.41282e-07 6.03015e-06
internal_weight=99747 96571 92085 89065 84930 25260
internal_count=99747 96571 92085 89065 84930 25260
is_linear=0
shrinkage=0.05


Tree=135
num_leaves=7
num_cat=0
split_feature=6 16 29 21 39 26
split_gain=0.000615501 0.000967004 0.00071095 0.000470327 0.000425773 0.000378246
threshold=0.01745622139424086 0.027078049257397655 -7.4920403957366934 0.19402779638767245 1.5905686616897585 -0.078040860593318925
decision_type=2 2 2 2 2 2
left_child=1 2 -1 -2 -4 -6
right_child=3 -3 4 -5 5 -7
leaf_value=-2.100222617452987e-05 -2.6916054520152076e-05 2.5652023424984762e-05 3.4409980360686819e-06 -1.8644733148795648e-06 -2.2642466144460892e-05 2.1836195061883157e-06
leaf_weight=3311 3083 4320 78181 4681 3021 3050
leaf_count=3311 3083 4320 78181 4681 3021 3050
internal_value=1.55259e-06 2.69694e-06 1.55044e-06 -1.19208e-05 2.44866e-06 -1.02542e-05
internal_weight=99647 91883 87563 7764 84252 6071
internal_count=99647 91883 87563 7764 84252 6071
is_linear=0
shrinkage=0.05


Tree=136
num_leaves=7
num_cat=0
split_feature=6 34 13 29 28 51
split_gain=0.00128889 0.000425709 0.000538435 0.00039347 0.000430899 0.00503038
threshold=-0.023508983664214608 27.668450355529789 0.029663570225238804 -6.5800523757934561 1.8311348557472231 1.0000000180025095e-35
decision_type=2 2 2 2 2 2
left_child=-1 -2 3 -3 -5 -6
right_child=1 2 -4 4 5 -7
leaf_value=2.7382996610225325e-05 -1.7222516318719911e-05 1.575499178797516e-05 2.1761979401036519e-05 -2.2939934850345297e-06 -1.0595317025230394e-05 3.8121408188758574e-05
leaf_weight=4731 3126 4075 3085 60710 15862 7896
leaf_count=4731 3126 4075 3085 60710 15862 7896
internal_value=2.05324e-06 7.74771e-07 1.39783e-06 6.76423e-07 -5.99046e-08 5.6418e-06
internal_weight=99485 94754 91628 88543 84468 23758
internal_count=99485 94754 91628 88543 84468 23758
is_linear=0
shrinkage=0.05


Tree=137
num_leaves=7
num_cat=0
split_feature=8 46 15 14 14 3
split_gain=0.000780966 0.000590992 0.00106075 0.000559179 0.000371642 0.000357121
threshold=0.0080805784091353434 1.0000000180025095e-35 0.016516892239451412 0.026407454162836078 0.019059186801314357 0.0063760590273886928
decision_type=2 2 2 2 2 2
left_child=3 4 5 -1 -2 -3
right_child=1 2 -4 -5 -6 -7
leaf_value=-2.9425281439509625e-06 2.6683162276837534e-06 1.1459149828821157e-05 3.1970435434403372e-05 -2.3444936464503217e-05 -1.5616492498212118e-05 -6.651509312957534e-06
leaf_weight=63654 13429 6374 4748 3461 3451 4680
leaf_count=63654 13429 6374 4748 3461 3451 4680
internal_value=-9.30694e-07 5.40263e-06 1.23357e-05 -4.01647e-06 -1.10497e-06 3.7961e-06
internal_weight=99797 32682 15802 67115 16880 11054
internal_count=99797 32682 15802 67115 16880 11054
is_linear=0
shrinkage=0.05


Tree=138
num_leaves=7
num_cat=0
split_feature=16 12 19 19 4 9
split_gain=0.00114107 0.00130814 0.000561574 0.000339968 0.0006149 0.000551739
threshold=0.022556487470865253 -0.040190186351537698 -0.96265715360641468 1.0278632044792178 0.013609348330646755 0.019191628322005275
decision_type=2 2 2 2 2 2
left_child=2 -2 -1 4 -4 -6
right_child=1 -3 3 -5 5 -7
leaf_value=-1.661160960229738e-05 -2.7261705266758106e-06 -4.0659941980926202e-05 3.9197334967487504e-07 -1.2692467263891055e-05 3.0897063283020072e-05 3.6755050355034378e-06
leaf_weight=4690 5613 3778 74208 4218 3203 4388
leaf_count=4690 5613 3778 74208 4218 3203 4388
internal_value=-1.57834e-06 -1.81214e-05 1.43424e-07 1.0661e-06 1.78288e-06 1.52886e-05
internal_weight=100098 9391 90707 86017 81799 7591
internal_count=100098 9391 90707 86017 81799 7591
is_linear=0
shrinkage=0.05


Tree=139
num_leaves=7
num_cat=0
split_feature=14 14 29 40 39 41
split_gain=0.000772766 0.00128449 0.000649535 0.000399726 0.00034094 0.000305842
threshold=0.033009570091962821 0.025970417074859146 7.6986377239227304 1.6922256946563723 -0.22575739771127698 0.43242539465427404
decision_type=2 2 2 2 2 2
left_child=1 2 3 5 -4 -1
right_child=-2 -3 4 -5 -6 -7
leaf_value=1.2901397299998021e-05 2.4679167399320041e-05 -2.9722669677872859e-05 2.9508351661091949e-06 1.2924094351602855e-05 2.4570569035717106e-05 -2.0699941573362204e-06
leaf_weight=3519 3107 3560 3325 5124 4030 77352
leaf_count=3519 3107 3560 3325 5124 4030 77352
internal_value=3.34905e-07 -4.57912e-07 6.73444e-07 -5.49798e-07 1.48828e-05 -1.41096e-06
internal_weight=100017 96910 93350 85995 7355 80871
internal_count=100017 96910 93350 85995 7355 80871
is_linear=0
shrinkage=0.05


Tree=140
num_leaves=7
num_cat=0
split_feature=19 36 2 51 29 22
split_gain=0.00085825 0.000465843 0.000655815 0.000813289 0.00485078 0.00554221
threshold=-0.96265715360641468 0.2413972616195679 -0.024633850902318951 -1.0000000180025095e-35 2.1597536802291875 0.1656584367156029
decision_type=2 2 2 2 2 2
left_child=-1 2 -2 4 -4 -6
right_child=1 -3 3 -5 5 -7
leaf_value=-2.0483269659787118e-05 -2.1945982361970616e-05 1.8779024591404031e-05 1.0543444901057771e-05 3.9350455777443133e-06 -8.3828928027390324e-05 -8.7975217244404805e-06
leaf_weight=5153 3318 3268 17357 58542 3443 8379
leaf_count=5153 3318 3268 17357 58542 3443 8379
internal_value=-7.14064e-07 3.76421e-07 -2.94118e-07 5.36888e-07 -6.27592e-06 -3.09104e-05
internal_weight=99460 94307 91039 87721 29179 11822
internal_count=99460 94307 91039 87721 29179 11822
is_linear=0
shrinkage=0.05


Tree=141
num_leaves=7
num_cat=0
split_feature=17 15 1 38 9 33
split_gain=0.00151777 0.00103403 0.00053513 0.000457889 0.000515223 0.00037406
threshold=1.9031274914741518 0.028485996648669246 0.021637609228491787 0.79163986444473278 -0.056439157575368874 77.360481262207045
decision_type=2 2 2 2 2 2
left_child=1 2 3 -1 -5 -6
right_child=-2 -3 -4 4 5 -7
leaf_value=1.8903864826479969e-05 3.3513405766013301e-05 -2.3694479660995402e-05 1.9293876943118582e-05 -1.9304607821341507e-05 1.5336250021712413e-06 -1.1403974586113604e-05
leaf_weight=3201 3489 4284 3903 3344 75531 5983
leaf_count=3201 3489 4284 3903 3344 75531 5983
internal_value=1.35521e-06 1.72657e-07 1.29677e-06 4.88592e-07 -2.16789e-07 5.77617e-07
internal_weight=99735 96246 91962 88059 84858 81514
internal_count=99735 96246 91962 88059 84858 81514
is_linear=0
shrinkage=0.05


Tree=142
num_leaves=7
num_cat=0
split_feature=10 24 13 13 21 49
split_gain=0.000578438 0.000455495 0.00114879 0.000803378 0.000751471 0.000460094
threshold=-0.11211982741951941 0.65808928012847911 0.024933059699833397 0.023512749001383785 0.028228640556335453 -0.56174489110708226
decision_type=2 2 2 2 2 2
left_child=-1 2 4 -3 -2 -6
right_child=1 3 -4 -5 5 -7
leaf_value=-1.9659128647002091e-05 2.5382381869428489e-05 -1.6228871769946655e-06 3.1566594452332311e-05 -2.8388365618684257e-05 -7.1324948285680434e-06 3.0333811949554619e-06
leaf_weight=3617 3072 31960 3317 3024 15460 39363
leaf_count=3617 3072 31960 3317 3024 15460 39363
internal_value=-1.68694e-07 5.73985e-07 3.17421e-06 -3.9737e-06 1.52167e-06 1.62733e-07
internal_weight=99813 96196 61212 34984 57895 54823
internal_count=99813 96196 61212 34984 57895 54823
is_linear=0
shrinkage=0.05


Tree=143
num_leaves=7
num_cat=0
split_feature=40 2 1 3 14 44
split_gain=0.00138719 0.00140733 0.000554722 0.000482696 0.000467173 0.00084891
threshold=1.9827704429626467 0.023467241786420349 0.01541433483362198 -0.0011515353689901529 0.021683245897293094 0.10166607424616815
decision_type=2 2 2 2 2 2
left_child=1 2 4 -4 -1 -6
right_child=-2 -3 3 -5 5 -7
leaf_value=-2.1345220280617432e-07 -2.7604226132227122e-05 3.0167635927093578e-05 2.7078103585847664e-05 1.7792372459709595e-06 3.9358271494828814e-06 -3.2839091521861584e-05
leaf_weight=77709 4329 3960 3284 4357 3130 3078
leaf_count=77709 4329 3960 3284 4357 3130 3078
internal_value=-8.59862e-08 1.17497e-06 -9.47852e-08 1.27577e-05 -1.27196e-06 -1.44143e-05
internal_weight=99847 95518 91558 7641 83917 6208
internal_count=99847 95518 91558 7641 83917 6208
is_linear=0
shrinkage=0.05


Tree=144
num_leaves=7
num_cat=0
split_feature=10 16 2 51 10 4
split_gain=0.00228097 0.00154612 0.00104403 0.000412236 0.00636468 0.00563941
threshold=-0.11211982741951941 0.030443248338997368 -0.015794705599546429 -1.0000000180025095e-35 -0.033172911033034318 0.0089844795875251311
decision_type=2 2 2 2 2 2
left_child=-1 2 -2 4 -4 -6
right_child=1 -3 3 -5 5 -7
leaf_value=3.9277975615790734e-05 1.9329890581192767e-05 -3.3096808987286492e-05 4.9570060378962031e-05 9.5812389501892012e-07 -5.504479151105281e-06 -7.0025535244573687e-05
leaf_weight=3545 6431 3624 4269 57577 20284 4018
leaf_count=3545 6431 3624 4269 57577 20284 4018
internal_value=1.74338e-07 -1.28625e-06 -2.38374e-08 -1.47898e-06 -6.38339e-06 -1.6294e-05
internal_weight=99748 96203 92579 86148 28571 24302
internal_count=99748 96203 92579 86148 28571 24302
is_linear=0
shrinkage=0.05


Tree=145
num_leaves=7
num_cat=0
split_feature=7 16 5 51 5 5
split_gain=0.00120453 0.000964977 0.000588171 0.010154 0.0060022 0.00344405
threshold=-0.028570979833602902 0.033197639510035522 0.0063760590273886928 1.0000000180025095e-35 0.013177269604057075 0.020724753849208358
decision_type=2 2 2 2 2 2
left_child=-1 2 -2 5 -5 -4
right_child=1 -3 3 4 -6 -7
leaf_value=-2.9848067842735071e-05 2.4639933440992727e-06 2.8938299309487158e-05 4.0376464634500394e-06 -1.140544116580631e-05 -0.00010497896936924718 6.3549472104382237e-05
leaf_weight=3161 73356 3004 10356 3574 3267 3130
leaf_count=3161 73356 3004 10356 3574 3267 3130
internal_value=2.79904e-07 1.2798e-06 3.7795e-07 -7.13773e-06 -5.653e-05 1.80336e-05
internal_weight=99848 96687 93683 20327 6841 13486
internal_count=99848 96687 93683 20327 6841 13486
is_linear=0
shrinkage=0.05


Tree=146
num_leaves=7
num_cat=0
split_feature=2 21 13 18 5 5
split_gain=0.00216842 0.000538159 0.000473096 0.0007528 0.000661385 0.000419634
threshold=-0.028527759946882721 0.045767402276396758 0.020197297446429733 0.03050382994115353 0.0058188475668430337 -0.0097938864491879923
decision_type=2 2 2 2 2 2
left_child=-1 -2 3 -3 5 -4
right_child=1 2 4 -5 -6 -7
leaf_value=4.2865021530402255e-05 -1.0443171749993364e-05 2.3333043062963945e-06 1.0134170160406983e-05 -2.0133073202342834e-05 -3.37058045750944e-06 3.5911508152742841e-05
leaf_weight=3204 8724 73480 3378 3878 4009 3009
leaf_count=3204 8724 73480 3378 3878 4009 3009
internal_value=2.71981e-06 1.36508e-06 2.54427e-06 1.19478e-06 1.25323e-05 2.24628e-05
internal_weight=99682 96478 87754 77358 10396 6387
internal_count=99682 96478 87754 77358 10396 6387
is_linear=0
shrinkage=0.05


Tree=147
num_leaves=7
num_cat=0
split_feature=0 16 24 40 8 38
split_gain=0.0010682 0.000574815 0.00164607 0.000666278 0.000412967 0.000505124
threshold=-0.027122374624013897 0.021519837900996212 0.49226228892803198 1.9827704429626467 0.0057924161665141591 8.2914075851440447
decision_type=2 2 2 2 2 2
left_child=-1 3 -3 4 -2 -6
right_child=1 2 -4 -5 5 -7
leaf_value=-2.5690154613180633e-05 -1.0041787905065653e-06 3.9945082791492782e-05 -3.2040649801648673e-06 -2.0852124753761977e-05 1.3336248727951846e-06 1.4651895707850393e-05
leaf_weight=3555 53092 3610 5563 3372 19122 11303
leaf_count=3555 53092 3610 5563 3372 19122 11303
internal_value=1.03136e-06 2.0331e-06 1.39016e-05 7.72854e-07 1.65792e-06 6.29733e-06
internal_weight=99617 96062 9173 86889 83517 30425
internal_count=99617 96062 9173 86889 83517 30425
is_linear=0
shrinkage=0.05


Tree=148
num_leaves=7
num_cat=0
split_feature=0 6 0 44 13 5
split_gain=0.00129035 0.000851204 0.000668415 0.000659688 0.000662118 0.000425759
threshold=0.029081741347908977 0.027290505357086662 -0.02585214655846357 1.4630855917930605 0.011383949313312771 0.0092318230308592337
decision_type=2 2 2 2 2 2
left_child=1 2 -1 5 -5 -4
right_child=-2 -3 3 4 -6 -7
leaf_value=-2.2506996061066602e-05 -3.2583613401701628e-05 2.4414090929539113e-05 3.623072797710793e-08 -8.9970511581890263e-07 3.187659725475551e-05 -9.8436151303559611e-06
leaf_weight=3481 3143 3319 70398 3082 3026 12853
leaf_count=3481 3143 3319 70398 3082 3026 12853
internal_value=-1.31337e-06 -2.74885e-07 -1.17017e-06 -3.26871e-07 1.54652e-05 -1.4941e-06
internal_weight=99302 96159 92840 89359 6108 83251
internal_count=99302 96159 92840 89359 6108 83251
is_linear=0
shrinkage=0.05


Tree=149
num_leaves=7
num_cat=0
split_feature=9 18 8 4 30 4
split_gain=0.00151365 0.000962188 0.000999224 0.000279878 0.000220795 0.000374466
threshold=-0.083830211311578737 0.038647819310426719 0.0041350799147039661 -0.018283008597791191 1.250765383243561 0.014056360349059107
decision_type=2 2 2 2 2 2
left_child=-1 3 -3 -2 5 -5
right_child=1 2 -4 4 -6 -7
leaf_value=-3.343948926256347e-05 1.2283252140628137e-05 3.9694945575971137e-05 3.700748256131436e-07 -1.2307042461899451e-06 -1.0648036758471953e-05 1.1175970687228697e-05
leaf_weight=3233 4194 3130 3285 74147 5360 6575
leaf_count=3233 4194 3130 3285 74147 5360 6575
internal_value=-5.06855e-08 1.08242e-06 1.9716e-05 -2.5186e-07 -8.69359e-07 -2.13858e-07
internal_weight=99924 96691 6415 90276 86082 80722
internal_count=99924 96691 6415 90276 86082 80722
is_linear=0
shrinkage=0.05


Tree=150
num_leaves=7
num_cat=0
split_feature=3 18 17 44 51 28
split_gain=0.000690563 0.000791241 0.0010032 0.000440789 0.000734915 0.00645376
threshold=0.020098880864679817 0.037285419180989272 1.0690490007400515 -0.097054101526737199 -1.0000000180025095e-35 -0.84847217798233021
decision_type=2 2 2 2 2 2
left_child=1 3 -3 -1 5 -5
right_child=-2 2 -4 4 -6 -7
leaf_value=-3.1511337789166537e-06 -1.5880806575664332e-05 3.4291619101178208e-05 -3.2149928630619255e-06 7.0516603983539181e-05 -9.2958501876152035e-07 -9.2849610923710707e-06
leaf_weight=49653 6234 3858 3264 3532 24403 8624
leaf_count=49653 6234 3858 3264 3532 24403 8624
internal_value=1.63253e-07 1.2428e-06 1.71998e-05 -8.46169e-08 4.07882e-06 1.40957e-05
internal_weight=99568 93334 7122 86212 36559 12156
internal_count=99568 93334 7122 86212 36559 12156
is_linear=0
shrinkage=0.05


Tree=151
num_leaves=7
num_cat=0
split_feature=0 22 7 12 13 17
split_gain=0.000753198 0.000644348 0.000636134 0.000562481 0.000544121 0.000432517
threshold=-0.0055258080828934899 0.40879191458225256 -0.0077864709310233584 0.28222723305225378 0.016627019271254543 0.93551176786422741
decision_type=2 2 2 2 2 2
left_child=1 2 -1 5 -4 -2
right_child=3 -3 4 -5 -6 -7
leaf_value=1.4005438420491194e-05 4.1880876564247801e-06 -2.539254663489875e-05 -2.6367465219518598e-06 2.2101444678033949e-05 -2.3648404688298708e-05 -3.8753843224794425e-06
leaf_weight=3866 47745 4267 10886 3380 4256 25458
leaf_count=3866 47745 4267 10886 3380 4256 25458
internal_value=-8.32317e-08 -7.95026e-06 -3.97839e-06 2.31133e-06 -8.60094e-06 1.3831e-06
internal_weight=99858 23275 19008 76583 15142 73203
internal_count=99858 23275 19008 76583 15142 73203
is_linear=0
shrinkage=0.05


Tree=152
num_leaves=7
num_cat=0
split_feature=1 6 18 14 4 9
split_gain=0.000561605 0.000479035 0.00089951 0.000632576 0.000623871 0.000604363
threshold=-0.028527759946882721 0.024511312134563926 0.036649523302912719 0.017385067418217662 -0.00050425995141267766 0.036558248102664954
decision_type=2 2 2 2 2 2
left_child=-1 2 3 5 -4 -2
right_child=1 -3 4 -5 -6 -7
leaf_value=-2.0888184669628209e-05 1.2214371740848033e-06 1.7201228292152472e-05 -3.379226287525383e-05 1.3444996977901022e-05 -2.6589734742845476e-06 -1.2995468647614714e-05
leaf_weight=3103 68185 4087 3166 9293 3239 8345
leaf_count=3103 68185 4087 3166 9293 3239 8345
internal_value=-1.23214e-07 5.56266e-07 -1.90261e-07 1.16293e-06 -1.81907e-05 -3.36278e-07
internal_weight=99418 96315 92228 85823 6405 76530
internal_count=99418 96315 92228 85823 6405 76530
is_linear=0
shrinkage=0.05


Tree=153
num_leaves=7
num_cat=0
split_feature=4 15 39 4 18 51
split_gain=0.000622466 0.000550623 0.000760208 0.000327712 0.000351001 0.00247607
threshold=-0.027122374624013897 0.030476215295493606 2.4405775070190434 -0.013855777215212582 0.023408970795571808 1.0000000180025095e-35
decision_type=2 2 2 2 2 2
left_child=-1 2 3 -2 -5 -6
right_child=1 -3 -4 4 5 -7
leaf_value=2.0405013235919046e-05 1.0467639449080932e-05 -2.0751616239310216e-05 2.2922074882305951e-05 9.8123755248543895e-08 5.3777732750288518e-06 -3.3634057516641613e-05
leaf_weight=3606 5972 3229 3460 65458 12059 6079
leaf_count=3606 5972 3229 3460 65458 12059 6079
internal_value=1.54665e-07 -6.14158e-07 9.55845e-08 -7.98497e-07 -1.60911e-06 -7.75367e-06
internal_weight=99863 96257 93028 89568 83596 18138
internal_count=99863 96257 93028 89568 83596 18138
is_linear=0
shrinkage=0.05


Tree=154
num_leaves=7
num_cat=0
split_feature=18 35 32 4 2 10
split_gain=0.00175447 0.00054939 0.000374221 0.000383664 0.000802245 0.000408523
threshold=0.048732046037912376 1.1923244595527651 0.36857724189758306 0.005149918608367444 -0.010936156846582888 -0.033807886764407151
decision_type=2 2 2 2 2 2
left_child=1 2 3 5 -5 -1
right_child=-2 -3 -4 4 -6 -7
leaf_value=-1.0032345454376485e-05 3.3540975661463846e-05 2.0146905825395252e-05 -1.735564545618812e-05 2.7861586294531902e-05 1.2351106712834258e-06 -3.6511486897647853e-07
leaf_weight=13658 3919 3102 3352 3286 18646 53913
leaf_count=13658 3919 3102 3352 3286 18646 53913
internal_value=9.64665e-07 -3.82567e-07 -1.07887e-06 -4.59931e-07 5.27877e-06 -2.32511e-06
internal_weight=99876 95957 92855 89503 21932 67571
internal_count=99876 95957 92855 89503 21932 67571
is_linear=0
shrinkage=0.05


Tree=155
num_leaves=7
num_cat=0
split_feature=11 16 8 40 51 50
split_gain=0.000482926 0.000451344 0.000300897 0.000290467 0.000269287 0.0040269
threshold=-0.14981183409690854 0.024226800538599495 -0.031253920868039124 1.349732577800751 -1.0000000180025095e-35 -1.0000000180025095e-35
decision_type=2 2 2 2 2 2
left_child=-1 2 3 -2 5 -4
right_child=1 -3 4 -5 -6 -7
leaf_value=-1.7225045856764751e-05 2.028698264544112e-05 1.3553899001951501e-05 2.1832484673933288e-05 -1.0865108359710359e-06 8.7204746217895951e-07 -1.8656176652745121e-05
leaf_weight=3919 3296 6209 9161 3019 55303 18383
leaf_count=3919 3296 6209 9161 3019 55303 18383
internal_value=-1.35962e-07 5.74923e-07 -3.35987e-07 1.01407e-05 -1.14021e-06 -5.17469e-06
internal_weight=99290 95371 89162 6315 82847 27544
internal_count=99290 95371 89162 6315 82847 27544
is_linear=0
shrinkage=0.05


Tree=156
num_leaves=7
num_cat=0
split_feature=11 14 20 39 14 6
split_gain=0.000931589 0.000504877 0.000439301 0.000409781 0.000346624 0.000321527
threshold=-0.16620659083127973 0.028423835523426536 0.76385262608528148 -0.067137870937585817 0.020637151785194877 0.015411790926009418
decision_type=2 2 2 2 2 2
left_child=-1 2 3 5 -5 -2
right_child=1 -3 -4 4 -6 -7
leaf_value=-2.7928157166246822e-05 -3.9880527479842055e-06 1.7901045005524461e-05 -1.6029914327135056e-05 2.2833730707586878e-06 1.8642085422859343e-05 1.1187184063105103e-05
leaf_weight=3119 51157 3586 4624 29739 3587 3698
leaf_count=3119 51157 3586 4624 29739 3587 3698
internal_value=-1.25358e-06 -3.76413e-07 -1.09192e-06 -2.99962e-07 4.06941e-06 -2.95577e-06
internal_weight=99510 96391 92805 88181 33326 54855
internal_count=99510 96391 92805 88181 33326 54855
is_linear=0
shrinkage=0.05


Tree=157
num_leaves=7
num_cat=0
split_feature=31 18 14 26 32 39
split_gain=0.000808618 0.000662671 0.00101456 0.000425389 0.000336205 0.00031403
threshold=-1.1645387411117551 0.041160419583320625 0.030020178295671943 1.6576488614082339 0.3458476066589356 -0.048854589462280266
decision_type=2 2 2 2 2 2
left_child=-1 3 -3 4 5 -2
right_child=1 2 -4 -5 -6 -7
leaf_value=2.3535719650254113e-05 -1.6102012694527737e-06 -3.5906783711864493e-05 3.4059138401026893e-06 1.8989204264737266e-05 -1.5240570886966696e-05 4.8192113755747286e-06
leaf_weight=3592 54142 3158 3344 3006 3420 29190
leaf_count=3592 54142 3158 3344 3006 3420 29190
internal_value=4.09279e-07 -4.65469e-07 -1.58164e-05 6.54729e-07 8.85846e-09 6.43469e-07
internal_weight=99852 96260 6502 89758 86752 83332
internal_count=99852 96260 6502 89758 86752 83332
is_linear=0
shrinkage=0.05


Tree=158
num_leaves=7
num_cat=0
split_feature=3 12 10 13 51 10
split_gain=0.000521076 0.000450247 0.00112269 0.000623979 0.000497575 0.00591874
threshold=-0.028527759946882721 -0.16845314949750897 -0.057765819132328027 0.025842339731752876 1.0000000180025095e-35 -0.026575786061584946
decision_type=2 2 2 2 2 2
left_child=-1 2 -2 4 -3 -6
right_child=1 3 -4 -5 5 -7
leaf_value=-2.0986784884113695e-05 3.4596718441378016e-05 2.1529671287990127e-06 -3.0121753173086989e-06 -2.1207606169060627e-05 -5.4261164578824447e-05 4.9159126099880022e-06
leaf_weight=3121 3050 56297 5494 3774 5130 22892
leaf_count=3121 3050 56297 5494 3774 5130 22892
internal_value=-1.04276e-06 -3.88121e-07 1.05365e-05 -1.45305e-06 -5.56825e-07 -5.99501e-06
internal_weight=99758 96637 8544 88093 84319 28022
internal_count=99758 96637 8544 88093 84319 28022
is_linear=0
shrinkage=0.05


Tree=159
num_leaves=7
num_cat=0
split_feature=43 5 51 19 18 51
split_gain=0.000741748 0.000638558 0.0104956 0.00466356 0.00648695 0.0013391
threshold=-0.15262764692306516 -0.0077892860863357774 1.0000000180025095e-35 0.26052324473857885 0.025399480946362022 1.0000000180025095e-35
decision_type=2 2 2 2 2 2
left_child=-1 2 3 4 -2 -3
right_child=1 5 -4 -5 -6 -7
leaf_value=1.9685764688620824e-05 -3.3621380093909312e-06 2.2489154177371623e-06 6.3140934410117188e-05 2.7192457075425268e-05 -9.557621293734207e-05 -1.1646750217361138e-05
leaf_weight=4750 4687 51944 5742 3640 3170 25965
leaf_count=4750 4687 51944 5742 3640 3170 25965
internal_value=5.08286e-07 -4.58933e-07 8.23475e-06 -1.9342e-05 -4.09361e-05 -2.38664e-06
internal_weight=99898 95148 17239 11497 7857 77909
internal_count=99898 95148 17239 11497 7857 77909
is_linear=0
shrinkage=0.05


Tree=160
num_leaves=7
num_cat=0
split_feature=14 18 14 43 4 3
split_gain=0.0018469 0.00152609 0.000435539 0.000444053 0.00063557 0.000396413
threshold=0.033009570091962821 0.039404321461915977 0.011209059506654741 0.016910130158066753 0.0075669458601623782 -0.0075981703121215096
decision_type=2 2 2 2 2 2
left_child=1 2 -1 4 -4 -5
right_child=-2 -3 3 5 -6 -7
leaf_value=2.4516611716982216e-06 -3.7949793349224679e-05 2.7481287480181763e-05 -5.3451115328813469e-06 -2.7480145963955899e-05 1.2018989213863113e-05 -7.1672697331859061e-06
leaf_weight=50873 3118 5045 19722 3057 7135 10862
leaf_count=50873 3118 5045 19722 3057 7135 10862
internal_value=-3.83319e-07 8.47039e-07 -6.33281e-07 -4.48041e-06 -7.18293e-07 -1.17109e-05
internal_weight=99812 96694 91649 40776 26857 13919
internal_count=99812 96694 91649 40776 26857 13919
is_linear=0
shrinkage=0.05


Tree=161
num_leaves=7
num_cat=0
split_feature=11 11 26 51 27 9
split_gain=0.000703395 0.000554026 0.000469587 0.000752451 0.00326533 0.00247815
threshold=-0.16620659083127973 -0.094713959842920289 -0.53900778293609608 1.0000000180025095e-35 -1.6377363204956052 -0.023166480474174019
decision_type=2 2 2 2 2 2
left_child=-1 -2 3 4 -3 -6
right_child=1 2 -4 -5 5 -7
leaf_value=-2.1078612088547375e-05 1.6547522058111042e-05 4.3330249468294045e-05 2.8646816499618496e-06 -2.3424653144851231e-05 -4.8412299230863107e-05 1.3318259087578454e-05
leaf_weight=3273 6339 3042 76100 4642 3368 3068
leaf_count=3273 6339 3042 76100 4642 3368 3068
internal_value=1.54127e-06 2.31851e-06 1.31015e-06 -7.04857e-06 1.05271e-06 -1.91099e-05
internal_weight=99832 96559 90220 14120 9478 6436
internal_count=99832 96559 90220 14120 9478 6436
is_linear=0
shrinkage=0.05


Tree=162
num_leaves=7
num_cat=0
split_feature=30 11 0 17 4 16
split_gain=0.000985972 0.00073042 0.00061639 0.000460327 0.000758974 0.000403968
threshold=-0.88583195209503163 -0.11682080850005148 -0.02585214655846357 1.5237752795219424 0.023490609601140026 0.016449326649308208
decision_type=2 2 2 2 2 2
left_child=1 -1 -2 4 5 -4
right_child=2 -3 3 -5 -6 -7
leaf_value=3.3563270502786908e-05 -2.3749029176733738e-05 3.6369727249086167e-06 9.399092379634115e-07 1.2308288035403173e-05 -2.5322037162355152e-05 -7.6196487735036048e-06
leaf_weight=3455 3030 4908 61288 6009 3289 17731
leaf_count=3455 3030 4908 61288 6009 3289 17731
internal_value=-2.53436e-07 1.61264e-05 -1.76104e-06 -9.93665e-07 -1.97167e-06 -9.84366e-07
internal_weight=99710 8363 91347 88317 82308 79019
internal_count=99710 8363 91347 88317 82308 79019
is_linear=0
shrinkage=0.05


Tree=163
num_leaves=7
num_cat=0
split_feature=2 20 6 40 11 30
split_gain=0.00104072 0.000673502 0.000896954 0.000635296 0.00120721 0.000837962
threshold=-0.023498101159930226 0.22210957854986194 -0.019685165956616398 1.2794009447097781 -0.092689540237188325 -0.34812539815902704
decision_type=2 2 2 2 2 2
left_child=-1 2 -2 4 -4 -5
right_child=1 -3 3 5 -6 -7
leaf_value=2.2209807444322223e-05 -3.0289980396215783e-05 3.8816269473515558e-06 2.9020455014353374e-05 -3.5286197824222871e-05 -2.9947163880333947e-06 -4.8484311127104949e-06
leaf_weight=4786 3218 35450 3113 3251 42578 7242
leaf_count=4786 3218 35450 3113 3251 42578 7242
internal_value=-4.16147e-07 -1.5689e-06 -4.8222e-06 -3.33787e-06 -7.84134e-07 -1.44015e-05
internal_weight=99638 94852 59402 56184 45691 10493
internal_count=99638 94852 59402 56184 45691 10493
is_linear=0
shrinkage=0.05


Tree=164
num_leaves=7
num_cat=0
split_feature=1 2 9 13 37 51
split_gain=0.000652457 0.000753201 0.000545047 0.000848846 0.000558181 0.000612806
threshold=0.005149918608367444 0.014497862197458746 0.053995892405509956 0.016198039054870609 1.3099505305290224 1.0000000180025095e-35
decision_type=2 2 2 2 2 2
left_child=-1 2 3 4 -2 -6
right_child=1 -3 -4 -5 5 -7
leaf_value=-1.8171540972632085e-06 1.8576541002450727e-05 3.0396023453567445e-05 -1.5395715696024428e-05 2.4222632241010047e-05 3.9225065657761491e-06 -2.0580341238190722e-05
leaf_weight=73633 3420 3078 3022 5331 7550 3795
leaf_count=73633 3420 3078 3022 5331 7550 3795
internal_value=5.94439e-07 7.36361e-06 4.23803e-06 7.22139e-06 1.02195e-06 -4.32825e-06
internal_weight=99829 26196 23118 20096 14765 11345
internal_count=99829 26196 23118 20096 14765 11345
is_linear=0
shrinkage=0.05


Tree=165
num_leaves=7
num_cat=0
split_feature=16 3 40 31 20 13
split_gain=0.00142834 0.000980495 0.000645645 0.000510064 0.000445411 0.000393206
threshold=0.026749337092041973 0.00072899437509477149 2.1156013011932377 -1.1348803043365476 0.65383809804916393 0.022586252540349964
decision_type=2 2 2 2 2 2
left_child=2 -2 3 -1 5 -5
right_child=1 -3 -4 4 -6 -7
leaf_value=-1.9666048431418474e-05 -4.5006029405677121e-05 -5.3947192214568696e-06 -2.2669032046604979e-05 5.0097568165105486e-07 1.1342246120963368e-05 -1.4828927739295339e-05
leaf_weight=3089 3096 3134 3164 73833 9012 4384
leaf_count=3089 3096 3134 3164 73833 9012 4384
internal_value=-2.19833e-06 -2.52812e-05 -6.47313e-07 1.36263e-07 8.48378e-07 -3.67177e-07
internal_weight=99712 6230 93482 90318 87229 78217
internal_count=99712 6230 93482 90318 87229 78217
is_linear=0
shrinkage=0.05


Tree=166
num_leaves=7
num_cat=0
split_feature=44 39 2 51 3 3
split_gain=0.00103046 0.000568395 0.000324586 0.00390001 0.00965816 0.00530377
threshold=2.4401310682296757 1.7146350145339968 -0.0051449483726173631 1.0000000180025095e-35 0.00024130714882630858 -0.0063550036866217843
decision_type=2 2 2 2 2 2
left_child=1 2 3 5 -5 -1
right_child=-2 -3 -4 4 -6 -7
leaf_value=6.5459494109394281e-05 -2.4467945660257107e-05 2.1751394911217994e-05 2.8174442732271805e-06 -9.3284575986863006e-05 1.9733163024781522e-05 -5.4014329050574406e-06
leaf_weight=3363 3809 3420 70000 3511 3999 11641
leaf_count=3363 3809 3420 70000 3511 3999 11641
internal_value=8.6575e-07 1.88383e-06 1.13803e-06 -4.07825e-06 -3.33713e-05 1.0646e-05
internal_weight=99743 95934 92514 22514 7510 15004
internal_count=99743 95934 92514 22514 7510 15004
is_linear=0
shrinkage=0.05


Tree=167
num_leaves=7
num_cat=0
split_feature=6 16 15 11 4 8
split_gain=0.00105697 0.000430656 0.00090698 0.000399512 0.000541977 0.000581598
threshold=-0.022315043024718758 0.02894557919353247 0.024635640904307369 0.07455607503652574 0.0089844795875251311 0.012656054925173523
decision_type=2 2 2 2 2 2
left_child=-1 2 3 -2 5 -5
right_child=1 -3 -4 4 -6 -7
leaf_value=-2.3954366285111208e-05 -2.0389964610469879e-06 1.5636036729600499e-05 -2.8158808309647951e-05 2.147185712565739e-06 -8.1905527229861151e-06 2.5779686062877554e-05
leaf_weight=5138 73242 3786 3025 5650 4159 4794
leaf_count=5138 73242 3786 3025 5650 4159 4794
internal_value=-1.97993e-06 -7.75124e-07 -1.4671e-06 -5.32458e-07 7.00483e-06 1.30661e-05
internal_weight=99794 94656 90870 87845 14603 10444
internal_count=99794 94656 90870 87845 14603 10444
is_linear=0
shrinkage=0.05


Tree=168
num_leaves=7
num_cat=0
split_feature=9 5 51 3 24 18
split_gain=0.000767049 0.000604056 0.0116098 0.0106649 0.00749184 0.00826451
threshold=0.080299865454435362 -0.0068572703748941413 1.0000000180025095e-35 0.0007939330826047809 0.63826078176498424 0.025917178951203827
decision_type=2 2 2 2 2 2
left_child=1 2 4 -4 5 -1
right_child=-2 -3 3 -5 -6 -7
leaf_value=-9.6028392193440053e-06 -2.3703204248128884e-05 -2.0166312789075785e-06 -1.8713878354621922e-06 0.00012466427214996922 2.7818579128429295e-05 -0.00011374651857399923
leaf_weight=5010 3490 76587 3318 3290 5104 3034
leaf_count=5010 3490 76587 3318 3290 5104 3034
internal_value=-8.44886e-07 -4.98386e-09 7.77886e-06 6.15914e-05 -1.93975e-05 -4.93433e-05
internal_weight=99833 96343 19756 6608 13148 8044
internal_count=99833 96343 19756 6608 13148 8044
is_linear=0
shrinkage=0.05


Tree=169
num_leaves=7
num_cat=0
split_feature=2 18 12 5 10 3
split_gain=0.000747888 0.000693342 0.000619417 0.000616702 0.000427695 0.000574071
threshold=0.020092543214559559 0.047473227605223663 -0.22341370582580564 0.00031708613096270716 -0.070343691855669008 -0.018940139561891552
decision_type=2 2 2 2 2 2
left_child=1 2 -1 -2 -4 -6
right_child=3 -3 4 -5 5 -7
leaf_value=2.2335895043433661e-05 1.7821560065249914e-06 -2.2387060584503805e-05 -1.3195366375767904e-05 3.3050273568823529e-05 2.1453659460931513e-05 3.6249664280852796e-07
leaf_weight=3268 3035 3196 5432 3246 3315 78322
leaf_count=3268 3035 3196 5432 3246 3315 78322
internal_value=1.44334e-06 3.17432e-07 1.13263e-06 1.80748e-05 3.24432e-07 1.23154e-06
internal_weight=99814 93533 90337 6281 87069 81637
internal_count=99814 93533 90337 6281 87069 81637
is_linear=0
shrinkage=0.05


Tree=170
num_leaves=7
num_cat=0
split_feature=41 51 10 20 2 15
split_gain=0.000424935 0.000960845 0.00237129 0.001739 0.000992072 0.000582996
threshold=0.46830601990222936 1.0000000180025095e-35 -0.025839515961706635 -0.3336114883422851 0.0028641016688197856 0.026290213689208034
decision_type=2 2 2 2 2 2
left_child=1 2 -1 -3 -4 -2
right_child=5 3 4 -5 -6 -7
leaf_value=3.3540259523727514e-05 -2.7419938259352727e-08 4.743529556391525e-05 -1.5668598371474363e-06 -4.658985382527723e-06 -3.5491246225622576e-05 -1.8356003032643471e-05
leaf_weight=3577 76072 3360 5811 3006 3380 4551
leaf_count=3577 76072 3360 5811 3006 3380 4551
internal_value=5.18054e-07 7.20646e-06 -7.23032e-07 2.2992e-05 -1.41671e-05 -1.07277e-06
internal_weight=99757 19134 12768 6366 9191 80623
internal_count=99757 19134 12768 6366 9191 80623
is_linear=0
shrinkage=0.05


Tree=171
num_leaves=7
num_cat=0
split_feature=11 23 18 25 38 18
split_gain=0.000748707 0.00123517 0.00075868 0.000669416 0.000541445 0.000502347
threshold=-0.033051671460270875 0.90901723504066478 0.032833209261298187 -1.4999999999999998 3.3135995864868169 0.02555046416819096
decision_type=2 2 2 2 2 2
left_child=1 4 -2 -3 5 -1
right_child=2 3 -4 -5 -6 -7
leaf_value=-8.5116425249458743e-07 -7.1738895996146538e-07 -3.6212033377080578e-05 1.8536001483621186e-05 -1.1603268733581129e-05 -1.3153977062375357e-05 2.3177416867556511e-05
leaf_weight=6086 68412 4473 5480 7300 4569 3332
leaf_count=6086 68412 4473 5480 7300 4569 3332
internal_value=-1.83824e-06 -9.16955e-06 7.22055e-07 -2.10667e-05 8.8374e-07 7.72743e-06
internal_weight=99652 25760 73892 11773 13987 9418
internal_count=99652 25760 73892 11773 13987 9418
is_linear=0
shrinkage=0.05


Tree=172
num_leaves=7
num_cat=0
split_feature=42 21 51 5 2 8
split_gain=0.000621724 0.0006147 0.000998148 0.00644266 0.00326852 0.00481933
threshold=0.54292669892311107 0.13029403239488604 1.0000000180025095e-35 0.0023950784234330062 0.0034925084328278904 -0.017863524146378037
decision_type=2 2 2 2 2 2
left_child=1 2 4 -4 5 -1
right_child=-2 -3 3 -5 -6 -7
leaf_value=6.7313306811757814e-05 1.8010513482069241e-05 1.7069617736317596e-06 1.2723425598144592e-05 -7.7141123498044106e-05 -3.1475065442524093e-05 -5.2890355507985167e-06
leaf_weight=3133 4605 70001 5226 3164 5574 8086
leaf_count=3133 4605 70001 5226 3164 5574 8086
internal_value=1.68486e-07 -7.03714e-07 -7.39476e-06 -2.14221e-05 -3.4371e-07 1.51945e-05
internal_weight=99789 95184 25183 8390 16793 11219
internal_count=99789 95184 25183 8390 16793 11219
is_linear=0
shrinkage=0.05


Tree=173
num_leaves=7
num_cat=0
split_feature=18 1 4 7 2 16
split_gain=0.00140348 0.000604372 0.000550015 0.000620642 0.000617978 0.000396103
threshold=0.05162405967712403 -0.021262723021209236 -0.008376182056963442 -0.012424153741449116 -0.001013311499264091 0.015095320995897056
decision_type=2 2 2 2 2 2
left_child=1 -1 4 -4 -3 -6
right_child=-2 2 3 -5 5 -7
leaf_value=-1.7926217743692516e-05 3.3320178332639467e-05 -3.4740574567008174e-06 -1.4921640180737519e-05 2.140488337968772e-07 9.0889303398280403e-06 3.0972669879449309e-05
leaf_weight=4669 3123 5671 7448 70026 5372 3378
leaf_count=4669 3123 5671 7448 70026 5372 3378
internal_value=5.99855e-07 -4.75057e-07 4.20867e-07 -1.24971e-06 9.36904e-06 1.76653e-05
internal_weight=99687 96564 91895 77474 14421 8750
internal_count=99687 96564 91895 77474 14421 8750
is_linear=0
shrinkage=0.05


Tree=174
num_leaves=7
num_cat=0
split_feature=10 17 51 10 3 14
split_gain=0.000796703 0.000745311 0.000827639 0.0112022 0.00484502 0.00454098
threshold=0.12201737239956857 1.5728920102119448 1.0000000180025095e-35 -0.038738830015063279 0.0088044330477714556 0.022682056762278083
decision_type=2 2 2 2 2 2
left_child=1 2 5 -4 -5 -1
right_child=-2 -3 3 4 -6 -7
leaf_value=-1.0439982796725235e-06 -2.5061651605308684e-05 1.6364649028891399e-05 -7.7272296742239384e-05 -3.6964868124849934e-06 5.559965819310353e-05 5.1868849451485632e-05
leaf_weight=55375 3056 6961 4757 20891 4074 4325
leaf_count=55375 3056 6961 4757 20891 4074 4325
internal_value=-1.36793e-07 6.6608e-07 -5.64428e-07 -7.37482e-06 6.07175e-06 2.8295e-06
internal_weight=99439 96383 89422 29722 24965 59700
internal_count=99439 96383 89422 29722 24965 59700
is_linear=0
shrinkage=0.05


Tree=175
num_leaves=7
num_cat=0
split_feature=18 4 51 35 5 51
split_gain=0.00172989 0.000824849 0.00212244 0.00559625 0.00204538 0.000764534
threshold=0.05162405967712403 0.0079840272665023821 1.0000000180025095e-35 -0.11457311362028121 0.0007939330826047809 1.0000000180025095e-35
decision_type=2 2 2 2 2 2
left_child=1 5 3 -3 -5 -1
right_child=-2 2 -4 4 -6 -7
leaf_value=4.5914056261889838e-07 -3.8099489215635025e-05 5.4428952226637115e-05 3.3173775856430401e-05 -4.8979289100573145e-05 -7.5093555787470594e-07 -9.9700475539133432e-06
leaf_weight=52384 3170 3049 5923 4142 4626 26390
leaf_count=52384 3170 3049 5923 4142 4626 26390
internal_value=-2.04769e-06 -8.44453e-07 8.88082e-06 -3.38394e-06 -2.36825e-05 -3.03884e-06
internal_weight=99684 96514 17740 11817 8768 78774
internal_count=99684 96514 17740 11817 8768 78774
is_linear=0
shrinkage=0.05


Tree=176
num_leaves=7
num_cat=0
split_feature=18 15 4 0 40 22
split_gain=0.000808998 0.000563168 0.00050884 0.00043719 0.000355333 0.000215953
threshold=0.05162405967712403 0.022106496617197994 -0.017554495483636853 -0.021294401958584782 1.0130853652954104 0.50267472863197338
decision_type=2 2 2 2 2 2
left_child=1 2 -1 -4 -3 -5
right_child=-2 4 3 5 -6 -7
leaf_value=1.392717721573345e-05 2.3187794587754406e-05 -6.5540940381849609e-06 -2.0291226268836712e-05 -2.6218571751947903e-07 -2.874948513764416e-05 -6.6629854583151767e-06
leaf_weight=5079 3122 4493 3195 64398 3008 16519
leaf_count=5079 3122 4493 3195 64398 3008 16519
internal_value=-1.66074e-06 -2.47462e-06 -1.36382e-06 -2.29488e-06 -1.55862e-05 -1.5722e-06
internal_weight=99814 96692 89191 84112 7501 80917
internal_count=99814 96692 89191 84112 7501 80917
is_linear=0
shrinkage=0.05


Tree=177
num_leaves=7
num_cat=0
split_feature=12 33 51 24 3 18
split_gain=0.00134629 0.000758641 0.000618827 0.0074401 0.0118918 0.0047675
threshold=-0.24396077543497083 83.671455383300795 1.0000000180025095e-35 0.2162328511476517 -0.011369463521987198 0.036649523302912719
decision_type=2 2 2 2 2 2
left_child=-1 2 5 -4 -5 -2
right_child=1 -3 3 4 -6 -7
leaf_value=-2.9212169098256215e-05 -1.0093790674684984e-06 -2.3361073961744941e-05 5.0653692265722967e-05 -0.00010664856404330798 -3.8224294773055063e-06 5.3862432151258118e-05
leaf_weight=4373 57146 3597 4844 3160 22699 4203
leaf_count=4373 57146 3597 4844 3160 22699 4203
internal_value=-2.24296e-06 -9.95335e-07 -1.09169e-07 -5.89858e-06 -1.65695e-05 2.79067e-06
internal_weight=100022 95649 92052 30703 25859 61349
internal_count=100022 95649 92052 30703 25859 61349
is_linear=0
shrinkage=0.05


Tree=178
num_leaves=7
num_cat=0
split_feature=8 29 2 14 51 40
split_gain=0.000983794 0.000499402 0.000523222 0.000776504 0.000590385 0.00348985
threshold=-0.059198576956987374 -7.1035203933715811 0.0071700077969580897 0.025120127946138385 1.0000000180025095e-35 1.0998842716217043
decision_type=2 2 2 2 2 2
left_child=-1 -2 3 -3 -4 -6
right_child=1 2 4 -5 5 -7
leaf_value=2.7829298768283209e-05 1.7304115048595415e-05 -1.8940555135818793e-06 2.0849999687876655e-08 -2.6662866654830325e-05 -1.4762393359811993e-05 5.7650429616157501e-05
leaf_weight=3154 3805 69901 13288 3265 3622 3003
leaf_count=3154 3805 69901 13288 3265 3622 3003
internal_value=5.70211e-07 -3.31089e-07 -1.06091e-06 -3.01681e-06 6.11518e-06 1.82471e-05
internal_weight=100038 96884 93079 73166 19913 6625
internal_count=100038 96884 93079 73166 19913 6625
is_linear=0
shrinkage=0.05


Tree=179
num_leaves=7
num_cat=0
split_feature=16 7 2 51 36 36
split_gain=0.00167396 0.000724667 0.000471747 0.00253435 0.00107575 0.000518625
threshold=0.028140113689005378 0.014968962408602239 0.0073560874443501243 1.0000000180025095e-35 0.083008479326963439 0.16189175844192508
decision_type=2 2 2 2 2 2
left_child=1 2 5 4 -4 -1
right_child=-2 -3 3 -5 -6 -7
leaf_value=-1.6484609252066242e-06 -2.9286146278935827e-05 -1.405493447707883e-05 1.172624834925803e-05 3.7116727065222415e-05 -1.9787551872111295e-05 1.4383310005373224e-05
leaf_weight=64688 5090 8296 5093 5327 5675 5421
leaf_count=64688 5090 8296 5093 5327 5675 5421
internal_value=-1.49799e-06 1.34484e-08 1.37471e-06 9.08027e-06 -4.89699e-06 -3.99478e-07
internal_weight=99590 94500 86204 16095 10768 70109
internal_count=99590 94500 86204 16095 10768 70109
is_linear=0
shrinkage=0.05


Tree=180
num_leaves=7
num_cat=0
split_feature=27 4 5 3 16 38
split_gain=0.000847025 0.000680196 0.00101436 0.000825968 0.000843431 0.000823934
threshold=2.6913287639617924 -0.00056371788377873589 0.020099932327866558 0.016913640312850479 0.016633496619760994 2.2305814027786259
decision_type=2 2 2 2 2 2
left_child=1 2 3 4 -1 -3
right_child=-2 5 -4 -5 -6 -7
leaf_value=5.9224985048295808e-07 2.4734437544376494e-05 1.1432702711147599e-05 3.192752725933913e-05 -2.2140995802273704e-05 1.8992588673574178e-05 -6.5433270595227122e-06
leaf_weight=30214 3501 7383 3068 3130 7796 44834
leaf_count=30214 3501 7383 3068 3130 7796 44834
internal_value=7.522e-07 -1.30915e-07 4.43042e-06 2.34356e-06 4.38622e-06 -3.99318e-06
internal_weight=99926 96425 44208 41140 38010 52217
internal_count=99926 96425 44208 41140 38010 52217
is_linear=0
shrinkage=0.05


Tree=181
num_leaves=7
num_cat=0
split_feature=13 2 51 3 18 29
split_gain=0.00223272 0.0004852 0.00128971 0.00630932 0.00472507 0.00400556
threshold=0.033325061202049262 0.0027057165279984479 1.0000000180025095e-35 -0.0077881256584078065 0.031308569014072425 5.4873065948486337
decision_type=2 2 2 2 2 2
left_child=1 2 4 -4 -1 -5
right_child=-2 -3 3 5 -6 -7
leaf_value=-3.4877636417780074e-06 -4.306232990303435e-05 4.4398876959952743e-06 -7.8661571003902782e-05 -1.2398704000501116e-05 5.2649558640536957e-05 5.0617992622201835e-05
leaf_weight=37111 3095 35052 3068 14441 4119 3003
leaf_count=37111 3095 35052 3068 14441 4119 3003
internal_value=-1.60192e-06 -2.54672e-07 -2.92129e-06 -1.31505e-05 2.1775e-06 -1.43666e-06
internal_weight=99889 96794 61742 20512 41230 17444
internal_count=99889 96794 61742 20512 41230 17444
is_linear=0
shrinkage=0.05


Tree=182
num_leaves=7
num_cat=0
split_feature=8 16 16 13 41 13
split_gain=0.00156578 0.00127036 0.00213812 0.000450792 0.000672102 0.00053708
threshold=0.059633988887071616 0.030443248338997368 0.021961849182844165 0.013809285126626493 0.47791066765785223 0.012818447314202787
decision_type=2 2 2 2 2 2
left_child=1 2 3 5 -5 -1
right_child=-2 -3 -4 4 -6 -7
leaf_value=9.7139492000082451e-07 3.6287619144253153e-05 -2.7594089457958111e-05 3.2997629185077787e-05 7.8742142838054243e-06 -1.1919036073362947e-05 2.1088564014965407e-05
leaf_weight=62874 3143 3761 5154 5932 15167 3453
leaf_count=62874 3143 3761 5154 5932 15167 3453
internal_value=1.84011e-06 6.98068e-07 1.86169e-06 8.33225e-09 -6.34869e-06 2.0338e-06
internal_weight=99484 96341 92580 87426 21099 66327
internal_count=99484 96341 92580 87426 21099 66327
is_linear=0
shrinkage=0.05


Tree=183
num_leaves=7
num_cat=0
split_feature=11 6 45 11 14 20
split_gain=0.000794355 0.000679635 0.000488386 0.000743413 0.000782068 0.000411515
threshold=0.15006242692470553 0.024511312134563926 -2.0547119379043575 -0.13212559372186658 0.025120127946138385 0.76385262608528148
decision_type=2 2 2 2 2 2
left_child=1 2 -1 -4 5 -5
right_child=-2 -3 3 4 -6 -7
leaf_value=-1.5130935048364352e-05 -1.8177215210923818e-05 2.3295804780823457e-05 2.3545728316901342e-05 1.0877137439691302e-06 -2.3735245970357162e-05 1.7380243367378892e-05
leaf_weight=4341 5103 3548 3764 75855 3035 4035
leaf_count=4341 5103 3548 3764 75855 3035 4035
internal_value=9.41057e-07 1.98165e-06 1.13858e-06 1.96153e-06 9.68219e-07 1.92096e-06
internal_weight=99681 94578 91030 86689 82925 79890
internal_count=99681 94578 91030 86689 82925 79890
is_linear=0
shrinkage=0.05


Tree=184
num_leaves=7
num_cat=0
split_feature=2 36 9 36 15 15
split_gain=0.000663814 0.0014703 0.000732218 0.000605279 0.00135138 0.000347138
threshold=-0.02585214655846357 0.20416719466447833 0.057147255167365081 0.15180858224630359 0.022106496617197994 0.01670358702540398
decision_type=2 2 2 2 2 2
left_child=-1 2 3 4 5 -2
right_child=1 -3 -4 -5 -6 -7
leaf_value=1.949551233141153e-05 -1.6065545733073295e-06 -2.5456106773719394e-05 1.8314724422927737e-05 1.4891057609480463e-05 -3.33030246424148e-05 9.9837646060389675e-06
leaf_weight=3996 68553 5806 5314 5725 3229 7082
leaf_count=3996 68553 5806 5314 5725 3229 7082
internal_value=-3.42509e-07 -1.18052e-06 4.00489e-07 -7.35063e-07 -1.87813e-06 -5.15429e-07
internal_weight=99705 95709 89903 84589 78864 75635
internal_count=99705 95709 89903 84589 78864 75635
is_linear=0
shrinkage=0.05


Tree=185
num_leaves=7
num_cat=0
split_feature=13 12 10 12 6 36
split_gain=0.00118678 0.000769241 0.000703698 0.000638324 0.000375414 0.000338862
threshold=0.033325061202049262 -0.24396077543497083 -0.066190544515848146 -0.083034895360469804 -0.020377744920551773 0.19184125214815143
decision_type=2 2 2 2 2 2
left_child=1 -1 3 -3 -4 -6
right_child=-2 2 4 -5 5 -7
leaf_value=2.2472120415436172e-05 -3.1769128107107964e-05 -1.8469433228058035e-06 -1.7260362356967041e-05 -3.2349107582991159e-05 9.1486839532008341e-07 -1.5521743527263764e-05
leaf_weight=3390 3135 3462 3121 3362 79747 3214
leaf_count=3390 3135 3462 3121 3362 79747 3214
internal_value=-1.74037e-06 -7.46781e-07 -1.60564e-06 -1.70005e-05 -3.76072e-07 2.6913e-07
internal_weight=99431 96296 92906 6824 86082 82961
internal_count=99431 96296 92906 6824 86082 82961
is_linear=0
shrinkage=0.05


Tree=186
num_leaves=7
num_cat=0
split_feature=36 24 22 9 5 1
split_gain=0.00186724 0.00203708 0.000545439 0.000730411 0.000638417 0.000502874
threshold=0.20131760835647586 0.48430462181568151 0.41769075393676763 -0.031486123800277703 0.0063760590273886928 0.0027848081663250927
decision_type=2 2 2 2 2 2
left_child=2 -2 4 -4 -1 -6
right_child=1 -3 3 -5 5 -7
leaf_value=-3.1062609849025013e-08 5.479611202049166e-05 2.2837182560032484e-06 2.5381110965246442e-05 2.3751347247428112e-06 -1.9809407669570115e-05 -4.9312663021635786e-07
leaf_weight=50777 3302 4123 3996 23518 8369 5622
leaf_count=50777 3302 4123 3996 23518 8369 5622
internal_value=1.81165e-06 2.5847e-05 -1.35187e-07 5.75639e-06 -2.64049e-06 -1.20769e-05
internal_weight=99707 7425 92282 27514 64768 13991
internal_count=99707 7425 92282 27514 64768 13991
is_linear=0
shrinkage=0.05


Tree=187
num_leaves=7
num_cat=0
split_feature=31 42 21 51 5 51
split_gain=0.00109187 0.00056166 0.000502474 0.00726123 0.00317083 0.00264531
threshold=-1.1645387411117551 0.53110551834106456 0.072082191705703749 1.0000000180025095e-35 0.002706512226723135 1.0000000180025095e-35
decision_type=2 2 2 2 2 2
left_child=-1 2 3 4 -2 -4
right_child=1 -3 5 -5 -6 -7
leaf_value=-2.6428420774245703e-05 -5.4439601664397935e-06 1.3880191004153921e-05 -4.8636739890925825e-06 -6.2459917443108455e-05 5.8518620446388925e-05 1.4983942167191407e-05
leaf_weight=3609 5253 8192 50214 4169 3013 25158
leaf_count=3609 5253 8192 50214 4169 3013 25158
internal_value=3.7931e-07 1.40036e-06 2.28807e-07 -9.06249e-06 1.80824e-05 1.76669e-06
internal_weight=99608 95999 87807 12435 8266 75372
internal_count=99608 95999 87807 12435 8266 75372
is_linear=0
shrinkage=0.05


Tree=188
num_leaves=7
num_cat=0
split_feature=36 18 10 51 26 35
split_gain=0.00109914 0.00128857 0.000539615 0.000523987 0.00489436 0.00381072
threshold=0.24746585637331012 0.042648104950785644 -0.070343691855669008 -1.0000000180025095e-35 0.99946022033691417 1.0091636776924136
decision_type=2 2 2 2 2 2
left_child=1 2 -1 4 -4 -5
right_child=-2 -3 3 5 -6 -7
leaf_value=1.6002750137727786e-05 2.969619636824746e-05 -2.6397597140475005e-05 1.7618849611827164e-06 -7.5507759885511039e-07 -6.4800525929009154e-05 4.8143158453850867e-05
leaf_weight=5661 3136 4411 25762 53634 3043 4254
leaf_count=5661 3136 4411 25762 53634 3043 4254
internal_value=8.00056e-07 -1.51275e-07 1.1159e-06 1.35138e-07 -5.36996e-06 2.87674e-06
internal_weight=99901 96765 92354 86693 28805 57888
internal_count=99901 96765 92354 86693 28805 57888
is_linear=0
shrinkage=0.05


Tree=189
num_leaves=7
num_cat=0
split_feature=18 0 22 40 6 2
split_gain=0.00125289 0.000772473 0.000810798 0.000491867 0.000397545 0.000351605
threshold=0.050026014447212226 -0.016235833056271073 0.16994899511337283 1.6750939488410952 0.021646008826792244 -0.006699119694530963
decision_type=2 2 2 2 2 2
left_child=1 2 -1 4 5 -3
right_child=-2 3 -4 -5 -6 -7
leaf_value=-2.6979636758706147e-06 -3.0099262679886697e-05 -8.2337001242453055e-06 3.1026872968706556e-05 -1.5413646187789549e-05 1.6531808656597012e-05 4.0301836615745402e-07
leaf_weight=3269 3577 14315 3849 5827 3261 65567
leaf_count=3269 3577 14315 3849 5827 3261 65567
internal_value=-1.25189e-06 -1.62914e-07 1.56277e-05 -1.4343e-06 -4.45896e-07 -1.14888e-06
internal_weight=99665 96088 7118 88970 83143 79882
internal_count=99665 96088 7118 88970 83143 79882
is_linear=0
shrinkage=0.05


Tree=190
num_leaves=7
num_cat=0
split_feature=12 30 13 15 42 38
split_gain=0.00255085 0.000718563 0.00119572 0.000992609 0.00061108 0.000437809
threshold=-0.24396077543497083 -0.65794461965560902 0.01926063280552626 0.023373050615191463 0.48487302660942083 13.123008728027346
decision_type=2 2 2 2 2 2
left_child=-1 2 4 5 -2 -3
right_child=1 3 -4 -5 -6 -7
leaf_value=3.8065493248816868e-05 -2.0508625854565168e-05 -1.4235529794097687e-06 -3.8962604686295492e-05 2.1019883193318118e-05 6.0156516769038997e-06 1.380625787518112e-05
leaf_weight=4410 3242 72124 3006 5750 6335 4999
leaf_count=4410 3242 72124 3006 5750 6335 4999
internal_value=1.1057e-06 -6.20847e-07 -1.17291e-05 1.07183e-06 -3.02321e-06 -4.28074e-07
internal_weight=99866 95456 12583 82873 9577 77123
internal_count=99866 95456 12583 82873 9577 77123
is_linear=0
shrinkage=0.05


Tree=191
num_leaves=7
num_cat=0
split_feature=24 51 13 13 38 50
split_gain=0.000635887 0.000807121 0.0158194 0.00767743 0.00324606 0.00359039
threshold=0.92413258552551281 -1.0000000180025095e-35 0.022900352254509929 0.026307175867259506 2.015467762947083 1.0000000180025095e-35
decision_type=2 2 2 2 2 2
left_child=1 2 4 -3 -1 -6
right_child=-2 3 -4 -5 5 -7
leaf_value=4.7185344764683588e-05 1.6333591814574449e-05 -1.9365212145508917e-06 -0.00011289316795579758 6.9314983356314936e-05 1.1613140325179325e-05 -2.897643228141286e-05
leaf_weight=3838 5832 58440 3129 3992 16186 8150
leaf_count=3838 5832 58440 3129 3992 16186 8150
internal_value=3.86397e-07 -6.13984e-07 -7.15997e-06 2.67123e-06 4.76193e-06 -2.01164e-06
internal_weight=99567 93735 31303 62432 28174 24336
internal_count=99567 93735 31303 62432 28174 24336
is_linear=0
shrinkage=0.05


Tree=192
num_leaves=7
num_cat=0
split_feature=3 39 18 51 45 18
split_gain=0.00194273 0.000711528 0.0013769 0.000914324 0.00481985 0.000755947
threshold=-0.028527759946882721 0.72572362422943126 0.028154536150395874 1.0000000180025095e-35 0.95047637820243847 0.041160419583320625
decision_type=2 2 2 2 2 2
left_child=-1 5 3 4 -3 -2
right_child=1 2 -4 -5 -6 -7
leaf_value=-3.7954273860266139e-05 6.2312141634345628e-07 2.4936760075906778e-05 3.7166441891016877e-05 2.1650211609031012e-05 -5.0339592705244416e-05 -2.1392748611830814e-05
leaf_weight=3181 75590 5072 3777 4331 3587 4061
leaf_count=3181 75590 5072 3777 4331 3587 4061
internal_value=1.8348e-07 1.46073e-06 1.08061e-05 3.02842e-06 -6.35653e-06 -5.12072e-07
internal_weight=99599 96418 16767 12990 8659 79651
internal_count=99599 96418 16767 12990 8659 79651
is_linear=0
shrinkage=0.05


Tree=193
num_leaves=7
num_cat=0
split_feature=40 11 5 15 49 4
split_gain=0.000971653 0.000619926 0.000424367 0.000252875 0.000469724 0.000439648
threshold=2.0374840497970585 -0.11369701102375983 0.025770589709281925 0.01621925458312035 -0.56174489110708226 -0.0077892860863357774
decision_type=2 2 2 2 2 2
left_child=1 -1 3 5 -5 -3
right_child=-2 2 -4 4 -6 -7
leaf_value=-1.5912325479573922e-05 2.4990637419286356e-05 1.1406908790384699e-05 1.9047779969427955e-05 7.5693126566775779e-06 -1.0753267510373625e-05 -1.0458070831801317e-07
leaf_weight=5864 3927 9560 3027 4919 11814 60578
leaf_count=5864 3927 9560 3027 4919 11814 60578
internal_value=7.74094e-07 -2.315e-07 7.99629e-07 1.53185e-07 -5.36047e-06 1.47147e-06
internal_weight=99689 95762 89898 86871 16733 70138
internal_count=99689 95762 89898 86871 16733 70138
is_linear=0
shrinkage=0.05


Tree=194
num_leaves=7
num_cat=0
split_feature=8 45 36 51 8 16
split_gain=0.000817827 0.000471755 0.000922963 0.000677804 0.00596098 0.000556278
threshold=-0.059198576956987374 2.477629661560059 0.15991707146167758 1.0000000180025095e-35 -0.00095251546008512367 0.020788028836250309
decision_type=2 2 2 2 2 2
left_child=-1 2 5 4 -4 -2
right_child=1 -3 3 -5 -6 -7
leaf_value=-2.4912622512822237e-05 7.6842092946034348e-07 -1.6154251725117921e-05 -4.5608189683047245e-05 3.2706146287965257e-05 4.557753760858726e-05 -1.571930862807065e-05
leaf_weight=3155 76140 3903 3106 3610 4099 5434
leaf_count=3155 76140 3903 3106 3610 4099 5434
internal_value=-6.52799e-08 7.61348e-07 1.4843e-06 1.51741e-05 6.22491e-06 -3.38855e-07
internal_weight=99447 96292 92389 10815 7205 81574
internal_count=99447 96292 92389 10815 7205 81574
is_linear=0
shrinkage=0.05


Tree=195
num_leaves=7
num_cat=0
split_feature=1 37 5 11 16 8
split_gain=0.00108557 0.000673413 0.000911111 0.00104373 0.000485061 0.000729426
threshold=0.027290505357086662 10.771719455718996 -0.016215462237596508 -0.025984721258282658 0.023247061297297481 -0.01624696888029575
decision_type=2 2 2 2 2 2
left_child=1 2 3 -1 5 -4
right_child=-2 -3 4 -5 -6 -7
leaf_value=3.6866950875040743e-05 -2.8037140032408896e-05 -1.3805527325182829e-05 1.1641471457630627e-05 -1.5873546937569681e-06 -1.4732189421581448e-05 -1.441171141902663e-06
leaf_weight=3633 3541 8085 12761 3380 5361 63248
leaf_count=3633 3541 8085 12761 3380 5361 63248
internal_value=-1.04392e-06 -3.90792e-08 1.22733e-06 1.84534e-05 -2.6775e-07 7.61457e-07
internal_weight=100009 96468 88383 7013 81370 76009
internal_count=100009 96468 88383 7013 81370 76009
is_linear=0
shrinkage=0.05


Tree=196
num_leaves=7
num_cat=0
split_feature=12 12 14 51 0 3
split_gain=0.000575217 0.000474251 0.000491798 0.00081275 0.00705493 0.000308997
threshold=-0.22961842268705365 0.28222723305225378 0.017987835220992569 1.0000000180025095e-35 -0.0047497472260147324 -0.0033403675770387049
decision_type=2 2 2 2 2 2
left_child=-1 2 5 4 -4 -2
right_child=1 -3 3 -5 -6 -7
leaf_value=1.7938028248206034e-05 6.5905100463713385e-06 1.62487150074644e-05 -5.9925739018153388e-05 -2.6680257935138091e-05 3.4091216841992932e-05 -4.3633140666116481e-07
leaf_weight=5143 21715 4698 3084 4274 5442 55619
leaf_count=5143 21715 4698 3084 4274 5442 55619
internal_value=1.73466e-06 8.4692e-07 3.55781e-08 -9.02286e-06 -6.74327e-08 1.53975e-06
internal_weight=99975 94832 90134 12800 8526 77334
internal_count=99975 94832 90134 12800 8526 77334
is_linear=0
shrinkage=0.05


Tree=197
num_leaves=7
num_cat=0
split_feature=11 51 5 15 3 14
split_gain=0.000648104 0.00316198 0.00493609 0.00390157 0.00335295 0.00119267
threshold=0.06612646579742433 -1.0000000180025095e-35 -0.0035444993991404767 0.01292726816609502 0.0022417454747483139 0.027642659842967991
decision_type=2 2 2 2 2 2
left_child=5 4 -3 -4 -2 -1
right_child=1 2 3 -5 -6 -7
leaf_value=1.384767971016611e-06 2.6240548564310263e-07 5.7200843405841221e-05 2.4214135841721585e-05 -3.9479482780209716e-05 -7.021874374675972e-05 2.902951326298582e-05
leaf_weight=75687 3362 3521 4242 5425 3337 4064
leaf_count=75687 3362 3521 4242 5425 3337 4064
internal_value=7.96597e-07 -7.26762e-06 6.9528e-06 -1.15492e-05 -3.51068e-05 2.81081e-06
internal_weight=99638 19887 13188 9667 6699 79751
internal_count=99638 19887 13188 9667 6699 79751
is_linear=0
shrinkage=0.05


Tree=198
num_leaves=7
num_cat=0
split_feature=11 13 19 4 26 2
split_gain=0.00125755 0.000749983 0.0002675 0.000283464 0.00119022 0.000387995
threshold=-0.13757967948913571 0.026859260164201263 -1.0501909852027891 0.01076603587716818 0.72842895984649669 0.014050606638193132
decision_type=2 2 2 2 2 2
left_child=-1 2 -2 5 -5 -4
right_child=1 -3 3 4 -6 -7
leaf_value=-2.4858000578226355e-05 -1.3044920598934975e-05 2.1581192811463531e-05 -1.2813355849364144e-06 1.8808888456120851e-05 -1.6053983397338103e-05 1.1530612717933241e-05
leaf_weight=4759 3518 4320 69271 7999 3474 6410
leaf_count=4759 3518 4320 69271 7999 3474 6410
internal_value=8.72357e-08 1.34939e-06 3.74094e-07 9.22926e-07 8.22863e-06 -1.89298e-07
internal_weight=99751 94992 90672 87154 11473 75681
internal_count=99751 94992 90672 87154 11473 75681
is_linear=0
shrinkage=0.05


Tree=199
num_leaves=7
num_cat=0
split_feature=1 15 16 10 39 19
split_gain=0.00121748 0.000898532 0.00136842 0.000497953 0.000517324 0.000409833
threshold=0.025762283243238929 0.021736393682658676 0.023766107857227329 -0.068197216838598237 0.23368655145168307 1.0643538832664492
decision_type=2 2 2 2 2 2
left_child=1 3 -3 4 -1 -5
right_child=-2 2 -4 5 -6 -7
leaf_value=-4.1455076021101784e-07 2.7529068602757952e-05 -3.7531019337811704e-05 9.9545675991673295e-07 -1.1707734182557389e-06 2.8378146902796546e-05 1.5943665956861311e-05
leaf_weight=3055 3863 4000 5343 76302 3135 3616
leaf_count=3055 3863 4000 5343 76302 3135 3616
internal_value=1.93681e-07 -9.26444e-07 -1.56108e-05 6.7499e-07 1.42784e-05 -3.86922e-07
internal_weight=99314 95451 9343 86108 6190 79918
internal_count=99314 95451 9343 86108 6190 79918
is_linear=0
shrinkage=0.05


end of trees

feature_importances:
Column_51=108
Column_4=66
Column_5=61
Column_3=57
Column_13=54
Column_14=48
Column_8=45
Column_18=43
Column_1=41
Column_2=41
Column_11=39
Column_36=39
Column_10=35
Column_15=31
Column_16=31
Column_12=26
Column_24=25
Column_6=24
Column_9=23
Column_40=23
Column_0=21
Column_29=20
Column_28=19
Column_39=19
Column_26=18
Column_7=14
Column_21=14
Column_22=14
Column_35=14
Column_44=13
Column_17=11
Column_33=11
Column_37=11
Column_43=11
Column_50=11
Column_20=10
Column_27=10
Column_38=10
Column_19=9
Column_34=9
Column_23=8
Column_32=8
Column_45=8
Column_30=7
Column_31=7
Column_42=7
Column_41=6
Column_47=6
Column_25=5
Column_46=4
Column_49=3
Column_48=2

parameters:
[boosting: gbdt]
[objective: regression]
[metric: l2]
[tree_learner: serial]
[device_type: cpu]
[data_sample_strategy: bagging]
[data: ]
[valid: ]
[num_iterations: 200]
[learning_rate: 0.05]
[num_leaves: 7]
[num_threads: 0]
[seed: 1]
[deterministic: 0]
[force_col_wise: 0]
[force_row_wise: 0]
[histogram_pool_size: -1]
[max_depth: -1]
[min_data_in_leaf: 3000]
[min_sum_hessian_in_leaf: 0.001]
[bagging_fraction: 0.7]
[pos_bagging_fraction: 1]
[neg_bagging_fraction: 1]
[bagging_freq: 1]
[bagging_seed: 1]
[bagging_by_query: 0]
[feature_fraction: 0.6]
[feature_fraction_bynode: 1]
[feature_fraction_seed: 1]
[extra_trees: 0]
[extra_seed: 15724]
[early_stopping_round: 0]
[early_stopping_min_delta: 0]
[first_metric_only: 0]
[max_delta_step: 0]
[lambda_l1: 0]
[lambda_l2: 50]
[linear_lambda: 0]
[min_gain_to_split: 0]
[drop_rate: 0.1]
[max_drop: 50]
[skip_drop: 0.5]
[xgboost_dart_mode: 0]
[uniform_drop: 0]
[drop_seed: 6334]
[top_rate: 0.2]
[other_rate: 0.1]
[min_data_per_group: 100]
[max_cat_threshold: 32]
[cat_l2: 10]
[cat_smooth: 10]
[max_cat_to_onehot: 4]
[top_k: 20]
[monotone_constraints: ]
[monotone_constraints_method: basic]
[monotone_penalty: 0]
[feature_contri: ]
[forcedsplits_filename: ]
[refit_decay_rate: 0.9]
[cegb_tradeoff: 1]
[cegb_penalty_split: 0]
[cegb_penalty_feature_lazy: ]
[cegb_penalty_feature_coupled: ]
[path_smooth: 0]
[interaction_constraints: ]
[verbosity: -1]
[saved_feature_importance_type: 0]
[use_quantized_grad: 0]
[num_grad_quant_bins: 4]
[quant_train_renew_leaf: 0]
[stochastic_rounding: 1]
[linear_tree: 0]
[max_bin: 255]
[max_bin_by_feature: ]
[min_data_in_bin: 3]
[bin_construct_sample_cnt: 200000]
[data_random_seed: 41]
[is_enable_sparse: 1]
[enable_bundle: 1]
[use_missing: 1]
[zero_as_missing: 0]
[feature_pre_filter: 1]
[pre_partition: 0]
[two_round: 0]
[header: 0]
[label_column: ]
[weight_column: ]
[group_column: ]
[ignore_column: ]
[categorical_feature: ]
[forcedbins_filename: ]
[precise_float_parser: 0]
[parser_config_file: ]
[objective_seed: 19169]
[num_class: 1]
[is_unbalance: 0]
[scale_pos_weight: 1]
[sigmoid: 1]
[boost_from_average: 1]
[reg_sqrt: 0]
[alpha: 0.9]
[fair_c: 1]
[poisson_max_delta_step: 0.7]
[tweedie_variance_power: 1.5]
[lambdarank_truncation_level: 30]
[lambdarank_norm: 1]
[label_gain: ]
[lambdarank_position_bias_regularization: 0]
[eval_at: ]
[multi_error_top_k: 1]
[auc_mu_weights: ]
[num_machines: 1]
[local_listen_port: 12400]
[time_out: 120]
[machine_list_filename: ]
[machines: ]
[gpu_platform_id: -1]
[gpu_device_id: -1]
[gpu_device_id_list: ]
[gpu_use_dp: 0]
[num_gpu: 1]

end of parameters

pandas_categorical:null
