tree
version=v4
num_class=1
num_tree_per_iteration=1
label_index=0
max_feature_idx=51
objective=regression
feature_names=Column_0 Column_1 Column_2 Column_3 Column_4 Column_5 Column_6 Column_7 Column_8 Column_9 Column_10 Column_11 Column_12 Column_13 Column_14 Column_15 Column_16 Column_17 Column_18 Column_19 Column_20 Column_21 Column_22 Column_23 Column_24 Column_25 Column_26 Column_27 Column_28 Column_29 Column_30 Column_31 Column_32 Column_33 Column_34 Column_35 Column_36 Column_37 Column_38 Column_39 Column_40 Column_41 Column_42 Column_43 Column_44 Column_45 Column_46 Column_47 Column_48 Column_49 Column_50 Column_51
feature_infos=[-0.093810476362705231:0.062854915857315063] [-0.093810476362705231:0.062854915857315063] [-0.093810476362705231:0.062854915857315063] [-0.093810476362705231:0.062854915857315063] [-0.093810476362705231:0.062854915857315063] [-0.093810476362705231:0.062854915857315063] [-0.093810476362705231:0.062854915857315063] [-0.093810476362705231:0.062854915857315063] [-0.13840927183628082:0.11631199717521667] [-0.14058864116668701:0.11686426401138306] [-0.2051197737455368:0.16023887693881989] [-0.29902994632720947:0.20033414661884308] [-0.36224660277366638:0.26430332660675049] [0.0001787920919014141:0.049643296748399734] [0.00041438118205405772:0.040909208357334137] [0.00063934916397556663:0.027878416702151299] [0.0010824284981936216:0.023660758510231972] [0.061279952526092529:3.393223762512207] [0.00078757089795544744:0.063816264271736145] [-5.7211399078369141:7.7068314552307129] [-1:1] [0:0.98480033874511719] [0:0.9991142749786377] [0.099074326455593109:8.7770423889160156] [0:1] [-13:14] [-4.5047039985656738:6.1204676628112793] [-6.0834684371948242:7.0530562400817871] [-7.6218523979187012:7.9888725280761719] [-19.045421600341797:16.364025115966797] [-2.3074021339416504:2.9984302520751953] [-2.1952910423278809:2.9698779582977295] [-0.90286213159561157:0.9516441822052002] [2.5843193531036377:97.628547668457031] [5.5605669021606445:91.84222412109375] [-2.0724341869354248:2.0957598686218262] [0.0017524245195090771:0.24892067909240723] [0:37.036632537841797] [0:30.953968048095703] [-2.1421294212341309:9.466303825378418] [0.13349898159503937:11.161257743835449] [0.11314084380865097:0.80856525897979736] [0.34176245331764221:0.61711162328720093] [-2.7979617118835449:3.3000705242156982] [-2.4808998107910156:9.3938932418823242] [-5.6960058212280273:5.9463238716125488] [-1:1] [-1:1] [-0.97492790222167969:0.97492790222167969] [-0.90096884965896606:1] [-1:1] [-1:1]
tree_sizes=851 864 864 873 862 860 863 872 865 862 863 865 864 879 863 861 861 880 858 859 866 869 864 876 861 870 875 856 854 865 874 859 869 861 861 868 863 851 863 879 882 871 865 873 856 853 861 855 862 850 863 857 880 880 858 875 875 865 861 865 863 865 869 857 861 853 861 859 873 865 857 863 870 858 859 864 850 859 862 875 870 862 867 869 863 870 862 861 862 859 871 856 876 868 858 872 867 863 857 851 854 857 859 868 864 859 863 860 862 864 868 863 861 852 874 860 868 862 849 853 862 862 856 861 858 859 864 862 869 862 853 867 874 853 873 863 872 857 854 867 853 857 861 857 858 868 864 862 866 856 860 860 858 859 857 858 850 858 872 860 863 867 854 858 862 860 852 858 865 865 865 860 869 874 864 857 857 865 864 866 860 857 860 860 866 859 856 862 860 854 866 863 870 865 857 857 864 862 865 863

Tree=0
num_leaves=7
num_cat=0
split_feature=50 50 14 9 15 31
split_gain=0.000596262 0.000929439 0.000114 0.000104985 0.000196518 0.000151075
threshold=-1.0000000180025095e-35 1.0000000180025095e-35 0.012322537600994112 0.0088450396433472651 0.0098910355009138601 0.57886129617691051
decision_type=2 2 2 2 2 2
left_child=-1 3 -3 4 -2 -5
right_child=1 2 -4 5 -6 -7
leaf_value=-0.0011669426932074446 -0.001158166659008236 -0.0011658588910985355 -0.0011562443174931798 -0.001150318199616354 -0.0011703005383967562 -0.0011598186571662138
leaf_weight=80735 60321 77546 3164 9683 3489 7419
leaf_count=80735 60321 77546 3164 9683 3489 7419
internal_value=-0.00116344 -0.00116168 -0.00116548 -0.0011579 -0.00115884 -0.00115442
internal_weight=242357 161622 80710 80912 63810 17102
internal_count=242357 161622 80710 80912 63810 17102
is_linear=0
shrinkage=1


Tree=1
num_leaves=7
num_cat=0
split_feature=51 24 36 27 24 51
split_gain=0.000964356 0.00305917 0.00193109 0.00141913 0.00131288 0.00209017
threshold=-1.0000000180025095e-35 0.14683900773525241 0.040867103263735778 -1.7853190898895261 0.19589610397815707 1.0000000180025095e-35
decision_type=2 2 2 2 2 2
left_child=1 2 -1 -3 -2 -6
right_child=4 3 -4 -5 5 -7
leaf_value=-1.5338827272957048e-05 1.1703057610437911e-05 2.6644317082223495e-05 -6.1570434924810761e-05 -2.4854507636984888e-06 6.3651820842514725e-06 -6.2293317093352577e-06
leaf_weight=7684 29707 4415 3180 65706 65902 65769
leaf_count=7684 29707 4415 3180 65706 65902 65769
internal_value=-1.62261e-08 -4.46683e-06 -2.90914e-05 -6.33687e-07 2.21793e-06 7.43094e-08
internal_weight=242363 80985 10864 70121 161378 131671
internal_count=242363 80985 10864 70121 161378 131671
is_linear=0
shrinkage=0.05


Tree=2
num_leaves=7
num_cat=0
split_feature=51 22 22 51 16 11
split_gain=0.00106909 0.00335643 0.00206019 0.00280151 0.00239582 0.00191201
threshold=-1.0000000180025095e-35 0.3291324526071549 0.169139139354229 1.0000000180025095e-35 0.0098369820043444651 -0.040265351533889764
decision_type=2 2 2 2 2 2
left_child=1 5 4 -4 -2 -1
right_child=2 -3 3 -5 -6 -7
leaf_value=-4.4294543740950899e-05 7.2860478520995252e-06 7.9285032108030855e-06 6.0548356710443502e-06 -1.0193409019504554e-05 5.2416566145813018e-05 -9.9431297201094129e-06
leaf_weight=4403 52414 30942 53071 52948 3068 45693
leaf_count=4403 52414 30942 53071 52948 3068 45693
internal_value=-3.26698e-07 -5.01125e-06 2.02474e-06 -2.06084e-06 9.82659e-06 -1.30035e-05
internal_weight=242539 81038 161501 106019 55482 50096
internal_count=242539 81038 161501 106019 55482 50096
is_linear=0
shrinkage=0.05


Tree=3
num_leaves=7
num_cat=0
split_feature=51 50 50 51 50 22
split_gain=0.000889729 0.00913625 0.00879712 0.00300492 0.00295675 0.00150845
threshold=-1.0000000180025095e-35 1.0000000180025095e-35 -1.0000000180025095e-35 1.0000000180025095e-35 -1.0000000180025095e-35 0.169139139354229
decision_type=2 2 2 2 2 2
left_child=1 4 3 -2 5 -1
right_child=2 -3 -4 -5 -6 -7
leaf_value=2.9137165471546468e-06 -2.4993465404534097e-06 -2.8112579520543198e-05 1.0427369460109398e-05 -2.6116328331845001e-05 -4.1257487120056572e-06 2.7837191037736077e-05
leaf_weight=9246 26938 26738 107688 26910 26826 17700
leaf_count=9246 26938 26738 107688 26910 26826 17700
internal_value=3.76214e-08 -4.25481e-06 2.17764e-06 -1.4315e-05 7.62351e-06 1.93064e-05
internal_weight=242046 80510 161536 53848 53772 26946
internal_count=242046 80510 161536 53848 53772 26946
is_linear=0
shrinkage=0.05


Tree=4
num_leaves=7
num_cat=0
split_feature=14 16 21 44 6 16
split_gain=0.00054239 0.000246573 0.000103356 8.14061e-05 0.000148128 0.000116411
threshold=0.011608791071921589 0.0096648251637816446 0.15282246470451358 0.08514051511883737 0.0043171036522835502 0.0092832124792039412
decision_type=2 2 2 2 2 2
left_child=2 -2 3 5 -5 -1
right_child=1 -3 -4 4 -6 -7
leaf_value=-1.4363348091299023e-06 2.8285740230289776e-06 1.7678184468407278e-05 1.9836855634879009e-07 -2.7616893948896226e-06 -1.3456858452345316e-05 8.643332229423651e-06
leaf_weight=45958 5316 5899 153324 24558 3688 3005
leaf_count=45958 5316 5899 153324 24558 3688 3005
internal_value=-2.96474e-08 1.06831e-05 -5.53008e-07 -2.04428e-06 -4.17944e-06 -8.0953e-07
internal_weight=241748 11215 230533 77209 28246 48963
internal_count=241748 11215 230533 77209 28246 48963
is_linear=0
shrinkage=0.05


Tree=5
num_leaves=7
num_cat=0
split_feature=50 50 43 36 23 33
split_gain=0.000320989 0.000700729 0.000118225 0.000151203 0.000108604 9.96949e-05
threshold=1.0000000180025095e-35 -1.0000000180025095e-35 0.18862354010343554 0.082556769251823439 1.9204726219177248 62.293817520141609
decision_type=2 2 2 2 2 2
left_child=1 2 3 4 -1 -3
right_child=-2 5 -4 -5 -6 -7
leaf_value=-2.2950180295773052e-06 -2.2120568073278133e-06 3.96870999081744e-06 -1.1050047973700639e-05 6.9317999674193675e-06 6.5023032707824439e-06 8.1363985673071114e-06
leaf_weight=68801 80854 61939 3159 5211 3649 18740
leaf_count=68801 80854 61939 3159 5211 3649 18740
internal_value=3.5883e-07 1.64622e-06 -1.64404e-06 -1.25457e-06 -1.84776e-06 4.94121e-06
internal_weight=242353 161499 80820 77661 72450 80679
internal_count=242353 161499 80820 77661 72450 80679
is_linear=0
shrinkage=0.05


Tree=6
num_leaves=7
num_cat=0
split_feature=19 30 34 11 16 0
split_gain=0.000129907 0.0001062 8.90231e-05 0.000294173 0.000160015 0.000108118
threshold=-1.3482905626296995 -1.4245586991310117 31.385934829711918 -0.069981515407562242 0.0062207200098782786 -0.0094936345703899843
decision_type=2 2 2 2 2 2
left_child=-1 -2 4 -4 -3 -5
right_child=1 2 3 5 -6 -7
leaf_value=-7.5818333205596962e-06 8.4017470567181069e-06 -1.9716272881334602e-07 1.4547466017259136e-05 7.7289125223538913e-06 -1.4298362480374903e-05 -3.2398465626649803e-07
leaf_weight=5744 3649 5870 3399 4200 3012 216139
leaf_count=5744 3649 5870 3399 4200 3012 216139
internal_value=-1.85157e-07 -3.76845e-09 -1.37399e-07 5.80021e-08 -5.03233e-06 -1.68765e-07
internal_weight=242013 236269 232620 223738 8882 220339
internal_count=242013 236269 232620 223738 8882 220339
is_linear=0
shrinkage=0.05


Tree=7
num_leaves=7
num_cat=0
split_feature=51 50 50 50 51 22
split_gain=0.000653124 0.0100466 0.00780899 0.00327577 0.0027372 0.0012511
threshold=-1.0000000180025095e-35 1.0000000180025095e-35 -1.0000000180025095e-35 -1.0000000180025095e-35 1.0000000180025095e-35 0.31114885210990911
decision_type=2 2 2 2 2 2
left_child=1 3 4 -1 -2 -3
right_child=2 5 -4 -5 -6 -7
leaf_value=2.1303647818242296e-05 -2.2837523563873711e-06 -3.7245735571131674e-05 9.7715303228431214e-06 -3.3560063666445825e-06 -2.4833376161126327e-05 -1.5245393014812e-05
leaf_weight=26951 26983 16020 107947 26845 26820 10992
leaf_count=26951 26983 16020 107947 26845 26820 10992
internal_value=1.82879e-07 -3.48659e-06 2.0166e-06 9.00643e-06 -1.3537e-05 -2.83378e-05
internal_weight=242558 80808 161750 53796 53803 27012
internal_count=242558 80808 161750 53796 53803 27012
is_linear=0
shrinkage=0.05


Tree=8
num_leaves=7
num_cat=0
split_feature=51 24 24 51 36 15
split_gain=0.000723953 0.00261824 0.00141706 0.00168736 0.00139779 0.00133488
threshold=-1.0000000180025095e-35 0.20686472207307818 0.20686472207307818 1.0000000180025095e-35 0.040516257286071784 0.0085501042194664496
decision_type=2 2 2 2 2 2
left_child=1 4 5 -4 -1 -2
right_child=2 -3 3 -5 -6 -7
leaf_value=-1.2463727797249473e-05 7.23821630606033e-06 3.7741072806643347e-07 5.0723044108535943e-06 -6.3331266239890618e-06 -4.4753207732383781e-05 3.8119201331050083e-05
leaf_weight=11259 27938 64778 64782 64832 4761 3958
leaf_count=11259 27938 64778 64782 64832 4761 3958
internal_value=-2.41323e-07 -4.10391e-06 1.69167e-06 -6.32853e-07 -2.21693e-05 1.11239e-05
internal_weight=242308 80798 161510 129614 16020 31896
internal_count=242308 80798 161510 129614 16020 31896
is_linear=0
shrinkage=0.05


Tree=9
num_leaves=7
num_cat=0
split_feature=50 50 11 11 9 14
split_gain=0.000413202 0.000767106 0.000147958 0.000140012 0.00013115 0.000113573
threshold=1.0000000180025095e-35 -1.0000000180025095e-35 0.035646518692374236 0.054532734677195556 -0.030075936578214165 0.0077839752193540343
decision_type=2 2 2 2 2 2
left_child=1 3 -3 -1 -2 -4
right_child=4 2 5 -5 -6 -7
leaf_value=-1.8932494999374753e-06 7.3703846805767558e-06 4.6894306399409488e-06 7.5172416833725966e-06 7.5817919670384589e-06 -2.7504243454391786e-06 1.9317596344496115e-05
leaf_weight=76630 3291 71333 6515 4059 77850 3005
leaf_count=76630 3291 71333 6515 4059 77850 3005
internal_value=5.74529e-07 2.03655e-06 5.47707e-06 -1.41221e-06 -2.33565e-06 1.13235e-05
internal_weight=242683 161542 80853 80689 81141 9520
internal_count=242683 161542 80853 80689 81141 9520
is_linear=0
shrinkage=0.05


Tree=10
num_leaves=7
num_cat=0
split_feature=50 50 12 35 18 17
split_gain=0.000245042 0.000611894 0.000124172 0.000122243 0.000111785 8.58897e-05
threshold=-1.0000000180025095e-35 1.0000000180025095e-35 -0.087191175669431673 1.0396521091461184 0.016694602556526664 1.6869548559188845
decision_type=2 2 2 2 2 2
left_child=2 3 -1 5 -3 -2
right_child=1 4 -4 -5 -6 -7
leaf_value=4.8111330172603858e-06 3.7458378090825061e-06 -2.7920973631892532e-06 -3.201290435897023e-06 -4.5922077705254805e-06 6.3591671669854455e-06 1.0420177425575678e-05
leaf_weight=5121 71713 77422 75822 4129 3441 5140
leaf_count=5121 71713 77422 75822 4129 3441 5140
internal_value=-4.46458e-07 6.76938e-07 -2.69171e-06 3.74793e-06 -2.39899e-06 4.19871e-06
internal_weight=242788 161845 80943 80982 80863 76853
internal_count=242788 161845 80943 80982 80863 76853
is_linear=0
shrinkage=0.05


Tree=11
num_leaves=7
num_cat=0
split_feature=51 22 15 22 51 5
split_gain=0.000743409 0.00299773 0.00173672 0.00167301 0.00206637 0.00182125
threshold=-1.0000000180025095e-35 0.169139139354229 0.0085501042194664496 0.3291324526071549 1.0000000180025095e-35 -0.0050672998186200848
decision_type=2 2 2 2 2 2
left_child=1 2 -1 -2 -5 -6
right_child=3 -3 -4 4 5 -7
leaf_value=-1.2433460041030018e-05 6.1507138107556704e-06 3.2471002857679996e-06 -5.1243397064643606e-05 4.8097521275213943e-06 -4.6623656876828488e-05 -9.0096579507054756e-06
leaf_weight=24525 99428 52863 3228 30855 3608 27167
leaf_count=24525 99428 52863 3228 30855 3608 27167
internal_value=1.77999e-07 -3.74029e-06 -1.70315e-05 2.13981e-06 -4.33074e-06 -1.34879e-05
internal_weight=241674 80616 27753 161058 61630 30775
internal_count=241674 80616 27753 161058 61630 30775
is_linear=0
shrinkage=0.05


Tree=12
num_leaves=7
num_cat=0
split_feature=51 22 18 22 51 14
split_gain=0.000625769 0.00252447 0.00139531 0.00119285 0.00171565 0.00132399
threshold=-1.0000000180025095e-35 0.14255487918853763 0.012312620412558319 0.3291324526071549 1.0000000180025095e-35 0.011608791071921589
decision_type=2 2 2 2 2 2
left_child=1 2 -1 5 -5 -2
right_child=3 -3 -4 4 -6 -7
leaf_value=-1.2729882560342368e-05 3.654769487445661e-06 1.925361376507769e-06 -4.8675547302281001e-05 4.4761309940139572e-06 -1.2195170299005496e-05 3.0307634715442429e-05
leaf_weight=20703 95224 56842 3069 30764 30876 4851
leaf_count=20703 95224 56842 3069 30764 30876 4851
internal_value=-2.01926e-07 -3.79927e-06 -1.74629e-05 1.59195e-06 -3.87778e-06 4.96122e-06
internal_weight=242329 80614 23772 161715 61640 100075
internal_count=242329 80614 23772 161715 61640 100075
is_linear=0
shrinkage=0.05


Tree=13
num_leaves=7
num_cat=0
split_feature=51 50 50 50 51 24
split_gain=0.000685148 0.00812677 0.00607012 0.00252221 0.00173907 0.000853894
threshold=-1.0000000180025095e-35 -1.0000000180025095e-35 -1.0000000180025095e-35 1.0000000180025095e-35 1.0000000180025095e-35 0.17280737310647967
decision_type=2 2 2 2 2 2
left_child=1 5 4 -3 -2 -1
right_child=2 3 -4 -5 -6 -7
leaf_value=-1.576122334221599e-06 -2.7827708116386188e-06 -4.0369144808778254e-06 8.7507006939311516e-06 -2.5615279816860727e-05 -2.0785341448436171e-05 2.2670892133566767e-05
leaf_weight=4320 26756 27049 108013 27114 26890 22512
leaf_count=4320 26756 27049 108013 27114 26890 22512
internal_value=4.31724e-08 -3.70901e-06 1.92367e-06 -1.48527e-05 -1.18175e-05 1.87714e-05
internal_weight=242654 80995 161659 54163 53646 26832
internal_count=242654 80995 161659 54163 53646 26832
is_linear=0
shrinkage=0.05


Tree=14
num_leaves=7
num_cat=0
split_feature=50 50 12 43 9 6
split_gain=0.000183337 0.000338255 0.000187776 0.000175037 0.000116372 0.000128757
threshold=1.0000000180025095e-35 -1.0000000180025095e-35 -0.084014739841222749 -0.24180416762828824 0.018516000360250476 0.0031846645288169388
decision_type=2 2 2 2 2 2
left_child=1 2 -1 -3 -2 -6
right_child=4 3 -4 -5 5 -7
leaf_value=7.7473484067063213e-06 -2.4632869526138307e-06 -8.0338361601504093e-06 -1.863950578611448e-06 3.8263429759550159e-06 9.7800322277291129e-06 -3.182322583334104e-06
leaf_weight=5399 73178 3195 75535 77648 4234 3431
leaf_count=5399 73178 3195 75535 77648 4234 3431
internal_value=9.47641e-08 1.06631e-06 -1.21841e-06 3.35294e-06 -1.84888e-06 3.99481e-06
internal_weight=242620 161777 80934 80843 80843 7665
internal_count=242620 161777 80934 80843 80843 7665
is_linear=0
shrinkage=0.05


Tree=15
num_leaves=7
num_cat=0
split_feature=36 50 50 48 23 44
split_gain=0.000280935 0.000195526 0.00028678 0.000129713 0.000102981 0.000133581
threshold=0.060101833194494254 -1.0000000180025095e-35 1.0000000180025095e-35 0.87837970256805431 1.5988717675209048 0.84122446179389965
decision_type=2 2 2 2 2 2
left_child=1 -1 -3 4 5 -2
right_child=3 2 -4 -5 -6 -7
leaf_value=-2.6847058874088939e-06 2.507430163019833e-06 2.8515001188483089e-06 -1.6939710900456089e-06 1.1653911728763768e-05 -5.5598341680915541e-06 1.2212125050697215e-05
leaf_weight=69102 22023 69073 69633 5138 3055 4187
leaf_count=69102 22023 69073 69633 5138 3055 4187
internal_value=1.80371e-07 -5.128e-07 5.69801e-07 4.36207e-06 3.06416e-06 4.07804e-06
internal_weight=242211 207808 138706 34403 29265 26210
internal_count=242211 207808 138706 34403 29265 26210
is_linear=0
shrinkage=0.05


Tree=16
num_leaves=7
num_cat=0
split_feature=15 18 11 28 35 14
split_gain=0.000258936 0.000269269 0.000172135 9.73412e-05 0.000108281 0.000148233
threshold=0.013179173693060877 0.016694602556526664 -0.046250302344560616 -2.9925738573074336 1.0597385168075564 0.0051578918937593707
decision_type=2 2 2 2 2 2
left_child=1 3 -3 -1 -5 -6
right_child=-2 2 -4 4 5 -7
leaf_value=4.3569885481909326e-06 -1.1270215765900168e-05 1.8826823277362619e-05 2.1391192888003704e-06 -2.7950943526905304e-07 -6.5983343047820585e-08 1.1598996861655458e-05
leaf_weight=13440 4707 3163 3005 206682 6578 4597
leaf_count=13440 4707 3163 3005 206682 6578 4597
internal_value=2.80192e-07 5.11467e-07 1.07793e-05 2.35384e-07 -1.98265e-08 4.76287e-06
internal_weight=242172 237465 6168 231297 217857 11175
internal_count=242172 237465 6168 231297 217857 11175
is_linear=0
shrinkage=0.05


Tree=17
num_leaves=7
num_cat=0
split_feature=51 50 50 51 50 24
split_gain=0.000433214 0.00845253 0.00640287 0.00220598 0.00180138 0.00104457
threshold=-1.0000000180025095e-35 -1.0000000180025095e-35 -1.0000000180025095e-35 1.0000000180025095e-35 1.0000000180025095e-35 0.20309899747371676
decision_type=2 2 2 2 2 2
left_child=1 -1 3 -2 5 -3
right_child=2 4 -4 -5 -6 -7
leaf_value=1.9688347533300916e-05 -2.5139755011549608e-06 -2.5417013047401146e-05 8.4438577908186753e-06 -2.272689045444019e-05 -2.3675836452882103e-05 -5.5638847040011537e-07
leaf_weight=27094 26960 5193 107891 27012 26875 21779
leaf_count=27094 26960 5193 107891 27012 26875 21779
internal_value=-8.21783e-08 -3.06773e-06 1.41126e-06 -1.26418e-05 -1.45255e-05 -5.38105e-06
internal_weight=242804 80941 161863 53972 53847 26972
internal_count=242804 80941 161863 53972 53847 26972
is_linear=0
shrinkage=0.05


Tree=18
num_leaves=7
num_cat=0
split_feature=51 15 11 27 17 20
split_gain=0.00055481 0.0016608 0.00107471 0.000948587 0.00119463 0.00117332
threshold=-1.0000000180025095e-35 0.010175161529332401 -0.079188983887433992 2.4508506059646611 1.6643129587173464 -0.63151049613952626
decision_type=2 2 2 2 2 2
left_child=1 3 -2 4 5 -1
right_child=2 -3 -4 -5 -6 -7
leaf_value=-1.9984781640745134e-05 2.9717148035712849e-05 -3.1062974326339405e-05 1.0225264828223141e-06 -2.8544748129992282e-05 2.4546248657789134e-05 3.1930076862900353e-07
leaf_weight=8018 3282 5055 158098 3081 4440 60238
leaf_count=8018 3282 5055 158098 3081 4440 60238
internal_value=-7.84134e-08 -3.45843e-06 1.61512e-06 -1.59769e-06 -4.36788e-07 -2.07869e-06
internal_weight=242212 80832 161380 75777 72696 68256
internal_count=242212 80832 161380 75777 72696 68256
is_linear=0
shrinkage=0.05


Tree=19
num_leaves=7
num_cat=0
split_feature=51 24 27 36 40 24
split_gain=0.000307959 0.00215104 0.0015812 0.00134185 0.00111088 0.000921291
threshold=-1.0000000180025095e-35 0.21066252887248996 -1.7032657265663145 0.035640966147184379 1.4125480055809023 0.21066252887248996
decision_type=2 2 2 2 2 2
left_child=1 3 -3 -1 -4 -2
right_child=5 2 4 -5 -6 -7
leaf_value=-7.8649904563128349e-06 8.6666645243240393e-06 3.102205928694861e-05 2.4124208705123508e-06 -3.7715054443837636e-05 -1.587546501980393e-05 -7.3841782138191334e-07
leaf_weight=10249 32552 4180 50322 5934 9893 129300
leaf_count=10249 32552 4180 50322 5934 9893 129300
internal_value=-1.02112e-07 -2.62683e-06 1.47245e-06 -1.88929e-05 -6.02859e-07 1.15524e-06
internal_weight=242430 80578 64395 16183 60215 161852
internal_count=242430 80578 64395 16183 60215 161852
is_linear=0
shrinkage=0.05


Tree=20
num_leaves=7
num_cat=0
split_feature=50 50 14 0 14 1
split_gain=0.00022558 0.000566474 0.000407236 0.000133848 0.0001233 9.75023e-05
threshold=-1.0000000180025095e-35 1.0000000180025095e-35 0.011302152182906868 -0.0030620432225987311 0.0069081012625247249 -0.0099978446960449201
decision_type=2 2 2 2 2 2
left_child=-1 2 3 4 -2 -3
right_child=1 5 -4 -5 -6 -7
leaf_value=-1.9202308873860405e-06 4.8467069493212993e-06 -1.0184161375428146e-05 1.964922597399846e-05 2.4404337557174993e-06 1.5080363450089941e-05 -1.2891545985943701e-06
leaf_weight=80549 10478 3160 4043 62145 4091 77555
leaf_count=80549 10478 3160 4043 62145 4091 77555
internal_value=2.40327e-07 1.31837e-06 4.27786e-06 3.45548e-06 7.76208e-06 -1.64348e-06
internal_weight=242021 161472 80757 76714 14569 80715
internal_count=242021 161472 80757 76714 14569 80715
is_linear=0
shrinkage=0.05


Tree=21
num_leaves=7
num_cat=0
split_feature=11 19 7 16 50 50
split_gain=0.000159542 0.000191654 0.000229703 0.000144653 0.000127787 0.000225682
threshold=-0.047784836962819092 -0.61895963549613942 -0.00010523642049520275 0.0075661104638129481 1.0000000180025095e-35 -1.0000000180025095e-35
decision_type=2 2 2 2 2 2
left_child=1 -1 3 -3 5 -2
right_child=4 2 -4 -5 -6 -7
leaf_value=1.5608538816528518e-05 -1.4567679044398621e-06 2.5934684270887671e-06 1.0022750287172429e-05 -1.1639314668957079e-05 -2.0422347230461154e-06 2.4046677432582447e-06
leaf_weight=3231 75599 3948 5119 3187 75574 75660
leaf_count=3231 75599 3948 5119 3187 75574 75660
internal_value=-2.83707e-08 4.8736e-06 1.99121e-06 -3.80066e-06 -3.6401e-07 4.74885e-07
internal_weight=242318 15485 12254 7135 226833 151259
internal_count=242318 15485 12254 7135 226833 151259
is_linear=0
shrinkage=0.05


Tree=22
num_leaves=7
num_cat=0
split_feature=11 15 22 15 15 8
split_gain=0.000216254 0.00010453 0.000131883 0.000180429 0.000312338 9.85921e-05
threshold=0.0726648084819317 0.0048151127994060525 0.5687013864517213 0.014013344421982767 0.012054154183715584 -0.0073572075925767413
decision_type=2 2 2 2 2 2
left_child=1 -1 3 4 -3 -4
right_child=-2 2 5 -5 -6 -7
leaf_value=-1.2066631144683686e-06 9.6314137861944818e-06 1.6732007252997151e-07 1.2775572417763477e-05 -1.1619139464320116e-05 1.6343607143953486e-05 3.0313139618878242e-06
leaf_weight=116471 5751 99870 3420 3036 3026 10506
leaf_count=116471 5751 99870 3420 3036 3026 10506
internal_value=9.38955e-08 -1.40186e-07 8.96226e-07 2.93775e-07 6.50745e-07 5.46149e-06
internal_weight=242080 236329 119858 105932 102896 13926
internal_count=242080 236329 119858 105932 102896 13926
is_linear=0
shrinkage=0.05


Tree=23
num_leaves=7
num_cat=0
split_feature=51 50 50 51 22 22
split_gain=0.000428613 0.00727377 0.00533273 0.00182605 0.00143228 0.00111032
threshold=-1.0000000180025095e-35 -1.0000000180025095e-35 -1.0000000180025095e-35 1.0000000180025095e-35 0.3291324526071549 0.20853264629840854
decision_type=2 2 2 2 2 2
left_child=1 -1 3 -2 -3 -5
right_child=2 4 -4 5 -6 -7
leaf_value=1.796101312065108e-05 -2.3885632407031953e-06 -2.019868963125766e-05 7.6633749898872297e-06 -8.7448689458866819e-06 -3.3757725409232497e-06 -2.9392546315727936e-05
leaf_weight=26969 26921 33404 107832 11217 20385 15662
leaf_count=26969 26921 33404 107832 11217 20385 15662
internal_value=-2.36958e-07 -3.21035e-06 1.24921e-06 -1.1602e-05 -1.38322e-05 -2.08082e-05
internal_weight=242390 80758 161632 53800 53789 26879
internal_count=242390 80758 161632 53800 53789 26879
is_linear=0
shrinkage=0.05


Tree=24
num_leaves=7
num_cat=0
split_feature=51 22 1 22 7 15
split_gain=0.000284595 0.00257729 0.00206265 0.00152436 0.00138681 0.00133006
threshold=-1.0000000180025095e-35 0.3291324526071549 -0.0068596960045397273 0.10806125774979593 -0.0025713139912113543 0.0085501042194664496
decision_type=2 2 2 2 2 2
left_child=1 2 -1 5 -3 -2
right_child=3 4 -4 -5 -6 -7
leaf_value=-4.5674784236217968e-05 7.3308743095999325e-06 2.869544288109937e-05 -5.9860048009936361e-06 -7.8013337309201784e-07 3.7030712484107729e-06 3.6969401886617495e-05
leaf_weight=3474 32608 7207 46519 124877 23689 4240
leaf_count=3474 32608 7207 46519 124877 23689 4240
internal_value=6.46905e-07 -1.77381e-06 -8.78685e-06 1.85783e-06 9.5699e-06 1.07868e-05
internal_weight=242614 80889 49993 161725 30896 36848
internal_count=242614 80889 49993 161725 30896 36848
is_linear=0
shrinkage=0.05


Tree=25
num_leaves=7
num_cat=0
split_feature=18 2 0 18 50 50
split_gain=0.000376204 0.000110899 0.000127144 0.000122024 7.03906e-05 0.000187821
threshold=0.021583876572549347 -0.0037669815355911847 0.013927861116826536 0.0138068781234324 -1.0000000180025095e-35 1.0000000180025095e-35
decision_type=2 2 2 2 2 2
left_child=1 3 4 -1 -3 -6
right_child=-2 2 -4 -5 5 -7
leaf_value=1.0017252221370504e-06 1.39373946253632e-05 -1.9119486783705071e-06 -1.0816062248504575e-05 8.8648772004621047e-06 1.9832516782553516e-06 -1.7973391578036231e-06
leaf_weight=31448 4706 65547 3028 5806 65680 65629
leaf_count=31448 4706 65547 3028 5806 65680 65629
internal_value=1.38617e-08 -2.6533e-07 -7.32233e-07 2.23743e-06 -5.74418e-07 9.37255e-08
internal_weight=241844 237138 199884 37254 196856 131309
internal_count=241844 237138 199884 37254 196856 131309
is_linear=0
shrinkage=0.05


Tree=26
num_leaves=7
num_cat=0
split_feature=11 50 50 11 43 13
split_gain=0.00024983 0.000122081 0.000281418 0.000111533 9.84189e-05 0.000119771
threshold=-0.079188983887433992 -1.0000000180025095e-35 1.0000000180025095e-35 -0.040265351533889764 -0.026874450966715809 0.010300476569682361
decision_type=2 2 2 2 2 2
left_child=-1 -2 4 -4 -3 -6
right_child=1 2 3 -5 5 -7
leaf_value=1.0327229983464637e-05 -2.6364414264945084e-06 -3.5229780054381846e-07 -9.1955493258574654e-06 -1.8257984280282187e-06 2.6154749485404375e-06 1.2754227031059873e-05
leaf_weight=4890 79147 30557 5474 73645 45674 3067
leaf_count=4890 79147 30557 5474 73645 45674 3067
internal_value=-8.02329e-07 -1.03354e-06 -2.32139e-07 -2.34117e-06 1.87229e-06 3.26587e-06
internal_weight=242454 237564 158417 79119 79298 48741
internal_count=242454 237564 158417 79119 79298 48741
is_linear=0
shrinkage=0.05


Tree=27
num_leaves=7
num_cat=0
split_feature=16 14 30 26 18 1
split_gain=0.000103117 0.000236955 7.47098e-05 7.65165e-05 0.00010924 6.95542e-05
threshold=0.013555606361478569 0.014811301603913309 1.1040834784507754 1.3120303750038149 0.0083164451643824595 0.0089608766138553637
decision_type=2 2 2 2 2 2
left_child=1 2 5 4 -4 -1
right_child=-2 -3 3 -5 -6 -7
leaf_value=-1.1328495951551061e-07 -7.8135660309972532e-06 1.4163363094765849e-05 1.1207641286270539e-06 -1.8422056044539111e-06 1.1311086528034411e-05 4.5670444849229191e-06
leaf_weight=212472 3763 3070 5490 4352 5020 8196
leaf_count=212472 3763 3070 5490 4352 5020 8196
internal_value=3.44155e-07 4.74422e-07 2.93026e-07 3.71827e-06 6.01858e-06 6.1546e-08
internal_weight=242363 238600 235530 14862 10510 220668
internal_count=242363 238600 235530 14862 10510 220668
is_linear=0
shrinkage=0.05


Tree=28
num_leaves=7
num_cat=0
split_feature=3 26 14 23 22 14
split_gain=0.000267975 0.00019926 0.000247056 0.000232304 0.000151695 0.000136803
threshold=0.015508241951465608 -1.3449403643608091 0.0092669907025992888 0.8748508393764497 0.13234539330005649 0.0058596287854015836
decision_type=2 2 2 2 2 2
left_child=1 4 -3 -4 -1 -6
right_child=-2 2 3 -5 5 -7
leaf_value=2.4115997739429466e-06 -1.3216941164623527e-05 5.3542897418243148e-09 9.5715710311813066e-07 1.2058906601422175e-05 -3.4777632614657246e-06 -1.7970000660635655e-05
leaf_weight=3010 3728 209746 10490 8519 3136 3405
leaf_count=3010 3728 209746 10490 8519 3136 3405
internal_value=-4.85823e-09 2.04557e-07 5.00621e-07 5.95106e-06 -6.8521e-06 -1.1101e-05
internal_weight=242034 238306 228755 19009 9551 6541
internal_count=242034 238306 228755 19009 9551 6541
is_linear=0
shrinkage=0.05


Tree=29
num_leaves=7
num_cat=0
split_feature=51 22 22 51 9 1
split_gain=0.000239492 0.00167456 0.00114785 0.00157587 0.0013003 0.00107073
threshold=-1.0000000180025095e-35 0.3291324526071549 0.31114885210990911 1.0000000180025095e-35 -0.017573424614965912 -0.00048061192501336331
decision_type=2 2 2 2 2 2
left_child=1 5 -2 -4 -5 -1
right_child=2 -3 3 4 -6 -7
leaf_value=-1.6763739447484321e-05 4.4480162395767318e-06 6.8363195222507594e-06 3.5893539698810541e-06 -4.14143525491692e-05 -8.504728800087144e-06 -1.884140935258368e-06
leaf_weight=20577 95421 30431 33028 3297 29646 29249
leaf_count=20577 95421 30431 33028 3297 29646 29249
internal_value=-1.67135e-07 -2.39844e-06 9.42846e-07 -4.12659e-06 -1.18562e-05 -8.03972e-06
internal_weight=241649 80257 161392 65971 32943 49826
internal_count=241649 80257 161392 65971 32943 49826
is_linear=0
shrinkage=0.05


Tree=30
num_leaves=7
num_cat=0
split_feature=51 50 50 50 51 22
split_gain=0.000189971 0.00644245 0.00465176 0.00192728 0.00132685 0.00105084
threshold=-1.0000000180025095e-35 -1.0000000180025095e-35 -1.0000000180025095e-35 1.0000000180025095e-35 1.0000000180025095e-35 0.10806125774979593
decision_type=2 2 2 2 2 2
left_child=1 -1 4 -3 -2 -6
right_child=2 3 -4 -5 5 -7
leaf_value=1.8775268737433706e-05 -2.417372592564675e-06 -1.7228109005993774e-06 7.7325925298273731e-06 -2.06537454606424e-05 6.1133682590118201e-08 -2.350669367875854e-05
leaf_weight=26785 26876 26820 107622 26928 6126 20698
leaf_count=26785 26876 26820 107622 26928 6126 20698
internal_value=7.4616e-07 -1.23667e-06 1.73608e-06 -1.12177e-05 -1.02778e-05 -1.81342e-05
internal_weight=241855 80533 161322 53748 53700 26824
internal_count=241855 80533 161322 53748 53700 26824
is_linear=0
shrinkage=0.05


Tree=31
num_leaves=7
num_cat=0
split_feature=51 22 1 5 36 22
split_gain=0.00024414 0.00191194 0.00187189 0.00135987 0.00150345 0.000811796
threshold=-1.0000000180025095e-35 0.169139139354229 -0.0046726199798285952 -0.0068615428172051898 0.080934412777423873 0.169139139354229
decision_type=2 2 2 2 2 2
left_child=1 2 -1 -3 -5 -2
right_child=5 3 -4 4 -6 -7
leaf_value=-4.9065092963878666e-05 6.3127697279638362e-06 3.0953650528546619e-05 -7.9297792017881245e-06 3.5548327976011436e-06 -3.237188396852655e-05 -1.1473810757014636e-06
leaf_weight=3068 55559 4142 24788 45926 3059 105899
leaf_count=3068 55559 4142 24788 45926 3059 105899
internal_value=2.97284e-07 -1.94235e-06 -1.25401e-05 3.62094e-06 1.28057e-06 1.42088e-06
internal_weight=242441 80983 27856 53127 48985 161458
internal_count=242441 80983 27856 53127 48985 161458
is_linear=0
shrinkage=0.05


Tree=32
num_leaves=7
num_cat=0
split_feature=16 15 7 14 15 1
split_gain=0.000234423 0.000186048 0.000181292 8.93609e-05 0.00011959 0.000148779
threshold=0.013555606361478569 0.011447794269770386 0.00049198063788935553 0.0068654329515993604 0.0087900385260581988 -0.0027930714422836895
decision_type=2 2 2 2 2 2
left_child=1 3 -3 -1 5 -5
right_child=-2 2 -4 4 -6 -7
leaf_value=-7.5594624623876724e-07 -1.2684533337624699e-05 1.6759881824096725e-05 -2.9719644524215169e-07 8.3753220190996979e-06 -2.4113819692217084e-06 1.0559434760371397e-06
leaf_weight=186883 3676 3158 3025 10024 12553 22394
leaf_count=186883 3676 3158 3025 10024 12553 22394
internal_value=-2.4007e-07 -4.52672e-08 8.47936e-06 -2.74378e-07 1.72546e-06 3.32859e-06
internal_weight=241713 238037 6183 231854 44971 32418
internal_count=241713 238037 6183 231854 44971 32418
is_linear=0
shrinkage=0.05


Tree=33
num_leaves=7
num_cat=0
split_feature=51 11 16 15 34 39
split_gain=0.000223394 0.00135504 0.00121542 0.00154563 0.00109003 0.00112587
threshold=-1.0000000180025095e-35 -0.056677637621760361 0.010102406144142153 0.0085501042194664496 44.984844207763679 0.72049254179000866
decision_type=2 2 2 2 2 2
left_child=1 -1 3 4 -3 -6
right_child=-2 2 -4 -5 5 -7
leaf_value=-3.2390923929748986e-05 8.3595704269593153e-07 9.4494980929713623e-06 2.9120748575923659e-05 -2.8553493139106633e-05 -1.2602714889195516e-06 -2.3002729725345407e-05
leaf_weight=3545 161223 20192 3163 5159 41957 6890
leaf_count=3545 161223 20192 3163 5159 41957 6890
internal_value=-2.39908e-07 -2.383e-06 -9.87878e-07 -2.29013e-06 -3.08333e-07 -4.34749e-06
internal_weight=242129 80906 77361 74198 69039 48847
internal_count=242129 80906 77361 74198 69039 48847
is_linear=0
shrinkage=0.05


Tree=34
num_leaves=7
num_cat=0
split_feature=10 51 11 12 41 28
split_gain=0.000368646 0.000273163 0.00144626 0.00154913 0.00109271 0.000745093
threshold=-0.062092417851090424 -1.0000000180025095e-35 -0.046250302344560616 -0.057285200804471963 0.4896980226039887 3.9654961824417119
decision_type=2 2 2 2 2 2
left_child=-1 2 -2 4 -4 -5
right_child=1 -3 3 5 -6 -7
leaf_value=1.5154618060884357e-05 -3.0887321413056486e-05 8.6241375753743862e-07 4.3943008848999545e-05 -2.1544917640522019e-06 2.6963562825560265e-06 -2.6856756166094677e-05
leaf_weight=3854 4262 158942 3016 65810 3386 3152
leaf_count=3854 4262 158942 3016 65810 3386 3152
internal_value=-8.57906e-08 -3.35119e-07 -2.72456e-06 -1.11248e-06 2.23177e-05 -3.30218e-06
internal_weight=242422 238568 79626 75364 6402 68962
internal_count=242422 238568 79626 75364 6402 68962
is_linear=0
shrinkage=0.05


Tree=35
num_leaves=7
num_cat=0
split_feature=0 0 11 43 3 3
split_gain=0.00031268 0.000174736 0.000119316 0.000108589 7.72201e-05 8.18284e-05
threshold=-0.015767492353916165 0.013927861116826536 0.083201717585325255 -0.36089737713336939 0.014032501727342607 0.0016879756003618243
decision_type=2 2 2 2 2 2
left_child=-1 2 3 -2 5 -5
right_child=1 -3 -4 4 -6 -7
leaf_value=1.4449877905163533e-05 -9.1131045257189017e-06 9.4249316780642789e-06 8.979019891456512e-06 -7.1540679826075862e-07 -7.1661947880810689e-06 1.3863756024491002e-06
leaf_weight=3744 3433 4750 3428 156573 3878 65700
leaf_count=3744 3433 4750 3428 156573 3878 65700
internal_value=2.09089e-07 -1.81489e-08 -2.12629e-07 -3.51798e-07 -2.16815e-07 -9.39847e-08
internal_weight=241506 237762 233012 229584 226151 222273
internal_count=241506 237762 233012 229584 226151 222273
is_linear=0
shrinkage=0.05


Tree=36
num_leaves=7
num_cat=0
split_feature=15 19 44 50 50 23
split_gain=0.000163374 0.000257503 0.000132198 0.000117377 0.000139978 0.000183756
threshold=0.0077593829482793817 0.37540957331657415 0.97793704271316539 -1.0000000180025095e-35 1.0000000180025095e-35 1.9908364415168764
decision_type=2 2 2 2 2 2
left_child=3 2 -2 -1 5 -5
right_child=1 -3 -4 4 -6 -7
leaf_value=-2.2290772187930034e-06 3.9636808360023711e-06 -4.5493277861427229e-06 1.4132856205407741e-05 2.56241895086302e-06 -1.2864395599776464e-06 -8.840443467126392e-06
leaf_weight=67857 26352 8686 3603 63694 67687 3692
leaf_count=67857 26352 8686 3603 63694 67687 3692
internal_value=3.42764e-08 3.0119e-06 5.20835e-06 -5.33312e-07 3.19104e-07 1.93158e-06
internal_weight=241571 38641 29955 202930 135073 67386
internal_count=241571 38641 29955 202930 135073 67386
is_linear=0
shrinkage=0.05


Tree=37
num_leaves=7
num_cat=0
split_feature=36 51 24 4 24 30
split_gain=0.000195391 0.00100002 0.00155647 0.0010021 0.000758857 0.000930582
threshold=0.059492370113730438 -1.0000000180025095e-35 0.43069182336330419 0.001346502860542387 0.15509457141160968 -0.90240430831909169
decision_type=2 2 2 2 2 2
left_child=-1 2 -2 -4 -3 -6
right_child=1 4 3 -5 5 -7
leaf_value=-4.8019483977091898e-07 -3.0175139665175677e-05 3.2260609304382311e-05 2.2618088857289161e-05 -1.516885652299673e-05 -1.132717037199724e-05 1.2534503296725076e-05
leaf_weight=206882 4776 3125 4082 3004 5602 14737
leaf_count=206882 4776 3125 4082 3004 5602 14737
internal_value=1.06883e-07 3.54085e-06 -8.26838e-06 6.60486e-06 9.51578e-06 5.95059e-06
internal_weight=242208 35326 11862 7086 23464 20339
internal_count=242208 35326 11862 7086 23464 20339
is_linear=0
shrinkage=0.05


Tree=38
num_leaves=7
num_cat=0
split_feature=50 44 37 41 50 18
split_gain=0.000120244 9.73682e-05 0.000115675 0.000101553 9.48968e-05 0.000231374
threshold=1.0000000180025095e-35 0.60710546374320995 3.4183624982833867 0.51562419533729564 -1.0000000180025095e-35 0.015946126542985443
decision_type=2 2 2 2 2 2
left_child=4 -2 3 -3 -1 -6
right_child=1 2 -4 -5 5 -7
leaf_value=-8.6818297573329143e-07 -1.1434845726755823e-06 4.3999931557733242e-06 -9.1974354956041563e-06 -7.5701143759797104e-06 2.1745326224955465e-06 -9.9499904011916605e-06
leaf_weight=80620 64506 4112 9091 3036 76828 4098
leaf_count=80620 64506 4112 9091 3036 76828 4098
internal_value=-4.41842e-07 -2.01672e-06 -5.47132e-06 -7.01389e-07 3.45707e-07 1.5548e-06
internal_weight=242291 80745 16239 7148 161546 80926
internal_count=242291 80745 16239 7148 161546 80926
is_linear=0
shrinkage=0.05


Tree=39
num_leaves=7
num_cat=0
split_feature=51 50 50 51 50 15
split_gain=0.000288343 0.00587041 0.00419649 0.0013935 0.00137825 0.00052465
threshold=-1.0000000180025095e-35 -1.0000000180025095e-35 -1.0000000180025095e-35 1.0000000180025095e-35 1.0000000180025095e-35 0.0085501042194664496
decision_type=2 2 2 2 2 2
left_child=1 5 3 -2 -3 -1
right_child=2 4 -4 -5 -6 -7
leaf_value=1.8932782189176986e-05 -2.4082739191147021e-06 -4.1688514920848903e-06 6.6457407233891839e-06 -1.8454233149971497e-05 -2.011158073254499e-05 -2.5970299725643668e-06
leaf_weight=23678 27126 27008 107553 26981 27235 3200
leaf_count=23678 27126 27008 107553 26981 27235 3200
internal_value=-2.8798e-07 -2.71955e-06 9.32645e-07 -1.04194e-05 -1.21847e-05 1.63695e-05
internal_weight=242781 81121 161660 54107 54243 26878
internal_count=242781 81121 161660 54107 54243 26878
is_linear=0
shrinkage=0.05


Tree=40
num_leaves=7
num_cat=0
split_feature=51 50 50 50 51 18
split_gain=0.000285182 0.00546498 0.00330788 0.00134566 0.000830235 0.000731532
threshold=-1.0000000180025095e-35 -1.0000000180025095e-35 -1.0000000180025095e-35 1.0000000180025095e-35 1.0000000180025095e-35 0.012427096720784904
decision_type=2 2 2 2 2 2
left_child=1 -1 4 -3 -2 -6
right_child=2 3 -4 -5 5 -7
leaf_value=1.6371014771313898e-05 -2.2738507393112745e-06 -3.3155921621439306e-06 6.6591961000374511e-06 -1.9118830263990509e-05 -1.7866702223068988e-05 6.5332627040608153e-06
leaf_weight=26889 26865 27015 108067 26868 23480 3507
leaf_count=26889 26865 27015 108067 26868 23480 3507
internal_value=4.04746e-07 -2.02121e-06 1.61517e-06 -1.12061e-05 -8.50368e-06 -1.46897e-05
internal_weight=242691 80772 161919 53883 53852 26987
internal_count=242691 80772 161919 53883 53852 26987
is_linear=0
shrinkage=0.05


Tree=41
num_leaves=7
num_cat=0
split_feature=0 51 50 50 22 1
split_gain=0.00016569 0.00014935 0.00821441 0.00482501 0.00132035 0.00108824
threshold=0.015290680807083847 1.0000000180025095e-35 1.0000000180025095e-35 1.0000000180025095e-35 0.3291324526071549 -0.00048061192501336331
decision_type=2 2 2 2 2 2
left_child=1 3 4 -1 5 -3
right_child=-2 2 -4 -5 -6 -7
leaf_value=7.1016781247084439e-06 1.0455854487269449e-05 4.0594455102950281e-06 2.0996357177646255e-05 -1.1356128440190103e-05 -2.3021507632182677e-05 -1.4499432894347111e-05
leaf_weight=106210 3852 13480 26499 53049 20446 18967
leaf_count=106210 3852 13480 26499 53049 20446 18967
internal_value=2.35808e-07 6.86939e-08 -1.70222e-06 9.51768e-07 -1.30831e-05 -6.79482e-06
internal_weight=242503 238651 79392 159259 52893 32447
internal_count=242503 238651 79392 159259 52893 32447
is_linear=0
shrinkage=0.05


Tree=42
num_leaves=7
num_cat=0
split_feature=15 14 18 28 18 48
split_gain=0.000201753 0.000192454 0.000119297 0.000113997 8.32356e-05 0.000129708
threshold=0.013179173693060877 0.012322537600994112 0.016694602556526664 4.9478888511657724 0.012018002569675447 1.0000000180025095e-35
decision_type=2 2 2 2 2 2
left_child=1 3 -3 4 -1 -6
right_child=-2 2 -4 -5 5 -7
leaf_value=-2.751325948299865e-08 -1.0462071299903875e-05 1.4494290169074398e-06 1.520572844051044e-05 8.8526042919782453e-06 -7.0157684308415381e-06 2.8065712691601396e-07
leaf_weight=203491 4638 3045 3243 3359 11338 13087
leaf_count=203491 4638 3045 3243 3359 11338 13087
internal_value=-1.90372e-07 1.23239e-08 8.60815e-06 -2.23193e-07 -3.58863e-07 -3.11373e-06
internal_weight=242201 237563 6288 231275 227916 24425
internal_count=242201 237563 6288 231275 227916 24425
is_linear=0
shrinkage=0.05


Tree=43
num_leaves=7
num_cat=0
split_feature=36 16 51 50 50 50
split_gain=0.00020432 0.000197974 0.000164127 0.00394225 0.00333478 0.00114272
threshold=0.10258130356669427 0.0099312206730246561 -1.0000000180025095e-35 1.0000000180025095e-35 -1.0000000180025095e-35 -1.0000000180025095e-35
decision_type=2 2 2 2 2 2
left_child=2 -2 3 5 -4 -1
right_child=1 -3 4 -5 -6 -7
leaf_value=1.3324399328318107e-05 1.9381325634639888e-06 1.7809291328652501e-05 -9.5655757182589013e-06 -1.7912014934477389e-05 5.9635743424336015e-06 -1.5053634913287943e-06
leaf_weight=25973 5420 3045 51881 25999 103367 25919
leaf_count=25973 5420 3045 51881 25999 103367 25919
internal_value=1.10755e-07 7.7183e-06 -1.67062e-07 -2.03926e-06 7.72612e-07 5.92292e-06
internal_weight=241604 8465 233139 77891 155248 51892
internal_count=241604 8465 233139 77891 155248 51892
is_linear=0
shrinkage=0.05


Tree=44
num_leaves=7
num_cat=0
split_feature=5 15 13 21 39 11
split_gain=9.34868e-05 0.000244248 0.000311745 0.000166714 8.48244e-05 0.000150056
threshold=0.01036941120401025 0.013179173693060877 0.013925033155828716 0.33649331331253057 0.72049254179000866 -0.047784836962819092
decision_type=2 2 2 2 2 2
left_child=1 2 4 -2 -1 -6
right_child=3 -3 -4 -5 5 -7
leaf_value=-2.8371938772384895e-07 1.7935379396225547e-07 -1.2435569391903139e-05 1.4711630680223732e-05 1.4606823604077335e-05 1.1968376274396516e-05 1.2782786900365957e-06
leaf_weight=189835 5460 3730 3682 3113 3596 33137
leaf_count=189835 5460 3730 3682 3113 3596 33137
internal_value=3.59731e-07 1.7127e-07 3.78153e-07 5.47253e-06 1.42023e-07 2.33964e-06
internal_weight=242553 233980 230250 8573 226568 36733
internal_count=242553 233980 230250 8573 226568 36733
is_linear=0
shrinkage=0.05


Tree=45
num_leaves=7
num_cat=0
split_feature=13 1 29 22 1 30
split_gain=0.000145955 0.000135627 0.000110227 0.00028799 9.34886e-05 0.000127616
threshold=0.0073841665871441373 -0.0099978446960449201 -3.9192241430282588 0.291602373123169 -0.0029848885023966427 0.62522074580192577
decision_type=2 2 2 2 2 2
left_child=-1 -2 3 -3 -4 -6
right_child=1 2 4 -5 5 -7
leaf_value=-2.7660987055199638e-07 -3.9010831283587113e-06 1.6032641268608478e-05 7.8916090786226337e-06 -1.9538838406766034e-06 -1.7239025146025726e-06 6.3364506991862043e-06
leaf_weight=198736 6215 5475 6202 3710 14708 7311
leaf_count=198736 6215 5475 6202 3710 14708 7311
internal_value=2.98452e-07 2.91573e-06 4.05204e-06 8.79629e-06 2.49512e-06 9.60681e-07
internal_weight=242357 43621 37406 9185 28221 22019
internal_count=242357 43621 37406 9185 28221 22019
is_linear=0
shrinkage=0.05


Tree=46
num_leaves=7
num_cat=0
split_feature=26 10 6 14 14 39
split_gain=0.000137266 0.000123001 0.000133279 0.000171224 0.000107768 9.04021e-05
threshold=0.80348226428031932 -0.062092417851090424 -0.0090451752766966802 0.0065718230325728664 0.0093845045194029825 1.7473542690277102
decision_type=2 2 2 2 2 2
left_child=1 -1 3 -3 5 -2
right_child=4 2 -4 -5 -6 -7
leaf_value=8.462363690071636e-06 2.8967911843789618e-06 2.0896055271018131e-06 -2.6814341090105872e-07 -1.1516369682752565e-05 -5.3649493735181058e-06 1.0378584392277125e-05
leaf_weight=3809 20230 3749 200073 5928 3137 5018
leaf_count=3809 20230 3749 200073 5928 3137 5018
internal_value=5.0975e-08 -3.83466e-07 -5.46083e-07 -6.26159e-06 3.31449e-06 4.40136e-06
internal_weight=241944 213559 209750 9677 28385 25248
internal_count=241944 213559 209750 9677 28385 25248
is_linear=0
shrinkage=0.05


Tree=47
num_leaves=7
num_cat=0
split_feature=12 19 13 23 33 23
split_gain=0.000595622 0.000148595 0.000115447 0.00015821 0.000146814 5.00615e-05
threshold=-0.14995361119508741 -1.3482905626296995 0.010685560293495657 1.1412892341613772 52.200948715209968 1.7123925089836123
decision_type=2 2 2 2 2 2
left_child=-1 -2 5 4 -4 -3
right_child=1 2 3 -5 -6 -7
leaf_value=1.9864301582693922e-05 7.9514153099417788e-06 -6.9937774572703684e-07 2.1221441654818169e-06 -3.8244206068486209e-06 1.5119871492098192e-05 2.3182584038002393e-06
leaf_weight=3772 5639 204583 4712 3986 4012 14685
leaf_count=3772 5639 204583 4712 3986 4012 14685
internal_value=2.82837e-07 -3.21181e-08 -2.27856e-07 4.39555e-06 8.15165e-06 -4.96796e-07
internal_weight=241389 237617 231978 12710 8724 219268
internal_count=241389 237617 231978 12710 8724 219268
is_linear=0
shrinkage=0.05


Tree=48
num_leaves=7
num_cat=0
split_feature=8 30 43 8 7 11
split_gain=0.000170413 0.000196668 0.000161406 0.000163098 0.00014055 0.000135191
threshold=-0.010532319080084561 -0.53487193584442128 -0.15057727694511411 -0.016701385378837582 -0.01563134370371699 -0.050691455602645867
decision_type=2 2 2 2 2 2
left_child=1 -1 -3 -4 -2 -6
right_child=4 2 3 -5 5 -7
leaf_value=-6.3841062013276996e-07 -1.0994638999973205e-05 -2.523129986587855e-06 1.7689738357712109e-05 5.5144769417007347e-06 6.6098163306854389e-06 -4.8751604234653193e-07
leaf_weight=13336 3041 3003 4610 6886 6887 204695
leaf_count=13336 3041 3003 4610 6886 6887 204695
internal_value=6.79776e-08 3.74516e-06 7.76545e-06 1.04523e-05 -4.09686e-07 -2.54991e-07
internal_weight=242458 27835 14499 11496 214623 211582
internal_count=242458 27835 14499 11496 214623 211582
is_linear=0
shrinkage=0.05


Tree=49
num_leaves=7
num_cat=0
split_feature=16 30 38 36 40 17
split_gain=0.000138601 0.000154066 0.000323349 7.64281e-05 0.000178907 0.000108193
threshold=0.010102406144142153 -0.3332801461219787 7.7554068565368661 0.091138172894716277 1.4125480055809023 2.008228182792664
decision_type=2 2 2 2 2 2
left_child=3 -2 -3 5 -5 -1
right_child=1 2 -4 4 -6 -7
leaf_value=-3.8753124885609414e-07 1.2857847442993425e-05 -6.5736422103449547e-06 1.3867548298814832e-05 2.6913688435191943e-06 -1.1676233712412092e-05 6.5485084782841928e-06
leaf_weight=215455 4130 5142 3034 4029 4599 5723
leaf_count=215455 4130 5142 3034 4029 4599 5723
internal_value=-1.09976e-07 5.0488e-06 1.04998e-06 -3.87265e-07 -4.99017e-06 -2.06621e-07
internal_weight=242112 12306 8176 229806 8628 221178
internal_count=242112 12306 8176 229806 8628 221178
is_linear=0
shrinkage=0.05


Tree=50
num_leaves=7
num_cat=0
split_feature=11 42 18 47 16 40
split_gain=0.000235643 0.000121955 0.000194399 0.000410783 0.000120757 0.000116309
threshold=-0.040265351533889764 0.49563284218311315 0.012522612232714893 -0.37940952181816096 0.01035201968625188 1.477220416069031
decision_type=2 2 2 2 2 2
left_child=5 2 -2 -4 -3 -1
right_child=1 4 3 -5 -6 -7
leaf_value=2.0547192795705565e-06 -1.1321898829543322e-06 3.0058416595063993e-07 -2.3257670197709213e-05 -7.5637736330251254e-07 9.0371882799659471e-06 9.7308004291630461e-06
leaf_weight=13419 111284 97293 3118 5648 4073 7789
leaf_count=13419 111284 97293 3118 5648 4073 7789
internal_value=-1.38319e-07 -6.20959e-07 -1.69893e-06 -8.84643e-06 6.55913e-07 4.89015e-06
internal_weight=242624 221416 120050 8766 101366 21208
internal_count=242624 221416 120050 8766 101366 21208
is_linear=0
shrinkage=0.05


Tree=51
num_leaves=7
num_cat=0
split_feature=9 17 4 8 11 28
split_gain=0.00022714 0.000182856 0.000207977 0.000129558 0.00010938 8.88635e-05
threshold=-0.028623972088098523 1.519307076931 -0.0039584054611623279 -0.021163498051464554 -0.074014022946357713 3.6630774736404423
decision_type=2 2 2 2 2 2
left_child=1 2 -1 -2 -5 -6
right_child=3 -3 -4 4 5 -7
leaf_value=-3.87381109294974e-06 8.7709461931156263e-06 4.0960227024217597e-07 -2.1978789276396646e-05 -9.5299922139343492e-06 -3.3009255344353425e-07 4.004278709171794e-06
leaf_weight=3228 4031 4350 3119 3060 211913 12474
leaf_count=3228 4031 4350 3119 3060 211913 12474
internal_value=-3.88931e-07 -7.49483e-06 -1.28731e-05 -5.90074e-08 -2.17392e-07 -8.83002e-08
internal_weight=242175 10697 6347 231478 227447 224387
internal_count=242175 10697 6347 231478 227447 224387
is_linear=0
shrinkage=0.05


Tree=52
num_leaves=7
num_cat=0
split_feature=51 50 50 39 51 12
split_gain=0.000259569 0.00450917 0.00290964 0.000878407 0.000866201 0.000756776
threshold=-1.0000000180025095e-35 -1.0000000180025095e-35 -1.0000000180025095e-35 0.69422522187232982 1.0000000180025095e-35 -0.062846440821886049
decision_type=2 2 2 2 2 2
left_child=1 -1 4 5 -2 -3
right_child=2 3 -4 -5 -6 -7
leaf_value=1.4255934990067217e-05 -2.0832110928123434e-06 1.1382733814318148e-05 5.8120080906927831e-06 -2.4751640833351208e-05 -1.4757261269328954e-05 -1.0059210037264397e-05
leaf_weight=26946 27007 4547 107489 9278 26906 39822
leaf_count=26946 27007 4547 107489 9278 26906 39822
internal_value=-9.88623e-08 -2.41539e-06 1.05824e-06 -1.07946e-05 -8.41618e-06 -7.85147e-06
internal_weight=241995 80593 161402 53647 53913 44369
internal_count=241995 80593 161402 53647 53913 44369
is_linear=0
shrinkage=0.05


Tree=53
num_leaves=7
num_cat=0
split_feature=51 50 50 51 50 24
split_gain=0.000103872 0.0035171 0.00264641 0.000872899 0.000737708 0.000584073
threshold=-1.0000000180025095e-35 -1.0000000180025095e-35 -1.0000000180025095e-35 1.0000000180025095e-35 1.0000000180025095e-35 0.14683900773525241
decision_type=2 2 2 2 2 2
left_child=1 -1 3 -2 -3 -5
right_child=2 4 -4 5 -6 -7
leaf_value=1.3181327202014355e-05 -1.9815964989933011e-06 -3.0574350513472877e-06 5.2091951110144374e-06 3.8773290589578955e-06 -1.4767478302295459e-05 -1.761641245282549e-05
leaf_weight=27017 26837 26949 107312 3636 26865 23334
leaf_count=27017 26837 26949 107312 3636 26865 23334
internal_value=-6.15509e-08 -1.52366e-06 6.72214e-07 -8.37272e-06 -8.9116e-06 -1.47169e-05
internal_weight=241950 80831 161119 53807 53814 26970
internal_count=241950 80831 161119 53807 53814 26970
is_linear=0
shrinkage=0.05


Tree=54
num_leaves=7
num_cat=0
split_feature=0 22 19 15 38 18
split_gain=0.000295719 0.000353179 0.000161374 9.49818e-05 0.000315948 0.000122522
threshold=-0.0120787494815886 0.15758854150772098 1.4548230767250063 0.011184519156813623 4.0630581378936776 0.011619052849709989
decision_type=2 2 2 2 2 2
left_child=1 -1 3 5 -5 -2
right_child=2 -3 -4 4 -6 -7
leaf_value=-2.5787296062919948e-07 2.2703979046752889e-07 -2.3256306604050666e-05 -9.2454634300512077e-06 -6.0757420470791542e-06 1.3030746957869339e-05 -3.4171781597630417e-06
leaf_weight=3636 196229 3038 4767 3672 5138 26086
leaf_count=3636 196229 3038 4767 3672 5138 26086
internal_value=-4.82491e-07 -1.08218e-05 -1.87733e-07 1.04414e-09 5.07783e-06 -2.01238e-07
internal_weight=242566 6674 235892 231125 8810 222315
internal_count=242566 6674 235892 231125 8810 222315
is_linear=0
shrinkage=0.05


Tree=55
num_leaves=7
num_cat=0
split_feature=51 50 50 22 36 51
split_gain=0.000152093 0.00344157 0.00244148 0.00130485 0.00100679 0.000779009
threshold=-1.0000000180025095e-35 -1.0000000180025095e-35 -1.0000000180025095e-35 0.169139139354229 0.038193071261048324 1.0000000180025095e-35
decision_type=2 2 2 2 2 2
left_child=1 -1 5 4 -3 -2
right_child=2 3 -4 -5 -6 -7
leaf_value=1.274841076991991e-05 -1.8483827033307024e-06 -1.1769828279032674e-05 5.1773153775109266e-06 -3.5023360757390638e-06 -3.679255427977372e-05 -1.388809849959653e-05
leaf_weight=26930 26873 12516 107370 35460 5929 26854
leaf_count=26930 26873 12516 107370 35460 5929 26854
internal_value=-6.43038e-08 -1.83344e-06 8.23706e-07 -9.12335e-06 -1.98909e-05 -7.87343e-06
internal_weight=241932 80835 161097 53905 18445 53727
internal_count=241932 80835 161097 53905 18445 53727
is_linear=0
shrinkage=0.05


Tree=56
num_leaves=7
num_cat=0
split_feature=50 51 51 22 22 51
split_gain=0.000125678 0.00324369 0.00253453 0.0012278 0.000979298 0.000882402
threshold=-1.0000000180025095e-35 -1.0000000180025095e-35 -1.0000000180025095e-35 0.032122587785124786 0.13835703581571582 1.0000000180025095e-35
decision_type=2 2 2 2 2 2
left_child=1 4 3 -2 -1 -3
right_child=2 5 -4 -5 -6 -7
leaf_value=-2.069823513715546e-06 -3.1762937697944484e-05 -1.7645084917653673e-06 5.7468150550217881e-06 -5.1800351771821938e-06 1.9042120481674105e-05 -1.4546058032553582e-05
leaf_weight=7659 4719 26953 107461 49170 19290 27042
leaf_count=7659 4719 26953 107461 49170 19290 27042
internal_value=5.03402e-07 -1.10391e-06 1.30983e-06 -7.53516e-06 1.30493e-05 -8.17335e-06
internal_weight=242294 80944 161350 53889 26949 53995
internal_count=242294 80944 161350 53889 26949 53995
is_linear=0
shrinkage=0.05


Tree=57
num_leaves=7
num_cat=0
split_feature=36 18 6 14 43 51
split_gain=0.000246215 0.000266682 0.000360086 8.47435e-05 6.82227e-05 8.35459e-05
threshold=0.12528793513774875 0.016694602556526664 -0.0027522612363100048 0.011608791071921589 -0.36089737713336939 -1.0000000180025095e-35
decision_type=2 2 2 2 2 2
left_child=1 3 -3 4 -1 -6
right_child=-2 2 -4 -5 5 -7
leaf_value=6.3569983551348446e-06 -1.0993599703302735e-05 2.2896504494187859e-05 6.6130793310562692e-07 8.3387155377700896e-06 -1.4025893256522891e-06 6.5360562239608292e-07
leaf_weight=4209 4698 3033 4455 3106 74038 148208
leaf_count=4209 4698 3033 4455 3106 74038 148208
internal_value=2.80194e-07 5.05897e-07 9.75977e-06 2.01988e-07 8.85706e-08 -3.1547e-08
internal_weight=241747 237049 7488 229561 226455 222246
internal_count=241747 237049 7488 229561 226455 222246
is_linear=0
shrinkage=0.05


Tree=58
num_leaves=7
num_cat=0
split_feature=18 47 1 26 13 8
split_gain=0.000209927 0.000237562 0.000137905 9.32014e-05 8.86385e-05 7.25498e-05
threshold=0.017615323886275295 1.0000000180025095e-35 -0.003841609694063663 1.3639631867408755 0.0078109297901391992 0.019058850593864921
decision_type=2 2 2 2 2 2
left_child=2 -2 -1 5 -5 -4
right_child=1 -3 3 4 -6 -7
leaf_value=3.0485364482751529e-06 1.7124695252293854e-05 3.9052349294430493e-07 -2.2759739872471182e-07 -1.7742344254439471e-06 -1.1841434069501355e-05 6.8822724145799307e-06
leaf_weight=35336 3909 4573 184894 6789 3191 3609
leaf_count=35336 3909 4573 184894 6789 3191 3609
internal_value=4.54114e-07 8.15777e-06 1.72972e-07 -3.39604e-07 -5.0361e-06 -8.96859e-08
internal_weight=242301 8482 233819 198483 9980 188503
internal_count=242301 8482 233819 198483 9980 188503
is_linear=0
shrinkage=0.05


Tree=59
num_leaves=7
num_cat=0
split_feature=7 16 3 37 4 0
split_gain=0.000145776 0.000101757 0.00029848 0.000166337 9.59359e-05 0.000115297
threshold=-0.01563134370371699 0.0099312206730246561 -0.0042599360458552829 6.0214552879333505 0.0067178180906921634 -0.011369363404810427
decision_type=2 2 2 2 2 2
left_child=-1 4 -3 -4 5 -2
right_child=1 2 3 -5 -6 -7
leaf_value=9.4054444247571856e-06 -7.6198670303827781e-06 -1.6292186941359063e-05 6.4935061326729604e-06 -8.0133968534712067e-06 3.7805984594848466e-06 -1.1349820266298171e-07
leaf_weight=3917 5196 3766 4860 3257 15408 205899
leaf_count=3917 5196 3766 4860 3257 15408 205899
internal_value=-1.00617e-07 -2.58754e-07 -4.75892e-06 6.59093e-07 -2.16646e-08 -3.00024e-07
internal_weight=242303 238386 11883 8117 226503 211095
internal_count=242303 238386 11883 8117 226503 211095
is_linear=0
shrinkage=0.05


Tree=60
num_leaves=7
num_cat=0
split_feature=50 51 51 24 36 22
split_gain=0.000153184 0.0052105 0.00353355 0.00155512 0.00224271 0.000711282
threshold=1.0000000180025095e-35 1.0000000180025095e-35 1.0000000180025095e-35 0.19589610397815707 0.037889121100306518 0.078853778541088118
decision_type=2 2 2 2 2 2
left_child=2 -2 -1 4 -4 -5
right_child=1 -3 3 5 -6 -7
leaf_value=6.1742556698352993e-06 -1.0706125321347863e-05 1.6196539113240156e-05 -8.5854343429987741e-06 3.336490325531797e-06 4.1466103477360807e-05 -1.5924283012801232e-05
leaf_weight=107820 53800 26984 6583 5456 3331 38505
leaf_count=107820 53800 26984 6583 5456 3331 38505
internal_value=6.18856e-08 -1.71546e-06 9.50117e-07 -9.50098e-06 8.35505e-06 -1.35328e-05
internal_weight=242479 80784 161695 53875 9914 43961
internal_count=242479 80784 161695 53875 9914 43961
is_linear=0
shrinkage=0.05


Tree=61
num_leaves=7
num_cat=0
split_feature=13 49 13 51 46 12
split_gain=0.000179295 0.000292187 0.000165557 0.000302522 0.00106385 0.000111084
threshold=0.013925033155828716 1.0000000180025095e-35 0.0098068839870393294 -1.0000000180025095e-35 -1.0000000180025095e-35 -0.11658647656440733
decision_type=2 2 2 2 2 2
left_child=2 -2 5 -4 -5 -1
right_child=1 -3 3 4 -6 -7
leaf_value=-9.0932555673455464e-06 1.6403763759863493e-06 -1.9407324950269044e-05 1.5523282416624344e-05 -1.5314775880761839e-05 1.7997561950928977e-05 6.6712213135290278e-09
leaf_weight=3356 3536 3028 4829 5092 4439 218145
leaf_count=3356 3536 3028 4829 5092 4439 218145
internal_value=-2.30489e-08 -8.14233e-06 2.04588e-07 5.39768e-06 2.1318e-07 -1.33224e-07
internal_weight=242425 6564 235861 14360 9531 221501
internal_count=242425 6564 235861 14360 9531 221501
is_linear=0
shrinkage=0.05


Tree=62
num_leaves=7
num_cat=0
split_feature=29 19 50 50 19 39
split_gain=0.000127881 0.000125161 8.32201e-05 0.000118666 8.40716e-05 9.37009e-05
threshold=-8.2589898109436017 -1.4509181380271909 -1.0000000180025095e-35 1.0000000180025095e-35 0.33672492206096655 0.93494898080825817
decision_type=2 2 2 2 2 2
left_child=-1 -2 4 -4 -3 -6
right_child=1 2 3 -5 5 -7
leaf_value=8.8097726825288693e-06 -8.5046408848972369e-06 -6.3445861038116167e-07 1.7697874871417573e-06 -9.883186421273749e-07 -6.0806107472263145e-06 2.2953254708453195e-06
leaf_weight=3744 4669 57659 77754 78143 16230 4172
leaf_count=3744 4669 57659 77754 78143 16230 4172
internal_value=-2.9786e-07 -4.42573e-07 -2.79899e-07 3.8742e-07 -1.61201e-06 -4.36639e-06
internal_weight=242371 238627 233958 155897 78061 20402
internal_count=242371 238627 233958 155897 78061 20402
is_linear=0
shrinkage=0.05


Tree=63
num_leaves=7
num_cat=0
split_feature=6 29 9 8 39 36
split_gain=0.000128848 0.000120205 8.99956e-05 0.000111747 9.48816e-05 0.000109873
threshold=0.0034833460813388233 -4.7672083377838126 -0.04447816684842109 -0.021163498051464554 1.6921536326408388 0.025463474914431575
decision_type=2 2 2 2 2 2
left_child=2 -2 -1 -4 -5 -6
right_child=1 -3 3 4 5 -7
leaf_value=8.2564673109921101e-06 1.0832231434485073e-05 2.2487394034043579e-06 -7.38684424506618e-06 -7.4486469796693359e-08 -1.4350527966616925e-06 8.7230627494079622e-06
leaf_weight=3316 4501 39889 4925 178404 4397 6648
leaf_count=3316 4501 39889 4925 178404 4397 6648
internal_value=6.97578e-07 3.13029e-06 1.50676e-07 1.03045e-08 2.04502e-07 4.69089e-06
internal_weight=242080 44390 197690 194374 189449 11045
internal_count=242080 44390 197690 194374 189449 11045
is_linear=0
shrinkage=0.05


Tree=64
num_leaves=7
num_cat=0
split_feature=10 45 14 21 16 37
split_gain=0.000333682 0.00015809 0.000141418 0.000133342 9.59471e-05 5.97457e-05
threshold=-0.054015386849641793 -2.3515298366546626 0.011302152182906868 0.24428948014974597 0.011512542609125377 0.510898917913437
decision_type=2 2 2 2 2 2
left_child=-1 -2 4 -4 5 -3
right_child=1 2 3 -5 -6 -7
leaf_value=-1.2204596609315327e-05 9.5780865785951051e-06 4.3789051881454215e-06 -1.6550132429540785e-08 1.1850936500896684e-05 -8.9420303459121659e-06 -4.7968703595674978e-07
leaf_weight=5720 4151 6471 4850 4573 3237 213349
leaf_count=5720 4151 6471 4850 4573 3237 213349
internal_value=-3.24584e-07 -3.48952e-08 -2.0856e-07 5.77492e-06 -4.62569e-07 -3.35698e-07
internal_weight=242351 236631 232480 9423 223057 219820
internal_count=242351 236631 232480 9423 223057 219820
is_linear=0
shrinkage=0.05


Tree=65
num_leaves=7
num_cat=0
split_feature=11 6 0 18 42 2
split_gain=0.0001258 0.00010175 7.10145e-05 0.000246372 0.00020195 9.1194e-05
threshold=0.063195925205945983 0.0034009622177109127 -0.0099884122610092146 0.020257982425391678 0.47878070175647741 -0.00067909757490269829
decision_type=2 2 2 2 2 2
left_child=2 -2 4 -4 -1 -6
right_child=1 -3 3 -5 5 -7
leaf_value=1.4285068031854416e-05 9.9327863916492553e-06 -1.3743101285233787e-06 -4.0113632524782809e-07 -1.2997014389656555e-05 -7.4584213737195062e-06 4.6001873206062699e-06
leaf_weight=3038 5312 3146 220061 3902 3049 3126
leaf_count=3038 5312 3146 220061 3902 3049 3126
internal_value=-2.28325e-07 5.74369e-06 -4.46133e-07 -6.2344e-07 3.8442e-06 -1.36602e-06
internal_weight=241634 8458 233176 223963 9213 6175
internal_count=241634 8458 233176 223963 9213 6175
is_linear=0
shrinkage=0.05


Tree=66
num_leaves=7
num_cat=0
split_feature=37 50 44 0 31 50
split_gain=0.000151219 0.000122054 0.000208125 0.000152935 0.000138815 8.04053e-05
threshold=0.70143911242485057 -1.0000000180025095e-35 2.1742093563079838 -0.011369363404810427 -0.97172096371650685 1.0000000180025095e-35
decision_type=2 2 2 2 2 2
left_child=5 2 4 -3 -2 -1
right_child=1 3 -4 -5 -6 -7
leaf_value=9.152632240268658e-06 7.1569829436470645e-06 9.2843172362515159e-06 -1.390424594368849e-05 5.3036404414200809e-07 -1.6336580098454415e-06 -5.8305835358483477e-08
leaf_weight=7090 4754 5112 3247 149472 69033 3545
leaf_count=7090 4754 5112 3247 149472 69033 3545
internal_value=2.80842e-07 1.2555e-08 -1.61276e-06 8.2276e-07 -1.06283e-06 6.09641e-06
internal_weight=242253 231618 77034 154584 73787 10635
internal_count=242253 231618 77034 154584 73787 10635
is_linear=0
shrinkage=0.05


Tree=67
num_leaves=7
num_cat=0
split_feature=2 0 51 23 27 51
split_gain=0.000176316 0.00012359 0.000275657 0.000627641 9.13869e-05 0.00105879
threshold=-0.015602533705532549 -0.0099884122610092146 -1.0000000180025095e-35 1.8207820653915407 2.2897741794586186 1.0000000180025095e-35
decision_type=2 2 2 2 2 2
left_child=-1 2 -2 -4 -3 -6
right_child=1 4 3 -5 5 -7
leaf_value=1.0320967623188798e-05 -1.8040037124244122e-05 -3.3971350455111327e-07 1.6302892609701279e-05 -1.5511818269186612e-05 -6.5481496668264708e-06 2.5526161681851226e-05
leaf_weight=3893 3092 218092 3010 3092 7619 3824
leaf_count=3893 3092 218092 3010 3092 7619 3824
internal_value=-1.65955e-07 -3.39093e-07 -6.00747e-06 1.86723e-07 -1.10788e-07 4.2348e-06
internal_weight=242622 238729 9194 6102 229535 11443
internal_count=242622 238729 9194 6102 229535 11443
is_linear=0
shrinkage=0.05


Tree=68
num_leaves=7
num_cat=0
split_feature=16 14 34 51 50 50
split_gain=0.000182336 0.000260688 8.01248e-05 0.000177066 0.00233501 0.00154497
threshold=0.012353299185633661 0.013734122738242151 48.588287353515632 1.0000000180025095e-35 1.0000000180025095e-35 1.0000000180025095e-35
decision_type=2 2 2 2 2 2
left_child=1 2 3 5 -5 -1
right_child=-2 -3 -4 4 -6 -7
leaf_value=5.6050209685254971e-06 -9.0660282059601125e-06 1.2376480230643983e-05 6.1219989825134696e-07 -1.3600451095712491e-05 1.4537354992903156e-05 -1.0535380366371746e-05
leaf_weight=44422 5588 4151 133093 22118 11000 22191
leaf_count=44422 5588 4151 133093 22118 11000 22191
internal_value=-1.79374e-07 3.20464e-08 -1.90652e-07 -1.26184e-06 -4.24677e-06 2.24249e-07
internal_weight=242563 236975 232824 99731 33118 66613
internal_count=242563 236975 232824 99731 33118 66613
is_linear=0
shrinkage=0.05


Tree=69
num_leaves=7
num_cat=0
split_feature=18 6 0 38 7 27
split_gain=0.000208618 7.40381e-05 0.000118397 8.50149e-05 6.98413e-05 8.86657e-05
threshold=0.021583876572549347 -0.0017307723173871634 -0.0120787494815886 1.1722952723503115 0.008983741048723461 -2.1019016504287715
decision_type=2 2 2 2 2 2
left_child=1 3 -3 -1 5 -4
right_child=-2 2 4 -5 -6 -7
leaf_value=6.7386437622801209e-06 -1.055157771520121e-05 -9.5134830449367494e-06 -7.2075264631077654e-06 7.9734511185320255e-07 4.9785343623270494e-06 -3.6297271399064322e-07
leaf_weight=6610 4733 3573 4832 62998 5824 153878
leaf_count=6610 4733 3573 4832 62998 5824 153878
internal_value=-2.12786e-07 -4.76043e-09 -5.72574e-07 1.36596e-06 -3.75583e-07 -5.73563e-07
internal_weight=242448 237715 168107 69608 164534 158710
internal_count=242448 237715 168107 69608 164534 158710
is_linear=0
shrinkage=0.05


Tree=70
num_leaves=7
num_cat=0
split_feature=12 39 6 47 29 4
split_gain=0.000302469 0.000156311 0.000108408 0.000162828 8.18595e-05 6.9421e-05
threshold=-0.13895555585622785 1.9009237885475161 -0.0023448453284800048 -0.12940952181816107 0.32872000336647039 0.0055378442630171784
decision_type=2 2 2 2 2 2
left_child=-1 5 -3 4 -4 -2
right_child=1 2 3 -5 -6 -7
leaf_value=-1.2765348970093208e-05 -6.5773586837918584e-09 1.3094790986332943e-05 1.3898579988056936e-06 -5.8074405974901393e-06 1.2474101586300864e-05 -2.9307070481917931e-06
leaf_weight=4672 200776 3260 3149 3624 3520 22530
leaf_count=4672 200776 3260 3149 3624 3520 22530
internal_value=-2.3507e-07 1.47299e-08 5.2184e-06 2.67255e-06 7.28958e-06 -3.02191e-07
internal_weight=241531 236859 13553 10293 6669 223306
internal_count=241531 236859 13553 10293 6669 223306
is_linear=0
shrinkage=0.05


Tree=71
num_leaves=7
num_cat=0
split_feature=10 0 8 13 11 7
split_gain=0.000343502 0.000129819 0.000126881 0.00017872 0.00010526 6.50127e-05
threshold=-0.044809408485889428 -0.00535877258516848 -0.022442826069891449 0.012905030976980926 0.077328253537416472 -0.012964586261659859
decision_type=2 2 2 2 2 2
left_child=1 -1 -2 4 5 -4
right_child=2 -3 3 -5 -6 -7
leaf_value=1.7534863665551696e-05 7.0961660155821437e-06 4.8890690119273222e-06 -7.5291453721270917e-06 -1.0077712579615685e-05 7.9533931030559135e-06 -4.6596979438886253e-07
leaf_weight=3211 5377 5530 3258 4858 3631 216523
leaf_count=3211 5377 5530 3258 4858 3631 216523
internal_value=-9.50131e-08 9.6078e-06 -4.59984e-07 -6.39488e-07 -4.32049e-07 -5.72362e-07
internal_weight=242388 8741 233647 228270 223412 219781
internal_count=242388 8741 233647 228270 223412 219781
is_linear=0
shrinkage=0.05


Tree=72
num_leaves=7
num_cat=0
split_feature=18 51 50 50 12 0
split_gain=0.000274753 0.000142931 0.00541227 0.003104 0.000878498 0.00129069
threshold=0.023009955883026127 1.0000000180025095e-35 1.0000000180025095e-35 1.0000000180025095e-35 -0.058671303093433373 -0.0062343315221369258
decision_type=2 2 2 2 2 2
left_child=1 3 4 -1 -3 -6
right_child=-2 2 -4 -5 5 -7
leaf_value=5.0015820429682582e-06 1.2862695990840481e-05 -3.01990515780458e-05 1.5950255104593596e-05 -9.8078238872172685e-06 2.0056490105755993e-05 -1.175916351419442e-05
leaf_weight=106127 3688 5696 26421 53016 3391 44091
leaf_count=106127 3688 5696 26421 53016 3391 44091
internal_value=-5.88418e-07 -7.98856e-07 -2.52798e-06 6.65293e-08 -1.17151e-05 -9.46829e-06
internal_weight=242430 238742 79599 159143 53178 47482
internal_count=242430 238742 79599 159143 53178 47482
is_linear=0
shrinkage=0.05


Tree=73
num_leaves=7
num_cat=0
split_feature=16 6 41 2 0 16
split_gain=0.00023473 0.000224239 0.000141953 0.000119373 0.00010445 0.000103761
threshold=0.0067624698858708152 -0.0083033121190965158 0.52224677801132213 -0.002928530215285718 -0.010574195068329571 0.0060929900500923404
decision_type=2 2 2 2 2 2
left_child=5 -2 4 -4 -3 -1
right_child=1 2 3 -5 -6 -7
leaf_value=5.0545668353774932e-08 1.1615986875781807e-05 8.6603482074483743e-06 1.5137636374726465e-05 3.705649501810168e-06 -1.5511134807288754e-09 -3.6849967280631326e-06
leaf_weight=161870 6988 3780 3257 7539 38121 20951
leaf_count=161870 6988 3780 3257 7539 38121 20951
internal_value=5.10568e-07 3.2317e-06 2.10993e-06 7.2084e-06 7.89252e-07 -3.78432e-07
internal_weight=242506 59685 52697 10796 41901 182821
internal_count=242506 59685 52697 10796 41901 182821
is_linear=0
shrinkage=0.05


Tree=74
num_leaves=7
num_cat=0
split_feature=36 3 51 14 22 9
split_gain=0.000139928 0.00017173 0.000105636 0.00164576 0.00127813 0.00104207
threshold=0.13295613974332812 0.011884787119925024 -1.0000000180025095e-35 0.010563206393271686 0.045087167993187911 -0.025441801175475117
decision_type=2 2 2 2 2 2
left_child=1 2 3 4 -1 -6
right_child=-2 -3 -4 -5 5 -7
leaf_value=-1.8485223414584084e-05 -9.4567461036450872e-06 8.5024304195592667e-06 7.3785044227122828e-07 -3.5293541988139518e-05 3.0824063129545877e-05 9.8444382582231324e-07
leaf_weight=8214 3759 6024 155432 3397 3019 62812
leaf_count=8214 3759 6024 155432 3397 3019 62812
internal_value=5.11312e-08 2.02683e-07 -1.37947e-08 -1.52191e-06 5.0223e-08 2.37524e-06
internal_weight=242657 238898 232874 77442 74045 65831
internal_count=242657 238898 232874 77442 74045 65831
is_linear=0
shrinkage=0.05


Tree=75
num_leaves=7
num_cat=0
split_feature=36 18 39 7 0 4
split_gain=0.000328533 0.000172422 0.000295615 8.98928e-05 0.000112388 0.000182875
threshold=0.11900313198566438 0.016264857724308971 0.095404122024774565 -0.002636535326018929 0.0082590663805603998 0.0012720887316390874
decision_type=2 2 2 2 2 2
left_child=1 3 -3 -1 -5 -6
right_child=-2 2 -4 4 5 -7
leaf_value=-2.4544233863360159e-06 -1.2506929546666329e-05 1.4837960475041813e-05 -4.5538507353702434e-06 -3.1396051760646258e-07 -4.8844654069942221e-07 1.4962755010343338e-05
leaf_weight=49305 5604 4721 3310 171666 4722 3168
leaf_count=49305 5604 4721 3310 171666 4722 3168
internal_value=-5.95574e-07 -3.11215e-07 6.86684e-06 -5.64546e-07 -4.50584e-08 5.77069e-06
internal_weight=242496 236892 8031 228861 179556 7890
internal_count=242496 236892 8031 228861 179556 7890
is_linear=0
shrinkage=0.05


Tree=76
num_leaves=7
num_cat=0
split_feature=15 51 24 37 8 24
split_gain=0.0002165 0.000478986 0.00276487 0.00179769 0.00118963 0.0014487
threshold=0.0075639428105205306 1.0000000180025095e-35 0.43069182336330419 4.9968376159667978 -0.0085337278433144075 0.31408864259719854
decision_type=2 2 2 2 2 2
left_child=-1 4 -3 -4 -2 -6
right_child=1 2 3 -5 5 -7
leaf_value=-6.6690656550044741e-07 -1.7973948312303625e-05 3.7273107652274485e-05 -2.8253471795451098e-05 1.8845154072213151e-05 -1.6613649539886543e-05 1.3471683180772354e-05
leaf_weight=200808 7170 5742 4623 3531 5374 15231
leaf_count=200808 7170 5742 4623 3531 5374 15231
internal_value=1.38738e-08 3.29135e-06 1.0852e-05 -7.86738e-06 -5.03991e-07 5.60389e-06
internal_weight=242479 41671 13896 8154 27775 20605
internal_count=242479 41671 13896 8154 27775 20605
is_linear=0
shrinkage=0.05


Tree=77
num_leaves=7
num_cat=0
split_feature=8 2 18 14 6 39
split_gain=0.000115758 9.91233e-05 0.00018515 0.000137813 0.000194174 0.000102887
threshold=-0.028613146394491192 0.0074149195570498714 0.013278770726174118 0.0098010143265128153 -0.0038705881452187891 0.33193872869014746
decision_type=2 2 2 2 2 2
left_child=-1 2 -2 -4 -5 -3
right_child=1 5 3 4 -6 -7
leaf_value=8.0289486766390053e-06 3.5687448666171952e-07 7.1753536164594157e-06 -1.010719847060169e-05 8.9617034732111148e-06 -6.2435922584363798e-06 -1.0826031041923288e-06
leaf_weight=4790 204921 9825 7517 3161 6018 6084
leaf_count=4790 204921 9825 7517 3161 6018 6084
internal_value=3.73954e-07 2.17924e-07 -5.61308e-08 -5.11115e-06 -9.87115e-07 4.02381e-06
internal_weight=242316 237526 221617 16696 9179 15909
internal_count=242316 237526 221617 16696 9179 15909
is_linear=0
shrinkage=0.05


Tree=78
num_leaves=7
num_cat=0
split_feature=1 3 12 33 51 24
split_gain=0.00015543 0.000139081 0.000134649 0.00010692 0.000316781 0.000656846
threshold=-0.015781904570758339 -0.012970276642590759 -0.13895555585622785 25.01709079742432 -1.0000000180025095e-35 0.28995320200920111
decision_type=2 2 2 2 2 2
left_child=-1 -2 -3 4 -4 -6
right_child=1 2 3 -5 5 -7
leaf_value=-1.0195193218551393e-05 7.8017503782090187e-06 -1.0264034884922427e-05 1.5847728597940264e-05 -3.0625057298514436e-07 1.2759163471965251e-05 -1.5963150250724195e-05
leaf_weight=3756 5514 3225 4035 217837 4017 3849
leaf_count=3756 5514 3225 4035 217837 4017 3849
internal_value=-1.70658e-07 -1.06681e-08 -1.97215e-07 -5.36967e-08 4.55101e-06 -1.30733e-06
internal_weight=242233 238477 232963 229738 11901 7866
internal_count=242233 238477 232963 229738 11901 7866
is_linear=0
shrinkage=0.05


Tree=79
num_leaves=7
num_cat=0
split_feature=6 16 51 50 50 24
split_gain=0.000121818 0.000169133 8.85567e-05 0.00262693 0.00161687 0.000732135
threshold=0.013913759030401708 0.012353299185633661 -1.0000000180025095e-35 -1.0000000180025095e-35 -1.0000000180025095e-35 0.14683900773525241
decision_type=2 2 2 2 2 2
left_child=1 2 3 -1 -4 -5
right_child=-2 -3 4 5 -6 -7
leaf_value=1.1047166925738055e-05 -8.4052264786209473e-06 8.8542830510931098e-06 -7.07513342327287e-06 -2.3492204818163079e-05 3.7546456446772316e-06 -6.0757818224198215e-06
leaf_weight=25949 4740 4837 51639 6938 103378 44791
leaf_count=25949 4740 4837 51639 6938 103378 44791
internal_value=-5.10699e-07 -3.51426e-07 -5.44645e-07 -1.92199e-06 1.4593e-07 -8.43214e-06
internal_weight=242272 237532 232695 77678 155017 51729
internal_count=242272 237532 232695 77678 155017 51729
is_linear=0
shrinkage=0.05


Tree=80
num_leaves=7
num_cat=0
split_feature=51 50 50 24 27 15
split_gain=0.000216231 0.00220969 0.00144551 0.00106263 0.000797415 0.000761971
threshold=-1.0000000180025095e-35 -1.0000000180025095e-35 -1.0000000180025095e-35 0.19589610397815707 2.0297750234603886 0.0055437691044062385
decision_type=2 2 2 2 2 2
left_child=1 -1 -2 5 -5 -3
right_child=2 3 -4 4 -6 -7
leaf_value=9.6444613273523324e-06 -5.5236010247743595e-06 -1.117744464226719e-05 4.4932690899130361e-06 -2.6112991347753709e-06 -2.8584986983678803e-05 -3.9421855428232394e-05
leaf_weight=27000 54012 6023 107853 40664 3138 3972
leaf_count=27000 54012 6023 107853 40664 3138 3972
internal_value=9.56783e-08 -2.01613e-06 1.15011e-06 -7.87195e-06 -4.50254e-06 -2.25421e-05
internal_weight=242662 80797 161865 53797 43802 9995
internal_count=242662 80797 161865 53797 43802 9995
is_linear=0
shrinkage=0.05


Tree=81
num_leaves=7
num_cat=0
split_feature=16 8 8 40 38 24
split_gain=0.00011764 0.000213824 9.36893e-05 0.000107552 9.11139e-05 8.17441e-05
threshold=0.012353299185633661 -0.025113897398114201 0.030655203387141231 2.0931842327117924 0.67741021513938915 0.64256840944290172
decision_type=2 2 2 2 2 2
left_child=1 -1 3 4 -3 -5
right_child=-2 2 -4 5 -6 -7
leaf_value=-9.8641890732564367e-06 7.0687659488844393e-06 7.2577458694723473e-06 8.4415120245933576e-06 -1.3409387950242325e-06 -4.7289735009010333e-08 -1.0125410829208083e-05
leaf_weight=5607 5555 4306 3172 6423 212587 4478
leaf_count=5607 5555 4306 3172 6423 212587 4478
internal_value=-9.06412e-08 -2.6021e-07 -2.49767e-08 -1.44698e-07 9.93772e-08 -4.97925e-06
internal_weight=242128 236573 230966 227794 216893 10901
internal_count=242128 236573 230966 227794 216893 10901
is_linear=0
shrinkage=0.05


Tree=82
num_leaves=7
num_cat=0
split_feature=14 39 14 24 51 50
split_gain=0.00029631 0.000119382 0.000270763 0.00012462 9.77657e-05 0.00343535
threshold=0.014292011037468912 0.56470426917076122 0.0098010143265128153 0.90194350481033336 1.0000000180025095e-35 1.0000000180025095e-35
decision_type=2 2 2 2 2 2
left_child=1 4 3 -3 -1 -6
right_child=-2 2 -4 -5 5 -7
leaf_value=3.7060117104578775e-07 -1.1442477131463752e-05 2.6071047557608356e-07 1.4358222910640788e-05 9.3750530835122063e-06 -1.0257913493921401e-05 1.4367438673868757e-05
leaf_weight=127551 5622 37384 4250 4119 42326 21223
leaf_count=127551 5622 37384 4250 4119 42326 21223
internal_value=-1.48764e-07 1.21664e-07 2.41435e-06 1.17546e-06 -4.27736e-07 -2.02913e-06
internal_weight=242475 236853 45753 41503 191100 63549
internal_count=242475 236853 45753 41503 191100 63549
is_linear=0
shrinkage=0.05


Tree=83
num_leaves=7
num_cat=0
split_feature=18 50 51 51 22 41
split_gain=0.000438368 0.00010655 0.00437719 0.0028248 0.000838013 0.000604131
threshold=0.020257982425391678 1.0000000180025095e-35 1.0000000180025095e-35 1.0000000180025095e-35 0.3291324526071549 0.44152230024337774
decision_type=2 2 2 2 2 2
left_child=1 3 -3 -1 -5 -6
right_child=-2 2 -4 4 5 -7
leaf_value=5.5347094567299985e-06 1.4128136834480132e-05 -9.7388303053780672e-06 1.5256675001501668e-05 -3.6744039161309891e-06 3.5829852669184988e-06 -2.0358626551617931e-05
leaf_weight=105034 5613 52749 26160 32362 3100 17012
leaf_count=105034 5613 52749 26160 32362 3100 17012
internal_value=3.80563e-07 5.12507e-08 -1.44788e-06 8.02512e-07 -8.66589e-06 -1.66686e-05
internal_weight=242030 236417 78909 157508 52474 20112
internal_count=242030 236417 78909 157508 52474 20112
is_linear=0
shrinkage=0.05


Tree=84
num_leaves=7
num_cat=0
split_feature=13 16 13 50 39 36
split_gain=0.000362412 0.000476538 9.71863e-05 9.07625e-05 0.000126926 9.14149e-05
threshold=0.011939310003072025 0.011512542609125377 0.013925033155828716 1.0000000180025095e-35 1.6921536326408388 0.079188339412212386
decision_type=2 2 2 2 2 2
left_child=3 2 -2 5 -5 -1
right_child=1 -3 -4 4 -6 -7
leaf_value=6.5705051290255604e-07 -7.984888738222657e-06 -2.4771005547364038e-05 2.9863110660432633e-06 -6.2424595094099603e-07 -8.8245228397277168e-06 6.1900085352129908e-06
leaf_weight=145983 3823 3293 4175 71933 5001 7819
leaf_count=145983 3823 3293 4175 71933 5001 7819
internal_value=-1.89879e-07 -8.91613e-06 -2.27489e-06 2.38977e-07 -1.16268e-06 9.40256e-07
internal_weight=242027 11291 7998 230736 76934 153802
internal_count=242027 11291 7998 230736 76934 153802
is_linear=0
shrinkage=0.05


Tree=85
num_leaves=7
num_cat=0
split_feature=51 50 50 22 5 11
split_gain=0.000100423 0.00195809 0.00153748 0.00102522 0.00080725 0.00108993
threshold=-1.0000000180025095e-35 1.0000000180025095e-35 -1.0000000180025095e-35 0.038563195616006858 -0.0068615428172051898 -0.040265351533889764
decision_type=2 2 2 2 2 2
left_child=1 3 -2 -1 -5 -6
right_child=2 -3 -4 4 5 -7
leaf_value=-1.6820867977121982e-05 -6.3900889159404486e-06 -1.2672268855606816e-05 3.9577885050051421e-06 2.8569896712064225e-05 -2.2645502970542718e-05 6.5401085453843694e-06
leaf_weight=5349 53782 26823 107688 3660 3418 41357
leaf_count=5349 53782 26823 107688 3660 3418 41357
internal_value=-2.09307e-07 -1.6501e-06 5.10234e-07 3.85351e-06 6.15172e-06 4.28938e-06
internal_weight=242077 80607 161470 53784 48435 44775
internal_count=242077 80607 161470 53784 48435 44775
is_linear=0
shrinkage=0.05


Tree=86
num_leaves=7
num_cat=0
split_feature=44 21 28 12 8 12
split_gain=0.000178441 0.000251833 7.72284e-05 0.000112726 0.000117447 0.000128988
threshold=2.6328005790710454 0.19960268586874011 -4.225865125656127 -0.14995361119508741 -0.023572704754769799 -0.10803299024701117
decision_type=2 2 2 2 2 2
left_child=2 -2 -1 -4 -5 -6
right_child=1 -3 3 4 5 -7
leaf_value=-8.1991540476876468e-06 1.4794665008005954e-05 -3.7481888710064751e-06 9.2210751919833587e-06 7.7524118809347047e-06 -8.9160400309694322e-06 -3.7006527197299408e-07
leaf_weight=3051 4543 3017 3046 4301 4456 219922
leaf_count=3051 4543 3017 3046 4301 4456 219922
internal_value=-1.16632e-07 7.41869e-06 -3.60804e-07 -2.55854e-07 -3.84074e-07 -5.41731e-07
internal_weight=242336 7560 234776 231725 228679 224378
internal_count=242336 7560 234776 231725 228679 224378
is_linear=0
shrinkage=0.05


Tree=87
num_leaves=7
num_cat=0
split_feature=13 3 27 44 9 6
split_gain=0.00038585 0.000123289 9.92871e-05 9.98898e-05 9.48687e-05 0.000160176
threshold=0.015661431476473812 -0.015600479673594235 2.2216000556945805 0.43752600252628332 -0.01233781687915325 -0.00067793461494147767
decision_type=2 2 2 2 2 2
left_child=1 -1 4 -4 5 -3
right_child=-2 2 3 -5 -6 -7
leaf_value=-9.7593605814231346e-06 1.4401600985072195e-05 5.3343617583758816e-06 -1.6891337935559693e-06 7.9076038276800386e-06 -5.011510696042025e-07 -2.000956191403045e-06
leaf_weight=3129 4708 19002 4123 7786 191522 12178
leaf_count=3129 4708 19002 4123 7786 191522 12178
internal_value=3.0338e-07 2.12216e-08 1.53717e-07 4.59196e-06 -8.45961e-08 2.47078e-06
internal_weight=242448 237740 234611 11909 222702 31180
internal_count=242448 237740 234611 11909 222702 31180
is_linear=0
shrinkage=0.05


Tree=88
num_leaves=7
num_cat=0
split_feature=39 8 7 51 24 10
split_gain=0.000118549 0.000199087 0.000107642 0.000150135 0.00132278 0.00122501
threshold=3.6364283561706547 -0.031221613287925717 0.013906062580645086 1.0000000180025095e-35 0.31408864259719854 -0.019633977673947808
decision_type=2 2 2 2 2 2
left_child=1 -1 3 -3 5 -5
right_child=-2 2 -4 4 -6 -7
leaf_value=-1.2873839441928305e-05 8.6553588674306563e-06 5.2925833249440032e-07 7.3736230151357109e-06 3.5221180136439626e-05 -6.4714636688985467e-06 2.986588439563559e-06
leaf_weight=3101 3629 154154 4524 3413 53913 19877
leaf_count=3101 3629 154154 4524 3413 53913 19877
internal_value=-2.5186e-07 -3.889e-07 -2.22074e-07 -3.72163e-07 -2.17124e-06 7.77569e-06
internal_weight=242611 238982 235881 231357 77203 23290
internal_count=242611 238982 235881 231357 77203 23290
is_linear=0
shrinkage=0.05


Tree=89
num_leaves=7
num_cat=0
split_feature=18 36 51 0 9 32
split_gain=0.000166534 0.000119338 0.000131779 0.00115072 0.000803918 0.000595318
threshold=0.021583876572549347 0.065262354910373702 1.0000000180025095e-35 -0.00084066181443631638 -0.024270190857350823 -0.019806950353085991
decision_type=2 2 2 2 2 2
left_child=1 -1 4 -4 -3 -6
right_child=-2 2 3 -5 5 -7
leaf_value=-2.722952603516237e-08 -9.1389327024638227e-06 2.2923215893527086e-05 3.0838183885787075e-05 -7.2139476250890384e-06 -2.0095675625873478e-05 2.7972145504835306e-06
leaf_weight=213794 4665 3294 3388 4672 4135 8804
leaf_count=213794 4665 3294 3388 4672 4135 8804
internal_value=1.6625e-07 3.50453e-07 3.66753e-06 8.87268e-06 1.06377e-06 -4.56801e-06
internal_weight=242752 238087 24293 8060 16233 12939
internal_count=242752 238087 24293 8060 16233 12939
is_linear=0
shrinkage=0.05


Tree=90
num_leaves=7
num_cat=0
split_feature=51 50 50 36 0 22
split_gain=0.000111325 0.00254685 0.00109603 0.000821404 0.00118421 0.000770897
threshold=-1.0000000180025095e-35 -1.0000000180025095e-35 -1.0000000180025095e-35 0.058818414807319648 -0.001211490773130208 0.169139139354229
decision_type=2 2 2 2 2 2
left_child=1 -1 -2 -3 -5 -4
right_child=2 3 5 4 -6 -7
leaf_value=1.0741233585053392e-05 -5.3288481343312738e-06 -5.4393197408453895e-06 9.2434659982210555e-06 -4.5752776165327964e-05 -6.8230628667159136e-06 3.4373883149083349e-07
leaf_weight=27050 53781 45977 37056 3256 4827 70694
leaf_count=27050 53781 45977 37056 3256 4827 70694
internal_value=-2.61051e-07 -1.77184e-06 4.97882e-07 -8.03715e-06 -2.26896e-05 3.40729e-06
internal_weight=242641 81110 161531 54060 8083 107750
internal_count=242641 81110 161531 54060 8083 107750
is_linear=0
shrinkage=0.05


Tree=91
num_leaves=7
num_cat=0
split_feature=13 26 21 11 14 40
split_gain=0.000178711 0.000235542 0.000282469 0.000185159 8.61297e-05 0.000147148
threshold=0.011157899163663389 0.59921306371688854 0.28131462633609777 -0.030937634408473965 0.010160713922232391 0.93195343017578136
decision_type=2 2 2 2 2 2
left_child=4 2 3 -2 -1 -6
right_child=1 -3 -4 -5 5 -7
leaf_value=-2.2888539724435811e-07 -1.6265341165129301e-05 -1.7236474763503405e-05 8.0395727781011808e-06 4.796787194675962e-07 1.2598077489701557e-05 -2.2546843878091371e-06
leaf_weight=221280 3543 3390 4113 3049 3454 3157
leaf_count=221280 3543 3390 4113 3049 3454 3157
internal_value=-3.98808e-07 -5.85221e-06 -2.18374e-06 -8.57495e-06 -6.03065e-08 5.54164e-06
internal_weight=241986 14095 10705 6592 227891 6611
internal_count=241986 14095 10705 6592 227891 6611
is_linear=0
shrinkage=0.05


Tree=92
num_leaves=7
num_cat=0
split_feature=13 3 13 51 50 50
split_gain=0.000127949 0.000106783 0.000133101 0.000104763 0.00158562 0.000815516
threshold=0.015661431476473812 -0.0025162728270515795 0.010685560293495657 -1.0000000180025095e-35 -1.0000000180025095e-35 -1.0000000180025095e-35
decision_type=2 2 2 2 2 2
left_child=1 2 -1 4 -3 -5
right_child=-2 3 -4 5 -6 -7
leaf_value=1.1584705600223836e-06 -8.3514972659507726e-06 9.0881879996286567e-06 1.0031469178829093e-05 -5.5281492535860777e-06 -8.0141303867360013e-06 3.13360191657755e-06
leaf_weight=50125 4660 20302 4568 40784 40526 81186
leaf_count=50125 4660 20302 4568 40784 40526 81186
internal_value=-1.91071e-07 -2.9225e-08 1.90804e-06 -6.09215e-07 -2.30327e-06 2.3623e-07
internal_weight=242151 237491 54693 182798 60828 121970
internal_count=242151 237491 54693 182798 60828 121970
is_linear=0
shrinkage=0.05


Tree=93
num_leaves=7
num_cat=0
split_feature=44 10 15 13 51 18
split_gain=0.000238414 0.000185971 0.00012169 0.000138832 0.00010923 0.00148158
threshold=3.2234051227569585 -0.062092417851090424 0.013179173693060877 0.0098068839870393294 -1.0000000180025095e-35 0.012427096720784904
decision_type=2 2 2 2 2 2
left_child=1 -1 3 4 5 -3
right_child=-2 2 -4 -5 -6 -7
leaf_value=1.1653045716977609e-05 -1.0979170347463384e-05 2.8478988163127993e-07 -8.7042194677447792e-06 5.0101802729249315e-06 7.4994477427556916e-07 -2.8439281248875446e-05
leaf_weight=3502 4731 67111 3788 14442 143830 4761
leaf_count=3502 4731 67111 3788 14442 143830 4761
internal_value=7.55873e-08 2.98125e-07 1.25686e-07 2.72878e-07 -4.5388e-08 -1.63642e-06
internal_weight=242165 237434 233932 230144 215702 71872
internal_count=242165 237434 233932 230144 215702 71872
is_linear=0
shrinkage=0.05


Tree=94
num_leaves=7
num_cat=0
split_feature=9 35 51 39 51 8
split_gain=0.000162428 0.00013197 0.000509388 0.000407714 0.000193556 0.00210751
threshold=-0.033499872311949723 1.0597385168075564 1.0000000180025095e-35 0.77033174037933361 1.0000000180025095e-35 0.015719079412519935
decision_type=2 2 2 2 2 2
left_child=-1 4 3 -3 -2 -6
right_child=1 2 -4 -5 5 -7
leaf_value=7.277392057409633e-06 7.0143254854542196e-07 1.110348604767477e-05 2.0033801998095345e-05 -1.2212250034367137e-05 -5.9049883346952815e-07 -4.1080167374079541e-05
leaf_weight=7717 148803 3210 3781 4366 71118 3316
leaf_count=7717 148803 3210 3781 4366 71118 3316
internal_value=1.63603e-07 -7.19071e-08 5.1738e-06 -2.32519e-06 -3.39877e-07 -2.42066e-06
internal_weight=242311 234594 11357 7576 223237 74434
internal_count=242311 234594 11357 7576 223237 74434
is_linear=0
shrinkage=0.05


Tree=95
num_leaves=7
num_cat=0
split_feature=36 13 1 51 50 50
split_gain=0.000126171 0.000226086 0.000142829 7.97245e-05 0.00162602 0.00104297
threshold=0.10696936771273614 0.012524779886007311 0.0014520149561576547 -1.0000000180025095e-35 1.0000000180025095e-35 -1.0000000180025095e-35
decision_type=2 2 2 2 2 2
left_child=1 3 -2 4 -1 -5
right_child=2 -3 -4 5 -6 -7
leaf_value=3.9425386985509826e-06 -1.7730730029610799e-07 1.0115536277851703e-05 -1.402718446675614e-05 -5.0577369340717541e-06 -1.1534831682574645e-05 3.7058596204900086e-06
leaf_weight=51048 4292 5750 3239 50921 25358 101624
leaf_count=51048 4292 5750 3239 50921 25358 101624
internal_value=1.61528e-07 3.66519e-07 -6.18722e-06 1.19521e-07 -1.19835e-06 7.79787e-07
internal_weight=242232 234701 7531 228951 76406 152545
internal_count=242232 234701 7531 228951 76406 152545
is_linear=0
shrinkage=0.05


Tree=96
num_leaves=7
num_cat=0
split_feature=18 11 44 5 24 18
split_gain=0.000440654 0.000126346 9.50335e-05 8.19833e-05 8.13766e-05 7.01549e-05
threshold=0.021583876572549347 -0.059354292228817933 3.4778431653976445 -0.00075055091292597343 0.081623766571283354 0.0056652887724339971
decision_type=2 2 2 2 2 2
left_child=1 3 4 -1 5 -3
right_child=-2 2 -4 -5 -6 -7
leaf_value=1.1534248058462101e-05 -1.5506162263667679e-05 -1.2978959428560763e-06 -8.6957951348172167e-06 7.0738093459537805e-07 -5.324914274542425e-07 5.5768559633726169e-06
leaf_weight=3649 4743 5721 3347 3329 210982 10428
leaf_count=3649 4743 5721 3347 3329 210982 10428
internal_value=-4.96323e-07 -1.93312e-07 -3.94608e-07 6.41085e-06 -2.70395e-07 3.14489e-06
internal_weight=242199 237456 230478 6978 227131 16149
internal_count=242199 237456 230478 6978 227131 16149
is_linear=0
shrinkage=0.05


Tree=97
num_leaves=7
num_cat=0
split_feature=15 15 13 36 4 31
split_gain=0.000171368 0.000235635 0.000111529 0.000232734 0.000121577 6.03505e-05
threshold=0.013179173693060877 0.011447794269770386 0.010493421461433174 0.062354873865842826 -0.010023062117397783 -0.51087915897369374
decision_type=2 2 2 2 2 2
left_child=1 2 4 -4 -1 -5
right_child=-2 -3 3 5 -6 -7
leaf_value=6.8172793704600942e-06 -9.9438544097007689e-06 1.0744644404493256e-05 -1.3265996989534271e-05 -3.9811932802667208e-06 -4.6801308566821427e-07 5.5657106619581429e-06
leaf_weight=5833 4649 4682 5077 3154 215487 3377
leaf_count=5833 4649 4682 5077 3154 215487 3377
internal_value=-4.88415e-07 -3.0136e-07 -5.2565e-07 -5.29223e-06 -2.74509e-07 9.60028e-07
internal_weight=242259 237610 232928 11608 221320 6531
internal_count=242259 237610 232928 11608 221320 6531
is_linear=0
shrinkage=0.05


Tree=98
num_leaves=7
num_cat=0
split_feature=29 51 22 44 9 2
split_gain=0.000172353 0.000187228 0.000791768 0.000937313 0.000674363 0.0006422
threshold=0.69855558872222911 -1.0000000180025095e-35 0.52577546238899242 0.28448155522346502 0.030065947212278846 3.0950906875659718e-05
decision_type=2 2 2 2 2 2
left_child=-1 2 3 -2 -3 -5
right_child=1 4 -4 5 -6 -7
leaf_value=-1.6984951509489008e-06 5.1702020347086636e-07 1.252270684696504e-06 1.5353425940403533e-05 -3.37546301921513e-05 2.1753892762605762e-05 -6.9741892436623917e-06
leaf_weight=130721 22515 70122 5589 3873 4205 5293
leaf_count=130721 22515 70122 5589 3873 4205 5293
internal_value=-4.66707e-07 9.76284e-07 -1.9142e-06 -4.97986e-06 2.42598e-06 -1.84117e-05
internal_weight=242318 111597 37270 31681 74327 9166
internal_count=242318 111597 37270 31681 74327 9166
is_linear=0
shrinkage=0.05


Tree=99
num_leaves=7
num_cat=0
split_feature=16 27 51 22 22 33
split_gain=0.00013166 0.000103344 0.000681915 0.00177821 0.000718327 0.000348803
threshold=0.012741036247462036 -1.6597416400909422 1.0000000180025095e-35 0.27044014632701879 0.29391689598560339 23.37999248504639
decision_type=2 2 2 2 2 2
left_child=1 2 4 -4 5 -1
right_child=-2 -3 3 -5 -6 -7
leaf_value=-1.7459960989114602e-05 8.0055924820092603e-06 -1.2468216214904647e-07 7.9658840179509344e-06 -4.3800127651785207e-05 1.5579056368223851e-05 4.2333668281287663e-06
leaf_weight=4069 4656 217804 3418 3150 5898 3339
leaf_count=4069 4656 217804 3418 3150 5898 3339
internal_value=-2.7613e-07 -4.40014e-07 -3.88683e-06 -1.70043e-05 2.62755e-06 -7.71932e-06
internal_weight=242334 237678 19874 6568 13306 7408
internal_count=242334 237678 19874 6568 13306 7408
is_linear=0
shrinkage=0.05


Tree=100
num_leaves=7
num_cat=0
split_feature=26 32 19 15 1 1
split_gain=0.000133412 0.000116373 0.000128747 0.000112076 0.000185221 0.000240156
threshold=-1.3449403643608091 -0.24506375938653943 -0.72806635499000538 0.010304021183401348 -0.0027930714422836895 0.0037874475819990043
decision_type=2 2 2 2 2 2
left_child=1 2 -1 -2 -5 -6
right_child=3 -3 -4 4 5 -7
leaf_value=5.0137170078823317e-06 -7.8025477057732097e-09 -1.3455730279486435e-05 -8.9676841652234174e-06 -3.3536769426111243e-06 1.7603374197362177e-05 1.2265069803253902e-06
leaf_weight=3321 218976 3187 3172 4711 4143 4820
leaf_count=3321 218976 3187 3172 4711 4143 4820
internal_value=2.70624e-08 -5.70903e-06 -1.8329e-06 2.66903e-07 4.65004e-06 8.85211e-06
internal_weight=242330 9680 6493 232650 13674 8963
internal_count=242330 9680 6493 232650 13674 8963
is_linear=0
shrinkage=0.05


Tree=101
num_leaves=7
num_cat=0
split_feature=7 9 5 3 16 39
split_gain=0.000126341 8.32406e-05 0.000167607 9.20776e-05 0.00014818 0.000131624
threshold=-0.0099736275151371939 -0.028623972088098523 -0.0017750735860317943 0.0071315823588520297 0.0086790951900184172 0.41560991108417517
decision_type=2 2 2 2 2 2
left_child=-1 2 -2 -3 5 -5
right_child=1 3 -4 4 -6 -7
leaf_value=6.2511642144829659e-06 1.1055768130199168e-06 3.2627892580961939e-07 -1.3321371468669806e-05 5.3392392011766045e-06 1.326531256449737e-05 -5.9332729959545494e-06
leaf_weight=9610 5220 209020 3220 7766 3523 3825
leaf_count=9610 5220 209020 3220 7766 3523 3825
internal_value=6.4815e-07 4.15338e-07 -4.44458e-06 5.99294e-07 4.36145e-06 1.60983e-06
internal_weight=242184 232574 8440 224134 15114 11591
internal_count=242184 232574 8440 224134 15114 11591
is_linear=0
shrinkage=0.05


Tree=102
num_leaves=7
num_cat=0
split_feature=39 8 6 16 51 23
split_gain=0.000178891 0.000127788 0.000169248 0.00013485 0.000258794 0.000977951
threshold=3.3433721065521245 -0.021163498051464554 -0.0012899688445031641 0.0099312206730246561 -1.0000000180025095e-35 0.85828280448913585
decision_type=2 2 2 2 2 2
left_child=1 2 -1 -3 -5 -6
right_child=-2 3 -4 4 5 -7
leaf_value=-1.4433224781113401e-05 9.7737886850462021e-06 -1.3576822057360243e-07 3.3152087458406895e-08 1.6378150113510403e-05 -1.5926468089807434e-05 2.0934986320366973e-05
leaf_weight=3503 4642 218902 4691 3619 4096 3129
leaf_count=3503 4642 218902 4691 3619 4096 3129
internal_value=1.05594e-07 -8.50379e-08 -6.20137e-06 1.34406e-07 5.56385e-06 7.16405e-08
internal_weight=242582 237940 8194 229746 10844 7225
internal_count=242582 237940 8194 229746 10844 7225
is_linear=0
shrinkage=0.05


Tree=103
num_leaves=7
num_cat=0
split_feature=16 18 43 44 51 31
split_gain=0.000208494 0.000196663 8.91989e-05 6.29854e-05 0.000118599 0.00113923
threshold=0.012353299185633661 0.017615323886275295 0.25643940269947058 0.94529595971107494 -1.0000000180025095e-35 0.41410860419273382
decision_type=2 2 2 2 2 2
left_child=1 2 3 -1 5 -5
right_child=-2 -3 -4 4 -6 -7
leaf_value=6.9644400660192798e-09 -9.6694012259579263e-06 1.0538855860677988e-05 6.0752784156624884e-06 4.4887888800130109e-06 -2.1747035469731669e-07 -3.1661688249971779e-05
leaf_weight=196770 5620 4322 5539 6913 19969 3126
leaf_count=196770 5620 4322 5539 6913 19969 3126
internal_value=-1.94296e-07 3.27253e-08 -1.64955e-07 -3.18677e-07 -2.45045e-06 -6.86907e-06
internal_weight=242259 236639 232317 226778 30008 10039
internal_count=242259 236639 232317 226778 30008 10039
is_linear=0
shrinkage=0.05


Tree=104
num_leaves=7
num_cat=0
split_feature=1 18 18 45 51 13
split_gain=0.000152102 0.000152064 0.000190386 0.000141621 0.000871664 0.000430677
threshold=-0.014271013438701628 0.021583876572549347 0.016694602556526664 2.2322514057159428 1.0000000180025095e-35 0.0059399262536317119
decision_type=2 2 2 2 2 2
left_child=-1 2 3 -2 5 -5
right_child=1 -3 -4 4 -6 -7
leaf_value=-8.9522501523008393e-06 -2.2749249836682508e-07 9.9505027253583495e-06 -9.7595768088466639e-06 9.441591804960614e-06 2.6086549392887904e-05 -1.5638698421302209e-05
leaf_weight=4801 218685 3722 5013 3022 3444 3824
leaf_count=4801 218685 3722 5013 3022 3444 3824
internal_value=-1.87585e-07 -8.72038e-09 -1.69232e-07 4.28167e-08 5.7608e-06 -4.57943e-06
internal_weight=242511 237710 233988 228975 10290 6846
internal_count=242511 237710 233988 228975 10290 6846
is_linear=0
shrinkage=0.05


Tree=105
num_leaves=7
num_cat=0
split_feature=0 16 21 37 8 25
split_gain=0.000118015 8.31629e-05 6.12642e-05 5.90711e-05 6.85377e-05 0.000144378
threshold=-0.015767492353916165 0.012353299185633661 0.65245345234870922 0.56434172391891491 0.018083458766341213 1.5000000000000002
decision_type=2 2 2 2 2 2
left_child=-1 2 3 -2 -5 -6
right_child=1 -3 -4 4 5 -7
leaf_value=-8.6367750624311089e-06 -4.0529586066824722e-06 6.5068121522228655e-06 -3.2151401456483658e-06 2.2420222272403238e-07 -2.1241852616471011e-06 1.1201903450486115e-05
leaf_weight=3803 7656 5040 13512 204184 3832 4246
leaf_count=3803 7656 5040 13512 204184 3832 4246
internal_value=4.4046e-08 1.84265e-07 4.63902e-08 2.47467e-07 4.03496e-07 4.90616e-06
internal_weight=242273 238470 233430 219918 212262 8078
internal_count=242273 238470 233430 219918 212262 8078
is_linear=0
shrinkage=0.05


Tree=106
num_leaves=7
num_cat=0
split_feature=13 15 51 22 13 51
split_gain=0.000360225 0.000120554 0.000145988 0.00114396 0.000124116 0.000908021
threshold=0.016990798525512222 0.010304021183401348 -1.0000000180025095e-35 0.20192188769578936 0.009951885789632799 -1.0000000180025095e-35
decision_type=2 2 2 2 2 2
left_child=1 4 -3 -4 -1 -6
right_child=-2 2 3 -5 5 -7
leaf_value=1.7201295307730381e-07 1.5772251080032193e-05 -1.2833790475866733e-05 2.2665129202239525e-05 -1.6828280399778997e-05 2.5100477323747178e-05 -4.4411876843604029e-06
leaf_weight=215680 3719 3749 3037 4466 3863 7724
leaf_count=215680 3719 3749 3037 4466 3863 7724
internal_value=4.35273e-07 1.92883e-07 -4.84736e-06 -7.9826e-07 4.43437e-07 5.47326e-06
internal_weight=242238 238519 11252 7503 227267 11587
internal_count=242238 238519 11252 7503 227267 11587
is_linear=0
shrinkage=0.05


Tree=107
num_leaves=7
num_cat=0
split_feature=15 2 25 45 6 6
split_gain=0.000233369 0.000112365 9.14817e-05 0.000106776 9.53421e-05 7.79987e-05
threshold=0.014013344421982767 0.015305179636925461 -4.4999999999999991 -2.0161850452423091 -0.00071365520125254978 0.011760774068534376
decision_type=2 2 2 2 2 2
left_child=1 2 -1 4 -4 -5
right_child=-2 -3 3 5 -6 -7
leaf_value=-7.1939549192169977e-06 -1.2183094447032572e-05 9.3582155172987696e-06 1.1662852152799992e-06 -3.1510902751531788e-08 1.1604929991793521e-05 5.9248395581046697e-06
leaf_weight=4057 3733 3350 5062 217109 3819 5589
leaf_count=4057 3733 3350 5062 217109 3819 5589
internal_value=1.38455e-07 3.33428e-07 2.03165e-07 3.34279e-07 5.69494e-06 1.19271e-07
internal_weight=242719 238986 235636 231579 8881 222698
internal_count=242719 238986 235636 231579 8881 222698
is_linear=0
shrinkage=0.05


Tree=108
num_leaves=7
num_cat=0
split_feature=0 1 15 27 14 14
split_gain=0.000476881 0.000207731 0.000205847 0.000124454 7.83369e-05 0.000134474
threshold=0.015290680807083847 -0.009494398254901169 0.008463898207992317 -2.7187683582305904 0.0079438467510044592 0.0085324463434517401
decision_type=2 2 2 2 2 2
left_child=1 2 -1 -3 -5 -6
right_child=-2 3 -4 4 5 -7
leaf_value=2.2737691721371712e-06 -1.7331481878494631e-05 -9.3970638168521815e-06 1.734257532015345e-05 -1.3967151255834145e-07 9.678292194630658e-06 9.6111688695176799e-07
leaf_weight=6731 3813 3372 3381 197288 5475 22274
leaf_count=6731 3813 3372 3381 197288 5475 22274
internal_value=9.56275e-08 3.77791e-07 7.37264e-06 6.65734e-08 2.10434e-07 2.69537e-06
internal_weight=242334 238521 10112 228409 225037 27749
internal_count=242334 238521 10112 228409 225037 27749
is_linear=0
shrinkage=0.05


Tree=109
num_leaves=7
num_cat=0
split_feature=12 18 6 13 38 36
split_gain=0.000350015 0.000128135 0.000196221 0.000123335 0.000132988 0.000111806
threshold=-0.14995361119508741 0.016694602556526664 0.00071412319084629427 0.0080742370337247866 7.4795513153076181 0.038193071261048324
decision_type=2 2 2 2 2 2
left_child=-1 3 -3 -2 5 -5
right_child=1 2 -4 4 -6 -7
leaf_value=-1.5290158917504042e-05 9.1979157661678229e-08 -1.403150923917646e-06 1.4966999715627112e-05 6.9028728754013674e-07 2.1396169734108011e-06 -7.9979117248672303e-06
leaf_weight=3813 204585 3831 3442 5003 7429 14118
leaf_count=3813 204585 3831 3442 5003 7429 14118
internal_value=-3.60129e-07 -1.18188e-07 6.39344e-06 -3.24424e-07 -3.52723e-06 -5.72878e-06
internal_weight=242221 238408 7273 231135 26550 19121
internal_count=242221 238408 7273 231135 26550 19121
is_linear=0
shrinkage=0.05


Tree=110
num_leaves=7
num_cat=0
split_feature=8 9 12 12 10 45
split_gain=0.000143591 0.000123188 0.000112917 0.000113835 9.61359e-05 9.3182e-05
threshold=-0.028613146394491192 -0.037902543321251862 0.12946977466344836 0.079214394092559828 -0.021693635731935498 -1.2493979930877683
decision_type=2 2 2 2 2 2
left_child=-1 -2 3 4 5 -3
right_child=1 2 -4 -5 -6 -7
leaf_value=-8.6118839369725876e-06 1.0055354736351218e-05 2.75400399726689e-07 7.7720188645436208e-06 -4.334709896493149e-06 5.3604155327728873e-07 -6.1548526508950446e-06
leaf_weight=4700 3059 11346 4575 14919 192609 11133
leaf_count=4700 3059 11346 4575 14919 192609 11133
internal_value=-4.13819e-09 1.67879e-07 3.68291e-08 -1.18685e-07 1.74688e-07 -2.91585e-06
internal_weight=242341 237641 234582 230007 215088 22479
internal_count=242341 237641 234582 230007 215088 22479
is_linear=0
shrinkage=0.05


Tree=111
num_leaves=7
num_cat=0
split_feature=44 19 35 35 45 14
split_gain=0.000183825 8.44654e-05 6.84657e-05 0.000106721 5.29092e-05 6.06549e-05
threshold=3.4778431653976445 1.3478591442108157 -1.3478395342826841 -1.1722581982612608 -1.2018569111824033 0.0099801342003047484
decision_type=2 2 2 2 2 2
left_child=1 2 -1 -4 -5 -6
right_child=-2 -3 3 4 5 -7
leaf_value=-7.2445453127263594e-06 -1.0751720935615413e-05 6.9811658825359871e-06 8.7702934291133698e-06 -1.9878968507171123e-06 1.796506649406443e-07 3.6524833544340613e-06
leaf_weight=3018 3767 4600 3588 25879 188517 13422
leaf_count=3018 3767 4600 3588 25879 188517 13422
internal_value=1.34415e-07 3.08192e-07 1.75791e-07 2.74111e-07 1.38406e-07 4.11322e-07
internal_weight=242791 239024 234424 231406 227818 201939
internal_count=242791 239024 234424 231406 227818 201939
is_linear=0
shrinkage=0.05


Tree=112
num_leaves=7
num_cat=0
split_feature=13 42 6 51 12 45
split_gain=0.000170625 0.000216934 0.0001123 0.000192338 0.000525424 0.000389986
threshold=0.013925033155828716 0.49094475805759435 -0.0064237543847411862 -1.0000000180025095e-35 -0.050411988049745553 -0.73814541101455677
decision_type=2 2 2 2 2 2
left_child=2 -2 3 -1 -5 -6
right_child=1 -3 -4 4 5 -7
leaf_value=-1.1365453657373151e-05 -2.0021357956869113e-06 1.6062135654558987e-05 -6.678348505741934e-08 -1.8114476669136501e-05 1.9141227128617711e-05 -2.3163818813544809e-06
leaf_weight=6083 3071 3547 217261 3092 3306 5713
leaf_count=6083 3071 3547 217261 3092 3306 5713
internal_value=-1.59908e-07 7.72748e-06 -3.83194e-07 -4.15103e-06 -4.95604e-07 5.61127e-06
internal_weight=242073 6618 235455 18194 12111 9019
internal_count=242073 6618 235455 18194 12111 9019
is_linear=0
shrinkage=0.05


Tree=113
num_leaves=7
num_cat=0
split_feature=18 40 38 36 23 18
split_gain=0.000237768 0.000210783 0.000111372 8.03696e-05 6.82562e-05 0.000164734
threshold=0.019055681303143505 1.0383331179618838 1.2445740699768069 0.035335140302777297 1.9908364415168764 0.0087879640050232428
decision_type=2 2 2 2 2 2
left_child=2 -2 3 -1 -4 -6
right_child=1 -3 4 -5 5 -7
leaf_value=3.1939816958234589e-07 4.0441513837049577e-07 1.8250291416734653e-05 -6.8727637041550512e-08 7.2473394281737793e-06 -4.8304348832704214e-07 1.2360458165134985e-05
leaf_weight=7260 3075 3538 207574 9853 7193 3771
leaf_count=7260 3075 3538 207574 9853 7193 3771
internal_value=7.02857e-07 1.00174e-05 4.39397e-07 4.31773e-06 1.34779e-07 3.97046e-06
internal_weight=242264 6613 235651 17113 218538 10964
internal_count=242264 6613 235651 17113 218538 10964
is_linear=0
shrinkage=0.05


Tree=114
num_leaves=7
num_cat=0
split_feature=9 4 41 0 11 51
split_gain=0.000416666 0.000103087 9.36392e-05 0.000195348 8.87008e-05 0.000132986
threshold=-0.040771191939711564 0.015284853521734478 0.56498801708221447 0.012734025251120331 0.014225300401449205 1.0000000180025095e-35
decision_type=2 2 2 2 2 2
left_child=-1 2 3 4 -2 -6
right_child=1 -3 -4 -5 5 -7
leaf_value=1.4373773659076134e-05 6.2073199466223163e-10 7.8350824490149196e-06 3.128958098149566e-06 -1.1698898223683822e-05 -5.9345244322958794e-07 -5.6681771773047454e-06
leaf_weight=4804 155896 3669 16013 4005 38666 19341
leaf_count=4804 155896 3669 16013 4005 38666 19341
internal_value=-1.28114e-07 -4.24301e-07 -5.55494e-07 -8.26902e-07 -6.20655e-07 -2.28892e-06
internal_weight=242394 237590 233921 217908 213903 58007
internal_count=242394 237590 233921 217908 213903 58007
is_linear=0
shrinkage=0.05


Tree=115
num_leaves=7
num_cat=0
split_feature=12 51 10 12 51 0
split_gain=0.000195807 0.000394771 0.000516169 0.000137955 0.00161539 0.000434962
threshold=-0.10803299024701117 -1.0000000180025095e-35 -0.022253442555665966 -0.066204637289047227 -1.0000000180025095e-35 0.001809534849599004
decision_type=2 2 2 2 2 2
left_child=1 -1 -3 4 -2 -6
right_child=3 2 -4 -5 5 -7
leaf_value=-2.107762405702041e-05 2.8378731865472802e-05 1.4644218355859595e-05 -1.3586256535684592e-05 -2.691375130883327e-08 6.4926838757334905e-07 -2.1784867294659932e-05
leaf_weight=3229 4854 3129 3250 218398 6477 3190
leaf_count=3229 4854 3129 3250 218398 6477 3190
internal_value=-1.85242e-09 -6.97807e-06 2.67433e-07 2.87355e-07 4.99788e-06 -6.82774e-06
internal_weight=242527 9608 6379 232919 14521 9667
internal_count=242527 9608 6379 232919 14521 9667
is_linear=0
shrinkage=0.05


Tree=116
num_leaves=7
num_cat=0
split_feature=3 51 22 13 9 50
split_gain=0.000125116 0.000123753 0.00137977 0.00198185 0.00131896 0.00124503
threshold=0.015508241951465608 -1.0000000180025095e-35 0.15345758944749835 0.0086204470135271567 -0.025441801175475117 -1.0000000180025095e-35
decision_type=2 2 2 2 2 2
left_child=1 2 3 -1 -4 -3
right_child=-2 5 4 -5 -6 -7
leaf_value=-6.1312203717201222e-06 9.0123082499871871e-06 -5.6204128290099343e-06 3.3025534227433473e-05 -4.8479205737089015e-05 6.913558386409734e-07 3.7608207471878758e-06
leaf_weight=21967 3719 52976 3310 3114 51461 106152
leaf_count=21967 3719 52976 3310 3114 51461 106152
internal_value=-2.65912e-08 -1.6911e-07 -1.77469e-06 -1.1475e-05 2.67376e-06 6.36889e-07
internal_weight=242699 238980 79852 25081 54771 159128
internal_count=242699 238980 79852 25081 54771 159128
is_linear=0
shrinkage=0.05


Tree=117
num_leaves=7
num_cat=0
split_feature=8 5 44 28 44 4
split_gain=0.000107104 0.00022114 7.81003e-05 7.35542e-05 7.48181e-05 0.000119182
threshold=-0.021163498051464554 0.0019809581572189931 2.98473072052002 -3.5598728656768794 -0.31085832417011255 0.0061667014379054317
decision_type=2 2 2 2 2 2
left_child=1 -1 3 -2 5 -5
right_child=2 -3 -4 4 -6 -7
leaf_value=-7.1930404556166935e-08 -5.6466506501147984e-06 1.5988506102604846e-05 -6.8490012409458032e-06 -2.4635773239365858e-07 1.1346086797030885e-06 -6.4382906768198147e-06
leaf_weight=6397 5482 3173 4129 106588 107986 8333
leaf_count=6397 5482 3173 4129 106588 107986 8333
internal_value=1.3853e-07 5.30844e-06 -7.53498e-08 4.8582e-08 1.89881e-07 -6.97944e-07
internal_weight=242088 9570 232518 228389 222907 114921
internal_count=242088 9570 232518 228389 222907 114921
is_linear=0
shrinkage=0.05


Tree=118
num_leaves=7
num_cat=0
split_feature=14 2 0 37 27 20
split_gain=0.000155 0.000134728 9.38639e-05 0.000119337 9.9063e-05 9.20668e-05
threshold=0.014292011037468912 -0.01414406346157193 0.0066865826956927785 3.0830121040344243 0.1185889318585396 -0.78981715440750111
decision_type=2 2 2 2 2 2
left_child=1 -1 5 -4 -5 -3
right_child=-2 2 3 4 -6 -7
leaf_value=-8.6926764449668495e-06 8.7809694518057288e-06 4.9055753010751413e-06 8.1593048015728e-06 6.0411915945296383e-06 -5.241145219900232e-06 4.7566533669827777e-08
leaf_weight=3955 5599 10188 8776 3400 4412 205786
leaf_count=3955 5599 10188 8776 3400 4412 205786
internal_value=5.95764e-07 4.00183e-07 5.56654e-07 4.17539e-06 -3.23566e-07 2.77813e-07
internal_weight=242116 236517 232562 16588 7812 215974
internal_count=242116 236517 232562 16588 7812 215974
is_linear=0
shrinkage=0.05


Tree=119
num_leaves=7
num_cat=0
split_feature=12 44 15 22 47 36
split_gain=0.000247272 8.80058e-05 9.88709e-05 9.42851e-05 9.54142e-05 9.23666e-05
threshold=-0.14995361119508741 1.6070124506950381 0.012424199841916563 0.17110708355903628 -0.6035533845424651 0.047074260190129287
decision_type=2 2 2 2 2 2
left_child=-1 2 -2 4 -3 -5
right_child=1 3 -4 5 -6 -7
leaf_value=1.2977935409308274e-05 1.4722441955313556e-08 5.338774707204923e-06 -7.7759260040096971e-06 3.3346203572646964e-06 -5.7217429982185456e-06 1.3361772407508632e-05
leaf_weight=3765 215348 3504 4101 7390 4271 3316
leaf_count=3765 215348 3504 4101 7390 4271 3316
internal_value=3.49293e-07 1.46773e-07 -1.32605e-07 3.4556e-06 -7.34779e-07 6.48803e-06
internal_weight=241695 237930 219449 18481 7775 10706
internal_count=241695 237930 219449 18481 7775 10706
is_linear=0
shrinkage=0.05


Tree=120
num_leaves=7
num_cat=0
split_feature=2 9 10 27 2 6
split_gain=0.000128325 0.000293182 0.00025019 0.000159625 9.93974e-05 9.17003e-05
threshold=0.0044192960485816011 -0.04447816684842109 -0.029522874392569062 -0.34285518527030939 -0.015602533705532549 0.0049496074207127103
decision_type=2 2 2 2 2 2
left_child=1 -1 -2 -4 -3 -5
right_child=2 4 3 5 -6 -7
leaf_value=-1.498064698373009e-05 1.6615653937950044e-05 8.8638572446333023e-06 -6.1105864265128277e-06 1.8736753453587059e-06 -2.2143247293690133e-07 9.6368908537830699e-06
leaf_weight=3308 3014 3006 5435 20944 202139 4609
leaf_count=3308 3014 3006 5435 20944 202139 4609
internal_value=1.38718e-07 -3.26078e-07 2.98449e-06 1.63405e-06 -8.61778e-08 3.29001e-06
internal_weight=242455 208453 34002 30988 205145 25553
internal_count=242455 208453 34002 30988 205145 25553
is_linear=0
shrinkage=0.05


Tree=121
num_leaves=7
num_cat=0
split_feature=33 17 13 0 12 18
split_gain=0.000176868 8.38522e-05 0.000183961 9.17091e-05 5.46838e-05 7.42419e-05
threshold=15.734451770782472 2.2529678344726567 0.013392200693488123 0.012734025251120331 -0.12238712236285208 0.016264857724308971
decision_type=2 2 2 2 2 2
left_child=-1 2 3 4 -2 -6
right_child=1 -3 -4 -5 5 -7
leaf_value=-1.0667481280570994e-05 6.0216042519886132e-06 7.8254206709462047e-06 -9.0789946421331151e-06 7.3360059348830965e-06 4.0298888883000216e-08 -6.9533680001465267e-06
leaf_weight=3859 3682 3372 5469 4316 217784 3812
leaf_count=3859 3682 3372 5469 4316 217784 3812
internal_value=-1.1802e-07 5.49209e-08 -5.81881e-08 1.5862e-07 1.95146e-08 -8.15509e-08
internal_weight=242294 238435 235063 229594 225278 221596
internal_count=242294 238435 235063 229594 225278 221596
is_linear=0
shrinkage=0.05


Tree=122
num_leaves=7
num_cat=0
split_feature=16 17 12 51 37 9
split_gain=0.000179288 0.000233415 0.000144473 0.00101535 0.000927409 0.000647597
threshold=0.011884868610650303 0.78167164325714122 -0.057285200804471963 -1.0000000180025095e-35 9.2768688201904315 -0.027515558525919911
decision_type=2 2 2 2 2 2
left_child=2 -2 3 4 -1 -5
right_child=1 -3 -4 5 -6 -7
leaf_value=3.8152438401159501e-05 1.8858301566076398e-06 -1.7046963900234236e-05 2.8288555637208139e-07 -2.3528385823408598e-05 4.642575606008312e-06 1.7671553523197512e-06
leaf_weight=3437 3199 3246 211024 3039 5102 13956
leaf_count=3437 3199 3246 211024 3039 5102 13956
internal_value=4.88279e-07 -7.70743e-06 7.13152e-07 4.26156e-06 1.82741e-05 -2.81187e-06
internal_weight=243003 6445 236558 25534 8539 16995
internal_count=243003 6445 236558 25534 8539 16995
is_linear=0
shrinkage=0.05


Tree=123
num_leaves=7
num_cat=0
split_feature=11 18 1 21 42 6
split_gain=0.000103077 0.000124435 6.11385e-05 8.17286e-05 7.66222e-05 6.62884e-05
threshold=-0.079188983887433992 0.019055681303143505 -0.003841609694063663 0.17316868901252749 0.49250586330890661 -0.0014056168729439376
decision_type=2 2 2 2 2 2
left_child=-1 2 3 4 5 -2
right_child=1 -3 -4 -5 -6 -7
leaf_value=-7.5024532474877284e-06 6.7559074996496313e-06 8.6063134114387763e-06 -6.4074682098012847e-07 -3.1973486697109859e-07 8.7168662631178236e-06 -2.685749774962763e-06
leaf_weight=4815 3121 3939 197994 21285 6198 4448
leaf_count=4815 3121 3939 197994 21285 6198 4448
internal_value=-2.9804e-07 -1.50111e-07 -2.99929e-07 1.62338e-06 4.6179e-06 1.22621e-06
internal_weight=241800 236985 233046 35052 13767 7569
internal_count=241800 236985 233046 35052 13767 7569
is_linear=0
shrinkage=0.05


Tree=124
num_leaves=7
num_cat=0
split_feature=12 49 39 22 36 11
split_gain=0.000188869 0.000214189 0.000115161 0.000188234 0.000109768 9.57644e-05
threshold=-0.1040772534906864 1.0000000180025095e-35 1.0612105727195742 0.30590792000293737 0.035871658474206931 0.017192474566400055
decision_type=2 2 2 2 2 2
left_child=1 -1 -2 4 -4 -6
right_child=2 -3 3 -5 5 -7
leaf_value=1.2506589457940345e-08 -2.7542336731855165e-08 1.434543831529823e-05 3.1848792114658968e-06 -9.0527355454894481e-06 -1.0321232251960948e-05 4.8965207948615082e-07
leaf_weight=5846 204091 4654 9666 9707 3867 4285
leaf_count=5846 204091 4654 9666 9707 3867 4285
internal_value=-1.39395e-07 6.40329e-06 -4.37317e-07 -3.47013e-06 -4.11984e-07 -4.67028e-06
internal_weight=242116 10500 231616 27525 17818 8152
internal_count=242116 10500 231616 27525 17818 8152
is_linear=0
shrinkage=0.05


Tree=125
num_leaves=7
num_cat=0
split_feature=40 39 50 7 0 37
split_gain=8.90745e-05 0.000103444 9.46347e-05 0.000155786 0.000110454 0.000103699
threshold=2.7974860668182377 3.120671391487122 1.0000000180025095e-35 0.0064731650054454812 0.0082590663805603998 3.7251238822937016
decision_type=2 2 2 2 2 2
left_child=1 2 -1 4 -4 -5
right_child=-2 -3 3 5 -6 -7
leaf_value=6.1533126372870612e-07 -6.2578266153540396e-06 7.962208244657176e-06 -1.2784959256841448e-06 -2.8980577425220947e-06 8.1588123838042504e-06 -1.5656758693883946e-05
leaf_weight=155040 5701 4000 67958 3387 3199 3004
leaf_count=155040 5701 4000 67958 3387 3199 3004
internal_value=-1.0946e-07 3.99865e-08 -9.79402e-08 -1.52345e-06 -8.48793e-07 -8.97009e-06
internal_weight=242289 236588 232588 77548 71157 6391
internal_count=242289 236588 232588 77548 71157 6391
is_linear=0
shrinkage=0.05


Tree=126
num_leaves=7
num_cat=0
split_feature=1 16 2 6 13 13
split_gain=9.6016e-05 0.000172948 0.000118457 7.21769e-05 0.000125493 8.96425e-05
threshold=-0.0083178081549704058 0.0083416481502354162 -0.015602533705532549 -0.011379310861229895 0.013392200693488123 0.0078109297901391992
decision_type=2 2 2 2 2 2
left_child=1 -1 -2 -4 5 -5
right_child=2 -3 3 4 -6 -7
leaf_value=6.6178821420853875e-07 -9.3526497982067714e-06 1.286181588063541e-05 -4.7709704175136606e-06 6.6745728997552597e-07 9.7610467534345574e-06 -2.7366823254651e-06
leaf_weight=9137 3156 4213 6688 194207 3535 21428
leaf_count=9137 3156 4213 6688 194207 3535 21428
internal_value=4.31706e-07 4.54551e-06 1.90959e-07 3.26356e-07 4.82954e-07 3.28626e-07
internal_weight=242364 13350 229014 225858 219170 215635
internal_count=242364 13350 229014 225858 219170 215635
is_linear=0
shrinkage=0.05


Tree=127
num_leaves=7
num_cat=0
split_feature=14 14 18 47 18 13
split_gain=0.000109022 0.000185323 6.98812e-05 0.00017994 7.51818e-05 0.000159992
threshold=0.014811301603913309 0.01266990974545479 0.015946126542985443 0.12940952181816107 0.010739005170762541 0.009951885789632799
decision_type=2 2 2 2 2 2
left_child=1 2 4 -4 -1 -6
right_child=-2 -3 3 -5 5 -7
leaf_value=-3.2125843427748872e-07 -7.5665476738190037e-06 1.1037944331279778e-05 -1.3765024564484815e-05 3.3176503516397009e-06 3.873442854944013e-06 -4.5035720825368449e-06
leaf_weight=192083 4673 3764 3069 3017 28229 7094
leaf_count=192083 4673 3764 3069 3017 28229 7094
internal_value=-4.44532e-08 1.05265e-07 -7.33001e-08 -5.33864e-06 6.87571e-08 2.18708e-06
internal_weight=241929 237256 233492 6086 227406 35323
internal_count=241929 237256 233492 6086 227406 35323
is_linear=0
shrinkage=0.05


Tree=128
num_leaves=7
num_cat=0
split_feature=15 39 49 51 25 26
split_gain=0.000267493 5.79153e-05 6.15973e-05 0.000277584 0.000832263 0.000877976
threshold=0.013179173693060877 -1.1048372983932493 -0.56174489110708226 -1.0000000180025095e-35 -1.4999999999999998 -0.37214902043342585
decision_type=2 2 2 2 2 2
left_child=1 -1 3 4 -3 -6
right_child=-2 2 -4 -5 5 -7
leaf_value=-5.1493056508039943e-06 -1.2193520098396625e-05 -1.1873927433369653e-05 -5.4689944314660435e-07 -1.031961286484449e-06 3.5163587134641201e-05 5.7428071018577739e-06
leaf_weight=5617 4656 5053 165977 44009 3064 13818
leaf_count=5617 4656 5053 165977 44009 3064 13818
internal_value=-3.89207e-07 -1.55312e-07 -3.32768e-08 1.25891e-06 5.84708e-06 1.11706e-05
internal_weight=242194 237538 231921 65944 21935 16882
internal_count=242194 237538 231921 65944 21935 16882
is_linear=0
shrinkage=0.05


Tree=129
num_leaves=7
num_cat=0
split_feature=6 48 44 21 11 15
split_gain=0.000105179 0.000178727 0.000123165 8.88078e-05 8.49058e-05 0.000139416
threshold=-0.0064237543847411862 0.6078576147556306 -0.041804781183600419 0.10110862925648691 0.063195925205945983 0.0095949824899435061
decision_type=2 2 2 2 2 2
left_child=1 3 -3 -1 5 -2
right_child=4 2 -4 -5 -6 -7
leaf_value=-7.249496351226637e-06 -5.0717670897163286e-07 3.0308168034866237e-06 1.6806592423958704e-05 2.3311863339693912e-06 -5.5231778673320879e-06 4.7883628558802089e-06
leaf_weight=3087 200990 3159 3345 10515 7652 13198
leaf_count=3087 200990 3159 3345 10515 7652 13198
internal_value=-5.12178e-08 3.407e-06 1.01898e-05 1.38244e-07 -3.65344e-07 -1.79831e-07
internal_weight=241946 20106 6504 13602 221840 214188
internal_count=241946 20106 6504 13602 221840 214188
is_linear=0
shrinkage=0.05


Tree=130
num_leaves=7
num_cat=0
split_feature=34 1 5 43 17 15
split_gain=0.00014069 7.01056e-05 0.000151063 0.000124859 8.83124e-05 8.03741e-05
threshold=76.848117828369155 -0.0076559230219572774 0.0040489595849066981 0.0035520613892003898 1.246829688549042 0.013179173693060877
decision_type=2 2 2 2 2 2
left_child=1 2 3 4 -1 -3
right_child=-2 5 -4 -5 -6 -7
leaf_value=6.6201658121815927e-06 8.7733265564093182e-06 -1.7505561349226336e-07 -5.962014095035189e-06 1.2520074860065094e-05 -4.2808549633239327e-06 7.3850660486839735e-06
leaf_weight=4367 4802 218777 3314 4545 3162 3523
leaf_count=4367 4802 218777 3314 4545 3162 3523
internal_value=3.44738e-07 1.72647e-07 3.4308e-06 6.02284e-06 2.04396e-06 -5.36094e-08
internal_weight=242490 237688 15388 12074 7529 222300
internal_count=242490 237688 15388 12074 7529 222300
is_linear=0
shrinkage=0.05


Tree=131
num_leaves=7
num_cat=0
split_feature=7 0 0 51 6 12
split_gain=0.000129663 0.000123174 0.00014456 0.0013679 0.00118503 0.000652852
threshold=-0.01563134370371699 -0.015767492353916165 -0.0052080515306442967 -1.0000000180025095e-35 -0.00077695600339211513 -0.055666023865342133
decision_type=2 2 2 2 2 2
left_child=-1 -2 3 4 -3 -5
right_child=1 2 -4 5 -6 -7
leaf_value=-8.9809267919117312e-06 9.3032262691207721e-06 -4.3674695202567011e-05 3.8568349266570242e-07 -1.4185659598582988e-05 -3.5960553925582245e-06 1.0593829674933678e-05
leaf_weight=3926 3549 3251 212358 3405 4202 11511
leaf_count=3926 3549 3251 212358 3405 4202 11511
internal_value=-2.60075e-08 1.23393e-07 -1.73549e-08 -3.83589e-06 -2.12529e-05 4.90871e-06
internal_weight=242202 238276 234727 22369 7453 14916
internal_count=242202 238276 234727 22369 7453 14916
is_linear=0
shrinkage=0.05


Tree=132
num_leaves=7
num_cat=0
split_feature=13 50 51 51 37 22
split_gain=0.000272617 8.52811e-05 0.0014768 0.00093209 0.000603901 0.000592737
threshold=0.016990798525512222 -1.0000000180025095e-35 1.0000000180025095e-35 -1.0000000180025095e-35 10.03066396713257 0.038563195616006858
decision_type=2 2 2 2 2 2
left_child=1 2 -1 4 5 -3
right_child=-2 3 -4 -5 -6 -7
leaf_value=2.8897447693309613e-06 -1.4078270844988549e-05 -2.4038561489812232e-05 -1.1546472404556077e-05 2.7866519384703247e-06 9.8972822805774293e-06 -5.3289491413150837e-06
leaf_weight=53042 3758 4659 26539 105825 5756 42585
leaf_count=53042 3758 4659 26539 105825 5756 42585
internal_value=-8.05461e-07 -5.93333e-07 -1.92873e-06 7.61798e-08 -5.33334e-06 -7.19747e-06
internal_weight=242164 238406 79581 158825 53000 47244
internal_count=242164 238406 79581 158825 53000 47244
is_linear=0
shrinkage=0.05


Tree=133
num_leaves=7
num_cat=0
split_feature=3 14 51 43 29 6
split_gain=0.000119644 8.95258e-05 0.00170922 0.0010533 0.000863588 8.57367e-05
threshold=0.015508241951465608 0.010371326934546234 1.0000000180025095e-35 -0.041751017794013016 -2.8347502946853633 0.012731343042105438
decision_type=2 2 2 2 2 2
left_child=1 5 3 -3 -5 -1
right_child=-2 2 -4 4 -6 -7
leaf_value=9.1996112633219605e-08 -8.7620209737592912e-06 -3.231815198664902e-05 2.818573215254314e-05 -1.5940413932887566e-05 2.004723807397089e-05 -7.6032135729916469e-06
leaf_weight=220655 3723 3026 4814 3106 3485 3630
leaf_count=220655 3723 3026 4814 3106 3485 3630
internal_value=7.22048e-08 2.11789e-07 4.02208e-06 -8.15678e-06 3.09577e-06 -3.42159e-08
internal_weight=242439 238716 14431 9617 6591 224285
internal_count=242439 238716 14431 9617 6591 224285
is_linear=0
shrinkage=0.05


Tree=134
num_leaves=7
num_cat=0
split_feature=16 18 35 23 48 9
split_gain=0.000159188 0.000165946 0.000121672 8.44294e-05 0.00015722 0.00013045
threshold=0.013555606361478569 0.018282501958310608 1.0396521091461184 1.1756194829940798 1.0000000180025095e-35 -0.018258818425238129
decision_type=2 2 2 2 2 2
left_child=1 2 3 5 -5 -1
right_child=-2 -3 -4 4 -6 -7
leaf_value=-5.8358753570498604e-06 9.9548884631875894e-06 -9.7401791106289823e-06 -5.1157399200782878e-06 -6.4379742157379891e-07 4.9810515285849694e-06 -1.6470713815833861e-07
leaf_weight=10773 3685 4660 12182 28542 21934 160740
leaf_count=10773 3685 4660 12182 28542 21934 160740
internal_value=-2.87837e-07 -4.47926e-07 -2.6097e-07 6.53507e-09 1.80295e-06 -5.22519e-07
internal_weight=242516 238831 234171 221989 50476 171513
internal_count=242516 238831 234171 221989 50476 171513
is_linear=0
shrinkage=0.05


Tree=135
num_leaves=7
num_cat=0
split_feature=12 22 10 24 7 36
split_gain=0.000206327 0.000148571 7.06979e-05 8.41975e-05 7.1258e-05 8.27659e-05
threshold=-0.10803299024701117 0.18521200120449069 0.044754372909665115 0.55843651294708263 -0.0042565246112644664 0.052469814196228988
decision_type=2 2 2 2 2 2
left_child=1 -1 4 -4 -2 -6
right_child=2 -3 3 -5 5 -7
leaf_value=-6.5349295647230942e-07 -2.2508568307923966e-06 1.2173998082168551e-05 -1.0215521190914673e-05 -2.4622344472481871e-08 -2.1421807692305908e-08 3.1616335133244232e-06
leaf_weight=3623 30190 5917 3717 4388 171212 23138
leaf_count=3623 30190 5917 3717 4388 171212 23138
internal_value=1.37173e-07 7.3245e-06 -1.59066e-07 -4.73221e-06 7.02305e-09 3.58247e-07
internal_weight=242185 9540 232645 8105 224540 194350
internal_count=242185 9540 232645 8105 224540 194350
is_linear=0
shrinkage=0.05


Tree=136
num_leaves=7
num_cat=0
split_feature=2 23 51 50 50 0
split_gain=0.00013911 9.89582e-05 0.00010901 0.00319058 0.00266663 0.000495995
threshold=-0.01414406346157193 2.8226164579391484 1.0000000180025095e-35 1.0000000180025095e-35 1.0000000180025095e-35 -0.0025686818407848473
decision_type=2 2 2 2 2 2
left_child=-1 2 4 5 -2 -4
right_child=1 -3 3 -5 -6 -7
leaf_value=-8.460529818725383e-06 5.2820235556463391e-06 8.2045889698214232e-06 2.8405821523875492e-07 1.263500320924849e-05 -8.5862551084381605e-06 -1.1417838902857457e-05
leaf_weight=4887 103856 3586 11674 26044 51964 40282
leaf_count=4887 103856 3586 11674 26044 51964 40282
internal_value=-1.53442e-07 1.93052e-08 -1.07956e-07 -1.63326e-06 6.55857e-07 -8.79079e-06
internal_weight=242293 237406 233820 78000 155820 51956
internal_count=242293 237406 233820 78000 155820 51956
is_linear=0
shrinkage=0.05


Tree=137
num_leaves=7
num_cat=0
split_feature=16 10 24 38 17 3
split_gain=0.000319903 0.000169034 0.000118931 0.000149537 7.38875e-05 0.000110937
threshold=0.013555606361478569 -0.037056906148791306 0.49933661520481115 1.2117336988449099 1.6869548559188845 0.0071315823588520297
decision_type=2 2 2 2 2 2
left_child=1 2 3 -1 5 -3
right_child=-2 4 -4 -5 -6 -7
leaf_value=1.7244434063874199e-05 -1.4285716525583383e-05 2.7783241503464051e-08 4.7712226009954217e-07 2.220836431233107e-06 -3.4710193481438886e-06 4.8584373008916311e-06
leaf_weight=3690 3722 200529 5155 3003 13673 12584
leaf_count=3690 3722 200529 5155 3003 13673 12584
internal_value=1.61685e-07 3.89969e-07 6.19918e-06 1.05701e-05 8.5178e-08 3.14099e-07
internal_weight=242356 238634 11848 6693 226786 213113
internal_count=242356 238634 11848 6693 226786 213113
is_linear=0
shrinkage=0.05


Tree=138
num_leaves=7
num_cat=0
split_feature=6 9 7 3 39 25
split_gain=0.000114745 0.000192089 9.79964e-05 6.74477e-05 0.000119096 6.95056e-05
threshold=-0.014234876260161398 -0.040771191939711564 0.013906062580645086 -0.0073934881947934619 0.52390143275260936 1.5000000000000002
decision_type=2 2 2 2 2 2
left_child=-1 -2 3 4 5 -3
right_child=1 2 -4 -5 -6 -7
leaf_value=-7.259201294649945e-06 1.1497048129684505e-05 4.1126543321012395e-06 -7.0183884101534355e-06 2.548531335567903e-07 1.2462078911950098e-05 -4.6187391066759582e-06
leaf_weight=4799 3863 7047 4405 216051 3072 3310
leaf_count=4799 3863 7047 4405 216051 3072 3310
internal_value=3.552e-07 5.10392e-07 3.26511e-07 4.68998e-07 3.90052e-06 1.3134e-06
internal_weight=242547 237748 233885 229480 13429 10357
internal_count=242547 237748 233885 229480 13429 10357
is_linear=0
shrinkage=0.05


Tree=139
num_leaves=7
num_cat=0
split_feature=40 6 16 5 16 40
split_gain=0.00016285 0.000204603 0.000189524 6.62327e-05 7.33259e-05 0.000115451
threshold=2.3497098684310918 0.015337110962718727 0.012741036247462036 0.011766606476157905 0.0084803313948214071 0.56742349267005932
decision_type=2 2 2 2 2 2
left_child=1 2 3 4 -1 -6
right_child=-2 -3 -4 -5 5 -7
leaf_value=-9.110129418265217e-08 -6.6017093021031516e-06 -1.1925816472355691e-05 1.0642513672068122e-05 5.314043490325266e-06 3.2149315242237712e-06 -5.6152458502925094e-06
leaf_weight=199872 10454 3634 4022 5189 4964 14197
leaf_count=199872 10454 3634 4022 5189 4964 14197
internal_value=-5.12399e-07 -2.36504e-07 -4.78212e-08 -2.4191e-07 -3.74716e-07 -3.32522e-06
internal_weight=242332 231878 228244 224222 219033 19161
internal_count=242332 231878 228244 224222 219033 19161
is_linear=0
shrinkage=0.05


Tree=140
num_leaves=7
num_cat=0
split_feature=12 30 16 16 17 40
split_gain=0.000127521 0.000250595 0.000100717 0.000204742 0.000122141 6.17569e-05
threshold=-0.12238712236285208 -0.5436975061893462 0.010563494171947243 0.0097327060066163557 0.7983103096485139 2.5770528316497807
decision_type=2 2 2 2 2 2
left_child=1 -1 3 5 -4 -2
right_child=2 -3 4 -5 -6 -7
leaf_value=-1.6642199787981076e-06 1.7914574281528718e-07 1.7723483428538468e-05 4.768427107696971e-07 1.1726796323682374e-05 -1.2695069302690857e-05 4.9523117933433201e-06
leaf_weight=3572 217244 3062 3858 3960 3181 6945
leaf_count=3572 217244 3062 3858 3960 3181 6945
internal_value=5.39817e-07 7.35004e-06 3.46198e-07 5.28456e-07 -5.52324e-06 3.28082e-07
internal_weight=241822 6634 235188 228149 7039 224189
internal_count=241822 6634 235188 228149 7039 224189
is_linear=0
shrinkage=0.05


Tree=141
num_leaves=7
num_cat=0
split_feature=1 51 36 10 12 18
split_gain=0.000116031 0.00130152 0.00139227 0.00101129 0.000741183 0.000155851
threshold=-0.0068596960045397273 -1.0000000180025095e-35 0.042698301374912269 -0.022253442555665966 0.010896271560341122 0.020257982425391678
decision_type=2 2 2 2 2 2
left_child=1 2 -1 -3 -5 -2
right_child=5 3 -4 4 -6 -7
leaf_value=1.0507526031702061e-06 3.9909423270670377e-09 2.4667600696145592e-05 -4.6458494810981923e-05 -1.8313567866485364e-05 1.2936010920826344e-05 1.002075383333458e-05
leaf_weight=3086 220036 4358 3028 4508 3205 3903
leaf_count=3086 220036 4358 3028 4508 3205 3903
internal_value=-1.31498e-07 -3.96687e-06 -2.26645e-05 5.55798e-06 -5.32868e-06 1.8077e-07
internal_weight=242124 18185 6114 12071 7713 223939
internal_count=242124 18185 6114 12071 7713 223939
is_linear=0
shrinkage=0.05


Tree=142
num_leaves=7
num_cat=0
split_feature=8 0 18 18 23 18
split_gain=0.000155656 0.000143055 0.00022877 8.3284e-05 6.80254e-05 5.72557e-05
threshold=-0.031221613287925717 -0.0120787494815886 0.018282501958310608 0.015643371269106868 2.4487171173095708 0.012220952194184067
decision_type=2 2 2 2 2 2
left_child=-1 -2 3 4 5 -3
right_child=1 2 -4 -5 -6 -7
leaf_value=1.0134652897615653e-05 -8.1858866950652168e-06 4.5264003251791216e-08 1.044877874521481e-05 -6.5119441835362186e-06 -5.9748334227810705e-06 2.9843022095439004e-06
leaf_weight=3865 5068 201006 5337 4722 4374 18010
leaf_count=3865 5068 201006 5337 4722 4374 18010
internal_value=2.45672e-07 8.33378e-08 2.64571e-07 2.40594e-08 1.63643e-07 2.87571e-07
internal_weight=242382 238517 233449 228112 223390 219016
internal_count=242382 238517 233449 228112 223390 219016
is_linear=0
shrinkage=0.05


Tree=143
num_leaves=7
num_cat=0
split_feature=12 47 34 51 35 45
split_gain=0.000229349 0.000346896 0.000109619 0.000101254 0.00105192 0.00096915
threshold=-0.11658647656440733 0.12940952181816107 28.983859062194828 -1.0000000180025095e-35 1.0203822255134585 1.4037702083587649
decision_type=2 2 2 2 2 2
left_child=1 -1 -2 4 5 -4
right_child=2 -3 3 -5 -6 -7
leaf_value=1.0072467266717147e-06 -5.5820464974170245e-06 -2.0314541245278667e-05 -1.552324303307634e-06 1.0990153646329971e-06 -2.4680938817056414e-05 1.8340570641541992e-05
leaf_weight=4215 8011 3428 64517 151061 4416 6714
leaf_count=4215 8011 3428 64517 151061 4416 6714
internal_value=-1.30687e-07 -8.62577e-06 1.47711e-07 3.51365e-07 -1.14137e-06 3.34264e-07
internal_weight=242362 7643 234719 226708 75647 71231
internal_count=242362 7643 234719 226708 75647 71231
is_linear=0
shrinkage=0.05


Tree=144
num_leaves=7
num_cat=0
split_feature=3 10 22 7 23 51
split_gain=0.000179795 0.000120158 0.000102354 9.9622e-05 7.33178e-05 0.000210542
threshold=0.015508241951465608 0.044754372909665115 0.21497188508510592 -0.01563134370371699 1.2683002948760989 1.0000000180025095e-35
decision_type=2 2 2 2 2 2
left_child=1 3 -3 -1 -5 -6
right_child=-2 2 -4 4 5 -7
leaf_value=8.225799683002519e-06 1.1032554366747659e-05 1.242887177665971e-05 8.2532218727444722e-07 1.640196523159752e-07 3.1397228783543361e-07 -6.7681913525949879e-06
leaf_weight=3432 3727 3493 4116 179835 31423 15703
leaf_count=3432 3727 3493 4116 179835 31423 15703
internal_value=2.09088e-07 3.73155e-08 6.19843e-06 -1.67463e-07 -2.96166e-07 -2.05057e-06
internal_weight=241729 238002 7609 230393 226961 47126
internal_count=241729 238002 7609 230393 226961 47126
is_linear=0
shrinkage=0.05


Tree=145
num_leaves=7
num_cat=0
split_feature=11 51 42 51 50 50
split_gain=0.000298587 0.00101877 0.000697126 0.000126821 0.00340225 0.00218252
threshold=-0.059354292228817933 1.0000000180025095e-35 0.48679678142070776 1.0000000180025095e-35 1.0000000180025095e-35 1.0000000180025095e-35
decision_type=2 2 2 2 2 2
left_child=1 2 -1 5 -5 -2
right_child=3 -3 -4 4 -6 -7
leaf_value=-1.78257902324212e-05 4.8767113742415884e-06 3.1454194838794757e-05 1.4811029412167266e-05 -9.1970319119355492e-06 1.3017382904128474e-05 -7.6998032688447036e-06
leaf_weight=3476 103453 3238 3004 51645 25808 51692
leaf_count=3476 103453 3238 3004 51645 25808 51692
internal_value=2.19975e-07 8.78384e-06 -2.69845e-06 -1.39636e-07 -1.79138e-06 6.85274e-07
internal_weight=242316 9718 6480 232598 77453 155145
internal_count=242316 9718 6480 232598 77453 155145
is_linear=0
shrinkage=0.05


Tree=146
num_leaves=7
num_cat=0
split_feature=18 11 8 32 5 2
split_gain=0.00028964 6.45018e-05 7.47194e-05 0.000105306 7.65447e-05 9.34444e-05
threshold=0.023009955883026127 -0.079188983887433992 -0.01812176592648029 -0.24992165714502332 -0.0068615428172051898 0.00022743349109077829
decision_type=2 2 2 2 2 2
left_child=1 -1 3 -3 5 -4
right_child=-2 2 4 -5 -6 -7
leaf_value=-7.0023443427345088e-06 1.4035824362740267e-05 -5.3802112989893909e-07 8.1738781120012333e-07 9.6377666512436038e-06 2.2677702813543749e-07 -7.0596694836105768e-06
leaf_weight=3128 3723 5274 6931 4850 210443 8168
leaf_count=3128 3723 5274 6931 4850 210443 8168
internal_value=2.90597e-07 7.34035e-08 1.68785e-07 4.3602e-06 -2.02809e-08 -3.45305e-06
internal_weight=242517 238794 235666 10124 225542 15099
internal_count=242517 238794 235666 10124 225542 15099
is_linear=0
shrinkage=0.05


Tree=147
num_leaves=7
num_cat=0
split_feature=0 38 26 41 35 47
split_gain=0.000141045 0.000123399 8.62833e-05 8.35356e-05 7.89686e-05 7.84329e-05
threshold=-0.014220795594155787 0.73413956165313732 -1.135068356990814 0.56685176491737377 0.87425518035888683 -0.37940952181816096
decision_type=2 2 2 2 2 2
left_child=-1 2 -2 4 -3 -5
right_child=1 3 -4 5 -6 -7
leaf_value=-8.7433640076835577e-06 7.2201377394925915e-07 -3.6332653967433077e-07 1.2405856065738492e-05 -8.9086715832228864e-06 3.0548608817067194e-06 -1.3035355007557051e-06
leaf_weight=4804 3073 197744 3217 5128 18425 9881
leaf_count=4804 3073 197744 3217 5128 18425 9881
internal_value=-3.0602e-07 -1.33527e-07 6.74839e-06 -3.22192e-07 -7.13409e-08 -3.92287e-06
internal_weight=242272 237468 6290 231178 216169 15009
internal_count=242272 237468 6290 231178 216169 15009
is_linear=0
shrinkage=0.05


Tree=148
num_leaves=7
num_cat=0
split_feature=13 13 13 31 18 47
split_gain=0.000357607 8.46093e-05 0.000104594 0.000187981 5.96606e-05 7.22179e-05
threshold=0.016990798525512222 0.013392200693488123 0.010911370161920788 -0.0069135127123445264 0.015946126542985443 -0.37940952181816096
decision_type=2 2 2 2 2 2
left_child=1 2 4 -4 5 -1
right_child=-2 -3 3 -5 -6 -7
leaf_value=1.202125178193183e-06 1.540964270039167e-05 -7.3450760053155124e-06 1.2569278037090334e-05 -3.3093550798658873e-06 -5.6913731512499814e-06 -6.5468897868240806e-07
leaf_weight=84426 3779 3800 4373 3192 4567 137715
leaf_count=84426 3779 3800 4373 3192 4567 137715
internal_value=2.50806e-07 7.00006e-09 1.27795e-07 5.89166e-06 -6.57951e-08 5.11159e-08
internal_weight=241852 238073 234273 7565 226708 222141
internal_count=241852 238073 234273 7565 226708 222141
is_linear=0
shrinkage=0.05


Tree=149
num_leaves=7
num_cat=0
split_feature=18 51 27 17 45 18
split_gain=0.000225804 0.000127657 0.00133641 0.00130315 0.00118937 0.0012713
threshold=0.021583876572549347 1.0000000180025095e-35 2.4508506059646611 1.6643129587173464 1.4037702083587649 0.012427096720784904
decision_type=2 2 2 2 2 2
left_child=1 -1 3 4 5 -3
right_child=-2 2 -4 -5 -6 -7
leaf_value=7.6132191190110519e-07 -1.1090563226588482e-05 -1.6831348301033522e-06 2.9549257143324471e-05 -2.846728233904707e-05 -2.1513207709764057e-05 2.1205237714312008e-05
leaf_weight=158494 4680 57991 3231 4677 6588 6725
leaf_count=158494 4680 57991 3231 4677 6588 6725
internal_value=-2.73058e-07 -5.77934e-08 -1.69619e-06 -3.04343e-06 -1.35704e-06 7.09858e-07
internal_weight=242386 237706 79212 75981 71304 64716
internal_count=242386 237706 79212 75981 71304 64716
is_linear=0
shrinkage=0.05


Tree=150
num_leaves=7
num_cat=0
split_feature=10 3 0 51 33 37
split_gain=0.000164741 0.000236328 9.77131e-05 0.000161459 0.00165274 0.00141361
threshold=-0.044809408485889428 -0.0057003952097147694 -0.0060527340974658719 -1.0000000180025095e-35 36.466085433959968 6.6675782203674325
decision_type=2 2 2 2 2 2
left_child=1 -1 3 4 -2 -5
right_child=2 -3 -4 5 -6 -7
leaf_value=4.0260087744722818e-06 1.4851703201380129e-05 -1.3189343550445354e-05 1.6480499884049586e-07 1.1227668315466979e-05 -3.5881253868484961e-05 -2.4128803004472524e-05
leaf_weight=3047 3234 5613 214635 8611 3098 4147
leaf_count=3047 3234 5613 214635 8611 3098 4147
internal_value=-3.92058e-07 -7.14382e-06 -1.40416e-07 -3.56358e-06 -1.00566e-05 -3.14315e-07
internal_weight=242385 8660 233725 19090 6332 12758
internal_count=242385 8660 233725 19090 6332 12758
is_linear=0
shrinkage=0.05


Tree=151
num_leaves=7
num_cat=0
split_feature=12 18 12 26 0 27
split_gain=0.000233278 0.000117109 8.11674e-05 8.67882e-05 6.19238e-05 0.000103229
threshold=-0.13895555585622785 0.019055681303143505 -0.096560254693031297 -0.22831370681524274 0.0068848049268126496 1.71865850687027
decision_type=2 2 2 2 2 2
left_child=-1 2 3 -2 -4 -6
right_child=1 -3 4 -5 5 -7
leaf_value=-1.1178745029612409e-05 -1.1422253437954239e-05 9.2315921793924367e-06 2.8924949364922035e-07 1.4846873504313912e-08 1.8571062837765947e-07 -8.3007045331371154e-06
leaf_weight=4673 3175 3368 212352 3415 9518 5695
leaf_count=4673 3175 3368 212352 3415 9518 5695
internal_value=-1.75452e-07 4.3333e-08 -9.07701e-08 -5.53996e-06 6.82139e-08 -3.00797e-06
internal_weight=242196 237523 234155 6590 227565 15213
internal_count=242196 237523 234155 6590 227565 15213
is_linear=0
shrinkage=0.05


Tree=152
num_leaves=7
num_cat=0
split_feature=45 40 51 4 8 14
split_gain=0.000189745 0.000196527 0.00158795 0.000651405 8.46938e-05 0.000111506
threshold=-2.3515298366546626 2.1858088970184331 -1.0000000180025095e-35 -0.00019886285735992712 -0.01899206172674894 0.01266990974545479
decision_type=2 2 2 2 2 2
left_child=-1 4 -3 -4 -2 -6
right_child=1 2 3 -5 5 -7
leaf_value=9.4540177184407499e-06 -5.2141545884137155e-06 -3.1800564500676408e-05 2.2068921848002507e-05 -6.7311660331858661e-06 5.6359662410883698e-07 7.782957098838366e-06
leaf_weight=5689 6080 3918 3705 4078 212861 5437
leaf_count=5689 6080 3918 3705 4078 212861 5437
internal_value=4.70985e-07 2.52557e-07 -6.05073e-06 7.03211e-06 5.8254e-07 7.45145e-07
internal_weight=241768 236079 11701 7783 224378 218298
internal_count=241768 236079 11701 7783 224378 218298
is_linear=0
shrinkage=0.05


Tree=153
num_leaves=7
num_cat=0
split_feature=11 11 51 22 18 34
split_gain=0.000255082 0.00016047 0.00014095 0.00142808 0.00177195 0.00126509
threshold=-0.074014022946357713 0.083201717585325255 1.0000000180025095e-35 0.169139139354229 0.010515159927308561 54.108102798461921
decision_type=2 2 2 2 2 2
left_child=-1 2 -2 -4 -5 -6
right_child=1 -3 3 4 5 -7
leaf_value=-1.0440082152364823e-05 8.1603600750522864e-07 1.0293415105642684e-05 7.5427957313391341e-06 -2.1893539843143666e-06 -1.309291276650643e-05 -5.1625545438950314e-05
leaf_weight=5819 155065 3758 26766 41151 6457 3167
leaf_count=5819 155065 3758 26766 41151 6457 3167
internal_value=-1.43279e-07 1.1237e-07 -5.42926e-08 -1.79416e-06 -6.71871e-06 -2.59743e-05
internal_weight=242183 236364 232606 77541 50775 9624
internal_count=242183 236364 232606 77541 50775 9624
is_linear=0
shrinkage=0.05


Tree=154
num_leaves=7
num_cat=0
split_feature=14 16 46 18 28 32
split_gain=0.000110023 0.000257654 0.000166678 9.36595e-05 8.37199e-05 6.6772e-05
threshold=0.013219552580267193 0.011884868610650303 0.12940952181816109 0.015120788477361204 -3.9215523004531856 -0.0081955408677458746
decision_type=2 2 2 2 2 2
left_child=1 3 -2 4 -1 -5
right_child=2 -3 -4 5 -6 -7
leaf_value=7.0696436168090163e-06 -1.2909003698678465e-05 1.3571835135340935e-05 1.941812000412744e-06 -7.1577783772955738e-07 2.7725527019526585e-07 -1.0942134003573255e-05
leaf_weight=4582 3826 3636 3664 3276 220498 3077
leaf_count=4582 3826 3636 3664 3276 220498 3077
internal_value=2.65861e-07 4.56466e-07 -5.6795e-06 2.47526e-07 4.17069e-07 -5.71556e-06
internal_weight=242559 235069 7490 231433 225080 6353
internal_count=242559 235069 7490 231433 225080 6353
is_linear=0
shrinkage=0.05


Tree=155
num_leaves=7
num_cat=0
split_feature=18 51 9 21 8 14
split_gain=0.00025112 0.000336681 0.00337002 0.00189545 0.00161985 0.00107618
threshold=0.012018002569675447 -1.0000000180025095e-35 0.0080836941488087195 0.20132965594530108 0.019058850593864921 0.011957265436649324
decision_type=2 2 2 2 2 2
left_child=-1 2 3 -2 5 -3
right_child=1 4 -4 -5 -6 -7
leaf_value=4.6489274027151966e-07 -1.9290963438587087e-06 -2.0157762061763719e-06 2.5549838279007158e-05 -5.2441774116213292e-05 -3.2926179266172961e-05 2.4607474615844313e-05
leaf_weight=206561 3260 15016 4045 4278 3284 5027
leaf_count=206561 3260 15016 4045 4278 3284 5027
internal_value=-1.98278e-07 -4.11728e-06 -1.10657e-05 -3.07529e-05 -6.50786e-07 4.70624e-06
internal_weight=241471 34910 11583 7538 23327 20043
internal_count=241471 34910 11583 7538 23327 20043
is_linear=0
shrinkage=0.05


Tree=156
num_leaves=7
num_cat=0
split_feature=19 51 17 35 51 40
split_gain=0.000139941 0.000247457 0.000543456 5.40213e-05 8.04003e-05 0.00068364
threshold=1.0021435618400576 1.0000000180025095e-35 1.2307730317115786 0.91444870829582225 -1.0000000180025095e-35 1.3597579002380373
decision_type=2 2 2 2 2 2
left_child=3 2 -2 -1 -5 -6
right_child=1 -3 -4 4 5 -7
leaf_value=5.4949880682433363e-08 1.16177048626293e-05 1.5798371332151409e-05 -1.518750469880721e-05 -8.9009619421745034e-06 -1.3614719111477517e-05 1.4814830181837585e-05
leaf_weight=218037 4426 3831 3224 4209 4521 3885
leaf_count=218037 4426 3831 3224 4209 4521 3885
internal_value=1.39269e-07 5.51474e-06 2.95709e-07 -1.29439e-07 -3.30404e-06 -4.6553e-07
internal_weight=242133 11481 7650 230652 12615 8406
internal_count=242133 11481 7650 230652 12615 8406
is_linear=0
shrinkage=0.05


Tree=157
num_leaves=7
num_cat=0
split_feature=15 18 20 17 17 48
split_gain=0.000153979 0.000276137 0.000196865 0.000165669 6.16458e-05 0.000138633
threshold=0.012424199841916563 0.015120788477361204 -0.093970719724893556 0.96172139048576366 1.5724551081657412 0.87837970256805431
decision_type=2 2 2 2 2 2
left_child=1 4 -3 -2 -1 -6
right_child=3 2 -4 -5 5 -7
leaf_value=-5.6056768123471627e-07 -2.8106594633530432e-07 1.6146593555096733e-05 1.596184464039058e-06 -1.6092260769198042e-05 4.4618747180945911e-06 -6.0928079247998785e-06
leaf_weight=207244 3548 4356 4947 3061 15665 3833
leaf_count=207244 3548 4356 4947 3061 15665 3833
internal_value=-1.71808e-07 3.97115e-08 8.45911e-06 -7.66997e-06 -3.07517e-07 2.37671e-06
internal_weight=242654 236045 9303 6609 226742 19498
internal_count=242654 236045 9303 6609 226742 19498
is_linear=0
shrinkage=0.05


Tree=158
num_leaves=7
num_cat=0
split_feature=13 13 51 46 12 24
split_gain=0.000134644 0.000171746 0.000377762 0.000538646 0.000129017 7.13076e-05
threshold=0.014779313467442991 0.010685560293495657 -1.0000000180025095e-35 -1.0000000180025095e-35 -0.11212462186813353 0.086126614362001433
decision_type=2 2 2 2 2 2
left_child=1 4 -3 -4 -1 -6
right_child=-2 2 3 -5 5 -7
leaf_value=8.0662601054127352e-06 -7.6111914223995815e-06 1.9478579490392492e-05 -1.2907712697480845e-05 1.4765653310504028e-05 2.8470556710758955e-06 -5.5142872500998963e-07
leaf_weight=4661 5643 3577 3840 3159 16642 204972
leaf_count=4661 5643 3577 3840 3159 16642 204972
internal_value=-1.25402e-08 1.70067e-07 6.38253e-06 -4.01195e-07 -1.21647e-07 -2.95636e-07
internal_weight=242494 236851 10576 6999 226275 221614
internal_count=242494 236851 10576 6999 226275 221614
is_linear=0
shrinkage=0.05


Tree=159
num_leaves=7
num_cat=0
split_feature=38 18 12 51 31 10
split_gain=0.00014355 8.69724e-05 0.000165594 0.000932107 0.000894011 8.12527e-05
threshold=0.47544471919536596 0.023009955883026127 -0.087191175669431673 1.0000000180025095e-35 -0.40088546276092524 0.060504645109176643
decision_type=2 2 2 2 2 2
left_child=-1 2 3 4 -2 -4
right_child=1 -3 5 -5 -6 -7
leaf_value=9.5365790766074795e-06 -9.6488125586426836e-06 7.6175442753013194e-06 1.745180196205425e-07 -2.5974610170746e-05 2.5014701682534598e-05 -7.6530292327897468e-06
leaf_weight=3855 4686 3520 220182 3854 3015 3316
leaf_count=3855 4686 3520 220182 3854 3015 3316
internal_value=2.75396e-08 -1.28079e-07 -2.45668e-07 -6.06907e-06 3.99604e-06 5.66964e-08
internal_weight=242428 238573 235053 11555 7701 223498
internal_count=242428 238573 235053 11555 7701 223498
is_linear=0
shrinkage=0.05


Tree=160
num_leaves=7
num_cat=0
split_feature=36 14 8 10 44 29
split_gain=0.000345943 0.000164345 0.000143646 8.4463e-05 7.99723e-05 0.000128361
threshold=0.11247709020972253 0.013219552580267193 -0.031221613287925717 -0.047629358246922486 0.9173465669155122 -4.3264927864074698
decision_type=2 2 2 2 2 2
left_child=2 -2 -1 -4 -5 -6
right_child=1 -3 3 4 5 -7
leaf_value=1.0991048381333096e-05 -2.6992459565266018e-06 -1.8565324916959341e-05 7.9874016570165082e-06 3.4359168823132248e-07 -1.1515665570912644e-05 -1.2530149424468642e-06
leaf_weight=3009 3017 3557 3283 197831 3368 28237
leaf_count=3009 3017 3557 3283 197831 3368 28237
internal_value=-9.00112e-08 -1.13593e-05 2.26609e-07 8.50959e-08 -2.96938e-08 -2.36312e-06
internal_weight=242302 6574 235728 232719 229436 31605
internal_count=242302 6574 235728 232719 229436 31605
is_linear=0
shrinkage=0.05


Tree=161
num_leaves=7
num_cat=0
split_feature=16 1 51 17 51 36
split_gain=0.000155851 0.000196173 0.000703653 0.000832924 0.000655485 0.000156166
threshold=0.0091519621200859564 -0.0083178081549704058 1.0000000180025095e-35 0.82232436537742626 -1.0000000180025095e-35 0.096542555838823332
decision_type=2 2 2 2 2 2
left_child=5 -2 3 4 -3 -1
right_child=1 2 -4 -5 -6 -7
leaf_value=-3.0854867245356396e-07 -1.5647824712578974e-05 3.1780133954658886e-05 -1.6615865336822423e-05 -1.0637218071481993e-05 2.7983903128014114e-07 8.1729920905423444e-06
leaf_weight=216108 3332 3316 5797 5011 3244 5517
leaf_count=216108 3332 3316 5797 5011 3244 5517
internal_value=-4.83595e-07 -4.62724e-06 -2.47412e-06 4.65182e-06 1.63228e-05 -9.56184e-08
internal_weight=242325 20700 17368 11571 6560 221625
internal_count=242325 20700 17368 11571 6560 221625
is_linear=0
shrinkage=0.05


Tree=162
num_leaves=7
num_cat=0
split_feature=13 22 46 13 16 39
split_gain=0.000268777 0.000274794 0.000152635 0.000199565 0.000104616 6.58458e-05
threshold=0.011387271806597711 0.41988290846347814 0.37940952181816107 0.014779313467442991 0.011884868610650303 2.7249509096145634
decision_type=2 2 2 2 2 2
left_child=4 2 3 -2 5 -1
right_child=1 -3 -4 -5 -6 -7
leaf_value=3.7913855233083776e-07 6.7138701639385969e-06 2.0524611570173042e-05 1.245435114722619e-05 -1.0135653051898396e-05 -8.7998197334150939e-06 -4.8336718279596701e-06
leaf_weight=219413 3964 3027 3181 3076 3200 6180
leaf_count=219413 3964 3027 3181 3076 3200 6180
internal_value=5.08707e-07 7.41914e-06 3.45686e-06 -6.67782e-07 1.07033e-07 2.35297e-07
internal_weight=242041 13248 10221 7040 228793 225593
internal_count=242041 13248 10221 7040 228793 225593
is_linear=0
shrinkage=0.05


Tree=163
num_leaves=7
num_cat=0
split_feature=37 14 11 11 3 0
split_gain=0.000144297 0.000141757 0.000117928 0.000219019 0.00015214 0.000114625
threshold=0.40310589969158178 0.01266990974545479 -0.069981515407562242 -0.056677637621760361 0.01046910881996155 -0.0032022743253037329
decision_type=2 2 2 2 2 2
left_child=-1 2 -2 -4 -5 -3
right_child=1 5 3 4 -6 -7
leaf_value=-8.2223233772385918e-06 -8.1800636433980599e-06 1.4606028392660873e-05 1.2941074185911798e-05 1.4315852109755091e-08 7.8945909607198831e-06 2.4425504781215088e-06
leaf_weight=4772 3996 3014 3396 215608 6254 5335
leaf_count=4772 3996 3014 3396 215608 6254 5335
internal_value=3.4077e-07 5.14444e-07 2.80646e-07 4.32518e-07 2.38179e-07 6.89439e-06
internal_weight=242375 237603 229254 225258 221862 8349
internal_count=242375 237603 229254 225258 221862 8349
is_linear=0
shrinkage=0.05


Tree=164
num_leaves=7
num_cat=0
split_feature=44 6 9 2 19 12
split_gain=0.000244782 0.000151058 0.000158306 9.5534e-05 7.7604e-05 0.000130497
threshold=3.4778431653976445 0.012731343042105438 0.030065947212278846 0.0035518051590770487 -0.9117932617664336 -0.033618686720728867
decision_type=2 2 2 2 2 2
left_child=1 2 4 -4 5 -1
right_child=-2 -3 3 -5 -6 -7
leaf_value=-1.2507994525399338e-05 1.2187645505168012e-05 7.4979158044203867e-06 -1.7662329526812621e-06 -1.3453974174680229e-05 -2.5267611772308535e-07 -1.1416687780322157e-06
leaf_weight=3442 3806 5696 3263 3760 213682 9164
leaf_count=3442 3806 5696 3263 3760 213682 9164
internal_value=-3.09783e-07 -5.11302e-07 -7.08402e-07 -8.07453e-06 -4.78056e-07 -4.28234e-06
internal_weight=242813 239007 233311 7023 226288 12606
internal_count=242813 239007 233311 7023 226288 12606
is_linear=0
shrinkage=0.05


Tree=165
num_leaves=7
num_cat=0
split_feature=8 13 17 8 44 16
split_gain=0.000222831 0.000210941 0.000212737 9.45739e-05 0.000101205 0.000200617
threshold=-0.031221613287925717 0.012905030976980926 1.709591865539551 -0.021163498051464554 1.321930527687073 0.0051294341683387765
decision_type=2 2 2 2 2 2
left_child=-1 3 -3 -2 -5 -6
right_child=1 2 -4 4 5 -7
leaf_value=1.1921605379861298e-05 -6.6187369179272671e-06 -1.7592609410844152e-05 8.5053411806546714e-08 -6.3063180857716036e-08 -2.5243575257404466e-07 1.0162253540762196e-05
leaf_weight=3839 5056 3379 3378 207115 12205 7392
leaf_count=3839 5056 3379 3378 207115 12205 7392
internal_value=4.95176e-08 -1.44019e-07 -8.81938e-06 1.10751e-07 2.62255e-07 3.69186e-06
internal_weight=242364 238525 6757 231768 226712 19597
internal_count=242364 238525 6757 231768 226712 19597
is_linear=0
shrinkage=0.05


Tree=166
num_leaves=7
num_cat=0
split_feature=8 32 8 42 18 51
split_gain=0.000253082 0.000194827 6.70226e-05 0.00013952 9.49999e-05 0.00128173
threshold=-0.025113897398114201 -0.29028940200805659 -0.016701385378837582 0.48306071758270269 0.015643371269106868 -1.0000000180025095e-35
decision_type=2 2 2 2 2 2
left_child=1 -1 3 -2 -4 -6
right_child=2 -3 4 -5 5 -7
leaf_value=1.2757304401392588e-06 -1.180252808400924e-05 1.8334772088613307e-05 1.6093141330878948e-07 1.712395867599153e-06 3.0890610552497507e-05 -7.8012298305426457e-06
leaf_weight=3261 3419 3406 218293 4224 3179 6307
leaf_count=3261 3419 3406 218293 4224 3179 6307
internal_value=4.92512e-07 1.00624e-05 2.19421e-07 -4.37075e-06 3.74367e-07 5.25937e-06
internal_weight=242089 6667 235422 7643 227779 9486
internal_count=242089 6667 235422 7643 227779 9486
is_linear=0
shrinkage=0.05


Tree=167
num_leaves=7
num_cat=0
split_feature=13 44 47 20 16 2
split_gain=0.000263006 0.00021217 0.000240274 6.20936e-05 9.73443e-05 0.000143238
threshold=0.012226945720613005 1.0415874123573305 0.37940952181816107 0.19360025972127917 0.0093611562624573725 0.0012647214462049308
decision_type=2 2 2 2 2 2
left_child=3 2 -2 4 -1 -6
right_child=1 -3 -4 -5 5 -7
leaf_value=-3.4377612174196442e-07 2.1001617766835514e-05 -2.9232867824112668e-06 2.8845041809993511e-06 9.9181326279683016e-07 -1.5705033467204969e-07 -1.3328027573009514e-05
leaf_weight=131342 3942 3069 3413 92567 4739 3609
leaf_count=131342 3942 3069 3413 92567 4739 3609
internal_value=3.37327e-07 8.08762e-06 1.26708e-05 -1.21823e-08 -6.77607e-07 -5.89657e-06
internal_weight=242681 10424 7355 232257 139690 8348
internal_count=242681 10424 7355 232257 139690 8348
is_linear=0
shrinkage=0.05


Tree=168
num_leaves=7
num_cat=0
split_feature=13 49 12 47 3 51
split_gain=0.000196024 0.000239684 6.93954e-05 0.000203498 0.000207578 0.000123521
threshold=0.013392200693488123 1.0000000180025095e-35 -0.084014739841222749 0.12940952181816107 -0.0011798624182119963 -1.0000000180025095e-35
decision_type=2 2 2 2 2 2
left_child=2 -2 3 4 -1 -4
right_child=1 -3 5 -5 -6 -7
leaf_value=-1.1705934516556784e-05 -8.3959627748695865e-08 1.7729401411607285e-05 -1.8826916404247319e-06 1.0567442883523511e-05 5.4351126298191569e-06 6.177026331490715e-07
leaf_weight=3096 4085 3461 74168 5685 3981 147620
leaf_count=3096 4085 3461 74168 5685 3981 147620
internal_value=2.43959e-07 8.14913e-06 -1.20508e-08 3.5659e-06 -2.09316e-06 -2.18689e-07
internal_weight=242096 7546 234550 12762 7077 221788
internal_count=242096 7546 234550 12762 7077 221788
is_linear=0
shrinkage=0.05


Tree=169
num_leaves=7
num_cat=0
split_feature=12 16 46 10 38 2
split_gain=0.000135955 0.000121279 0.000124787 0.000106218 7.58965e-05 7.81172e-05
threshold=-0.14995361119508741 0.0098369820043444651 0.60355338454246532 0.013088698033243419 0.54557093977928173 0.0067097516730427751
decision_type=2 2 2 2 2 2
left_child=-1 4 3 -3 -2 -6
right_child=1 2 -4 -5 5 -7
leaf_value=-9.9503759642454194e-06 -7.199906183302049e-06 1.2597749848213439e-05 -3.7231044629854181e-06 1.0203132478427388e-06 -3.2297396978929678e-07 -4.0132335925111122e-06
leaf_weight=3780 4364 4786 3219 3372 207252 15358
leaf_count=3780 4364 4786 3219 3372 207252 15358
internal_value=-6.04655e-07 -4.54386e-07 4.57193e-06 7.84774e-06 -7.0728e-07 -5.78411e-07
internal_weight=242131 238351 11377 8158 226974 222610
internal_count=242131 238351 11377 8158 226974 222610
is_linear=0
shrinkage=0.05


Tree=170
num_leaves=7
num_cat=0
split_feature=4 14 10 33 17 51
split_gain=0.000134652 0.000177374 0.000134997 0.000118044 8.69313e-05 0.000298554
threshold=-0.01305021485313773 0.014811301603913309 0.060504645109176643 28.432702064514164 1.2829689383506777 -1.0000000180025095e-35
decision_type=2 2 2 2 2 2
left_child=-1 2 3 4 5 -2
right_child=1 -3 -4 -5 -6 -7
leaf_value=-7.8088468014035497e-06 -1.1812881100152333e-05 1.0744989199745468e-05 -1.0418348117603196e-05 3.3148980326082059e-07 -8.6069566303738307e-06 3.6781192762386668e-06
leaf_weight=5582 4611 3739 3114 209612 6145 9303
leaf_count=5582 4611 3739 3114 209612 6145 9303
internal_value=-1.68106e-07 1.38284e-08 -1.60806e-07 -1.94918e-08 -3.67887e-06 -1.4794e-06
internal_weight=242106 236524 232785 229671 20059 13914
internal_count=242106 236524 232785 229671 20059 13914
is_linear=0
shrinkage=0.05


Tree=171
num_leaves=7
num_cat=0
split_feature=9 21 12 13 12 18
split_gain=0.000107293 0.000149148 9.89379e-05 0.000109875 0.000188108 0.000133023
threshold=-0.03171644173562526 0.28131462633609777 -0.1288662105798721 0.010300476569682361 -0.011474725324660538 0.014670295640826227
decision_type=2 2 2 2 2 2
left_child=1 -1 -2 5 -5 -4
right_child=2 -3 3 4 -6 -7
leaf_value=-2.7407725373410261e-07 8.3057992613475841e-06 -1.3787240943472317e-05 3.2647929809017538e-07 -1.2110842769976518e-05 8.5960687962677745e-07 8.5347692540000784e-06
leaf_weight=5578 3841 3173 213228 4708 6762 5003
leaf_count=5578 3841 3173 213228 4708 6762 5003
internal_value=1.95295e-07 -5.22427e-06 3.99445e-07 2.65458e-07 -4.49373e-06 5.16568e-07
internal_weight=242293 8751 233542 229701 11470 218231
internal_count=242293 8751 233542 229701 11470 218231
is_linear=0
shrinkage=0.05


Tree=172
num_leaves=7
num_cat=0
split_feature=50 51 51 24 35 5
split_gain=0.000163712 0.00275322 0.00162409 0.000715046 0.00073387 0.000630153
threshold=1.0000000180025095e-35 1.0000000180025095e-35 1.0000000180025095e-35 0.19589610397815707 1.0005513429641726 -0.0068615428172051898
decision_type=2 2 2 2 2 2
left_child=2 -2 -1 -4 5 -5
right_child=1 -3 3 4 -6 -7
leaf_value=3.9951488587316705e-06 -8.7985106398074357e-06 1.0741523181526503e-05 5.4664951935325812e-06 -3.2134690411608486e-05 1.410201836469313e-05 -9.2977848537379996e-06
leaf_weight=107950 54082 26980 9912 3249 3052 37511
leaf_count=107950 54082 26980 9912 3249 3052 37511
internal_value=-4.59278e-07 -2.29236e-06 4.60237e-07 -6.63973e-06 -9.38174e-06 -1.11553e-05
internal_weight=242736 81062 161674 53724 43812 40760
internal_count=242736 81062 161674 53724 43812 40760
is_linear=0
shrinkage=0.05


Tree=173
num_leaves=7
num_cat=0
split_feature=28 13 36 8 51 41
split_gain=0.000116802 0.000110684 9.92468e-05 7.70523e-05 6.75874e-05 0.000616058
threshold=-2.6027106046676631 0.015661431476473812 0.099438592791557326 -0.01899206172674894 -1.0000000180025095e-35 0.44152230024337774
decision_type=2 2 2 2 2 2
left_child=-1 2 3 -2 5 -5
right_child=1 -3 -4 4 -6 -7
leaf_value=-3.8640586483475443e-06 -6.2750644156925346e-06 8.9110998491063152e-06 -7.6238504954234636e-06 -1.2376700965942734e-05 7.3545625002231042e-07 8.099823410984486e-07
leaf_weight=22171 4802 3335 4361 10379 138685 58730
leaf_count=22171 4802 3335 4361 10379 138685 58730
internal_value=-4.09079e-07 -6.05589e-08 -2.0049e-07 -4.64572e-08 9.89572e-08 -1.17795e-06
internal_weight=242463 220292 216957 212596 207794 69109
internal_count=242463 220292 216957 212596 207794 69109
is_linear=0
shrinkage=0.05


Tree=174
num_leaves=7
num_cat=0
split_feature=13 13 51 1 22 1
split_gain=0.00018755 0.000272156 0.000135604 0.000947472 0.000859447 0.000820951
threshold=0.012905030976980926 0.016990798525512222 -1.0000000180025095e-35 -0.0073851265478879205 0.038563195616006858 -0.011338604614138601
decision_type=2 2 2 2 2 2
left_child=2 -2 3 -1 -5 -4
right_child=1 -3 5 4 -6 -7
leaf_value=-2.3361583973291184e-05 -1.5359987146900256e-05 2.6768903960711364e-06 2.3477284250446463e-05 -1.618726589090506e-05 1.7026404767836222e-06 4.4742745721791862e-07
leaf_weight=4618 4680 3726 3921 7428 65610 151762
leaf_count=4618 4680 3726 3921 7428 65610 151762
internal_value=-8.14596e-08 -7.3965e-06 1.83592e-07 -1.52247e-06 -1.26601e-07 1.0348e-06
internal_weight=241745 8406 233339 77656 73038 155683
internal_count=241745 8406 233339 77656 73038 155683
is_linear=0
shrinkage=0.05


Tree=175
num_leaves=7
num_cat=0
split_feature=8 24 5 51 24 10
split_gain=0.000145134 0.00016572 0.000109569 0.000383526 0.00122714 0.000958383
threshold=-0.025113897398114201 0.33811685442924505 -0.0052080515306442967 -1.0000000180025095e-35 0.40948498249053961 -0.027675474062561985
decision_type=2 2 2 2 2 2
left_child=1 -1 3 4 -2 -5
right_child=2 -3 -4 5 -6 -7
leaf_value=1.5232186086251904e-05 -1.2588322516187316e-05 -5.1594157128653942e-07 1.053910935278057e-07 -2.3566682396742755e-05 2.6771819600795274e-05 5.4168882331977514e-06
leaf_weight=3554 3102 3108 210441 3575 5312 13329
leaf_count=3554 3102 3108 210441 3575 5312 13329
internal_value=6.86131e-07 7.93615e-06 4.79623e-07 3.58386e-06 1.22722e-05 -7.64225e-07
internal_weight=242421 6662 235759 25318 8414 16904
internal_count=242421 6662 235759 25318 8414 16904
is_linear=0
shrinkage=0.05


Tree=176
num_leaves=7
num_cat=0
split_feature=0 15 45 0 39 15
split_gain=0.000135671 0.000140739 8.95289e-05 0.000100731 9.49976e-05 6.96177e-05
threshold=0.010373326018452646 0.0082471454516053217 -2.2710404396057124 -0.014220795594155787 1.5672336816787722 0.012798191513866188
decision_type=2 2 2 2 2 2
left_child=2 -2 4 -4 -1 -5
right_child=1 -3 3 5 -6 -7
leaf_value=-1.0427908531431664e-05 -5.3989713739940134e-07 -1.3472723418161897e-05 9.1957152372382619e-06 3.3280740112938542e-07 1.4123815725354348e-06 7.1456276013588086e-06
leaf_weight=3797 5017 3578 3291 220029 3008 3765
leaf_count=3797 5017 3578 3291 220029 3008 3765
internal_value=1.80657e-07 -5.97047e-06 4.07926e-07 5.77751e-07 -5.22204e-06 4.48993e-07
internal_weight=242485 8595 233890 227085 6805 223794
internal_count=242485 8595 233890 227085 6805 223794
is_linear=0
shrinkage=0.05


Tree=177
num_leaves=7
num_cat=0
split_feature=16 29 8 9 51 24
split_gain=0.00015088 9.58025e-05 8.0789e-05 0.000137697 0.000105625 0.000880997
threshold=0.012741036247462036 -8.2589898109436017 -0.022442826069891449 -0.035161854699254029 -1.0000000180025095e-35 0.35431183874607092
decision_type=2 2 2 2 2 2
left_child=1 -1 3 -3 5 -4
right_child=-2 2 4 -5 -6 -7
leaf_value=8.443186357198992e-06 -8.8955217922200685e-06 -2.9234627041251231e-06 -9.2975583600246718e-06 1.1083930860392316e-05 5.6208896735393249e-07 2.1120731096110951e-06
leaf_weight=3331 4719 3003 25433 4113 151940 50303
leaf_count=3331 4719 3003 25433 4113 151940 50303
internal_value=-8.9784e-08 8.65544e-08 -3.37737e-08 5.19356e-06 -1.98258e-07 -1.72302e-06
internal_weight=242842 238123 234792 7116 227676 75736
internal_count=242842 238123 234792 7116 227676 75736
is_linear=0
shrinkage=0.05


Tree=178
num_leaves=7
num_cat=0
split_feature=16 8 8 40 4 1
split_gain=0.000145353 0.000120371 9.87696e-05 0.000118055 8.41551e-05 6.60326e-05
threshold=0.013555606361478569 -0.031221613287925717 -0.016115797683596608 1.9165171980857851 -0.00094310753047466267 0.0052269606385380038
decision_type=2 2 2 2 2 2
left_child=1 -1 3 4 -3 -4
right_child=-2 2 5 -5 -6 -7
leaf_value=-9.3985610305875101e-06 9.6987968288256404e-06 -5.0277517959986469e-06 -5.4497362905447197e-07 1.2856933966333371e-05 5.4564278929220444e-06 2.1672427886345551e-06
leaf_weight=3417 3756 3099 199777 3062 4836 25231
leaf_count=3417 3756 3099 199777 3062 4836 25231
internal_value=4.3454e-09 -1.49732e-07 -1.38607e-08 4.60202e-06 1.35601e-06 -2.40429e-07
internal_weight=243178 239422 236005 10997 7935 225008
internal_count=243178 239422 236005 10997 7935 225008
is_linear=0
shrinkage=0.05


Tree=179
num_leaves=7
num_cat=0
split_feature=18 36 0 18 6 51
split_gain=0.000196634 0.000133496 0.000163884 0.000133992 0.000102389 0.000116849
threshold=0.023009955883026127 0.07773874327540399 0.011766606476157905 0.014453521464020016 -0.011379310861229895 1.0000000180025095e-35
decision_type=2 2 2 2 2 2
left_child=1 2 4 -3 -1 -6
right_child=-2 3 -4 -5 5 -7
leaf_value=7.5696344647367755e-06 1.178391373511623e-05 -5.2475217656008591e-07 9.5921370203324893e-06 -9.9328588393535021e-06 1.0389766583963182e-06 -1.4451326347261806e-06
leaf_weight=4784 3711 9827 4881 6111 141894 70979
leaf_count=4784 3711 9827 4881 6111 141894 70979
internal_value=4.40315e-07 2.61361e-07 5.78291e-07 -4.15182e-06 3.73997e-07 2.10546e-07
internal_weight=242187 238476 222538 15938 217657 212873
internal_count=242187 238476 222538 15938 217657 212873
is_linear=0
shrinkage=0.05


Tree=180
num_leaves=7
num_cat=0
split_feature=9 5 16 16 21 40
split_gain=8.22824e-05 0.00019558 9.95068e-05 0.000109787 0.00015849 0.000160989
threshold=-0.035161854699254029 -0.00535877258516848 0.0078395106829702872 0.0090641425922513025 0.13509162515401843 1.1103051304817202
decision_type=2 2 2 2 2 2
left_child=1 -1 -2 -4 -5 -6
right_child=2 -3 3 4 5 -7
leaf_value=1.4569112398963935e-05 1.551555349614443e-07 -2.3600848340433777e-06 -5.9226495529799375e-06 -7.5838372101582717e-06 -3.1290483651393716e-07 1.2553397468427257e-05
leaf_weight=3056 201186 3759 15187 5296 11028 3068
leaf_count=3056 201186 3759 15187 5296 11028 3068
internal_value=-1.13863e-07 5.28217e-06 -2.70927e-07 -2.74658e-06 -2.50389e-07 2.52192e-06
internal_weight=242580 6815 235765 34579 19392 14096
internal_count=242580 6815 235765 34579 19392 14096
is_linear=0
shrinkage=0.05


Tree=181
num_leaves=7
num_cat=0
split_feature=11 3 4 19 11 9
split_gain=0.000227393 0.000245028 0.000100556 9.0113e-05 7.78454e-05 7.41148e-05
threshold=-0.062512408941984163 -0.001564758247695863 -0.010618229396641253 1.5866634845733645 -0.049219271168112748 -0.016549780033528801
decision_type=2 2 2 2 2 2
left_child=1 -1 5 4 -4 -2
right_child=2 -3 3 -5 -6 -7
leaf_value=1.6483880003163182e-05 9.7313457388697923e-08 -3.1598519328500186e-07 -6.1820033682702897e-06 -7.9203641275398306e-06 5.999679200321783e-08 1.0469001657195048e-05
leaf_weight=4357 3091 4273 5062 3679 217989 3843
leaf_count=4357 3091 4273 5062 3679 217989 3843
internal_value=2.6526e-07 8.2118e-06 -2.99268e-08 -2.11905e-07 -8.30151e-08 5.87936e-06
internal_weight=242294 8630 233664 226730 223051 6934
internal_count=242294 8630 233664 226730 223051 6934
is_linear=0
shrinkage=0.05


Tree=182
num_leaves=7
num_cat=0
split_feature=13 14 32 14 28 13
split_gain=0.000663682 7.0191e-05 0.000191369 0.000102144 7.32337e-05 6.78774e-05
threshold=0.016990798525512222 0.011957265436649324 0.082661971449852004 0.01079090964049101 4.7261953353881845 0.010911370161920788
decision_type=2 2 2 2 2 2
left_child=1 3 -3 4 5 -1
right_child=-2 2 -4 -5 -6 -7
leaf_value=3.2323918439407713e-07 -2.0662851255155083e-05 -1.2329073993134103e-05 4.5808505757661316e-06 8.5542647857942916e-06 6.9855067455099491e-06 -5.2242409133804088e-06
leaf_weight=218302 3789 3671 3003 3764 3978 5607
leaf_count=218302 3789 3671 3003 3764 3978 5607
internal_value=-3.89234e-08 2.93231e-07 -4.74288e-06 4.39316e-07 3.03435e-07 1.83187e-07
internal_weight=242114 238325 6674 231651 227887 223909
internal_count=242114 238325 6674 231651 227887 223909
is_linear=0
shrinkage=0.05


Tree=183
num_leaves=7
num_cat=0
split_feature=13 49 29 45 37 12
split_gain=0.000106982 0.000162726 0.000116183 0.000107159 0.000100276 7.89832e-05
threshold=0.013392200693488123 1.0000000180025095e-35 -8.2589898109436017 -2.1352047920227046 6.7611732482910165 -0.084014739841222749
decision_type=2 2 2 2 2 2
left_child=2 -2 -1 4 -4 -5
right_child=1 -3 3 5 -6 -7
leaf_value=-9.3422755232738192e-06 1.2688265955273137e-05 -2.1059787873250981e-06 1.2846964681559514e-05 4.1487342795057135e-06 9.3915418570025291e-07 -3.6147663344025331e-07
leaf_weight=3300 4042 3383 3038 10118 4156 214037
leaf_count=3300 4042 3383 3038 10118 4156 214037
internal_value=9.00874e-08 5.97867e-06 -9.7479e-08 3.63804e-08 6.02174e-06 -1.57013e-07
internal_weight=242074 7425 234649 231349 7194 224155
internal_count=242074 7425 234649 231349 7194 224155
is_linear=0
shrinkage=0.05


Tree=184
num_leaves=7
num_cat=0
split_feature=10 13 6 2 2 6
split_gain=0.000125687 0.00013066 0.000153438 0.000106445 9.12116e-05 7.4335e-05
threshold=-0.054015386849641793 0.012905030976980926 0.0041494423057883987 0.00827597174793482 0.0014822051743976774 0.00084606968448497366
decision_type=2 2 2 2 2 2
left_child=-1 2 3 5 -3 -2
right_child=1 4 -4 -5 -6 -7
leaf_value=-7.2872442764634291e-06 -3.8880303811030401e-07 1.3226577431819392e-05 -3.1329843093792023e-06 5.8938602587671697e-06 1.0665735545839895e-06 1.7743702576441731e-06
leaf_weight=5730 131340 3142 33685 8742 3002 56871
leaf_count=5730 131340 3142 33685 8742 3002 56871
internal_value=-2.49075e-09 1.75298e-07 -1.71587e-08 5.16403e-07 7.34169e-06 2.65132e-07
internal_weight=242512 236782 230638 196953 6144 188211
internal_count=242512 236782 230638 196953 6144 188211
is_linear=0
shrinkage=0.05


Tree=185
num_leaves=7
num_cat=0
split_feature=0 14 14 21 51 20
split_gain=9.57207e-05 0.000125491 9.60768e-05 0.000161703 0.00022825 0.000713579
threshold=0.015290680807083847 0.014811301603913309 0.0088451737537980097 0.48356994986534124 -1.0000000180025095e-35 -0.33952476084232325
decision_type=2 2 2 2 2 2
left_child=1 2 -1 4 -4 -6
right_child=-2 -3 3 -5 5 -7
leaf_value=7.4798330412600626e-08 8.1450133421640731e-06 -8.5754732633141615e-06 1.3755030904618414e-05 -6.014459003417042e-06 1.7377936770999967e-05 -8.3330381016045517e-06
leaf_weight=213954 3842 3920 5726 3541 4327 6989
leaf_count=213954 3842 3920 5726 3541 4327 6989
internal_value=3.66913e-07 2.39912e-07 3.89047e-07 3.64746e-06 5.66675e-06 1.5315e-06
internal_weight=242299 238457 234537 20583 17042 11316
internal_count=242299 238457 234537 20583 17042 11316
is_linear=0
shrinkage=0.05


Tree=186
num_leaves=7
num_cat=0
split_feature=0 18 36 29 5 5
split_gain=0.00019077 0.000138719 0.00011861 0.000147005 0.000111674 9.16799e-05
threshold=0.011766606476157905 0.012115574441850187 0.13295613974332812 -7.0534498691558829 -0.0008481272670906036 -0.0048257436137646428
decision_type=2 2 2 2 2 2
left_child=2 -2 3 4 -1 -5
right_child=1 -3 -4 5 -6 -7
leaf_value=1.4186964076238723e-05 8.1766634207950601e-07 1.5211930258400146e-05 -9.6048113984823929e-06 -3.1231259845052391e-06 1.4993479354435945e-06 4.6617769712714926e-08
leaf_weight=3016 3221 3448 3274 25704 4024 199693
leaf_count=3016 3221 3448 3274 25704 4024 199693
internal_value=1.008e-08 8.31759e-06 -2.2668e-07 -9.25464e-08 6.99656e-06 -3.15468e-07
internal_weight=242380 6669 235711 232437 7040 225397
internal_count=242380 6669 235711 232437 7040 225397
is_linear=0
shrinkage=0.05


Tree=187
num_leaves=7
num_cat=0
split_feature=27 2 38 39 18 51
split_gain=0.0001694 0.000153208 0.000183918 8.49508e-05 0.000192383 0.000255204
threshold=-1.8348730206489561 -0.0028049027314409609 0.89136081933975231 -0.22031173110008237 0.0088275568559765833 1.0000000180025095e-35
decision_type=2 2 2 2 2 2
left_child=1 2 -1 -2 -5 -6
right_child=3 -3 -4 4 5 -7
leaf_value=9.7925385812987442e-06 -1.6047925653051409e-07 -9.1345619670878995e-06 -5.8716118613398444e-06 2.0244927526230793e-08 1.6958843528178236e-06 1.0516479850738844e-05
leaf_weight=3129 130213 8657 4515 58655 24754 12231
leaf_count=3129 130213 8657 4515 58655 24754 12231
internal_value=3.14997e-07 -4.5996e-06 5.62331e-07 6.70649e-07 1.80171e-06 4.62313e-06
internal_weight=242154 16301 7644 225853 95640 36985
internal_count=242154 16301 7644 225853 95640 36985
is_linear=0
shrinkage=0.05


Tree=188
num_leaves=7
num_cat=0
split_feature=3 11 15 46 51 9
split_gain=0.000194022 0.000225921 0.000161711 0.000147621 0.000327726 0.000359501
threshold=-0.011327660642564295 -0.020404342561960217 0.0058421378489583739 -0.91597560048103321 -1.0000000180025095e-35 0.0022329960484057669
decision_type=2 2 2 2 2 2
left_child=1 -1 -2 4 -4 -6
right_child=2 -3 3 -5 5 -7
leaf_value=8.2889590044448622e-07 -1.2878785114231166e-07 -1.6243825039374632e-05 2.1520333719155172e-05 1.8516149137479934e-06 -1.0287184393999905e-05 1.3481439361810316e-05
leaf_weight=4103 154807 3614 3152 70140 3072 3195
leaf_count=4103 154807 3614 3152 70140 3072 3195
internal_value=5.55418e-07 -7.21964e-06 8.12914e-07 2.64422e-06 8.50552e-06 1.84117e-06
internal_weight=242083 7717 234366 79559 9419 6267
internal_count=242083 7717 234366 79559 9419 6267
is_linear=0
shrinkage=0.05


Tree=189
num_leaves=7
num_cat=0
split_feature=0 12 18 39 48 39
split_gain=0.000171143 0.000165097 0.000117412 6.48259e-05 7.28896e-05 9.26877e-05
threshold=-0.012986866757273672 -0.13895555585622785 0.017064545303583149 1.5672336816787722 0.6078576147556306 2.4095129966735844
decision_type=2 2 2 2 2 2
left_child=-1 -2 3 -3 5 -5
right_child=1 2 -4 4 -6 -7
leaf_value=-8.4649244726211181e-06 1.0382577012317541e-05 -2.951039177339859e-08 -7.4464196994050698e-06 1.0995182591051559e-05 -6.1399937904445953e-07 6.4286344732960126e-07
leaf_weight=5789 3865 212448 5087 4752 6640 3945
leaf_count=5789 3865 212448 5087 4752 6640 3945
internal_value=-8.4205e-09 2.00113e-07 2.89208e-08 1.97461e-07 3.33135e-06 6.32984e-06
internal_weight=242526 236737 232872 227785 15337 8697
internal_count=242526 236737 232872 227785 15337 8697
is_linear=0
shrinkage=0.05


Tree=190
num_leaves=7
num_cat=0
split_feature=6 12 10 15 46 15
split_gain=0.000126802 0.0001323 9.84097e-05 0.000108352 0.000112287 9.49653e-05
threshold=0.013913759030401708 -0.14995361119508741 0.055981442332267768 0.010844868142157795 -1.0000000180025095e-35 0.0097801168449223059
decision_type=2 2 2 2 2 2
left_child=1 -1 3 5 -5 -3
right_child=-2 2 -4 4 -6 -7
leaf_value=-1.016372043554919e-05 7.7345482643856321e-06 -2.1123234766915866e-07 -8.1988937379076458e-06 1.275571873495659e-05 -3.6723393087352874e-08 -6.9993430338695477e-06
leaf_weight=3410 4769 218380 3842 3197 3636 5227
leaf_count=3410 4769 218380 3842 3197 3636 5227
internal_value=-2.95229e-07 -4.5793e-07 -3.14522e-07 -1.8132e-07 5.99774e-06 -3.71439e-07
internal_weight=242461 237692 234282 230440 6833 223607
internal_count=242461 237692 234282 230440 6833 223607
is_linear=0
shrinkage=0.05


Tree=191
num_leaves=7
num_cat=0
split_feature=13 31 13 25 21 51
split_gain=0.000209993 0.000299242 0.000116369 6.25303e-05 6.06468e-05 0.000469852
threshold=0.013392200693488123 -0.25605334341526026 0.011632705107331278 -3.4999999999999996 0.5081438720226289 1.0000000180025095e-35
decision_type=2 2 2 2 2 2
left_child=2 -2 3 -1 -5 -6
right_child=1 -3 -4 4 5 -7
leaf_value=3.6786214072196848e-06 1.6955960476094965e-05 -2.9883354636833598e-06 -8.108861666300834e-06 -7.9096360513489025e-07 -2.63330094835694e-06 9.7764588842947622e-06
leaf_weight=9592 4146 3385 4775 186138 22883 11380
leaf_count=9592 4146 3385 4775 186138 22883 11380
internal_value=-1.5963e-07 8.0309e-06 -4.24024e-07 -2.62748e-07 -4.35074e-07 1.49668e-06
internal_weight=242299 7531 234768 229993 220401 34263
internal_count=242299 7531 234768 229993 220401 34263
is_linear=0
shrinkage=0.05


Tree=192
num_leaves=7
num_cat=0
split_feature=3 3 51 50 50 22
split_gain=0.000116207 9.11448e-05 9.47729e-05 0.00275929 0.00173768 0.000936254
threshold=0.011127577628940346 -0.015600479673594235 1.0000000180025095e-35 1.0000000180025095e-35 1.0000000180025095e-35 0.169139139354229
decision_type=2 2 2 2 2 2
left_child=1 -1 4 -4 -3 -5
right_child=-2 2 3 5 -6 -7
leaf_value=7.1609312768902688e-06 5.9230435062641776e-06 4.0116502679371515e-06 -8.5835656282771946e-06 2.480507124706168e-05 -7.2466803206310745e-06 4.6124014257326069e-06
leaf_weight=3934 7604 102500 51285 8686 51429 16830
leaf_count=3934 7604 102500 51285 8686 51429 16830
internal_value=-1.39799e-07 -3.37478e-07 -4.66852e-07 -1.90086e-06 2.49014e-07 1.15213e-05
internal_weight=242268 234664 230730 76801 153929 25516
internal_count=242268 234664 230730 76801 153929 25516
is_linear=0
shrinkage=0.05


Tree=193
num_leaves=7
num_cat=0
split_feature=10 11 21 37 5 14
split_gain=0.000109748 6.32744e-05 9.07728e-05 8.09823e-05 0.000101838 6.80868e-05
threshold=-0.054015386849641793 0.020444485358893875 0.26228940486907965 1.1301515698432925 -0.00017076079529942942 0.0068174586631357679
decision_type=2 2 2 2 2 2
left_child=-1 -2 3 4 -3 -4
right_child=1 2 5 -5 -6 -7
leaf_value=-7.0821896372976678e-06 -5.0219128899507989e-07 -1.1058592427044418e-05 1.8187863983172692e-06 1.4212039673581513e-06 -2.3167263582803695e-07 7.3995820388605064e-06
leaf_weight=5661 184524 3445 16664 18111 5743 8118
leaf_count=5661 184524 3445 16664 18111 5743 8118
internal_value=-2.33085e-07 -6.7752e-08 1.47048e-06 -5.18534e-07 -4.32906e-06 3.65814e-06
internal_weight=242266 236605 52081 27299 9188 24782
internal_count=242266 236605 52081 27299 9188 24782
is_linear=0
shrinkage=0.05


Tree=194
num_leaves=7
num_cat=0
split_feature=2 51 20 36 51 45
split_gain=0.000126485 0.000561724 0.000696314 0.000188033 0.0013354 0.00106401
threshold=0.0079441759735345858 1.0000000180025095e-35 -0.080297008156776414 0.080934412777423873 1.0000000180025095e-35 1.2214471697807314
decision_type=2 2 2 2 2 2
left_child=3 2 -2 -1 5 -5
right_child=1 -3 -4 4 -6 -7
leaf_value=-3.1214878596257696e-07 -1.2702537325954677e-05 -1.8766637598680931e-05 1.4510886507503531e-05 -1.6579325176543151e-05 2.6877471451581686e-05 1.9007366168730126e-05
leaf_weight=213656 4224 4728 5175 6533 4828 3037
leaf_count=213656 4224 4728 5175 6533 4828 3037
internal_value=-2.2377e-07 -4.80625e-06 2.27841e-06 6.10874e-08 5.58156e-06 -5.24594e-06
internal_weight=242181 14127 9399 228054 14398 9570
internal_count=242181 14127 9399 228054 14398 9570
is_linear=0
shrinkage=0.05


Tree=195
num_leaves=7
num_cat=0
split_feature=16 32 13 25 16 45
split_gain=0.000172552 0.000149891 0.000128501 7.25658e-05 8.80733e-05 6.79155e-05
threshold=0.010563494171947243 0.10230550915002824 0.010493421461433174 2.5000000000000004 0.0097327060066163557 2.2322514057159428
decision_type=2 2 2 2 2 2
left_child=3 2 -2 4 -1 -5
right_child=1 -3 -4 5 -6 -7
leaf_value=-1.8448030335788233e-07 4.336667430375799e-06 -2.1331160787822794e-06 1.8037729111948734e-05 1.3335565287254285e-06 -7.4338496770235784e-06 8.2719995149331045e-06
leaf_weight=203207 3707 3309 3198 20761 4228 4206
leaf_count=203207 3707 3309 3198 20761 4228 4206
internal_value=2.52914e-07 6.59726e-06 1.07663e-05 -2.72772e-08 -3.33995e-07 2.51662e-06
internal_weight=242616 10214 6905 232402 207435 24967
internal_count=242616 10214 6905 232402 207435 24967
is_linear=0
shrinkage=0.05


Tree=196
num_leaves=7
num_cat=0
split_feature=29 12 0 24 14 44
split_gain=0.000128719 0.000221217 0.000114743 0.000170581 0.000164801 0.000165638
threshold=-7.865187168121337 -0.13895555585622785 -0.0090624107979238016 0.18811715394258502 0.01266990974545479 1.6630421280860903
decision_type=2 2 2 2 2 2
left_child=-1 -2 3 -3 5 -4
right_child=1 2 4 -5 -6 -7
leaf_value=7.9401732754735121e-06 -1.264710197074038e-05 -1.0825504516240577e-05 2.1520818395435407e-07 2.3788031832391727e-06 9.1268934003358854e-06 -5.5651490536991167e-06
leaf_weight=4724 3553 5878 206628 4138 4864 13134
leaf_count=4724 3553 5878 206628 4138 4864 13134
internal_value=-1.88974e-07 -3.51828e-07 -1.62995e-07 -5.38557e-06 7.10242e-08 -1.3144e-07
internal_weight=242919 238195 234642 10016 224626 219762
internal_count=242919 238195 234642 10016 224626 219762
is_linear=0
shrinkage=0.05


Tree=197
num_leaves=7
num_cat=0
split_feature=14 15 9 44 51 14
split_gain=0.000486525 0.000141494 0.000130532 0.000163325 6.73427e-05 0.00072732
threshold=0.014811301603913309 0.011699805967509748 -0.030075936578214165 0.54623267054557811 -1.0000000180025095e-35 0.0096486913971602934
decision_type=2 2 2 2 2 2
left_child=1 2 3 -1 5 -4
right_child=-2 -3 4 -5 -6 -7
leaf_value=1.466758857890922e-05 1.6227304811294439e-05 -7.8758568816028791e-06 -1.4709098163327533e-07 1.0689946140357826e-07 6.2035374455633669e-07 -2.3940977988765649e-05
leaf_weight=3421 4685 5463 71402 4328 149501 3313
leaf_count=3421 4685 5463 71402 4328 149501 3313
internal_value=3.57391e-07 4.08908e-08 2.28995e-07 6.58792e-06 7.808e-09 -1.21746e-06
internal_weight=242113 237428 231965 7749 224216 74715
internal_count=242113 237428 231965 7749 224216 74715
is_linear=0
shrinkage=0.05


Tree=198
num_leaves=7
num_cat=0
split_feature=36 50 9 13 3 3
split_gain=0.000192793 7.68096e-05 0.000134656 8.96092e-05 0.000170054 0.000201124
threshold=0.13295613974332812 -1.0000000180025095e-35 0.027618351392447952 0.0090305400080978888 0.0055054044350981721 0.00026319273456465458
decision_type=2 2 2 2 2 2
left_child=1 2 -1 -3 5 -5
right_child=-2 3 -4 4 -6 -7
leaf_value=-8.0320756187704607e-07 -1.1440337391004892e-05 2.5151736032391246e-07 -1.065486811944894e-05 5.3618448629304297e-06 1.2657117617320024e-05 -8.844114577970801e-06
leaf_weight=76078 3681 143157 3585 8158 4282 3528
leaf_count=76078 3681 143157 3585 8158 4282 3528
internal_value=-1.62237e-07 1.39778e-08 -1.25296e-06 6.4844e-07 4.19506e-06 1.05366e-06
internal_weight=242469 238788 79663 159125 15968 11686
internal_count=242469 238788 79663 159125 15968 11686
is_linear=0
shrinkage=0.05


Tree=199
num_leaves=7
num_cat=0
split_feature=32 36 15 18 36 6
split_gain=0.000155526 0.000103012 0.000294646 0.000144051 0.000102383 7.67359e-05
threshold=-0.43946206569671625 0.091138172894716277 0.012054154183715584 0.018282501958310608 0.11900313198566438 -0.004947835346683859
decision_type=2 2 2 2 2 2
left_child=-1 3 4 5 -3 -2
right_child=1 2 -4 -5 -6 -7
leaf_value=9.9812129601386202e-06 -2.7224701965611196e-06 -4.2342158098555102e-06 -1.7616200712238237e-05 1.0603588652939932e-05 7.0868074319521362e-06 2.9061586658883912e-07
leaf_weight=3830 23583 4985 3150 3182 3260 199526
leaf_count=3830 23583 4985 3150 3182 3260 199526
internal_value=5.14308e-08 -1.1064e-07 -4.73864e-06 1.23401e-07 2.57752e-07 -2.84111e-08
internal_weight=241516 237686 11395 226291 8245 223109
internal_count=241516 237686 11395 226291 8245 223109
is_linear=0
shrinkage=0.05


end of trees

feature_importances:
Column_51=124
Column_50=95
Column_18=57
Column_13=50
Column_16=44
Column_22=44
Column_14=43
Column_0=40
Column_12=39
Column_15=38
Column_11=36
Column_36=35
Column_8=32
Column_6=31
Column_24=29
Column_9=28
Column_1=24
Column_39=24
Column_3=23
Column_10=22
Column_44=22
Column_2=20
Column_5=16
Column_17=16
Column_7=15
Column_21=14
Column_27=14
Column_37=14
Column_40=14
Column_23=13
Column_45=13
Column_4=12
Column_19=12
Column_29=11
Column_38=11
Column_35=10
Column_47=10
Column_26=9
Column_28=9
Column_43=9
Column_32=8
Column_30=7
Column_31=7
Column_33=7
Column_41=7
Column_46=7
Column_20=6
Column_25=6
Column_34=6
Column_42=6
Column_48=6
Column_49=5

parameters:
[boosting: gbdt]
[objective: regression]
[metric: l2]
[tree_learner: serial]
[device_type: cpu]
[data_sample_strategy: bagging]
[data: ]
[valid: ]
[num_iterations: 200]
[learning_rate: 0.05]
[num_leaves: 7]
[num_threads: 0]
[seed: 1]
[deterministic: 0]
[force_col_wise: 0]
[force_row_wise: 0]
[histogram_pool_size: -1]
[max_depth: -1]
[min_data_in_leaf: 3000]
[min_sum_hessian_in_leaf: 0.001]
[bagging_fraction: 0.7]
[pos_bagging_fraction: 1]
[neg_bagging_fraction: 1]
[bagging_freq: 1]
[bagging_seed: 1]
[bagging_by_query: 0]
[feature_fraction: 0.6]
[feature_fraction_bynode: 1]
[feature_fraction_seed: 1]
[extra_trees: 0]
[extra_seed: 15724]
[early_stopping_round: 0]
[early_stopping_min_delta: 0]
[first_metric_only: 0]
[max_delta_step: 0]
[lambda_l1: 0]
[lambda_l2: 50]
[linear_lambda: 0]
[min_gain_to_split: 0]
[drop_rate: 0.1]
[max_drop: 50]
[skip_drop: 0.5]
[xgboost_dart_mode: 0]
[uniform_drop: 0]
[drop_seed: 6334]
[top_rate: 0.2]
[other_rate: 0.1]
[min_data_per_group: 100]
[max_cat_threshold: 32]
[cat_l2: 10]
[cat_smooth: 10]
[max_cat_to_onehot: 4]
[top_k: 20]
[monotone_constraints: ]
[monotone_constraints_method: basic]
[monotone_penalty: 0]
[feature_contri: ]
[forcedsplits_filename: ]
[refit_decay_rate: 0.9]
[cegb_tradeoff: 1]
[cegb_penalty_split: 0]
[cegb_penalty_feature_lazy: ]
[cegb_penalty_feature_coupled: ]
[path_smooth: 0]
[interaction_constraints: ]
[verbosity: -1]
[saved_feature_importance_type: 0]
[use_quantized_grad: 0]
[num_grad_quant_bins: 4]
[quant_train_renew_leaf: 0]
[stochastic_rounding: 1]
[linear_tree: 0]
[max_bin: 255]
[max_bin_by_feature: ]
[min_data_in_bin: 3]
[bin_construct_sample_cnt: 200000]
[data_random_seed: 41]
[is_enable_sparse: 1]
[enable_bundle: 1]
[use_missing: 1]
[zero_as_missing: 0]
[feature_pre_filter: 1]
[pre_partition: 0]
[two_round: 0]
[header: 0]
[label_column: ]
[weight_column: ]
[group_column: ]
[ignore_column: ]
[categorical_feature: ]
[forcedbins_filename: ]
[precise_float_parser: 0]
[parser_config_file: ]
[objective_seed: 19169]
[num_class: 1]
[is_unbalance: 0]
[scale_pos_weight: 1]
[sigmoid: 1]
[boost_from_average: 1]
[reg_sqrt: 0]
[alpha: 0.9]
[fair_c: 1]
[poisson_max_delta_step: 0.7]
[tweedie_variance_power: 1.5]
[lambdarank_truncation_level: 30]
[lambdarank_norm: 1]
[label_gain: ]
[lambdarank_position_bias_regularization: 0]
[eval_at: ]
[multi_error_top_k: 1]
[auc_mu_weights: ]
[num_machines: 1]
[local_listen_port: 12400]
[time_out: 120]
[machine_list_filename: ]
[machines: ]
[gpu_platform_id: -1]
[gpu_device_id: -1]
[gpu_device_id_list: ]
[gpu_use_dp: 0]
[num_gpu: 1]

end of parameters

pandas_categorical:null
